Section,Subject,Year,Season,Subtype,Name,Mission statement,Solution,Data,Oral
CA,ALLEM,2005,ETE,NORMAL,ANALYSE,exams/CA/CA_ALLEM/CA_ALLEM_2005_ETE_ANALYSE_ENONCE.pdf,,,
CA,ALLEM,2006,ETE,NORMAL,ANALYSE,exams/CA/CA_ALLEM/CA_ALLEM_2006_ETE_ANALYSE_ENONCE.pdf,,,
CA,ALLEM,2006,ETE,NORMAL,DISSERTATION,exams/CA/CA_ALLEM/CA_ALLEM_2006_ETE_DISSERTATION_ENONCE.pdf,,,
CA,ALLEM,2007,ETE,NORMAL,ANALYSE,exams/CA/CA_ALLEM/CA_ALLEM_2007_ETE_ANALYSE_ENONCE.pdf,,,
CA,ALLEM,2007,ETE,NORMAL,DISSERTATION,exams/CA/CA_ALLEM/CA_ALLEM_2007_ETE_DISSERTATION_ENONCE.pdf,,,
CA,ALLEM,2007,ETE,REP,DISSERTATION,exams/CA/CA_ALLEM/CA_ALLEM_2007_ETE_REP_DISSERTATION_ENONCE.pdf,,,
CA,ALLEM,2007,SEPT,NORMAL,DISSERTATION,exams/CA/CA_ALLEM/CA_ALLEM_2007_SEPT_DISSERTATION_ENONCE.pdf,,,
CA,ALLEM,2008,ETE,NORMAL,ANALYSE,exams/CA/CA_ALLEM/CA_ALLEM_2008_ETE_ANALYSE_ENONCE.pdf,,,
CA,ALLEM,2008,ETE,NORMAL,DISSERTATION,exams/CA/CA_ALLEM/CA_ALLEM_2008_ETE_DISSERTATION_ENONCE.pdf,,,
CA,ALLEM,2008,ETE,REP,DISSERTATION,exams/CA/CA_ALLEM/CA_ALLEM_2008_ETE_REP_DISSERTATION_ENONCE.pdf,,,
CA,ALLEM,2009,ETE,NORMAL,ANALYSE,exams/CA/CA_ALLEM/CA_ALLEM_2009_ETE_ANALYSE_ENONCE.pdf,,,
CA,ALLEM,2009,ETE,NORMAL,DISSERTATION,exams/CA/CA_ALLEM/CA_ALLEM_2009_ETE_DISSERTATION_ENONCE.pdf,,,
CA,ALLEM,2010,ETE,NORMAL,ANALYSE,exams/CA/CA_ALLEM/CA_ALLEM_2010_ETE_ANALYSE_ENONCE.pdf,,,
CA,ALLEM,2010,ETE,NORMAL,DISSERTATION,exams/CA/CA_ALLEM/CA_ALLEM_2010_ETE_DISSERTATION_ENONCE.pdf,,,
CA,ALLEM,2011,ETE,NORMAL,ANALYSE,exams/CA/CA_ALLEM/CA_ALLEM_2011_ETE_ANALYSE_ENONCE.pdf,,,
CA,ALLEM,2011,ETE,NORMAL,DISSERTATION,exams/CA/CA_ALLEM/CA_ALLEM_2011_ETE_DISSERTATION_ENONCE.pdf,,,
CA,ALLEM,2012,ETE,NORMAL,ANALYSE,exams/CA/CA_ALLEM/CA_ALLEM_2012_ETE_ANALYSE_ENONCE.pdf,,,
CA,ALLEM,2012,ETE,NORMAL,DISSERTATION,exams/CA/CA_ALLEM/CA_ALLEM_2012_ETE_DISSERTATION_ENONCE.pdf,,,
CA,ALLEM,2012,ETE,REP,ANALYSE,exams/CA/CA_ALLEM/CA_ALLEM_2012_ETE_REP_ANALYSE_ENONCE.pdf,,,
CA,ALLEM,2012,ETE,REP,DISSERTATION,exams/CA/CA_ALLEM/CA_ALLEM_2012_ETE_REP_DISSERTATION_ENONCE.pdf,,,
CA,ALLEM,2013,ETE,NORMAL,ANALYSE,exams/CA/CA_ALLEM/CA_ALLEM_2013_ETE_ANALYSE_ENONCE.pdf,,,
CA,ALLEM,2013,ETE,NORMAL,DISSERTATION,exams/CA/CA_ALLEM/CA_ALLEM_2013_ETE_DISSERTATION_ENONCE.pdf,,,
CA,ALLEM,2013,ETE,REP,DISSERTATION,exams/CA/CA_ALLEM/CA_ALLEM_2013_ETE_REP_DISSERTATION_ENONCE.pdf,,,
CA,ALLEM,2014,ETE,NORMAL,ANALYSE,exams/CA/CA_ALLEM/CA_ALLEM_2014_ETE_ANALYSE_ENONCE.pdf,,,
CA,ALLEM,2014,ETE,NORMAL,DISSERTATION,exams/CA/CA_ALLEM/CA_ALLEM_2014_ETE_DISSERTATION_ENONCE.pdf,,,
CA,ALLEM,2014,ETE,REP,ANALYSE,exams/CA/CA_ALLEM/CA_ALLEM_2014_ETE_REP_ANALYSE_ENONCE.pdf,,,
CA,ALLEM,2015,ETE,NORMAL,DISSERTATION,exams/CA/CA_ALLEM/CA_ALLEM_2015_ETE_DISSERTATION_ENONCE.pdf,,,
CA,ALLEM,2016,ETE,NORMAL,ANALYSE,exams/CA/CA_ALLEM/CA_ALLEM_2016_ETE_ANALYSE_ENONCE.pdf,,,
CA,ALLEM,2016,ETE,NORMAL,DISSERTATION,exams/CA/CA_ALLEM/CA_ALLEM_2016_ETE_DISSERTATION_ENONCE.pdf,,,
CA,ALLEM,2016,ETE,REP,ANALYSE,exams/CA/CA_ALLEM/CA_ALLEM_2016_ETE_REP_ANALYSE_ENONCE.pdf,,,
CA,ALLEM,2016,SEPT,NORMAL,DISSERTATION,exams/CA/CA_ALLEM/CA_ALLEM_2016_SEPT_DISSERTATION_ENONCE.pdf,,,
CA,ALLEM,2017,ETE,NORMAL,ANALYSE,exams/CA/CA_ALLEM/CA_ALLEM_2017_ETE_ANALYSE_ENONCE.pdf,,,
CA,ALLEM,2017,ETE,NORMAL,DISSERTATION,exams/CA/CA_ALLEM/CA_ALLEM_2017_ETE_DISSERTATION_ENONCE.pdf,,,
CA,ALLEM,2018,ETE,NORMAL,ANALYSE,exams/CA/CA_ALLEM/CA_ALLEM_2018_ETE_ANALYSE_ENONCE.pdf,,,
CA,ALLEM,2018,ETE,NORMAL,DISSERTATION,exams/CA/CA_ALLEM/CA_ALLEM_2018_ETE_DISSERTATION_ENONCE.pdf,,,
CA,ALLEM,2019,ETE,NORMAL,ANALYSE,exams/CA/CA_ALLEM/CA_ALLEM_2019_ETE_ANALYSE_ENONCE.pdf,,,
CA,ALLEM,2019,ETE,NORMAL,DISSERTATION,exams/CA/CA_ALLEM/CA_ALLEM_2019_ETE_DISSERTATION_ENONCE.pdf,,,
CA,ALLEM,2020,ETE,NORMAL,ANALYSE,exams/CA/CA_ALLEM/CA_ALLEM_2020_ETE_ANALYSE_ENONCE.pdf,,,
CA,ALLEM,2020,ETE,NORMAL,DISSERTATION,exams/CA/CA_ALLEM/CA_ALLEM_2020_ETE_DISSERTATION_ENONCE.pdf,,,
CA,ALLEM,2021,ETE,NORMAL,ANALYSE,exams/CA/CA_ALLEM/CA_ALLEM_2021_ETE_ANALYSE_ENONCE.pdf,,,
CA,ALLEM,2021,ETE,NORMAL,DISSERTATION,exams/CA/CA_ALLEM/CA_ALLEM_2021_ETE_DISSERTATION_ENONCE.pdf,,,
CA,ALLEM,2022,ETE,NORMAL,ANALYSE,exams/CA/CA_ALLEM/CA_ALLEM_2022_ETE_ANALYSE_ENONCE.pdf,,,
CA,ALLEM,2022,ETE,NORMAL,DISSERTATION,exams/CA/CA_ALLEM/CA_ALLEM_2022_ETE_DISSERTATION_ENONCE.pdf,,,
CA,ALLEM,2022,ETE,REP,DISSERTATION,exams/CA/CA_ALLEM/CA_ALLEM_2022_ETE_REP_DISSERTATION_ENONCE.pdf,,,
CA,ALLEM,2022,SEPT,NORMAL,ANALYSE,exams/CA/CA_ALLEM/CA_ALLEM_2022_SEPT_ANALYSE_ENONCE.pdf,,,
CA,ALLEM,2022,SEPT,NORMAL,DISSERTATION,exams/CA/CA_ALLEM/CA_ALLEM_2022_SEPT_DISSERTATION_ENONCE.pdf,,,
CA,ALLEM,2023,ETE,NORMAL,ANALYSE,exams/CA/CA_ALLEM/CA_ALLEM_2023_ETE_ANALYSE_ENONCE.pdf,,,
CA,ALLEM,2023,ETE,NORMAL,DISSERTATION,exams/CA/CA_ALLEM/CA_ALLEM_2023_ETE_DISSERTATION_ENONCE.pdf,,,
CA,ALLEM,2023,ETE,REP,ANALYSE,exams/CA/CA_ALLEM/CA_ALLEM_2023_ETE_REP_ANALYSE_ENONCE.pdf,,,
CA,ALLEM,2023,ETE,REP,DISSERTATION,exams/CA/CA_ALLEM/CA_ALLEM_2023_ETE_REP_DISSERTATION_ENONCE.pdf,,,
CA,ALLEM,2023,SEPT,NORMAL,ANALYSE,exams/CA/CA_ALLEM/CA_ALLEM_2023_SEPT_ANALYSE_ENONCE.pdf,,,
CA,ALLEM,2023,SEPT,NORMAL,DISSERTATION,exams/CA/CA_ALLEM/CA_ALLEM_2023_SEPT_DISSERTATION_ENONCE.pdf,,,
CA,ALLEM,2023,SEPT,REP,ANALYSE,exams/CA/CA_ALLEM/CA_ALLEM_2023_SEPT_REP_ANALYSE_ENONCE.pdf,,,
CA,ALLEM,2023,SEPT,REP,DISSERTATION,exams/CA/CA_ALLEM/CA_ALLEM_2023_SEPT_REP_DISSERTATION_ENONCE.pdf,,,
CA,ALLEM,2024,ETE,NORMAL,ANALYSE,exams/CA/CA_ALLEM/CA_ALLEM_2024_ETE_ANALYSE_ENONCE.pdf,,,
CA,ALLEM,2024,ETE,NORMAL,DISSERTATION,exams/CA/CA_ALLEM/CA_ALLEM_2024_ETE_DISSERTATION_ENONCE.pdf,,,
CA,ALLEM,2024,ETE,REP,ANALYSE,exams/CA/CA_ALLEM/CA_ALLEM_2024_ETE_REP_ANALYSE_ENONCE.pdf,,,
CA,ALLEM,2024,ETE,REP,DISSERTATION,exams/CA/CA_ALLEM/CA_ALLEM_2024_ETE_REP_DISSERTATION_ENONCE.pdf,,,
CA,ANGLA,2005,ETE,NORMAL,TXCON,exams/CA/CA_ANGLA/CA_ANGLA_2005_ETE_TXCON_ENONCE.pdf,,,
CA,ANGLA,2006,ETE,NORMAL,TXCON,exams/CA/CA_ANGLA/CA_ANGLA_2006_ETE_TXCON_ENONCE.pdf,,,
CA,ANGLA,2006,ETE,NORMAL,TXINC,exams/CA/CA_ANGLA/CA_ANGLA_2006_ETE_TXINC_ENONCE.pdf,,,
CA,ANGLA,2006,ETE,REP,TXCON,exams/CA/CA_ANGLA/CA_ANGLA_2006_ETE_REP_TXCON_ENONCE.pdf,,,
CA,ANGLA,2007,ETE,NORMAL,TXCON,exams/CA/CA_ANGLA/CA_ANGLA_2007_ETE_TXCON_ENONCE.pdf,,,
CA,ANGLA,2007,ETE,NORMAL,TXINC,exams/CA/CA_ANGLA/CA_ANGLA_2007_ETE_TXINC_ENONCE.pdf,,,
CA,ANGLA,2007,ETE,REP,TXCON,exams/CA/CA_ANGLA/CA_ANGLA_2007_ETE_REP_TXCON_ENONCE.pdf,,,
CA,ANGLA,2007,ETE,REP,TXINC,exams/CA/CA_ANGLA/CA_ANGLA_2007_ETE_REP_TXINC_ENONCE.pdf,,,
CA,ANGLA,2007,SEPT,NORMAL,TXCON,exams/CA/CA_ANGLA/CA_ANGLA_2007_SEPT_TXCON_ENONCE.pdf,,,
CA,ANGLA,2008,ETE,NORMAL,TXCON,exams/CA/CA_ANGLA/CA_ANGLA_2008_ETE_TXCON_ENONCE.pdf,,,
CA,ANGLA,2008,ETE,NORMAL,TXINC,exams/CA/CA_ANGLA/CA_ANGLA_2008_ETE_TXINC_ENONCE.pdf,,,
CA,ANGLA,2008,ETE,REP,TXINC,exams/CA/CA_ANGLA/CA_ANGLA_2008_ETE_REP_TXINC_ENONCE.pdf,,,
CA,ANGLA,2010,ETE,NORMAL,TXINC,exams/CA/CA_ANGLA/CA_ANGLA_2010_ETE_TXINC_ENONCE.pdf,,,
CA,ANGLA,2011,ETE,NORMAL,TXCON,exams/CA/CA_ANGLA/CA_ANGLA_2011_ETE_TXCON_ENONCE.pdf,,,
CA,ANGLA,2011,ETE,NORMAL,TXINC,exams/CA/CA_ANGLA/CA_ANGLA_2011_ETE_TXINC_ENONCE.pdf,,,
CA,ANGLA,2012,ETE,NORMAL,TXCON,exams/CA/CA_ANGLA/CA_ANGLA_2012_ETE_TXCON_ENONCE.pdf,,,
CA,ANGLA,2012,ETE,NORMAL,TXINC,exams/CA/CA_ANGLA/CA_ANGLA_2012_ETE_TXINC_ENONCE.pdf,,,
CA,ANGLA,2012,ETE,REP,TXINC,exams/CA/CA_ANGLA/CA_ANGLA_2012_ETE_REP_TXINC_ENONCE.pdf,,,
CA,ANGLA,2013,ETE,NORMAL,TXCON,exams/CA/CA_ANGLA/CA_ANGLA_2013_ETE_TXCON_ENONCE.pdf,,,
CA,ANGLA,2013,ETE,NORMAL,TXINC,exams/CA/CA_ANGLA/CA_ANGLA_2013_ETE_TXINC_ENONCE.pdf,,,
CA,ANGLA,2013,ETE,REP,TXCON,exams/CA/CA_ANGLA/CA_ANGLA_2013_ETE_REP_TXCON_ENONCE.pdf,,,
CA,ANGLA,2014,ETE,NORMAL,TXCON,exams/CA/CA_ANGLA/CA_ANGLA_2014_ETE_TXCON_ENONCE.pdf,,,
CA,ANGLA,2014,ETE,NORMAL,TXINC,exams/CA/CA_ANGLA/CA_ANGLA_2014_ETE_TXINC_ENONCE.pdf,,,
CA,ANGLA,2015,ETE,NORMAL,TXCON,exams/CA/CA_ANGLA/CA_ANGLA_2015_ETE_TXCON_ENONCE.pdf,,,
CA,ANGLA,2015,ETE,NORMAL,TXINC,exams/CA/CA_ANGLA/CA_ANGLA_2015_ETE_TXINC_ENONCE.pdf,,,
CA,ANGLA,2016,ETE,NORMAL,TXCON,exams/CA/CA_ANGLA/CA_ANGLA_2016_ETE_TXCON_ENONCE.pdf,,,
CA,ANGLA,2016,ETE,NORMAL,TXINC,exams/CA/CA_ANGLA/CA_ANGLA_2016_ETE_TXINC_ENONCE.pdf,,,
CA,ANGLA,2016,ETE,REP,TXCON,exams/CA/CA_ANGLA/CA_ANGLA_2016_ETE_REP_TXCON_ENONCE.pdf,,,
CA,ANGLA,2017,ETE,NORMAL,TXCON,exams/CA/CA_ANGLA/CA_ANGLA_2017_ETE_TXCON_ENONCE.pdf,,,
CA,ANGLA,2017,ETE,NORMAL,TXINC,exams/CA/CA_ANGLA/CA_ANGLA_2017_ETE_TXINC_ENONCE.pdf,,,
CA,ANGLA,2018,ETE,NORMAL,TXCON,exams/CA/CA_ANGLA/CA_ANGLA_2018_ETE_TXCON_ENONCE.pdf,,,
CA,ANGLA,2018,ETE,NORMAL,TXINC,exams/CA/CA_ANGLA/CA_ANGLA_2018_ETE_TXINC_ENONCE.pdf,,,
CA,ANGLA,2019,ETE,NORMAL,TXCON,exams/CA/CA_ANGLA/CA_ANGLA_2019_ETE_TXCON_ENONCE.pdf,,,
CA,ANGLA,2019,ETE,NORMAL,TXINC,exams/CA/CA_ANGLA/CA_ANGLA_2019_ETE_TXINC_ENONCE.pdf,,,
CA,ANGLA,2020,ETE,NORMAL,TXCON,exams/CA/CA_ANGLA/CA_ANGLA_2020_ETE_TXCON_ENONCE.pdf,,,
CA,ANGLA,2020,ETE,NORMAL,TXINC,exams/CA/CA_ANGLA/CA_ANGLA_2020_ETE_TXINC_ENONCE.pdf,,,
CA,ANGLA,2021,ETE,NORMAL,TXCON,exams/CA/CA_ANGLA/CA_ANGLA_2021_ETE_TXCON_ENONCE.pdf,,,
CA,ANGLA,2021,ETE,NORMAL,TXINC,exams/CA/CA_ANGLA/CA_ANGLA_2021_ETE_TXINC_ENONCE.pdf,,,
CA,ANGLA,2022,ETE,NORMAL,TXCON,exams/CA/CA_ANGLA/CA_ANGLA_2022_ETE_TXCON_ENONCE.pdf,,,
CA,ANGLA,2022,ETE,NORMAL,TXINC,exams/CA/CA_ANGLA/CA_ANGLA_2022_ETE_TXINC_ENONCE.pdf,,,
CA,ANGLA,2022,SEPT,NORMAL,TXCON,exams/CA/CA_ANGLA/CA_ANGLA_2022_SEPT_TXCON_ENONCE.pdf,,,
CA,ANGLA,2022,SEPT,NORMAL,TXINC,exams/CA/CA_ANGLA/CA_ANGLA_2022_SEPT_TXINC_ENONCE.pdf,,,
CA,ANGLA,2023,ETE,NORMAL,TXCON,exams/CA/CA_ANGLA/CA_ANGLA_2023_ETE_TXCON_ENONCE.pdf,,,
CA,ANGLA,2023,ETE,NORMAL,TXINC,exams/CA/CA_ANGLA/CA_ANGLA_2023_ETE_TXINC_ENONCE.pdf,,,
CA,ANGLA,2023,ETE,REP,TXCON,exams/CA/CA_ANGLA/CA_ANGLA_2023_ETE_REP_TXCON_ENONCE.pdf,,,
CA,ANGLA,2023,ETE,REP,TXINC,exams/CA/CA_ANGLA/CA_ANGLA_2023_ETE_REP_TXINC_ENONCE.pdf,,,
CA,ANGLA,2023,SEPT,NORMAL,TXCON,exams/CA/CA_ANGLA/CA_ANGLA_2023_SEPT_TXCON_ENONCE.pdf,,,
CA,ANGLA,2023,SEPT,NORMAL,TXINC,exams/CA/CA_ANGLA/CA_ANGLA_2023_SEPT_TXINC_ENONCE.pdf,,,
CA,ANGLA,2023,SEPT,REP,TXCON,exams/CA/CA_ANGLA/CA_ANGLA_2023_SEPT_REP_TXCON_ENONCE.pdf,,,
CA,ANGLA,2023,SEPT,REP,TXINC,exams/CA/CA_ANGLA/CA_ANGLA_2023_SEPT_REP_TXINC_ENONCE.pdf,,,
CA,ANGLA,2024,ETE,NORMAL,TXCON,exams/CA/CA_ANGLA/CA_ANGLA_2024_ETE_TXCON_ENONCE.pdf,,,
CA,ANGLA,2024,ETE,NORMAL,TXINC,exams/CA/CA_ANGLA/CA_ANGLA_2024_ETE_TXINC_ENONCE.pdf,,,
CA,ANGLA,2024,ETE,REP,TXCON,exams/CA/CA_ANGLA/CA_ANGLA_2024_ETE_REP_TXCON_ENONCE.pdf,,,
CA,ANGLA,2024,ETE,REP,TXINC,exams/CA/CA_ANGLA/CA_ANGLA_2024_ETE_REP_TXINC_ENONCE.pdf,,,
CA,CHINO,2023,ETE,NORMAL,,exams/CA/CA_CHINO/CA_CHINO_2023_ETE_ENONCE.pdf,,,
CA,CHINO,2023,ETE,REP,,exams/CA/CA_CHINO/CA_CHINO_2023_ETE_REP_ENONCE.pdf,,,
CA,CHINO,2024,ETE,NORMAL,,exams/CA/CA_CHINO/CA_CHINO_2024_ETE_ENONCE.pdf,,,
CA,CMPRM,2022,ETE,NORMAL,,exams/CA/CA_CMPRM/CA_CMPRM_2022_ETE_ENONCE.pdf,,,
CA,CMPRM,2023,ETE,NORMAL,,exams/CA/CA_CMPRM/CA_CMPRM_2023_ETE_ENONCE.pdf,,,
CA,CMPRM,2024,ETE,NORMAL,,exams/CA/CA_CMPRM/CA_CMPRM_2024_ETE_ENONCE.pdf,,,
CA,CMPRM,2024,ETE,REP,,exams/CA/CA_CMPRM/CA_CMPRM_2024_ETE_REP_ENONCE.pdf,,,
CA,CMPRM,2025,ETE,NORMAL,,exams/CA/CA_CMPRM/CA_CMPRM_2025_ETE_ENONCE.pdf,,,
CA,CMPRM,2025,SEPT,NORMAL,,exams/CA/CA_CMPRM/CA_CMPRM_2025_SEPT_ENONCE.pdf,,,
CA,ECOGN,2005,ETE,NORMAL,,exams/CA/CA_ECOGN/CA_ECOGN_2005_ETE_ENONCE.pdf,,,
CA,ECOGN,2006,ETE,NORMAL,,exams/CA/CA_ECOGN/CA_ECOGN_2006_ETE_ENONCE.pdf,,,
CA,ECOGN,2006,SEPT,NORMAL,,exams/CA/CA_ECOGN/CA_ECOGN_2006_SEPT_ENONCE.pdf,,,
CA,ECOGN,2007,ETE,NORMAL,,exams/CA/CA_ECOGN/CA_ECOGN_2007_ETE_ENONCE.pdf,,,
CA,ECOGN,2008,ETE,NORMAL,,exams/CA/CA_ECOGN/CA_ECOGN_2008_ETE_ENONCE.pdf,,,
CA,ECOGN,2008,ETE,REP,,exams/CA/CA_ECOGN/CA_ECOGN_2008_ETE_REP_ENONCE.pdf,,,
CA,ECOGN,2009,ETE,NORMAL,,exams/CA/CA_ECOGN/CA_ECOGN_2009_ETE_ENONCE.pdf,,,
CA,ECOGN,2010,ETE,NORMAL,,exams/CA/CA_ECOGN/CA_ECOGN_2010_ETE_ENONCE.pdf,,,
CA,ECOGN,2011,ETE,NORMAL,,exams/CA/CA_ECOGN/CA_ECOGN_2011_ETE_ENONCE.pdf,,,
CA,ECOGN,2012,ETE,NORMAL,,exams/CA/CA_ECOGN/CA_ECOGN_2012_ETE_ENONCE.pdf,,,
CA,ECOGN,2013,ETE,NORMAL,,exams/CA/CA_ECOGN/CA_ECOGN_2013_ETE_ENONCE.pdf,,,
CA,ECOGN,2013,ETE,REP,,exams/CA/CA_ECOGN/CA_ECOGN_2013_ETE_REP_ENONCE.pdf,,,
CA,ECOGN,2014,ETE,NORMAL,,exams/CA/CA_ECOGN/CA_ECOGN_2014_ETE_ENONCE.pdf,,,
CA,ECOGN,2015,ETE,NORMAL,,exams/CA/CA_ECOGN/CA_ECOGN_2015_ETE_ENONCE.pdf,,,
CA,ECOGN,2015,ETE,REP,,exams/CA/CA_ECOGN/CA_ECOGN_2015_ETE_REP_ENONCE.pdf,,,
CA,ECOGN,2016,ETE,NORMAL,,exams/CA/CA_ECOGN/CA_ECOGN_2016_ETE_ENONCE.pdf,,,
CA,ECOGN,2016,ETE,REP,,exams/CA/CA_ECOGN/CA_ECOGN_2016_ETE_REP_ENONCE.pdf,,,
CA,ECOGN,2016,SEPT,NORMAL,,exams/CA/CA_ECOGN/CA_ECOGN_2016_SEPT_ENONCE.pdf,,,
CA,ECOGN,2017,ETE,NORMAL,,exams/CA/CA_ECOGN/CA_ECOGN_2017_ETE_ENONCE.pdf,,,
CA,ECOGN,2017,ETE,REP,,exams/CA/CA_ECOGN/CA_ECOGN_2017_ETE_REP_ENONCE.pdf,,,
CA,ECOGN,2018,ETE,NORMAL,,exams/CA/CA_ECOGN/CA_ECOGN_2018_ETE_ENONCE.pdf,,,
CA,ECOGN,2018,ETE,REP,,exams/CA/CA_ECOGN/CA_ECOGN_2018_ETE_REP_ENONCE.pdf,,,
CA,ECOGN,2020,ETE,NORMAL,,exams/CA/CA_ECOGN/CA_ECOGN_2020_ETE_ENONCE.pdf,,,
CA,ECOGN,2020,SEPT,NORMAL,,exams/CA/CA_ECOGN/CA_ECOGN_2020_SEPT_ENONCE.pdf,,,
CA,ECOGN,2021,ETE,NORMAL,,exams/CA/CA_ECOGN/CA_ECOGN_2021_ETE_ENONCE.pdf,,,
CA,ECOGN,2022,ETE,NORMAL,,exams/CA/CA_ECOGN/CA_ECOGN_2022_ETE_ENONCE.pdf,,,
CA,ECOGN,2022,SEPT,NORMAL,,exams/CA/CA_ECOGN/CA_ECOGN_2022_SEPT_ENONCE.pdf,,,
CA,ECOGN,2023,ETE,NORMAL,,exams/CA/CA_ECOGN/CA_ECOGN_2023_ETE_ENONCE.pdf,,,
CA,ECOGN,2023,ETE,REP,,exams/CA/CA_ECOGN/CA_ECOGN_2023_ETE_REP_ENONCE.pdf,,,
CA,ECOGN,2023,SEPT,NORMAL,,exams/CA/CA_ECOGN/CA_ECOGN_2023_SEPT_ENONCE.pdf,,,
CA,ECOGN,2023,SEPT,REP,,exams/CA/CA_ECOGN/CA_ECOGN_2023_SEPT_REP_ENONCE.pdf,,,
CA,ECOGN,2024,ETE,NORMAL,,exams/CA/CA_ECOGN/CA_ECOGN_2024_ETE_ENONCE.pdf,,,
CA,ECOGN,2024,ETE,REP,,exams/CA/CA_ECOGN/CA_ECOGN_2024_ETE_REP_ENONCE.pdf,,,
CA,ECOGN,2024,SEPT,NORMAL,,exams/CA/CA_ECOGN/CA_ECOGN_2024_SEPT_ENONCE.pdf,,,
CA,ESPAG,2005,ETE,NORMAL,,exams/CA/CA_ESPAG/CA_ESPAG_2005_ETE_ENONCE.pdf,,,
CA,ESPAG,2006,ETE,NORMAL,,exams/CA/CA_ESPAG/CA_ESPAG_2006_ETE_ENONCE.pdf,,,
CA,ESPAG,2007,ETE,NORMAL,,exams/CA/CA_ESPAG/CA_ESPAG_2007_ETE_ENONCE.pdf,,,
CA,ESPAG,2007,SEPT,NORMAL,,exams/CA/CA_ESPAG/CA_ESPAG_2007_SEPT_ENONCE.pdf,,,
CA,ESPAG,2008,ETE,NORMAL,,exams/CA/CA_ESPAG/CA_ESPAG_2008_ETE_ENONCE.pdf,,,
CA,ESPAG,2009,ETE,NORMAL,,exams/CA/CA_ESPAG/CA_ESPAG_2009_ETE_ENONCE.pdf,,,
CA,ESPAG,2010,ETE,NORMAL,,exams/CA/CA_ESPAG/CA_ESPAG_2010_ETE_ENONCE.pdf,,,
CA,ESPAG,2011,ETE,NORMAL,,exams/CA/CA_ESPAG/CA_ESPAG_2011_ETE_ENONCE.pdf,,,
CA,ESPAG,2012,ETE,NORMAL,,exams/CA/CA_ESPAG/CA_ESPAG_2012_ETE_ENONCE.pdf,,,
CA,ESPAG,2013,ETE,NORMAL,,exams/CA/CA_ESPAG/CA_ESPAG_2013_ETE_ENONCE.pdf,,,
CA,ESPAG,2014,ETE,NORMAL,,exams/CA/CA_ESPAG/CA_ESPAG_2014_ETE_ENONCE.pdf,,,
CA,ESPAG,2014,ETE,REP,,exams/CA/CA_ESPAG/CA_ESPAG_2014_ETE_REP_ENONCE.pdf,,,
CA,ESPAG,2015,ETE,NORMAL,,exams/CA/CA_ESPAG/CA_ESPAG_2015_ETE_ENONCE.pdf,,,
CA,ESPAG,2016,ETE,NORMAL,,exams/CA/CA_ESPAG/CA_ESPAG_2016_ETE_ENONCE.pdf,,,
CA,ESPAG,2016,SEPT,NORMAL,,exams/CA/CA_ESPAG/CA_ESPAG_2016_SEPT_ENONCE.pdf,,,
CA,ESPAG,2017,ETE,NORMAL,,exams/CA/CA_ESPAG/CA_ESPAG_2017_ETE_ENONCE.pdf,,,
CA,ESPAG,2018,ETE,NORMAL,,exams/CA/CA_ESPAG/CA_ESPAG_2018_ETE_ENONCE.pdf,,,
CA,ESPAG,2019,ETE,NORMAL,,exams/CA/CA_ESPAG/CA_ESPAG_2019_ETE_ENONCE.pdf,,,
CA,ESPAG,2019,SEPT,NORMAL,,exams/CA/CA_ESPAG/CA_ESPAG_2019_SEPT_ENONCE.pdf,,,
CA,ESPAG,2020,ETE,NORMAL,,exams/CA/CA_ESPAG/CA_ESPAG_2020_ETE_ENONCE.pdf,,,
CA,ESPAG,2021,ETE,NORMAL,,exams/CA/CA_ESPAG/CA_ESPAG_2021_ETE_ENONCE.pdf,,,
CA,ESPAG,2022,ETE,NORMAL,,exams/CA/CA_ESPAG/CA_ESPAG_2022_ETE_ENONCE.pdf,,,
CA,ESPAG,2024,ETE,NORMAL,,exams/CA/CA_ESPAG/CA_ESPAG_2024_ETE_ENONCE.pdf,,,
CA,ESPAG,2024,ETE,REP,,exams/CA/CA_ESPAG/CA_ESPAG_2024_ETE_REP_ENONCE.pdf,,,
CA,ESPAG,2024,SEPT,NORMAL,,exams/CA/CA_ESPAG/CA_ESPAG_2024_SEPT_ENONCE.pdf,,,
CA,FRANC,2005,ETE,NORMAL,ANALYSE,exams/CA/CA_FRANC/CA_FRANC_2005_ETE_ANALYSE_ENONCE.pdf,,,
CA,FRANC,2005,ETE,NORMAL,DISSERTATION,exams/CA/CA_FRANC/CA_FRANC_2005_ETE_DISSERTATION_ENONCE.pdf,,,
CA,FRANC,2006,ETE,NORMAL,ANALYSE,exams/CA/CA_FRANC/CA_FRANC_2006_ETE_ANALYSE_ENONCE.pdf,,,
CA,FRANC,2006,ETE,NORMAL,DISSERTATION,exams/CA/CA_FRANC/CA_FRANC_2006_ETE_DISSERTATION_ENONCE.pdf,,,
CA,FRANC,2006,ETE,REP,DISSERTATION,exams/CA/CA_FRANC/CA_FRANC_2006_ETE_REP_DISSERTATION_ENONCE.pdf,,,
CA,FRANC,2007,ETE,NORMAL,ANALYSE,exams/CA/CA_FRANC/CA_FRANC_2007_ETE_ANALYSE_ENONCE.pdf,,,
CA,FRANC,2007,ETE,NORMAL,DISSERTATION,exams/CA/CA_FRANC/CA_FRANC_2007_ETE_DISSERTATION_ENONCE.pdf,,,
CA,FRANC,2007,ETE,REP,ANALYSE,exams/CA/CA_FRANC/CA_FRANC_2007_ETE_REP_ANALYSE_ENONCE.pdf,,,
CA,FRANC,2007,SEPT,NORMAL,ANALYSE,exams/CA/CA_FRANC/CA_FRANC_2007_SEPT_ANALYSE_ENONCE.pdf,,,
CA,FRANC,2007,SEPT,NORMAL,DISSERTATION,exams/CA/CA_FRANC/CA_FRANC_2007_SEPT_DISSERTATION_ENONCE.pdf,,,
CA,FRANC,2008,ETE,NORMAL,ANALYSE,exams/CA/CA_FRANC/CA_FRANC_2008_ETE_ANALYSE_ENONCE.pdf,,,
CA,FRANC,2008,ETE,NORMAL,DISSERTATION,exams/CA/CA_FRANC/CA_FRANC_2008_ETE_DISSERTATION_ENONCE.pdf,,,
CA,FRANC,2008,ETE,REP,DISSERTATION,exams/CA/CA_FRANC/CA_FRANC_2008_ETE_REP_DISSERTATION_ENONCE.pdf,,,
CA,FRANC,2009,ETE,NORMAL,ANALYSE,exams/CA/CA_FRANC/CA_FRANC_2009_ETE_ANALYSE_ENONCE.pdf,,,
CA,FRANC,2009,ETE,NORMAL,DISSERTATION,exams/CA/CA_FRANC/CA_FRANC_2009_ETE_DISSERTATION_ENONCE.pdf,,,
CA,FRANC,2010,ETE,NORMAL,ANALYSE,exams/CA/CA_FRANC/CA_FRANC_2010_ETE_ANALYSE_ENONCE.pdf,,,
CA,FRANC,2010,ETE,NORMAL,DISSERTATION,exams/CA/CA_FRANC/CA_FRANC_2010_ETE_DISSERTATION_ENONCE.pdf,,,
CA,FRANC,2011,ETE,NORMAL,ANALYSE,exams/CA/CA_FRANC/CA_FRANC_2011_ETE_ANALYSE_ENONCE.pdf,,,
CA,FRANC,2011,ETE,NORMAL,DISSERTATION,exams/CA/CA_FRANC/CA_FRANC_2011_ETE_DISSERTATION_ENONCE.pdf,,,
CA,FRANC,2012,ETE,NORMAL,DISSERTATION,exams/CA/CA_FRANC/CA_FRANC_2012_ETE_DISSERTATION_ENONCE.pdf,,,
CA,FRANC,2013,ETE,NORMAL,DISSERTATION,exams/CA/CA_FRANC/CA_FRANC_2013_ETE_DISSERTATION_ENONCE.pdf,,,
CA,FRANC,2013,ETE,REP,DISSERTATION,exams/CA/CA_FRANC/CA_FRANC_2013_ETE_REP_DISSERTATION_ENONCE.pdf,,,
CA,FRANC,2014,ETE,NORMAL,ANALYSE,exams/CA/CA_FRANC/CA_FRANC_2014_ETE_ANALYSE_ENONCE.pdf,,,
CA,FRANC,2014,ETE,NORMAL,DISSERTATION,exams/CA/CA_FRANC/CA_FRANC_2014_ETE_DISSERTATION_ENONCE.pdf,,,
CA,FRANC,2015,ETE,NORMAL,ANALYSE,exams/CA/CA_FRANC/CA_FRANC_2015_ETE_ANALYSE_ENONCE.pdf,,,
CA,FRANC,2015,ETE,NORMAL,DISSERTATION,exams/CA/CA_FRANC/CA_FRANC_2015_ETE_DISSERTATION_ENONCE.pdf,,,
CA,FRANC,2016,ETE,NORMAL,ANALYSE,exams/CA/CA_FRANC/CA_FRANC_2016_ETE_ANALYSE_ENONCE.pdf,,,
CA,FRANC,2016,ETE,NORMAL,DISSERTATION,exams/CA/CA_FRANC/CA_FRANC_2016_ETE_DISSERTATION_ENONCE.pdf,,,
CA,FRANC,2016,SEPT,NORMAL,ANALYSE,exams/CA/CA_FRANC/CA_FRANC_2016_SEPT_ANALYSE_ENONCE.pdf,,,
CA,FRANC,2016,SEPT,NORMAL,DISSERTATION,exams/CA/CA_FRANC/CA_FRANC_2016_SEPT_DISSERTATION_ENONCE.pdf,,,
CA,FRANC,2017,ETE,NORMAL,ANALYSE,exams/CA/CA_FRANC/CA_FRANC_2017_ETE_ANALYSE_ENONCE.pdf,exams/CA/CA_FRANC/CA_FRANC_2017_ETE_ANALYSE_CORRIGE.pdf,,
CA,FRANC,2017,ETE,NORMAL,DISSERTATION,exams/CA/CA_FRANC/CA_FRANC_2017_ETE_DISSERTATION_ENONCE.pdf,,,
CA,FRANC,2018,ETE,NORMAL,ANALYSE,exams/CA/CA_FRANC/CA_FRANC_2018_ETE_ANALYSE_ENONCE.pdf,,,
CA,FRANC,2018,ETE,NORMAL,DISSERTATION,exams/CA/CA_FRANC/CA_FRANC_2018_ETE_DISSERTATION_ENONCE.pdf,,,
CA,FRANC,2019,ETE,NORMAL,ANALYSE,exams/CA/CA_FRANC/CA_FRANC_2019_ETE_ANALYSE_ENONCE.pdf,,,
CA,FRANC,2019,ETE,NORMAL,DISSERTATION,exams/CA/CA_FRANC/CA_FRANC_2019_ETE_DISSERTATION_ENONCE.pdf,,,
CA,FRANC,2019,ETE,REP,DISSERTATION,exams/CA/CA_FRANC/CA_FRANC_2019_ETE_REP_DISSERTATION_ENONCE.pdf,,,
CA,FRANC,2020,ETE,NORMAL,ANALYSE,exams/CA/CA_FRANC/CA_FRANC_2020_ETE_ANALYSE_ENONCE.pdf,,,
CA,FRANC,2020,ETE,NORMAL,DISSERTATION,exams/CA/CA_FRANC/CA_FRANC_2020_ETE_DISSERTATION_ENONCE.pdf,,,
CA,FRANC,2021,ETE,NORMAL,ANALYSE,exams/CA/CA_FRANC/CA_FRANC_2021_ETE_ANALYSE_ENONCE.pdf,,,
CA,FRANC,2021,ETE,NORMAL,DISSERTATION,exams/CA/CA_FRANC/CA_FRANC_2021_ETE_DISSERTATION_ENONCE.pdf,,,
CA,FRANC,2022,ETE,NORMAL,ANALYSE,exams/CA/CA_FRANC/CA_FRANC_2022_ETE_ANALYSE_ENONCE.pdf,,,
CA,FRANC,2022,ETE,NORMAL,DISSERTATION,exams/CA/CA_FRANC/CA_FRANC_2022_ETE_DISSERTATION_ENONCE.pdf,,,
CA,FRANC,2022,ETE,REP,ANALYSE,exams/CA/CA_FRANC/CA_FRANC_2022_ETE_REP_ANALYSE_ENONCE.pdf,,,
CA,FRANC,2022,SEPT,NORMAL,ANALYSE,exams/CA/CA_FRANC/CA_FRANC_2022_SEPT_ANALYSE_ENONCE.pdf,,,
CA,FRANC,2022,SEPT,NORMAL,DISSERTATION,exams/CA/CA_FRANC/CA_FRANC_2022_SEPT_DISSERTATION_ENONCE.pdf,,,
CA,FRANC,2024,ETE,NORMAL,ANALYSE,exams/CA/CA_FRANC/CA_FRANC_2024_ETE_ANALYSE_ENONCE.pdf,,,
CA,FRANC,2024,ETE,REP,ANALYSE,exams/CA/CA_FRANC/CA_FRANC_2024_ETE_REP_ANALYSE_ENONCE.pdf,,,
CA,FRANC,2024,SEPT,NORMAL,ANALYSE,exams/CA/CA_FRANC/CA_FRANC_2024_SEPT_ANALYSE_ENONCE.pdf,,,
CA,GRECA,2009,ETE,NORMAL,,exams/CA/CA_GRECA/CA_GRECA_2009_ETE_ENONCE.pdf,,,
CA,GRECA,2014,ETE,NORMAL,,exams/CA/CA_GRECA/CA_GRECA_2014_ETE_ENONCE.pdf,,,
CA,GRECA,2017,ETE,NORMAL,,exams/CA/CA_GRECA/CA_GRECA_2017_ETE_ENONCE.pdf,,,
CA,HISTO,2005,ETE,NORMAL,,exams/CA/CA_HISTO/CA_HISTO_2005_ETE_ENONCE.pdf,,,
CA,HISTO,2006,ETE,NORMAL,,exams/CA/CA_HISTO/CA_HISTO_2006_ETE_ENONCE.pdf,,,
CA,HISTO,2006,ETE,REP,,exams/CA/CA_HISTO/CA_HISTO_2006_ETE_REP_ENONCE.pdf,,,
CA,HISTO,2007,ETE,NORMAL,,exams/CA/CA_HISTO/CA_HISTO_2007_ETE_ENONCE.pdf,,,
CA,HISTO,2007,ETE,REP,,exams/CA/CA_HISTO/CA_HISTO_2007_ETE_REP_ENONCE.pdf,,,
CA,HISTO,2008,ETE,NORMAL,,exams/CA/CA_HISTO/CA_HISTO_2008_ETE_ENONCE.pdf,,,
CA,HISTO,2008,ETE,REP,,exams/CA/CA_HISTO/CA_HISTO_2008_ETE_REP_ENONCE.pdf,,,
CA,HISTO,2009,ETE,NORMAL,,exams/CA/CA_HISTO/CA_HISTO_2009_ETE_ENONCE.pdf,,,
CA,HISTO,2010,ETE,NORMAL,,exams/CA/CA_HISTO/CA_HISTO_2010_ETE_ENONCE.pdf,,,
CA,HISTO,2011,ETE,NORMAL,,exams/CA/CA_HISTO/CA_HISTO_2011_ETE_ENONCE.pdf,,,
CA,HISTO,2012,ETE,NORMAL,,exams/CA/CA_HISTO/CA_HISTO_2012_ETE_ENONCE.pdf,,,
CA,HISTO,2012,ETE,REP,,exams/CA/CA_HISTO/CA_HISTO_2012_ETE_REP_ENONCE.pdf,,,
CA,HISTO,2013,ETE,NORMAL,,exams/CA/CA_HISTO/CA_HISTO_2013_ETE_ENONCE.pdf,,,
CA,HISTO,2014,ETE,NORMAL,,exams/CA/CA_HISTO/CA_HISTO_2014_ETE_ENONCE.pdf,,,
CA,HISTO,2015,ETE,NORMAL,,exams/CA/CA_HISTO/CA_HISTO_2015_ETE_ENONCE.pdf,,,
CA,HISTO,2015,ETE,REP,,exams/CA/CA_HISTO/CA_HISTO_2015_ETE_REP_ENONCE.pdf,,,
CA,HISTO,2016,ETE,NORMAL,,exams/CA/CA_HISTO/CA_HISTO_2016_ETE_ENONCE.pdf,exams/CA/CA_HISTO/CA_HISTO_2016_ETE_CORRIGE.pdf,,
CA,HISTO,2016,ETE,REP,,exams/CA/CA_HISTO/CA_HISTO_2016_ETE_REP_ENONCE.pdf,,,
CA,HISTO,2016,SEPT,NORMAL,,exams/CA/CA_HISTO/CA_HISTO_2016_SEPT_ENONCE.pdf,,,
CA,HISTO,2017,ETE,NORMAL,,exams/CA/CA_HISTO/CA_HISTO_2017_ETE_ENONCE.pdf,exams/CA/CA_HISTO/CA_HISTO_2017_ETE_CORRIGE.pdf,,
CA,HISTO,2018,ETE,NORMAL,,exams/CA/CA_HISTO/CA_HISTO_2018_ETE_ENONCE.pdf,,,
CA,HISTO,2020,ETE,NORMAL,,exams/CA/CA_HISTO/CA_HISTO_2020_ETE_ENONCE.pdf,,,
CA,HISTO,2020,SEPT,NORMAL,,exams/CA/CA_HISTO/CA_HISTO_2020_SEPT_ENONCE.pdf,,,
CA,HISTO,2021,ETE,NORMAL,,exams/CA/CA_HISTO/CA_HISTO_2021_ETE_ENONCE.pdf,,,
CA,HISTO,2022,ETE,NORMAL,,exams/CA/CA_HISTO/CA_HISTO_2022_ETE_ENONCE.pdf,,,
CA,HISTO,2022,SEPT,NORMAL,,exams/CA/CA_HISTO/CA_HISTO_2022_SEPT_ENONCE.pdf,,,
CA,ITALI,2005,ETE,NORMAL,,exams/CA/CA_ITALI/CA_ITALI_2005_ETE_ENONCE.pdf,,,
CA,ITALI,2006,ETE,NORMAL,,exams/CA/CA_ITALI/CA_ITALI_2006_ETE_ENONCE.pdf,,,
CA,ITALI,2007,SEPT,NORMAL,,exams/CA/CA_ITALI/CA_ITALI_2007_SEPT_ENONCE.pdf,,,
CA,ITALI,2008,ETE,NORMAL,,exams/CA/CA_ITALI/CA_ITALI_2008_ETE_ENONCE.pdf,,,
CA,ITALI,2008,SEPT,NORMAL,,exams/CA/CA_ITALI/CA_ITALI_2008_SEPT_ENONCE.pdf,,,
CA,ITALI,2009,ETE,NORMAL,,exams/CA/CA_ITALI/CA_ITALI_2009_ETE_ENONCE.pdf,,,
CA,ITALI,2010,ETE,NORMAL,,exams/CA/CA_ITALI/CA_ITALI_2010_ETE_ENONCE.pdf,,,
CA,ITALI,2011,ETE,NORMAL,,exams/CA/CA_ITALI/CA_ITALI_2011_ETE_ENONCE.pdf,,,
CA,ITALI,2012,ETE,NORMAL,,exams/CA/CA_ITALI/CA_ITALI_2012_ETE_ENONCE.pdf,,,
CA,ITALI,2013,ETE,NORMAL,,exams/CA/CA_ITALI/CA_ITALI_2013_ETE_ENONCE.pdf,,,
CA,ITALI,2014,ETE,NORMAL,,exams/CA/CA_ITALI/CA_ITALI_2014_ETE_ENONCE.pdf,,,
CA,ITALI,2015,ETE,NORMAL,,exams/CA/CA_ITALI/CA_ITALI_2015_ETE_ENONCE.pdf,,,
CA,ITALI,2016,ETE,NORMAL,,exams/CA/CA_ITALI/CA_ITALI_2016_ETE_ENONCE.pdf,,,
CA,ITALI,2016,SEPT,NORMAL,,exams/CA/CA_ITALI/CA_ITALI_2016_SEPT_ENONCE.pdf,,,
CA,ITALI,2017,ETE,NORMAL,,exams/CA/CA_ITALI/CA_ITALI_2017_ETE_ENONCE.pdf,,,
CA,ITALI,2018,ETE,NORMAL,,exams/CA/CA_ITALI/CA_ITALI_2018_ETE_ENONCE.pdf,,,
CA,ITALI,2019,ETE,NORMAL,,exams/CA/CA_ITALI/CA_ITALI_2019_ETE_ENONCE.pdf,,,
CA,ITALI,2020,ETE,NORMAL,,exams/CA/CA_ITALI/CA_ITALI_2020_ETE_ENONCE.pdf,,,
CA,ITALI,2021,ETE,NORMAL,,exams/CA/CA_ITALI/CA_ITALI_2021_ETE_ENONCE.pdf,,,
CA,ITALI,2022,ETE,NORMAL,,exams/CA/CA_ITALI/CA_ITALI_2022_ETE_ENONCE.pdf,,,
CA,LATIN,2005,ETE,NORMAL,,exams/CA/CA_LATIN/CA_LATIN_2005_ETE_ENONCE.pdf,exams/CA/CA_LATIN/CA_LATIN_2005_ETE_CORRIGE.pdf,,
CA,LATIN,2006,ETE,NORMAL,,exams/CA/CA_LATIN/CA_LATIN_2006_ETE_ENONCE.pdf,,,
CA,LATIN,2007,ETE,NORMAL,,exams/CA/CA_LATIN/CA_LATIN_2007_ETE_ENONCE.pdf,,,
CA,LATIN,2007,SEPT,NORMAL,,exams/CA/CA_LATIN/CA_LATIN_2007_SEPT_ENONCE.pdf,,,
CA,LATIN,2009,ETE,NORMAL,,exams/CA/CA_LATIN/CA_LATIN_2009_ETE_ENONCE.pdf,,,
CA,LATIN,2010,ETE,NORMAL,,exams/CA/CA_LATIN/CA_LATIN_2010_ETE_ENONCE.pdf,,,
CA,LATIN,2011,ETE,NORMAL,,exams/CA/CA_LATIN/CA_LATIN_2011_ETE_ENONCE.pdf,,,
CA,LATIN,2012,ETE,NORMAL,,exams/CA/CA_LATIN/CA_LATIN_2012_ETE_ENONCE.pdf,,,
CA,LATIN,2013,ETE,NORMAL,,exams/CA/CA_LATIN/CA_LATIN_2013_ETE_ENONCE.pdf,,,
CA,LATIN,2014,ETE,NORMAL,,exams/CA/CA_LATIN/CA_LATIN_2014_ETE_ENONCE.pdf,,,
CA,LATIN,2015,ETE,NORMAL,,exams/CA/CA_LATIN/CA_LATIN_2015_ETE_ENONCE.pdf,,,
CA,LATIN,2016,ETE,NORMAL,,exams/CA/CA_LATIN/CA_LATIN_2016_ETE_ENONCE.pdf,,,
CA,LATIN,2017,ETE,NORMAL,,exams/CA/CA_LATIN/CA_LATIN_2017_ETE_ENONCE.pdf,,,
CA,LATIN,2018,ETE,NORMAL,,exams/CA/CA_LATIN/CA_LATIN_2018_ETE_ENONCE.pdf,,,
CA,LATIN,2019,ETE,NORMAL,,exams/CA/CA_LATIN/CA_LATIN_2019_ETE_ENONCE.pdf,,,
CA,LATIN,2020,ETE,NORMAL,,exams/CA/CA_LATIN/CA_LATIN_2020_ETE_ENONCE.pdf,,,
CA,LATIN,2021,ETE,NORMAL,,exams/CA/CA_LATIN/CA_LATIN_2021_ETE_ENONCE.pdf,,,
CA,LATIN,2022,ETE,NORMAL,,exams/CA/CA_LATIN/CA_LATIN_2022_ETE_ENONCE.pdf,,,
CA,LATIN,2022,SEPT,NORMAL,,exams/CA/CA_LATIN/CA_LATIN_2022_SEPT_ENONCE.pdf,,,
CA,LATIN,2023,ETE,NORMAL,,exams/CA/CA_LATIN/CA_LATIN_2023_ETE_ENONCE.pdf,,,
CA,LATIN,2023,SEPT,NORMAL,,exams/CA/CA_LATIN/CA_LATIN_2023_SEPT_ENONCE.pdf,,,
CA,LATIN,2023,SEPT,REP,,exams/CA/CA_LATIN/CA_LATIN_2023_SEPT_REP_ENONCE.pdf,,,
CA,LATIN,2024,ETE,NORMAL,,exams/CA/CA_LATIN/CA_LATIN_2024_ETE_ENONCE.pdf,,,
CA,LATIN,2024,ETE,REP,,exams/CA/CA_LATIN/CA_LATIN_2024_ETE_REP_ENONCE.pdf,,,
CA,LLCO_MALA_PSYA_ALLEM,2005,ETE,NORMAL,,exams/CA/CA_ALLEM_LLCO_MALA_PSYA/CA_LLCO_MALA_PSYA_ALLEM_2005_ETE_ENONCE.pdf,,,
CA,LLCO_MALA_PSYA_ALLEM,2006,ETE,NORMAL,,exams/CA/CA_ALLEM_LLCO_MALA_PSYA/CA_LLCO_MALA_PSYA_ALLEM_2006_ETE_ENONCE.pdf,,,
CA,LLCO_MALA_PSYA_ALLEM,2007,ETE,NORMAL,,exams/CA/CA_ALLEM_LLCO_MALA_PSYA/CA_LLCO_MALA_PSYA_ALLEM_2007_ETE_ENONCE.pdf,,,
CA,LLCO_MALA_PSYA_ALLEM,2007,ETE,REP,,exams/CA/CA_ALLEM_LLCO_MALA_PSYA/CA_LLCO_MALA_PSYA_ALLEM_2007_ETE_REP_ENONCE.pdf,,,
CA,LLCO_MALA_PSYA_ALLEM,2008,ETE,NORMAL,,exams/CA/CA_ALLEM_LLCO_MALA_PSYA/CA_LLCO_MALA_PSYA_ALLEM_2008_ETE_ENONCE.pdf,,,
CA,LLCO_MALA_PSYA_ALLEM,2008,ETE,REP,,exams/CA/CA_ALLEM_LLCO_MALA_PSYA/CA_LLCO_MALA_PSYA_ALLEM_2008_ETE_REP_ENONCE.pdf,,,
CA,LLCO_MALA_PSYA_ALLEM,2009,ETE,NORMAL,,exams/CA/CA_ALLEM_LLCO_MALA_PSYA/CA_LLCO_MALA_PSYA_ALLEM_2009_ETE_ENONCE.pdf,,,
CA,LLCO_MALA_PSYA_ALLEM,2010,ETE,NORMAL,,exams/CA/CA_ALLEM_LLCO_MALA_PSYA/CA_LLCO_MALA_PSYA_ALLEM_2010_ETE_ENONCE.pdf,,,
CA,LLCO_MALA_PSYA_ALLEM,2012,ETE,NORMAL,,exams/CA/CA_ALLEM_LLCO_MALA_PSYA/CA_LLCO_MALA_PSYA_ALLEM_2012_ETE_ENONCE.pdf,,,
CA,LLCO_MALA_PSYA_ALLEM,2013,ETE,NORMAL,,exams/CA/CA_ALLEM_LLCO_MALA_PSYA/CA_LLCO_MALA_PSYA_ALLEM_2013_ETE_ENONCE.pdf,,,
CA,LLCO_MALA_PSYA_ALLEM,2013,ETE,REP,,exams/CA/CA_ALLEM_LLCO_MALA_PSYA/CA_LLCO_MALA_PSYA_ALLEM_2013_ETE_REP_ENONCE.pdf,,,
CA,LLCO_MALA_PSYA_ALLEM,2014,ETE,NORMAL,,exams/CA/CA_ALLEM_LLCO_MALA_PSYA/CA_LLCO_MALA_PSYA_ALLEM_2014_ETE_ENONCE.pdf,,,
CA,LLCO_MALA_PSYA_ALLEM,2015,ETE,NORMAL,,exams/CA/CA_ALLEM_LLCO_MALA_PSYA/CA_LLCO_MALA_PSYA_ALLEM_2015_ETE_ENONCE.pdf,,,
CA,LLCO_MALA_PSYA_ALLEM,2015,ETE,REP,,exams/CA/CA_ALLEM_LLCO_MALA_PSYA/CA_LLCO_MALA_PSYA_ALLEM_2015_ETE_REP_ENONCE.pdf,,,
CA,LLCO_MALA_PSYA_ALLEM,2016,ETE,NORMAL,,exams/CA/CA_ALLEM_LLCO_MALA_PSYA/CA_LLCO_MALA_PSYA_ALLEM_2016_ETE_ENONCE.pdf,,,
CA,LLCO_MALA_PSYA_ALLEM,2016,ETE,REP,,exams/CA/CA_ALLEM_LLCO_MALA_PSYA/CA_LLCO_MALA_PSYA_ALLEM_2016_ETE_REP_ENONCE.pdf,,,
CA,LLCO_MALA_PSYA_ALLEM,2017,ETE,NORMAL,,exams/CA/CA_ALLEM_LLCO_MALA_PSYA/CA_LLCO_MALA_PSYA_ALLEM_2017_ETE_ENONCE.pdf,,,
CA,LLCO_MALA_PSYA_ALLEM,2017,ETE,REP,,exams/CA/CA_ALLEM_LLCO_MALA_PSYA/CA_LLCO_MALA_PSYA_ALLEM_2017_ETE_REP_ENONCE.pdf,,,
CA,LLCO_MALA_PSYA_ALLEM,2018,ETE,NORMAL,,exams/CA/CA_ALLEM_LLCO_MALA_PSYA/CA_LLCO_MALA_PSYA_ALLEM_2018_ETE_ENONCE.pdf,,,
CA,LLCO_MALA_PSYA_ALLEM,2020,ETE,NORMAL,,exams/CA/CA_ALLEM_LLCO_MALA_PSYA/CA_LLCO_MALA_PSYA_ALLEM_2020_ETE_ENONCE.pdf,,,
CA,LLCO_MALA_PSYA_ALLEM,2020,SEPT,NORMAL,,exams/CA/CA_ALLEM_LLCO_MALA_PSYA/CA_LLCO_MALA_PSYA_ALLEM_2020_SEPT_ENONCE.pdf,,,
CA,LLCO_MALA_PSYA_ALLEM,2021,ETE,NORMAL,,exams/CA/CA_ALLEM_LLCO_MALA_PSYA/CA_LLCO_MALA_PSYA_ALLEM_2021_ETE_ENONCE.pdf,,,
CA,LLCO_MALA_PSYA_ALLEM,2022,ETE,NORMAL,,exams/CA/CA_ALLEM_LLCO_MALA_PSYA/CA_LLCO_MALA_PSYA_ALLEM_2022_ETE_ENONCE.pdf,,,
CA,LLCO_MALA_PSYA_ALLEM,2022,ETE,REP,,exams/CA/CA_ALLEM_LLCO_MALA_PSYA/CA_LLCO_MALA_PSYA_ALLEM_2022_ETE_REP_ENONCE.pdf,,,
CA,LLCO_MALA_PSYA_ALLEM,2022,SEPT,NORMAL,,exams/CA/CA_ALLEM_LLCO_MALA_PSYA/CA_LLCO_MALA_PSYA_ALLEM_2022_SEPT_ENONCE.pdf,,,
CA,LLCO_MALA_PSYA_ALLEM,2023,ETE,NORMAL,,exams/CA/CA_ALLEM_LLCO_MALA_PSYA/CA_LLCO_MALA_PSYA_ALLEM_2023_ETE_ENONCE.pdf,,,
CA,LLCO_MALA_PSYA_ALLEM,2023,ETE,REP,,exams/CA/CA_ALLEM_LLCO_MALA_PSYA/CA_LLCO_MALA_PSYA_ALLEM_2023_ETE_REP_ENONCE.pdf,,,
CA,LLCO_MALA_PSYA_ALLEM,2023,SEPT,NORMAL,,exams/CA/CA_ALLEM_LLCO_MALA_PSYA/CA_LLCO_MALA_PSYA_ALLEM_2023_SEPT_ENONCE.pdf,,,
CA,LLCO_MALA_PSYA_ALLEM,2023,SEPT,REP,,exams/CA/CA_ALLEM_LLCO_MALA_PSYA/CA_LLCO_MALA_PSYA_ALLEM_2023_SEPT_REP_ENONCE.pdf,,,
CA,LLCO_MALA_PSYA_ALLEM,2024,ETE,NORMAL,,exams/CA/CA_ALLEM_LLCO_MALA_PSYA/CA_LLCO_MALA_PSYA_ALLEM_2024_ETE_ENONCE.pdf,,,
CA,LLCO_MALA_PSYA_ALLEM,2024,ETE,REP,,exams/CA/CA_ALLEM_LLCO_MALA_PSYA/CA_LLCO_MALA_PSYA_ALLEM_2024_ETE_REP_ENONCE.pdf,,,
CA,LLCO_MALA_PSYA_ALLEM,2024,SEPT,NORMAL,,exams/CA/CA_ALLEM_LLCO_MALA_PSYA/CA_LLCO_MALA_PSYA_ALLEM_2024_SEPT_ENONCE.pdf,,,
CA,LLCO_MALA_PSYA_ALLEM,2024,SEPT,REP,,exams/CA/CA_ALLEM_LLCO_MALA_PSYA/CA_LLCO_MALA_PSYA_ALLEM_2024_SEPT_REP_ENONCE.pdf,,,
CA,LLCO_MALF_PSYF_FRANC,2004,ETE,NORMAL,,exams/CA/CA_FRANC_LLCO_MALF_PSYF/CA_LLCO_MALF_PSYF_FRANC_2004_ETE_ENONCE.pdf,,,
CA,LLCO_MALF_PSYF_FRANC,2006,ETE,NORMAL,,exams/CA/CA_FRANC_LLCO_MALF_PSYF/CA_LLCO_MALF_PSYF_FRANC_2006_ETE_ENONCE.pdf,,,
CA,LLCO_MALF_PSYF_FRANC,2007,ETE,NORMAL,,exams/CA/CA_FRANC_LLCO_MALF_PSYF/CA_LLCO_MALF_PSYF_FRANC_2007_ETE_ENONCE.pdf,,,
CA,LLCO_MALF_PSYF_FRANC,2007,ETE,REP,,exams/CA/CA_FRANC_LLCO_MALF_PSYF/CA_LLCO_MALF_PSYF_FRANC_2007_ETE_REP_ENONCE.pdf,,,
CA,LLCO_MALF_PSYF_FRANC,2007,SEPT,NORMAL,,exams/CA/CA_FRANC_LLCO_MALF_PSYF/CA_LLCO_MALF_PSYF_FRANC_2007_SEPT_ENONCE.pdf,,,
CA,LLCO_MALF_PSYF_FRANC,2008,ETE,NORMAL,,exams/CA/CA_FRANC_LLCO_MALF_PSYF/CA_LLCO_MALF_PSYF_FRANC_2008_ETE_ENONCE.pdf,,,
CA,LLCO_MALF_PSYF_FRANC,2008,ETE,REP,,exams/CA/CA_FRANC_LLCO_MALF_PSYF/CA_LLCO_MALF_PSYF_FRANC_2008_ETE_REP_ENONCE.pdf,,,
CA,LLCO_MALF_PSYF_FRANC,2009,ETE,NORMAL,,exams/CA/CA_FRANC_LLCO_MALF_PSYF/CA_LLCO_MALF_PSYF_FRANC_2009_ETE_ENONCE.pdf,,,
CA,LLCO_MALF_PSYF_FRANC,2010,ETE,NORMAL,,exams/CA/CA_FRANC_LLCO_MALF_PSYF/CA_LLCO_MALF_PSYF_FRANC_2010_ETE_ENONCE.pdf,,,
CA,LLCO_MALF_PSYF_FRANC,2011,ETE,NORMAL,,exams/CA/CA_FRANC_LLCO_MALF_PSYF/CA_LLCO_MALF_PSYF_FRANC_2011_ETE_ENONCE.pdf,,,
CA,LLCO_MALF_PSYF_FRANC,2012,ETE,NORMAL,,exams/CA/CA_FRANC_LLCO_MALF_PSYF/CA_LLCO_MALF_PSYF_FRANC_2012_ETE_ENONCE.pdf,,,
CA,LLCO_MALF_PSYF_FRANC,2012,ETE,REP,,exams/CA/CA_FRANC_LLCO_MALF_PSYF/CA_LLCO_MALF_PSYF_FRANC_2012_ETE_REP_ENONCE.pdf,,,
CA,LLCO_MALF_PSYF_FRANC,2013,ETE,NORMAL,,exams/CA/CA_FRANC_LLCO_MALF_PSYF/CA_LLCO_MALF_PSYF_FRANC_2013_ETE_ENONCE.pdf,,,
CA,LLCO_MALF_PSYF_FRANC,2014,ETE,NORMAL,,exams/CA/CA_FRANC_LLCO_MALF_PSYF/CA_LLCO_MALF_PSYF_FRANC_2014_ETE_ENONCE.pdf,,,
CA,LLCO_MALF_PSYF_FRANC,2014,ETE,REP,,exams/CA/CA_FRANC_LLCO_MALF_PSYF/CA_LLCO_MALF_PSYF_FRANC_2014_ETE_REP_ENONCE.pdf,,,
CA,LLCO_MALF_PSYF_FRANC,2015,ETE,NORMAL,,exams/CA/CA_FRANC_LLCO_MALF_PSYF/CA_LLCO_MALF_PSYF_FRANC_2015_ETE_ENONCE.pdf,,,
CA,LLCO_MALF_PSYF_FRANC,2015,ETE,REP,,exams/CA/CA_FRANC_LLCO_MALF_PSYF/CA_LLCO_MALF_PSYF_FRANC_2015_ETE_REP_ENONCE.pdf,,,
CA,LLCO_MALF_PSYF_FRANC,2016,ETE,NORMAL,,exams/CA/CA_FRANC_LLCO_MALF_PSYF/CA_LLCO_MALF_PSYF_FRANC_2016_ETE_ENONCE.pdf,,,
CA,LLCO_MALF_PSYF_FRANC,2016,ETE,REP,,exams/CA/CA_FRANC_LLCO_MALF_PSYF/CA_LLCO_MALF_PSYF_FRANC_2016_ETE_REP_ENONCE.pdf,,,
CA,LLCO_MALF_PSYF_FRANC,2016,SEPT,NORMAL,,exams/CA/CA_FRANC_LLCO_MALF_PSYF/CA_LLCO_MALF_PSYF_FRANC_2016_SEPT_ENONCE.pdf,,,
CA,LLCO_MALF_PSYF_FRANC,2017,ETE,NORMAL,,exams/CA/CA_FRANC_LLCO_MALF_PSYF/CA_LLCO_MALF_PSYF_FRANC_2017_ETE_ENONCE.pdf,,,
CA,LLCO_MALF_PSYF_FRANC,2018,ETE,NORMAL,,exams/CA/CA_FRANC_LLCO_MALF_PSYF/CA_LLCO_MALF_PSYF_FRANC_2018_ETE_ENONCE.pdf,,,
CA,LLCO_MALF_PSYF_FRANC,2019,ETE,NORMAL,,exams/CA/CA_FRANC_LLCO_MALF_PSYF/CA_LLCO_MALF_PSYF_FRANC_2019_ETE_ENONCE.pdf,,,
CA,LLCO_MALF_PSYF_FRANC,2019,ETE,REP,,exams/CA/CA_FRANC_LLCO_MALF_PSYF/CA_LLCO_MALF_PSYF_FRANC_2019_ETE_REP_ENONCE.pdf,,,
CA,LLCO_MALF_PSYF_FRANC,2019,SEPT,NORMAL,,exams/CA/CA_FRANC_LLCO_MALF_PSYF/CA_LLCO_MALF_PSYF_FRANC_2019_SEPT_ENONCE.pdf,,,
CA,LLCO_MALF_PSYF_FRANC,2020,ETE,NORMAL,,exams/CA/CA_FRANC_LLCO_MALF_PSYF/CA_LLCO_MALF_PSYF_FRANC_2020_ETE_ENONCE.pdf,,,exams/CA/CA_FRANC_LLCO_MALF_PSYF/CA_LLCO_MALF_PSYF_FRANC_2020_ETE_ORAL.pdf
CA,LLCO_MALF_PSYF_FRANC,2020,SEPT,NORMAL,,exams/CA/CA_FRANC_LLCO_MALF_PSYF/CA_LLCO_MALF_PSYF_FRANC_2020_SEPT_ENONCE.pdf,,,
CA,LLCO_MALF_PSYF_FRANC,2021,ETE,NORMAL,,exams/CA/CA_FRANC_LLCO_MALF_PSYF/CA_LLCO_MALF_PSYF_FRANC_2021_ETE_ENONCE.pdf,,,
CA,LLCO_MALF_PSYF_FRANC,2022,ETE,NORMAL,,exams/CA/CA_FRANC_LLCO_MALF_PSYF/CA_LLCO_MALF_PSYF_FRANC_2022_ETE_ENONCE.pdf,,,
CA,LLCO_MALF_PSYF_FRANC,2022,ETE,REP,,exams/CA/CA_FRANC_LLCO_MALF_PSYF/CA_LLCO_MALF_PSYF_FRANC_2022_ETE_REP_ENONCE.pdf,,,
CA,LLCO_MALF_PSYF_FRANC,2022,SEPT,NORMAL,,exams/CA/CA_FRANC_LLCO_MALF_PSYF/CA_LLCO_MALF_PSYF_FRANC_2022_SEPT_ENONCE.pdf,,,
CA,LLCO_MALF_PSYF_FRANC,2023,ETE,NORMAL,,exams/CA/CA_FRANC_LLCO_MALF_PSYF/CA_LLCO_MALF_PSYF_FRANC_2023_ETE_ENONCE.pdf,,,
CA,LLCO_MALF_PSYF_FRANC,2023,ETE,REP,,exams/CA/CA_FRANC_LLCO_MALF_PSYF/CA_LLCO_MALF_PSYF_FRANC_2023_ETE_REP_ENONCE.pdf,,,
CA,LLCO_MALF_PSYF_FRANC,2023,SEPT,NORMAL,,exams/CA/CA_FRANC_LLCO_MALF_PSYF/CA_LLCO_MALF_PSYF_FRANC_2023_SEPT_ENONCE.pdf,,,
CA,LLCO_MALF_PSYF_FRANC,2023,SEPT,REP,,exams/CA/CA_FRANC_LLCO_MALF_PSYF/CA_LLCO_MALF_PSYF_FRANC_2023_SEPT_REP_ENONCE.pdf,,,
CA,LLCO_MALF_PSYF_FRANC,2024,ETE,NORMAL,,exams/CA/CA_FRANC_LLCO_MALF_PSYF/CA_LLCO_MALF_PSYF_FRANC_2024_ETE_ENONCE.pdf,,,
CA,LLCO_MALF_PSYF_FRANC,2024,SEPT,NORMAL,,exams/CA/CA_FRANC_LLCO_MALF_PSYF/CA_LLCO_MALF_PSYF_FRANC_2024_SEPT_ENONCE.pdf,,,
CA,MATHE,2023,ETE,NORMAL,,exams/CA/CA_MATHE/CA_MATHE_2023_ETE_ENONCE.pdf,exams/CA/CA_MATHE/CA_MATHE_2023_ETE_CORRIGE.pdf,,
CA,MATHE,2023,SEPT,NORMAL,,exams/CA/CA_MATHE/CA_MATHE_2023_SEPT_ENONCE.pdf,exams/CA/CA_MATHE/CA_MATHE_2023_SEPT_CORRIGE.pdf,,
CA,MATHE,2023,SEPT,REP,,,exams/CA/CA_MATHE/CA_MATHE_2023_SEPT_REP_CORRIGE.pdf,,
CA,MATHE,2024,ETE,NORMAL,,exams/CA/CA_MATHE/CA_MATHE_2024_ETE_ENONCE.pdf,exams/CA/CA_MATHE/CA_MATHE_2024_ETE_CORRIGE.pdf,,
CA,MATHE,2024,SEPT,NORMAL,,exams/CA/CA_MATHE/CA_MATHE_2024_SEPT_ENONCE.pdf,exams/CA/CA_MATHE/CA_MATHE_2024_SEPT_CORRIGE.pdf,,
CA,MATHE,2024,SEPT,REP,,exams/CA/CA_MATHE/CA_MATHE_2024_SEPT_REP_ENONCE.pdf,exams/CA/CA_MATHE/CA_MATHE_2024_SEPT_REP_CORRIGE.pdf,,
CA,MATHE,2025,ETE,NORMAL,,exams/CA/CA_MATHE/CA_MATHE_2025_ETE_ENONCE.pdf,exams/CA/CA_MATHE/CA_MATHE_2025_ETE_CORRIGE.pdf,,
CA,MATHE,2025,SEPT,NORMAL,,exams/CA/CA_MATHE/CA_MATHE_2025_SEPT_ENONCE.pdf,exams/CA/CA_MATHE/CA_MATHE_2025_SEPT_CORRIGE.pdf,,
CA,PHILO,2005,ETE,NORMAL,,exams/CA/CA_PHILO/CA_PHILO_2005_ETE_ENONCE.pdf,,,
CA,PHILO,2006,ETE,NORMAL,,exams/CA/CA_PHILO/CA_PHILO_2006_ETE_ENONCE.pdf,,,
CA,PHILO,2006,ETE,REP,,exams/CA/CA_PHILO/CA_PHILO_2006_ETE_REP_ENONCE.pdf,,,
CA,PHILO,2007,ETE,NORMAL,,exams/CA/CA_PHILO/CA_PHILO_2007_ETE_ENONCE.pdf,,,
CA,PHILO,2007,ETE,REP,,exams/CA/CA_PHILO/CA_PHILO_2007_ETE_REP_ENONCE.pdf,,,
CA,PHILO,2007,SEPT,NORMAL,,exams/CA/CA_PHILO/CA_PHILO_2007_SEPT_ENONCE.pdf,,,
CA,PHILO,2007,SEPT,REP,,exams/CA/CA_PHILO/CA_PHILO_2007_SEPT_REP_ENONCE.pdf,,,
CA,PHILO,2008,ETE,NORMAL,,exams/CA/CA_PHILO/CA_PHILO_2008_ETE_ENONCE.pdf,,,
CA,PHILO,2008,ETE,REP,,exams/CA/CA_PHILO/CA_PHILO_2008_ETE_REP_ENONCE.pdf,,,
CA,PHILO,2009,ETE,NORMAL,,exams/CA/CA_PHILO/CA_PHILO_2009_ETE_ENONCE.pdf,,,
CA,PHILO,2010,ETE,NORMAL,,exams/CA/CA_PHILO/CA_PHILO_2010_ETE_ENONCE.pdf,,,
CA,PHILO,2011,ETE,NORMAL,,exams/CA/CA_PHILO/CA_PHILO_2011_ETE_ENONCE.pdf,,,
CA,PHILO,2012,ETE,NORMAL,,exams/CA/CA_PHILO/CA_PHILO_2012_ETE_ENONCE.pdf,,,
CA,PHILO,2012,ETE,REP,,exams/CA/CA_PHILO/CA_PHILO_2012_ETE_REP_ENONCE.pdf,,,
CA,PHILO,2013,ETE,NORMAL,,exams/CA/CA_PHILO/CA_PHILO_2013_ETE_ENONCE.pdf,,,
CA,PHILO,2014,ETE,NORMAL,,exams/CA/CA_PHILO/CA_PHILO_2014_ETE_ENONCE.pdf,,,
CA,PHILO,2015,ETE,NORMAL,,exams/CA/CA_PHILO/CA_PHILO_2015_ETE_ENONCE.pdf,,,
CA,PHILO,2016,ETE,NORMAL,,exams/CA/CA_PHILO/CA_PHILO_2016_ETE_ENONCE.pdf,,,
CA,PHILO,2016,ETE,REP,,exams/CA/CA_PHILO/CA_PHILO_2016_ETE_REP_ENONCE.pdf,,,
CA,PHILO,2016,SEPT,NORMAL,,exams/CA/CA_PHILO/CA_PHILO_2016_SEPT_ENONCE.pdf,,,
CA,PHILO,2017,ETE,NORMAL,,exams/CA/CA_PHILO/CA_PHILO_2017_ETE_ENONCE.pdf,,,
CA,PHILO,2018,ETE,NORMAL,,exams/CA/CA_PHILO/CA_PHILO_2018_ETE_ENONCE.pdf,,,
CA,PHILO,2019,ETE,NORMAL,,exams/CA/CA_PHILO/CA_PHILO_2019_ETE_ENONCE.pdf,,,
CA,PHILO,2019,ETE,REP,,exams/CA/CA_PHILO/CA_PHILO_2019_ETE_REP_ENONCE.pdf,,,
CA,PHILO,2020,ETE,NORMAL,,exams/CA/CA_PHILO/CA_PHILO_2020_ETE_ENONCE.pdf,,,
CA,PHILO,2020,SEPT,NORMAL,,exams/CA/CA_PHILO/CA_PHILO_2020_SEPT_ENONCE.pdf,,,
CA,PHILO,2021,ETE,NORMAL,,exams/CA/CA_PHILO/CA_PHILO_2021_ETE_ENONCE.pdf,,,
CB,4LANG_CHINO,2023,ETE,NORMAL,,exams/CB/CB_CHINO_4LANG/CB_4LANG_CHINO_2023_ETE_ENONCE.pdf,,,
CB,4LANG_CHINO,2023,ETE,REP,,exams/CB/CB_CHINO_4LANG/CB_4LANG_CHINO_2023_ETE_REP_ENONCE.pdf,,,
CB,4LANG_ESPAG,2021,ETE,NORMAL,,exams/CB/CB_ESPAG_4LANG/CB_4LANG_ESPAG_2021_ETE_ENONCE.pdf,,,
CB,4LANG_ESPAG,2022,ETE,NORMAL,,exams/CB/CB_ESPAG_4LANG/CB_4LANG_ESPAG_2022_ETE_ENONCE.pdf,,,
CB,4LANG_ESPAG,2023,ETE,NORMAL,,exams/CB/CB_ESPAG_4LANG/CB_4LANG_ESPAG_2023_ETE_ENONCE.pdf,,,
CB,4LANG_ESPAG,2024,ETE,NORMAL,,exams/CB/CB_ESPAG_4LANG/CB_4LANG_ESPAG_2024_ETE_ENONCE.pdf,,,
CB,4LANG_ESPAG,2024,ETE,REP,,exams/CB/CB_ESPAG_4LANG/CB_4LANG_ESPAG_2024_ETE_REP_ENONCE.pdf,,,
CB,4LANG_ITALI,2021,ETE,NORMAL,,exams/CB/CB_ITALI_4LANG/CB_4LANG_ITALI_2021_ETE_ENONCE.pdf,,,
CB,4LANG_ITALI,2022,ETE,NORMAL,,exams/CB/CB_ITALI_4LANG/CB_4LANG_ITALI_2022_ETE_ENONCE.pdf,,,
CB,ALLEM,2005,ETE,NORMAL,,exams/CB/CB_ALLEM/CB_ALLEM_2005_ETE_ENONCE.pdf,,,
CB,ALLEM,2006,ETE,NORMAL,,exams/CB/CB_ALLEM/CB_ALLEM_2006_ETE_ENONCE.pdf,,,
CB,ALLEM,2007,ETE,NORMAL,,exams/CB/CB_ALLEM/CB_ALLEM_2007_ETE_ENONCE.pdf,,,
CB,ALLEM,2007,ETE,REP,,exams/CB/CB_ALLEM/CB_ALLEM_2007_ETE_REP_ENONCE.pdf,,,
CB,ALLEM,2008,ETE,NORMAL,,exams/CB/CB_ALLEM/CB_ALLEM_2008_ETE_ENONCE.pdf,,,
CB,ALLEM,2008,ETE,REP,,exams/CB/CB_ALLEM/CB_ALLEM_2008_ETE_REP_ENONCE.pdf,,,
CB,ALLEM,2009,ETE,NORMAL,,exams/CB/CB_ALLEM/CB_ALLEM_2009_ETE_ENONCE.pdf,,,
CB,ALLEM,2010,ETE,NORMAL,,exams/CB/CB_ALLEM/CB_ALLEM_2010_ETE_ENONCE.pdf,,,
CB,ALLEM,2012,ETE,NORMAL,,exams/CB/CB_ALLEM/CB_ALLEM_2012_ETE_ENONCE.pdf,,,
CB,ALLEM,2013,ETE,NORMAL,,exams/CB/CB_ALLEM/CB_ALLEM_2013_ETE_ENONCE.pdf,,,
CB,ALLEM,2013,ETE,REP,,exams/CB/CB_ALLEM/CB_ALLEM_2013_ETE_REP_ENONCE.pdf,,,
CB,ALLEM,2014,ETE,NORMAL,,exams/CB/CB_ALLEM/CB_ALLEM_2014_ETE_ENONCE.pdf,,,
CB,ALLEM,2015,ETE,NORMAL,,exams/CB/CB_ALLEM/CB_ALLEM_2015_ETE_ENONCE.pdf,,,
CB,ALLEM,2015,ETE,REP,,exams/CB/CB_ALLEM/CB_ALLEM_2015_ETE_REP_ENONCE.pdf,,,
CB,ALLEM,2016,ETE,NORMAL,,exams/CB/CB_ALLEM/CB_ALLEM_2016_ETE_ENONCE.pdf,,,
CB,ALLEM,2016,ETE,REP,,exams/CB/CB_ALLEM/CB_ALLEM_2016_ETE_REP_ENONCE.pdf,,,
CB,ALLEM,2017,ETE,NORMAL,,exams/CB/CB_ALLEM/CB_ALLEM_2017_ETE_ENONCE.pdf,,,
CB,ALLEM,2017,ETE,REP,,exams/CB/CB_ALLEM/CB_ALLEM_2017_ETE_REP_ENONCE.pdf,,,
CB,ALLEM,2018,ETE,NORMAL,,exams/CB/CB_ALLEM/CB_ALLEM_2018_ETE_ENONCE.pdf,,,
CB,ALLEM,2020,ETE,NORMAL,,exams/CB/CB_ALLEM/CB_ALLEM_2020_ETE_ENONCE.pdf,,,
CB,ALLEM,2020,SEPT,NORMAL,,exams/CB/CB_ALLEM/CB_ALLEM_2020_SEPT_ENONCE.pdf,,,
CB,ALLEM,2021,ETE,NORMAL,,exams/CB/CB_ALLEM/CB_ALLEM_2021_ETE_ENONCE.pdf,,,
CB,ALLEM,2022,ETE,NORMAL,,exams/CB/CB_ALLEM/CB_ALLEM_2022_ETE_ENONCE.pdf,,,
CB,ALLEM,2022,ETE,REP,,exams/CB/CB_ALLEM/CB_ALLEM_2022_ETE_REP_ENONCE.pdf,,,
CB,ALLEM,2022,SEPT,NORMAL,,exams/CB/CB_ALLEM/CB_ALLEM_2022_SEPT_ENONCE.pdf,,,
CB,ALLEM,2023,ETE,NORMAL,,exams/CB/CB_ALLEM/CB_ALLEM_2023_ETE_ENONCE.pdf,,,
CB,ALLEM,2023,ETE,REP,,exams/CB/CB_ALLEM/CB_ALLEM_2023_ETE_REP_ENONCE.pdf,,,
CB,ALLEM,2023,SEPT,NORMAL,,exams/CB/CB_ALLEM/CB_ALLEM_2023_SEPT_ENONCE.pdf,,,
CB,ALLEM,2023,SEPT,REP,,exams/CB/CB_ALLEM/CB_ALLEM_2023_SEPT_REP_ENONCE.pdf,,,
CB,ALLEM,2024,ETE,NORMAL,,exams/CB/CB_ALLEM/CB_ALLEM_2024_ETE_ENONCE.pdf,,,
CB,ALLEM,2024,ETE,REP,,exams/CB/CB_ALLEM/CB_ALLEM_2024_ETE_REP_ENONCE.pdf,,,
CB,ALLEM,2024,SEPT,NORMAL,,exams/CB/CB_ALLEM/CB_ALLEM_2024_SEPT_ENONCE.pdf,,,
CB,ALLEM,2024,SEPT,REP,,exams/CB/CB_ALLEM/CB_ALLEM_2024_SEPT_REP_ENONCE.pdf,,,
CB,ANGLA,2005,ETE,NORMAL,,exams/CB/CB_ANGLA/CB_ANGLA_2005_ETE_ENONCE.pdf,,,
CB,ANGLA,2007,ETE,NORMAL,,exams/CB/CB_ANGLA/CB_ANGLA_2007_ETE_ENONCE.pdf,,,
CB,ANGLA,2007,SEPT,NORMAL,,exams/CB/CB_ANGLA/CB_ANGLA_2007_SEPT_ENONCE.pdf,,,
CB,ANGLA,2008,ETE,NORMAL,,exams/CB/CB_ANGLA/CB_ANGLA_2008_ETE_ENONCE.pdf,,,
CB,ANGLA,2009,ETE,NORMAL,,exams/CB/CB_ANGLA/CB_ANGLA_2009_ETE_ENONCE.pdf,,,
CB,ANGLA,2010,ETE,NORMAL,,exams/CB/CB_ANGLA/CB_ANGLA_2010_ETE_ENONCE.pdf,,,
CB,ANGLA,2011,ETE,NORMAL,,exams/CB/CB_ANGLA/CB_ANGLA_2011_ETE_ENONCE.pdf,,,
CB,ANGLA,2012,ETE,NORMAL,,exams/CB/CB_ANGLA/CB_ANGLA_2012_ETE_ENONCE.pdf,,,
CB,ANGLA,2012,ETE,REP,,exams/CB/CB_ANGLA/CB_ANGLA_2012_ETE_REP_ENONCE.pdf,,,
CB,ANGLA,2013,ETE,NORMAL,,exams/CB/CB_ANGLA/CB_ANGLA_2013_ETE_ENONCE.pdf,,,
CB,ANGLA,2013,ETE,REP,,exams/CB/CB_ANGLA/CB_ANGLA_2013_ETE_REP_ENONCE.pdf,,,
CB,ANGLA,2014,ETE,NORMAL,,exams/CB/CB_ANGLA/CB_ANGLA_2014_ETE_ENONCE.pdf,,,
CB,ANGLA,2015,ETE,NORMAL,,exams/CB/CB_ANGLA/CB_ANGLA_2015_ETE_ENONCE.pdf,,,
CB,ANGLA,2015,ETE,REP,,exams/CB/CB_ANGLA/CB_ANGLA_2015_ETE_REP_ENONCE.pdf,,,
CB,ANGLA,2016,ETE,NORMAL,,exams/CB/CB_ANGLA/CB_ANGLA_2016_ETE_ENONCE.pdf,,,
CB,ANGLA,2016,ETE,REP,,exams/CB/CB_ANGLA/CB_ANGLA_2016_ETE_REP_ENONCE.pdf,,,
CB,ANGLA,2016,SEPT,NORMAL,,exams/CB/CB_ANGLA/CB_ANGLA_2016_SEPT_ENONCE.pdf,,,
CB,ANGLA,2017,ETE,NORMAL,,exams/CB/CB_ANGLA/CB_ANGLA_2017_ETE_ENONCE.pdf,,,
CB,ANGLA,2018,ETE,NORMAL,,exams/CB/CB_ANGLA/CB_ANGLA_2018_ETE_ENONCE.pdf,,,
CB,ANGLA,2019,ETE,NORMAL,,exams/CB/CB_ANGLA/CB_ANGLA_2019_ETE_ENONCE.pdf,,,
CB,ANGLA,2019,ETE,REP,,exams/CB/CB_ANGLA/CB_ANGLA_2019_ETE_REP_ENONCE.pdf,,,
CB,ANGLA,2019,SEPT,NORMAL,,exams/CB/CB_ANGLA/CB_ANGLA_2019_SEPT_ENONCE.pdf,,,
CB,ANGLA,2019,SEPT,REP,,exams/CB/CB_ANGLA/CB_ANGLA_2019_SEPT_REP_ENONCE.pdf,,,
CB,ANGLA,2020,ETE,NORMAL,,exams/CB/CB_ANGLA/CB_ANGLA_2020_ETE_ENONCE.pdf,,,
CB,ANGLA,2020,SEPT,NORMAL,,exams/CB/CB_ANGLA/CB_ANGLA_2020_SEPT_ENONCE.pdf,,,
CB,ANGLA,2021,ETE,NORMAL,,exams/CB/CB_ANGLA/CB_ANGLA_2021_ETE_ENONCE.pdf,,,
CB,ANGLA,2022,ETE,NORMAL,,exams/CB/CB_ANGLA/CB_ANGLA_2022_ETE_ENONCE.pdf,,,
CB,ANGLA,2022,ETE,REP,,exams/CB/CB_ANGLA/CB_ANGLA_2022_ETE_REP_ENONCE.pdf,,,
CB,ANGLA,2022,SEPT,NORMAL,,exams/CB/CB_ANGLA/CB_ANGLA_2022_SEPT_ENONCE.pdf,,,
CB,ANGLA,2023,ETE,NORMAL,,exams/CB/CB_ANGLA/CB_ANGLA_2023_ETE_ENONCE.pdf,,,
CB,ANGLA,2023,ETE,REP,,exams/CB/CB_ANGLA/CB_ANGLA_2023_ETE_REP_ENONCE.pdf,,,
CB,ANGLA,2023,SEPT,NORMAL,,exams/CB/CB_ANGLA/CB_ANGLA_2023_SEPT_ENONCE.pdf,,,
CB,ANGLA,2023,SEPT,REP,,exams/CB/CB_ANGLA/CB_ANGLA_2023_SEPT_REP_ENONCE.pdf,,,
CB,ANGLA,2024,ETE,NORMAL,,exams/CB/CB_ANGLA/CB_ANGLA_2024_ETE_ENONCE.pdf,,,
CB,ANGLA,2024,ETE,REP,,exams/CB/CB_ANGLA/CB_ANGLA_2024_ETE_REP_ENONCE.pdf,,,
CB,ANGLA,2024,SEPT,NORMAL,,exams/CB/CB_ANGLA/CB_ANGLA_2024_SEPT_ENONCE.pdf,,,
CB,CHIMI,1997,ETE,NORMAL,,exams/CB/CB_CHIMI/CB_CHIMI_1997_ETE_ENONCE.pdf,exams/CB/CB_CHIMI/CB_CHIMI_1997_ETE_CORRIGE.pdf,,
CB,CHIMI,1998,ETE,NORMAL,,exams/CB/CB_CHIMI/CB_CHIMI_1998_ETE_ENONCE.pdf,exams/CB/CB_CHIMI/CB_CHIMI_1998_ETE_CORRIGE.pdf,,
CB,CHIMI,1998,ETE,REP,,exams/CB/CB_CHIMI/CB_CHIMI_1998_ETE_REP_ENONCE.pdf,,,
CB,CHIMI,1999,ETE,NORMAL,,exams/CB/CB_CHIMI/CB_CHIMI_1999_ETE_ENONCE.pdf,,,
CB,CHIMI,2000,ETE,NORMAL,,exams/CB/CB_CHIMI/CB_CHIMI_2000_ETE_ENONCE.pdf,,,
CB,CHIMI,2000,ETE,REP,,exams/CB/CB_CHIMI/CB_CHIMI_2000_ETE_REP_ENONCE.pdf,exams/CB/CB_CHIMI/CB_CHIMI_2000_ETE_REP_CORRIGE.pdf,,
CB,CHIMI,2000,SEPT,NORMAL,,exams/CB/CB_CHIMI/CB_CHIMI_2000_SEPT_ENONCE.pdf,exams/CB/CB_CHIMI/CB_CHIMI_2000_SEPT_CORRIGE.pdf,,
CB,CHIMI,2001,ETE,NORMAL,,exams/CB/CB_CHIMI/CB_CHIMI_2001_ETE_ENONCE.pdf,exams/CB/CB_CHIMI/CB_CHIMI_2001_ETE_CORRIGE.pdf,,
CB,CHIMI,2001,ETE,REP,,exams/CB/CB_CHIMI/CB_CHIMI_2001_ETE_REP_ENONCE.pdf,exams/CB/CB_CHIMI/CB_CHIMI_2001_ETE_REP_CORRIGE.pdf,,
CB,CHIMI,2001,SEPT,NORMAL,,exams/CB/CB_CHIMI/CB_CHIMI_2001_SEPT_ENONCE.pdf,exams/CB/CB_CHIMI/CB_CHIMI_2001_SEPT_CORRIGE.pdf,,
CB,CHIMI,2002,ETE,NORMAL,,exams/CB/CB_CHIMI/CB_CHIMI_2002_ETE_ENONCE.pdf,exams/CB/CB_CHIMI/CB_CHIMI_2002_ETE_CORRIGE.pdf,,
CB,CHIMI,2002,ETE,REP,,exams/CB/CB_CHIMI/CB_CHIMI_2002_ETE_REP_ENONCE.pdf,exams/CB/CB_CHIMI/CB_CHIMI_2002_ETE_REP_CORRIGE.pdf,,
CB,CHIMI,2002,SEPT,NORMAL,,exams/CB/CB_CHIMI/CB_CHIMI_2002_SEPT_ENONCE.pdf,exams/CB/CB_CHIMI/CB_CHIMI_2002_SEPT_CORRIGE.pdf,,
CB,CHIMI,2003,ETE,NORMAL,,exams/CB/CB_CHIMI/CB_CHIMI_2003_ETE_ENONCE.pdf,exams/CB/CB_CHIMI/CB_CHIMI_2003_ETE_CORRIGE.pdf,,
CB,CHIMI,2003,ETE,REP,,exams/CB/CB_CHIMI/CB_CHIMI_2003_ETE_REP_ENONCE.pdf,,,
CB,CHIMI,2003,SEPT,NORMAL,,exams/CB/CB_CHIMI/CB_CHIMI_2003_SEPT_ENONCE.pdf,exams/CB/CB_CHIMI/CB_CHIMI_2003_SEPT_CORRIGE.pdf,,
CB,CHIMI,2004,ETE,NORMAL,,exams/CB/CB_CHIMI/CB_CHIMI_2004_ETE_ENONCE.pdf,exams/CB/CB_CHIMI/CB_CHIMI_2004_ETE_CORRIGE.pdf,,
CB,CHIMI,2004,ETE,REP,,exams/CB/CB_CHIMI/CB_CHIMI_2004_ETE_REP_ENONCE.pdf,exams/CB/CB_CHIMI/CB_CHIMI_2004_ETE_REP_CORRIGE.pdf,,
CB,CHIMI,2004,SEPT,NORMAL,,exams/CB/CB_CHIMI/CB_CHIMI_2004_SEPT_ENONCE.pdf,exams/CB/CB_CHIMI/CB_CHIMI_2004_SEPT_CORRIGE.pdf,,
CB,CHIMI,2005,ETE,NORMAL,,exams/CB/CB_CHIMI/CB_CHIMI_2005_ETE_ENONCE.pdf,exams/CB/CB_CHIMI/CB_CHIMI_2005_ETE_CORRIGE.pdf,,
CB,CHIMI,2005,ETE,REP,,exams/CB/CB_CHIMI/CB_CHIMI_2005_ETE_REP_ENONCE.pdf,exams/CB/CB_CHIMI/CB_CHIMI_2005_ETE_REP_CORRIGE.pdf,,
CB,CHIMI,2006,ETE,NORMAL,,exams/CB/CB_CHIMI/CB_CHIMI_2006_ETE_ENONCE.pdf,exams/CB/CB_CHIMI/CB_CHIMI_2006_ETE_CORRIGE.pdf,,
CB,CHIMI,2006,SEPT,NORMAL,,exams/CB/CB_CHIMI/CB_CHIMI_2006_SEPT_ENONCE.pdf,exams/CB/CB_CHIMI/CB_CHIMI_2006_SEPT_CORRIGE.pdf,,
CB,CHIMI,2007,ETE,NORMAL,,exams/CB/CB_CHIMI/CB_CHIMI_2007_ETE_ENONCE.pdf,exams/CB/CB_CHIMI/CB_CHIMI_2007_ETE_CORRIGE.pdf,,
CB,CHIMI,2007,ETE,REP,,exams/CB/CB_CHIMI/CB_CHIMI_2007_ETE_REP_ENONCE.pdf,exams/CB/CB_CHIMI/CB_CHIMI_2007_ETE_REP_CORRIGE.pdf,,
CB,CHIMI,2007,SEPT,NORMAL,,exams/CB/CB_CHIMI/CB_CHIMI_2007_SEPT_ENONCE.pdf,exams/CB/CB_CHIMI/CB_CHIMI_2007_SEPT_CORRIGE.pdf,,
CB,CHIMI,2008,ETE,NORMAL,,exams/CB/CB_CHIMI/CB_CHIMI_2008_ETE_ENONCE.pdf,exams/CB/CB_CHIMI/CB_CHIMI_2008_ETE_CORRIGE.pdf,,
CB,CHIMI,2008,SEPT,NORMAL,,exams/CB/CB_CHIMI/CB_CHIMI_2008_SEPT_ENONCE.pdf,exams/CB/CB_CHIMI/CB_CHIMI_2008_SEPT_CORRIGE.pdf,,
CB,CHIMI,2009,ETE,NORMAL,,exams/CB/CB_CHIMI/CB_CHIMI_2009_ETE_ENONCE.pdf,exams/CB/CB_CHIMI/CB_CHIMI_2009_ETE_CORRIGE.pdf,,
CB,CHIMI,2009,ETE,REP,,exams/CB/CB_CHIMI/CB_CHIMI_2009_ETE_REP_ENONCE.pdf,exams/CB/CB_CHIMI/CB_CHIMI_2009_ETE_REP_CORRIGE.pdf,,
CB,CHIMI,2009,SEPT,NORMAL,,exams/CB/CB_CHIMI/CB_CHIMI_2009_SEPT_ENONCE.pdf,exams/CB/CB_CHIMI/CB_CHIMI_2009_SEPT_CORRIGE.pdf,,
CB,CHIMI,2010,ETE,NORMAL,,exams/CB/CB_CHIMI/CB_CHIMI_2010_ETE_ENONCE.pdf,exams/CB/CB_CHIMI/CB_CHIMI_2010_ETE_CORRIGE.pdf,,
CB,CHIMI,2010,SEPT,NORMAL,,exams/CB/CB_CHIMI/CB_CHIMI_2010_SEPT_ENONCE.pdf,exams/CB/CB_CHIMI/CB_CHIMI_2010_SEPT_CORRIGE.pdf,,
CB,CHIMI,2011,ETE,NORMAL,,exams/CB/CB_CHIMI/CB_CHIMI_2011_ETE_ENONCE.pdf,exams/CB/CB_CHIMI/CB_CHIMI_2011_ETE_CORRIGE.pdf,,
CB,CHIMI,2011,ETE,REP,,exams/CB/CB_CHIMI/CB_CHIMI_2011_ETE_REP_ENONCE.pdf,exams/CB/CB_CHIMI/CB_CHIMI_2011_ETE_REP_CORRIGE.pdf,,
CB,CHIMI,2011,SEPT,NORMAL,,exams/CB/CB_CHIMI/CB_CHIMI_2011_SEPT_ENONCE.pdf,exams/CB/CB_CHIMI/CB_CHIMI_2011_SEPT_CORRIGE.pdf,,
CB,CHIMI,2012,ETE,NORMAL,,exams/CB/CB_CHIMI/CB_CHIMI_2012_ETE_ENONCE.pdf,exams/CB/CB_CHIMI/CB_CHIMI_2012_ETE_CORRIGE.pdf,,
CB,CHIMI,2012,ETE,REP,,exams/CB/CB_CHIMI/CB_CHIMI_2012_ETE_REP_ENONCE.pdf,exams/CB/CB_CHIMI/CB_CHIMI_2012_ETE_REP_CORRIGE.pdf,,
CB,CHIMI,2012,SEPT,NORMAL,,exams/CB/CB_CHIMI/CB_CHIMI_2012_SEPT_ENONCE.pdf,exams/CB/CB_CHIMI/CB_CHIMI_2012_SEPT_CORRIGE.pdf,,
CB,CHIMI,2013,ETE,NORMAL,,exams/CB/CB_CHIMI/CB_CHIMI_2013_ETE_ENONCE.pdf,exams/CB/CB_CHIMI/CB_CHIMI_2013_ETE_CORRIGE.pdf,,
CB,CHIMI,2013,ETE,NORMAL,SPECIAL_EDITION,exams/CB/CB_CHIMI/CB_CHIMI_2013_ETE_SPECIAL_EDITION_ENONCE.pdf,exams/CB/CB_CHIMI/CB_CHIMI_2013_ETE_SPECIAL_EDITION_CORRIGE.pdf,,
CB,CHIMI,2013,ETE,REP,,exams/CB/CB_CHIMI/CB_CHIMI_2013_ETE_REP_ENONCE.pdf,exams/CB/CB_CHIMI/CB_CHIMI_2013_ETE_REP_CORRIGE.pdf,,
CB,CHIMI,2013,SEPT,NORMAL,,exams/CB/CB_CHIMI/CB_CHIMI_2013_SEPT_ENONCE.pdf,exams/CB/CB_CHIMI/CB_CHIMI_2013_SEPT_CORRIGE.pdf,,
CB,CHIMI,2013,SEPT,NORMAL,SPECIAL_EDITION,exams/CB/CB_CHIMI/CB_CHIMI_2013_SEPT_SPECIAL_EDITION_ENONCE.pdf,exams/CB/CB_CHIMI/CB_CHIMI_2013_SEPT_SPECIAL_EDITION_CORRIGE.pdf,,
CB,CHIMI,2014,ETE,NORMAL,,exams/CB/CB_CHIMI/CB_CHIMI_2014_ETE_ENONCE.pdf,exams/CB/CB_CHIMI/CB_CHIMI_2014_ETE_CORRIGE.pdf,,
CB,CHIMI,2014,ETE,REP,,exams/CB/CB_CHIMI/CB_CHIMI_2014_ETE_REP_ENONCE.pdf,exams/CB/CB_CHIMI/CB_CHIMI_2014_ETE_REP_CORRIGE.pdf,,
CB,CHIMI,2014,SEPT,NORMAL,,exams/CB/CB_CHIMI/CB_CHIMI_2014_SEPT_ENONCE.pdf,exams/CB/CB_CHIMI/CB_CHIMI_2014_SEPT_CORRIGE.pdf,,
CB,CHIMI,2014,SEPT,REP,,exams/CB/CB_CHIMI/CB_CHIMI_2014_SEPT_REP_ENONCE.pdf,exams/CB/CB_CHIMI/CB_CHIMI_2014_SEPT_REP_CORRIGE.pdf,,
CB,CHIMI,2015,ETE,NORMAL,,exams/CB/CB_CHIMI/CB_CHIMI_2015_ETE_ENONCE.pdf,exams/CB/CB_CHIMI/CB_CHIMI_2015_ETE_CORRIGE.pdf,,
CB,CHIMI,2015,ETE,REP,,exams/CB/CB_CHIMI/CB_CHIMI_2015_ETE_REP_ENONCE.pdf,exams/CB/CB_CHIMI/CB_CHIMI_2015_ETE_REP_CORRIGE.pdf,,
CB,CHIMI,2015,SEPT,NORMAL,,exams/CB/CB_CHIMI/CB_CHIMI_2015_SEPT_ENONCE.pdf,exams/CB/CB_CHIMI/CB_CHIMI_2015_SEPT_CORRIGE.pdf,,
CB,CHIMI,2016,ETE,NORMAL,,exams/CB/CB_CHIMI/CB_CHIMI_2016_ETE_ENONCE.pdf,exams/CB/CB_CHIMI/CB_CHIMI_2016_ETE_CORRIGE.pdf,,
CB,CHIMI,2016,ETE,REP,,exams/CB/CB_CHIMI/CB_CHIMI_2016_ETE_REP_ENONCE.pdf,exams/CB/CB_CHIMI/CB_CHIMI_2016_ETE_REP_CORRIGE.pdf,,
CB,CHIMI,2016,SEPT,NORMAL,,exams/CB/CB_CHIMI/CB_CHIMI_2016_SEPT_ENONCE.pdf,exams/CB/CB_CHIMI/CB_CHIMI_2016_SEPT_CORRIGE.pdf,,
CB,CHIMI,2016,SEPT,REP,,exams/CB/CB_CHIMI/CB_CHIMI_2016_SEPT_REP_ENONCE.pdf,exams/CB/CB_CHIMI/CB_CHIMI_2016_SEPT_REP_CORRIGE.pdf,,
CB,CHIMI,2017,ETE,NORMAL,,exams/CB/CB_CHIMI/CB_CHIMI_2017_ETE_ENONCE.pdf,exams/CB/CB_CHIMI/CB_CHIMI_2017_ETE_CORRIGE.pdf,,
CB,CHIMI,2017,ETE,REP,,exams/CB/CB_CHIMI/CB_CHIMI_2017_ETE_REP_ENONCE.pdf,exams/CB/CB_CHIMI/CB_CHIMI_2017_ETE_REP_CORRIGE.pdf,,
CB,CHIMI,2017,SEPT,NORMAL,,exams/CB/CB_CHIMI/CB_CHIMI_2017_SEPT_ENONCE.pdf,exams/CB/CB_CHIMI/CB_CHIMI_2017_SEPT_CORRIGE.pdf,,
CB,CHIMI,2017,SEPT,REP,,exams/CB/CB_CHIMI/CB_CHIMI_2017_SEPT_REP_ENONCE.pdf,exams/CB/CB_CHIMI/CB_CHIMI_2017_SEPT_REP_CORRIGE.pdf,,
CB,CHIMI,2018,ETE,NORMAL,,exams/CB/CB_CHIMI/CB_CHIMI_2018_ETE_ENONCE.pdf,exams/CB/CB_CHIMI/CB_CHIMI_2018_ETE_CORRIGE.pdf,,
CB,CHIMI,2018,ETE,REP,,exams/CB/CB_CHIMI/CB_CHIMI_2018_ETE_REP_ENONCE.pdf,exams/CB/CB_CHIMI/CB_CHIMI_2018_ETE_REP_CORRIGE.pdf,,
CB,CHIMI,2018,SEPT,NORMAL,,exams/CB/CB_CHIMI/CB_CHIMI_2018_SEPT_ENONCE.pdf,exams/CB/CB_CHIMI/CB_CHIMI_2018_SEPT_CORRIGE.pdf,,
CB,CHIMI,2018,SEPT,REP,,exams/CB/CB_CHIMI/CB_CHIMI_2018_SEPT_REP_ENONCE.pdf,exams/CB/CB_CHIMI/CB_CHIMI_2018_SEPT_REP_CORRIGE.pdf,,
CB,CHIMI,2019,ETE,NORMAL,,exams/CB/CB_CHIMI/CB_CHIMI_2019_ETE_ENONCE.pdf,exams/CB/CB_CHIMI/CB_CHIMI_2019_ETE_CORRIGE.pdf,,
CB,CHIMI,2019,ETE,REP,,exams/CB/CB_CHIMI/CB_CHIMI_2019_ETE_REP_ENONCE.pdf,,,
CB,CHIMI,2019,SEPT,NORMAL,,exams/CB/CB_CHIMI/CB_CHIMI_2019_SEPT_ENONCE.pdf,,,
CB,CHIMI,2019,SEPT,REP,,exams/CB/CB_CHIMI/CB_CHIMI_2019_SEPT_REP_ENONCE.pdf,,,
CB,CHIMI,2020,ETE,NORMAL,,exams/CB/CB_CHIMI/CB_CHIMI_2020_ETE_ENONCE.pdf,,,
CB,CHIMI,2020,SEPT,NORMAL,,exams/CB/CB_CHIMI/CB_CHIMI_2020_SEPT_ENONCE.pdf,,,
CB,CHIMI,2021,ETE,NORMAL,,exams/CB/CB_CHIMI/CB_CHIMI_2021_ETE_ENONCE.pdf,,,
CB,CHIMI,2022,ETE,NORMAL,,exams/CB/CB_CHIMI/CB_CHIMI_2022_ETE_ENONCE.pdf,,,
CB,CHIMI,2022,SEPT,NORMAL,,exams/CB/CB_CHIMI/CB_CHIMI_2022_SEPT_ENONCE.pdf,,,
CB,CHIMI,2023,ETE,NORMAL,,exams/CB/CB_CHIMI/CB_CHIMI_2023_ETE_ENONCE.pdf,,,
CB,CHIMI,2023,ETE,REP,,exams/CB/CB_CHIMI/CB_CHIMI_2023_ETE_REP_ENONCE.pdf,,,
CB,CHIMI,2023,SEPT,NORMAL,,exams/CB/CB_CHIMI/CB_CHIMI_2023_SEPT_ENONCE.pdf,,,
CB,CHIMI,2023,SEPT,REP,,exams/CB/CB_CHIMI/CB_CHIMI_2023_SEPT_REP_ENONCE.pdf,,,
CB,CHIMI,2024,ETE,NORMAL,,exams/CB/CB_CHIMI/CB_CHIMI_2024_ETE_ENONCE.pdf,,,
CB,CHIMI,2024,ETE,REP,,exams/CB/CB_CHIMI/CB_CHIMI_2024_ETE_REP_ENONCE.pdf,,,
CB,CHIMI,2024,SEPT,NORMAL,,exams/CB/CB_CHIMI/CB_CHIMI_2024_SEPT_ENONCE.pdf,,,
CB,CHIMI,2024,SEPT,REP,,exams/CB/CB_CHIMI/CB_CHIMI_2024_SEPT_REP_ENONCE.pdf,,,
CB,CHINO,2023,ETE,NORMAL,,exams/CB/CB_CHINO/CB_CHINO_2023_ETE_ENONCE.pdf,,,
CB,CHINO,2023,ETE,REP,,exams/CB/CB_CHINO/CB_CHINO_2023_ETE_REP_ENONCE.pdf,,,
CB,CHINO,2024,ETE,NORMAL,,exams/CB/CB_CHINO/CB_CHINO_2024_ETE_ENONCE.pdf,,,
CB,ECOGN,2005,ETE,NORMAL,,exams/CB/CB_ECOGN/CB_ECOGN_2005_ETE_ENONCE.pdf,,,
CB,ECOGN,2006,ETE,NORMAL,,exams/CB/CB_ECOGN/CB_ECOGN_2006_ETE_ENONCE.pdf,,,
CB,ECOGN,2006,SEPT,NORMAL,,exams/CB/CB_ECOGN/CB_ECOGN_2006_SEPT_ENONCE.pdf,,,
CB,ECOGN,2007,ETE,NORMAL,,exams/CB/CB_ECOGN/CB_ECOGN_2007_ETE_ENONCE.pdf,,,
CB,ECOGN,2008,ETE,NORMAL,,exams/CB/CB_ECOGN/CB_ECOGN_2008_ETE_ENONCE.pdf,,,
CB,ECOGN,2008,ETE,REP,,exams/CB/CB_ECOGN/CB_ECOGN_2008_ETE_REP_ENONCE.pdf,,,
CB,ECOGN,2009,ETE,NORMAL,,exams/CB/CB_ECOGN/CB_ECOGN_2009_ETE_ENONCE.pdf,,,
CB,ECOGN,2010,ETE,NORMAL,,exams/CB/CB_ECOGN/CB_ECOGN_2010_ETE_ENONCE.pdf,,,
CB,ECOGN,2011,ETE,NORMAL,,exams/CB/CB_ECOGN/CB_ECOGN_2011_ETE_ENONCE.pdf,,,
CB,ECOGN,2012,ETE,NORMAL,,exams/CB/CB_ECOGN/CB_ECOGN_2012_ETE_ENONCE.pdf,,,
CB,ECOGN,2013,ETE,NORMAL,,exams/CB/CB_ECOGN/CB_ECOGN_2013_ETE_ENONCE.pdf,,,
CB,ECOGN,2013,ETE,REP,,exams/CB/CB_ECOGN/CB_ECOGN_2013_ETE_REP_ENONCE.pdf,,,
CB,ECOGN,2014,ETE,NORMAL,,exams/CB/CB_ECOGN/CB_ECOGN_2014_ETE_ENONCE.pdf,,,
CB,ECOGN,2015,ETE,NORMAL,,exams/CB/CB_ECOGN/CB_ECOGN_2015_ETE_ENONCE.pdf,,,
CB,ECOGN,2015,ETE,REP,,exams/CB/CB_ECOGN/CB_ECOGN_2015_ETE_REP_ENONCE.pdf,,,
CB,ECOGN,2016,ETE,NORMAL,,exams/CB/CB_ECOGN/CB_ECOGN_2016_ETE_ENONCE.pdf,,,
CB,ECOGN,2016,ETE,REP,,exams/CB/CB_ECOGN/CB_ECOGN_2016_ETE_REP_ENONCE.pdf,,,
CB,ECOGN,2016,SEPT,NORMAL,,exams/CB/CB_ECOGN/CB_ECOGN_2016_SEPT_ENONCE.pdf,,,
CB,ECOGN,2017,ETE,NORMAL,,exams/CB/CB_ECOGN/CB_ECOGN_2017_ETE_ENONCE.pdf,,,
CB,ECOGN,2017,ETE,REP,,exams/CB/CB_ECOGN/CB_ECOGN_2017_ETE_REP_ENONCE.pdf,,,
CB,ECOGN,2018,ETE,NORMAL,,exams/CB/CB_ECOGN/CB_ECOGN_2018_ETE_ENONCE.pdf,,,
CB,ECOGN,2018,ETE,REP,,exams/CB/CB_ECOGN/CB_ECOGN_2018_ETE_REP_ENONCE.pdf,,,
CB,ECOGN,2020,ETE,NORMAL,,exams/CB/CB_ECOGN/CB_ECOGN_2020_ETE_ENONCE.pdf,,,
CB,ECOGN,2020,SEPT,NORMAL,,exams/CB/CB_ECOGN/CB_ECOGN_2020_SEPT_ENONCE.pdf,,,
CB,ECOGN,2021,ETE,NORMAL,,exams/CB/CB_ECOGN/CB_ECOGN_2021_ETE_ENONCE.pdf,,,
CB,ECOGN,2022,ETE,NORMAL,,exams/CB/CB_ECOGN/CB_ECOGN_2022_ETE_ENONCE.pdf,,,
CB,ECOGN,2022,SEPT,NORMAL,,exams/CB/CB_ECOGN/CB_ECOGN_2022_SEPT_ENONCE.pdf,,,
CB,ECOGN,2023,ETE,NORMAL,,exams/CB/CB_ECOGN/CB_ECOGN_2023_ETE_ENONCE.pdf,,,
CB,ECOGN,2023,ETE,REP,,exams/CB/CB_ECOGN/CB_ECOGN_2023_ETE_REP_ENONCE.pdf,,,
CB,ECOGN,2023,SEPT,NORMAL,,exams/CB/CB_ECOGN/CB_ECOGN_2023_SEPT_ENONCE.pdf,,,
CB,ECOGN,2023,SEPT,REP,,exams/CB/CB_ECOGN/CB_ECOGN_2023_SEPT_REP_ENONCE.pdf,,,
CB,ECOGN,2024,ETE,NORMAL,,exams/CB/CB_ECOGN/CB_ECOGN_2024_ETE_ENONCE.pdf,,,
CB,ECOGN,2024,ETE,REP,,exams/CB/CB_ECOGN/CB_ECOGN_2024_ETE_REP_ENONCE.pdf,,,
CB,ECOGN,2024,SEPT,NORMAL,,exams/CB/CB_ECOGN/CB_ECOGN_2024_SEPT_ENONCE.pdf,,,
CB,FRANC,2004,ETE,NORMAL,,exams/CB/CB_FRANC/CB_FRANC_2004_ETE_ENONCE.pdf,,,
CB,FRANC,2006,ETE,NORMAL,,exams/CB/CB_FRANC/CB_FRANC_2006_ETE_ENONCE.pdf,,,
CB,FRANC,2007,ETE,NORMAL,,exams/CB/CB_FRANC/CB_FRANC_2007_ETE_ENONCE.pdf,,,
CB,FRANC,2007,ETE,REP,,exams/CB/CB_FRANC/CB_FRANC_2007_ETE_REP_ENONCE.pdf,,,
CB,FRANC,2007,SEPT,NORMAL,,exams/CB/CB_FRANC/CB_FRANC_2007_SEPT_ENONCE.pdf,,,
CB,FRANC,2008,ETE,NORMAL,,exams/CB/CB_FRANC/CB_FRANC_2008_ETE_ENONCE.pdf,,,
CB,FRANC,2008,ETE,REP,,exams/CB/CB_FRANC/CB_FRANC_2008_ETE_REP_ENONCE.pdf,,,
CB,FRANC,2009,ETE,NORMAL,,exams/CB/CB_FRANC/CB_FRANC_2009_ETE_ENONCE.pdf,,,
CB,FRANC,2010,ETE,NORMAL,,exams/CB/CB_FRANC/CB_FRANC_2010_ETE_ENONCE.pdf,,,
CB,FRANC,2011,ETE,NORMAL,,exams/CB/CB_FRANC/CB_FRANC_2011_ETE_ENONCE.pdf,,,
CB,FRANC,2012,ETE,NORMAL,,exams/CB/CB_FRANC/CB_FRANC_2012_ETE_ENONCE.pdf,,,
CB,FRANC,2012,ETE,REP,,exams/CB/CB_FRANC/CB_FRANC_2012_ETE_REP_ENONCE.pdf,,,
CB,FRANC,2013,ETE,NORMAL,,exams/CB/CB_FRANC/CB_FRANC_2013_ETE_ENONCE.pdf,,,
CB,FRANC,2014,ETE,NORMAL,,exams/CB/CB_FRANC/CB_FRANC_2014_ETE_ENONCE.pdf,,,
CB,FRANC,2014,ETE,REP,,exams/CB/CB_FRANC/CB_FRANC_2014_ETE_REP_ENONCE.pdf,,,
CB,FRANC,2015,ETE,NORMAL,,exams/CB/CB_FRANC/CB_FRANC_2015_ETE_ENONCE.pdf,,,
CB,FRANC,2015,ETE,REP,,exams/CB/CB_FRANC/CB_FRANC_2015_ETE_REP_ENONCE.pdf,,,
CB,FRANC,2016,ETE,NORMAL,,exams/CB/CB_FRANC/CB_FRANC_2016_ETE_ENONCE.pdf,,,
CB,FRANC,2016,ETE,REP,,exams/CB/CB_FRANC/CB_FRANC_2016_ETE_REP_ENONCE.pdf,,,
CB,FRANC,2016,SEPT,NORMAL,,exams/CB/CB_FRANC/CB_FRANC_2016_SEPT_ENONCE.pdf,,,
CB,FRANC,2017,ETE,NORMAL,,exams/CB/CB_FRANC/CB_FRANC_2017_ETE_ENONCE.pdf,,,
CB,FRANC,2018,ETE,NORMAL,,exams/CB/CB_FRANC/CB_FRANC_2018_ETE_ENONCE.pdf,,,
CB,FRANC,2019,ETE,NORMAL,,exams/CB/CB_FRANC/CB_FRANC_2019_ETE_ENONCE.pdf,,,
CB,FRANC,2019,ETE,REP,,exams/CB/CB_FRANC/CB_FRANC_2019_ETE_REP_ENONCE.pdf,,,
CB,FRANC,2019,SEPT,NORMAL,,exams/CB/CB_FRANC/CB_FRANC_2019_SEPT_ENONCE.pdf,,,
CB,FRANC,2020,ETE,NORMAL,,exams/CB/CB_FRANC/CB_FRANC_2020_ETE_ENONCE.pdf,,,exams/CB/CB_FRANC/CB_FRANC_2020_ETE_ORAL.pdf
CB,FRANC,2020,SEPT,NORMAL,,exams/CB/CB_FRANC/CB_FRANC_2020_SEPT_ENONCE.pdf,,,
CB,FRANC,2021,ETE,NORMAL,,exams/CB/CB_FRANC/CB_FRANC_2021_ETE_ENONCE.pdf,,,
CB,FRANC,2022,ETE,NORMAL,,exams/CB/CB_FRANC/CB_FRANC_2022_ETE_ENONCE.pdf,,,
CB,FRANC,2022,ETE,REP,,exams/CB/CB_FRANC/CB_FRANC_2022_ETE_REP_ENONCE.pdf,,,
CB,FRANC,2022,SEPT,NORMAL,,exams/CB/CB_FRANC/CB_FRANC_2022_SEPT_ENONCE.pdf,,,
CB,FRANC,2023,ETE,NORMAL,,exams/CB/CB_FRANC/CB_FRANC_2023_ETE_ENONCE.pdf,,,
CB,FRANC,2023,ETE,REP,,exams/CB/CB_FRANC/CB_FRANC_2023_ETE_REP_ENONCE.pdf,,,
CB,FRANC,2023,SEPT,NORMAL,,exams/CB/CB_FRANC/CB_FRANC_2023_SEPT_ENONCE.pdf,,,
CB,FRANC,2023,SEPT,REP,,exams/CB/CB_FRANC/CB_FRANC_2023_SEPT_REP_ENONCE.pdf,,,
CB,FRANC,2024,ETE,NORMAL,,exams/CB/CB_FRANC/CB_FRANC_2024_ETE_ENONCE.pdf,,,
CB,FRANC,2024,SEPT,NORMAL,,exams/CB/CB_FRANC/CB_FRANC_2024_SEPT_ENONCE.pdf,,,
CB,HISTO,2005,ETE,NORMAL,,exams/CB/CB_HISTO/CB_HISTO_2005_ETE_ENONCE.pdf,,,
CB,HISTO,2006,ETE,NORMAL,,exams/CB/CB_HISTO/CB_HISTO_2006_ETE_ENONCE.pdf,,,
CB,HISTO,2006,ETE,REP,,exams/CB/CB_HISTO/CB_HISTO_2006_ETE_REP_ENONCE.pdf,,,
CB,HISTO,2007,ETE,NORMAL,,exams/CB/CB_HISTO/CB_HISTO_2007_ETE_ENONCE.pdf,,,
CB,HISTO,2007,ETE,REP,,exams/CB/CB_HISTO/CB_HISTO_2007_ETE_REP_ENONCE.pdf,,,
CB,HISTO,2008,ETE,NORMAL,,exams/CB/CB_HISTO/CB_HISTO_2008_ETE_ENONCE.pdf,,,
CB,HISTO,2008,ETE,REP,,exams/CB/CB_HISTO/CB_HISTO_2008_ETE_REP_ENONCE.pdf,,,
CB,HISTO,2009,ETE,NORMAL,,exams/CB/CB_HISTO/CB_HISTO_2009_ETE_ENONCE.pdf,,,
CB,HISTO,2010,ETE,NORMAL,,exams/CB/CB_HISTO/CB_HISTO_2010_ETE_ENONCE.pdf,,,
CB,HISTO,2011,ETE,NORMAL,,exams/CB/CB_HISTO/CB_HISTO_2011_ETE_ENONCE.pdf,,,
CB,HISTO,2012,ETE,NORMAL,,exams/CB/CB_HISTO/CB_HISTO_2012_ETE_ENONCE.pdf,,,
CB,HISTO,2012,ETE,REP,,exams/CB/CB_HISTO/CB_HISTO_2012_ETE_REP_ENONCE.pdf,,,
CB,HISTO,2013,ETE,NORMAL,,exams/CB/CB_HISTO/CB_HISTO_2013_ETE_ENONCE.pdf,,,
CB,HISTO,2014,ETE,NORMAL,,exams/CB/CB_HISTO/CB_HISTO_2014_ETE_ENONCE.pdf,,,
CB,HISTO,2015,ETE,NORMAL,,exams/CB/CB_HISTO/CB_HISTO_2015_ETE_ENONCE.pdf,,,
CB,HISTO,2015,ETE,REP,,exams/CB/CB_HISTO/CB_HISTO_2015_ETE_REP_ENONCE.pdf,,,
CB,HISTO,2016,ETE,NORMAL,,exams/CB/CB_HISTO/CB_HISTO_2016_ETE_ENONCE.pdf,exams/CB/CB_HISTO/CB_HISTO_2016_ETE_CORRIGE.pdf,,
CB,HISTO,2016,ETE,REP,,exams/CB/CB_HISTO/CB_HISTO_2016_ETE_REP_ENONCE.pdf,,,
CB,HISTO,2016,SEPT,NORMAL,,exams/CB/CB_HISTO/CB_HISTO_2016_SEPT_ENONCE.pdf,,,
CB,HISTO,2017,ETE,NORMAL,,exams/CB/CB_HISTO/CB_HISTO_2017_ETE_ENONCE.pdf,exams/CB/CB_HISTO/CB_HISTO_2017_ETE_CORRIGE.pdf,,
CB,HISTO,2018,ETE,NORMAL,,exams/CB/CB_HISTO/CB_HISTO_2018_ETE_ENONCE.pdf,,,
CB,HISTO,2020,ETE,NORMAL,,exams/CB/CB_HISTO/CB_HISTO_2020_ETE_ENONCE.pdf,,,
CB,HISTO,2020,SEPT,NORMAL,,exams/CB/CB_HISTO/CB_HISTO_2020_SEPT_ENONCE.pdf,,,
CB,HISTO,2021,ETE,NORMAL,,exams/CB/CB_HISTO/CB_HISTO_2021_ETE_ENONCE.pdf,,,
CB,HISTO,2022,ETE,NORMAL,,exams/CB/CB_HISTO/CB_HISTO_2022_ETE_ENONCE.pdf,,,
CB,HISTO,2022,SEPT,NORMAL,,exams/CB/CB_HISTO/CB_HISTO_2022_SEPT_ENONCE.pdf,,,
CB,INFOR,2006,ETE,NORMAL,PARTIE_PRATIQUE,exams/CB/CB_INFOR/CB_INFOR_2006_ETE_PARTIE_PRATIQUE_ENONCE.pdf,exams/CB/CB_INFOR/CB_INFOR_2006_ETE_PARTIE_PRATIQUE_CORRIGE.pdf,,
CB,INFOR,2006,ETE,NORMAL,PARTIE_THEORIQUE,exams/CB/CB_INFOR/CB_INFOR_2006_ETE_PARTIE_THEORIQUE_ENONCE.pdf,exams/CB/CB_INFOR/CB_INFOR_2006_ETE_PARTIE_THEORIQUE_CORRIGE.pdf,,
CB,INFOR,2007,ETE,NORMAL,PARTIE_PRATIQUE,exams/CB/CB_INFOR/CB_INFOR_2007_ETE_PARTIE_PRATIQUE_ENONCE.pdf,exams/CB/CB_INFOR/CB_INFOR_2007_ETE_PARTIE_PRATIQUE_CORRIGE.pdf,,
CB,INFOR,2007,ETE,NORMAL,PARTIE_THEORIQUE,exams/CB/CB_INFOR/CB_INFOR_2007_ETE_PARTIE_THEORIQUE_ENONCE.pdf,exams/CB/CB_INFOR/CB_INFOR_2007_ETE_PARTIE_THEORIQUE_CORRIGE.pdf,,
CB,INFOR,2007,SEPT,NORMAL,PARTIE_PRATIQUE,exams/CB/CB_INFOR/CB_INFOR_2007_SEPT_PARTIE_PRATIQUE_ENONCE.pdf,exams/CB/CB_INFOR/CB_INFOR_2007_SEPT_PARTIE_PRATIQUE_CORRIGE.pdf,,
CB,INFOR,2007,SEPT,NORMAL,PARTIE_THEORIQUE,exams/CB/CB_INFOR/CB_INFOR_2007_SEPT_PARTIE_THEORIQUE_ENONCE.pdf,exams/CB/CB_INFOR/CB_INFOR_2007_SEPT_PARTIE_THEORIQUE_CORRIGE.pdf,,
CB,INFOR,2008,ETE,NORMAL,PARTIE_PRATIQUE,exams/CB/CB_INFOR/CB_INFOR_2008_ETE_PARTIE_PRATIQUE_ENONCE.pdf,exams/CB/CB_INFOR/CB_INFOR_2008_ETE_PARTIE_PRATIQUE_CORRIGE.pdf,,
CB,INFOR,2008,ETE,NORMAL,PARTIE_THEORIQUE,exams/CB/CB_INFOR/CB_INFOR_2008_ETE_PARTIE_THEORIQUE_ENONCE.pdf,exams/CB/CB_INFOR/CB_INFOR_2008_ETE_PARTIE_THEORIQUE_CORRIGE.pdf,,
CB,INFOR,2008,SEPT,NORMAL,PARTIE_PRATIQUE,exams/CB/CB_INFOR/CB_INFOR_2008_SEPT_PARTIE_PRATIQUE_ENONCE.pdf,exams/CB/CB_INFOR/CB_INFOR_2008_SEPT_PARTIE_PRATIQUE_CORRIGE.pdf,,
CB,INFOR,2008,SEPT,NORMAL,PARTIE_THEORIQUE,exams/CB/CB_INFOR/CB_INFOR_2008_SEPT_PARTIE_THEORIQUE_ENONCE.pdf,exams/CB/CB_INFOR/CB_INFOR_2008_SEPT_PARTIE_THEORIQUE_CORRIGE.pdf,,
CB,INFOR,2009,ETE,NORMAL,PARTIE_PRATIQUE,exams/CB/CB_INFOR/CB_INFOR_2009_ETE_PARTIE_PRATIQUE_ENONCE.pdf,exams/CB/CB_INFOR/CB_INFOR_2009_ETE_PARTIE_PRATIQUE_CORRIGE.pdf,,
CB,INFOR,2009,ETE,NORMAL,PARTIE_THEORIQUE,exams/CB/CB_INFOR/CB_INFOR_2009_ETE_PARTIE_THEORIQUE_ENONCE.pdf,exams/CB/CB_INFOR/CB_INFOR_2009_ETE_PARTIE_THEORIQUE_CORRIGE.pdf,,
CB,INFOR,2009,SEPT,NORMAL,PARTIE_PRATIQUE,exams/CB/CB_INFOR/CB_INFOR_2009_SEPT_PARTIE_PRATIQUE_ENONCE.pdf,exams/CB/CB_INFOR/CB_INFOR_2009_SEPT_PARTIE_PRATIQUE_CORRIGE.pdf,,
CB,INFOR,2009,SEPT,NORMAL,PARTIE_THEORIQUE,exams/CB/CB_INFOR/CB_INFOR_2009_SEPT_PARTIE_THEORIQUE_ENONCE.pdf,exams/CB/CB_INFOR/CB_INFOR_2009_SEPT_PARTIE_THEORIQUE_CORRIGE.pdf,,
CB,INFOR,2010,ETE,NORMAL,PARTIE_PRATIQUE,exams/CB/CB_INFOR/CB_INFOR_2010_ETE_PARTIE_PRATIQUE_ENONCE.pdf,exams/CB/CB_INFOR/CB_INFOR_2010_ETE_PARTIE_PRATIQUE_CORRIGE.pdf,,
CB,INFOR,2010,ETE,NORMAL,PARTIE_THEORIQUE,exams/CB/CB_INFOR/CB_INFOR_2010_ETE_PARTIE_THEORIQUE_ENONCE.pdf,exams/CB/CB_INFOR/CB_INFOR_2010_ETE_PARTIE_THEORIQUE_CORRIGE.pdf,,
CB,INFOR,2011,ETE,NORMAL,PARTIE_PRATIQUE,exams/CB/CB_INFOR/CB_INFOR_2011_ETE_PARTIE_PRATIQUE_ENONCE.pdf,exams/CB/CB_INFOR/CB_INFOR_2011_ETE_PARTIE_PRATIQUE_CORRIGE.pdf,,
CB,INFOR,2011,ETE,NORMAL,PARTIE_THEORIQUE,exams/CB/CB_INFOR/CB_INFOR_2011_ETE_PARTIE_THEORIQUE_ENONCE.pdf,exams/CB/CB_INFOR/CB_INFOR_2011_ETE_PARTIE_THEORIQUE_CORRIGE.pdf,,
CB,INFOR,2012,ETE,NORMAL,PARTIE_PRATIQUE,exams/CB/CB_INFOR/CB_INFOR_2012_ETE_PARTIE_PRATIQUE_ENONCE.pdf,exams/CB/CB_INFOR/CB_INFOR_2012_ETE_PARTIE_PRATIQUE_CORRIGE.pdf,,
CB,INFOR,2012,ETE,NORMAL,PARTIE_THEORIQUE,exams/CB/CB_INFOR/CB_INFOR_2012_ETE_PARTIE_THEORIQUE_ENONCE.pdf,exams/CB/CB_INFOR/CB_INFOR_2012_ETE_PARTIE_THEORIQUE_CORRIGE.pdf,,
CB,INFOR,2013,ETE,NORMAL,PARTIE_PRATIQUE,exams/CB/CB_INFOR/CB_INFOR_2013_ETE_PARTIE_PRATIQUE_ENONCE.pdf,exams/CB/CB_INFOR/CB_INFOR_2013_ETE_PARTIE_PRATIQUE_CORRIGE.pdf,,
CB,INFOR,2013,ETE,NORMAL,PARTIE_THEORIQUE,exams/CB/CB_INFOR/CB_INFOR_2013_ETE_PARTIE_THEORIQUE_ENONCE.pdf,exams/CB/CB_INFOR/CB_INFOR_2013_ETE_PARTIE_THEORIQUE_CORRIGE.pdf,,
CB,INFOR,2013,SEPT,NORMAL,PARTIE_PRATIQUE,exams/CB/CB_INFOR/CB_INFOR_2013_SEPT_PARTIE_PRATIQUE_ENONCE.pdf,exams/CB/CB_INFOR/CB_INFOR_2013_SEPT_PARTIE_PRATIQUE_CORRIGE.pdf,,
CB,INFOR,2013,SEPT,NORMAL,PARTIE_THEORIQUE,exams/CB/CB_INFOR/CB_INFOR_2013_SEPT_PARTIE_THEORIQUE_ENONCE.pdf,exams/CB/CB_INFOR/CB_INFOR_2013_SEPT_PARTIE_THEORIQUE_CORRIGE.pdf,,
CB,INFOR,2014,ETE,NORMAL,PARTIE_PRATIQUE,exams/CB/CB_INFOR/CB_INFOR_2014_ETE_PARTIE_PRATIQUE_ENONCE.pdf,exams/CB/CB_INFOR/CB_INFOR_2014_ETE_PARTIE_PRATIQUE_CORRIGE.pdf,,
CB,INFOR,2014,ETE,NORMAL,PARTIE_THEORIQUE,exams/CB/CB_INFOR/CB_INFOR_2014_ETE_PARTIE_THEORIQUE_ENONCE.pdf,exams/CB/CB_INFOR/CB_INFOR_2014_ETE_PARTIE_THEORIQUE_CORRIGE.pdf,,
CB,INFOR,2014,SEPT,NORMAL,PARTIE_PRATIQUE,exams/CB/CB_INFOR/CB_INFOR_2014_SEPT_PARTIE_PRATIQUE_ENONCE.pdf,exams/CB/CB_INFOR/CB_INFOR_2014_SEPT_PARTIE_PRATIQUE_CORRIGE.pdf,,
CB,INFOR,2014,SEPT,NORMAL,PARTIE_THEORIQUE,exams/CB/CB_INFOR/CB_INFOR_2014_SEPT_PARTIE_THEORIQUE_ENONCE.pdf,exams/CB/CB_INFOR/CB_INFOR_2014_SEPT_PARTIE_THEORIQUE_CORRIGE.pdf,,
CB,INFOR,2015,ETE,NORMAL,PARTIE_PRATIQUE,exams/CB/CB_INFOR/CB_INFOR_2015_ETE_PARTIE_PRATIQUE_ENONCE.pdf,exams/CB/CB_INFOR/CB_INFOR_2015_ETE_PARTIE_PRATIQUE_CORRIGE.pdf,,
CB,INFOR,2015,SEPT,NORMAL,PARTIE_THEORIQUE,exams/CB/CB_INFOR/CB_INFOR_2015_SEPT_PARTIE_THEORIQUE_ENONCE.pdf,exams/CB/CB_INFOR/CB_INFOR_2015_SEPT_PARTIE_THEORIQUE_CORRIGE.pdf,,
CB,INFOR,2016,ETE,NORMAL,PARTIE_PRATIQUE,exams/CB/CB_INFOR/CB_INFOR_2016_ETE_PARTIE_PRATIQUE_ENONCE.pdf,exams/CB/CB_INFOR/CB_INFOR_2016_ETE_PARTIE_PRATIQUE_CORRIGE.pdf,,
CB,INFOR,2016,ETE,NORMAL,PARTIE_THEORIQUE,exams/CB/CB_INFOR/CB_INFOR_2016_ETE_PARTIE_THEORIQUE_ENONCE.pdf,exams/CB/CB_INFOR/CB_INFOR_2016_ETE_PARTIE_THEORIQUE_CORRIGE.pdf,,
CB,INFOR,2016,SEPT,NORMAL,PARTIE_PRATIQUE,exams/CB/CB_INFOR/CB_INFOR_2016_SEPT_PARTIE_PRATIQUE_ENONCE.pdf,exams/CB/CB_INFOR/CB_INFOR_2016_SEPT_PARTIE_PRATIQUE_CORRIGE.pdf,,
CB,INFOR,2016,SEPT,NORMAL,PARTIE_THEORIQUE,exams/CB/CB_INFOR/CB_INFOR_2016_SEPT_PARTIE_THEORIQUE_ENONCE.pdf,exams/CB/CB_INFOR/CB_INFOR_2016_SEPT_PARTIE_THEORIQUE_CORRIGE.pdf,,
CB,INFOR,2017,ETE,NORMAL,PARTIE_PRATIQUE,exams/CB/CB_INFOR/CB_INFOR_2017_ETE_PARTIE_PRATIQUE_ENONCE.pdf,exams/CB/CB_INFOR/CB_INFOR_2017_ETE_PARTIE_PRATIQUE_CORRIGE.pdf,,
CB,INFOR,2017,ETE,NORMAL,PARTIE_THEORIQUE,exams/CB/CB_INFOR/CB_INFOR_2017_ETE_PARTIE_THEORIQUE_ENONCE.pdf,exams/CB/CB_INFOR/CB_INFOR_2017_ETE_PARTIE_THEORIQUE_CORRIGE.pdf,,
CB,INFOR,2017,ETE,REP,PARTIE_PRATIQUE,exams/CB/CB_INFOR/CB_INFOR_2017_ETE_REP_PARTIE_PRATIQUE_ENONCE.pdf,exams/CB/CB_INFOR/CB_INFOR_2017_ETE_REP_PARTIE_PRATIQUE_CORRIGE.pdf,,
CB,INFOR,2017,ETE,REP,PARTIE_THEORIQUE,exams/CB/CB_INFOR/CB_INFOR_2017_ETE_REP_PARTIE_THEORIQUE_ENONCE.pdf,exams/CB/CB_INFOR/CB_INFOR_2017_ETE_REP_PARTIE_THEORIQUE_CORRIGE.pdf,,
CB,INFOR,2018,ETE,NORMAL,PARTIE_PRATIQUE,exams/CB/CB_INFOR/CB_INFOR_2018_ETE_PARTIE_PRATIQUE_ENONCE.pdf,exams/CB/CB_INFOR/CB_INFOR_2018_ETE_PARTIE_PRATIQUE_CORRIGE.pdf,,
CB,INFOR,2018,ETE,NORMAL,PARTIE_PRATIQUE_REDRESSEE,exams/CB/CB_INFOR/CB_INFOR_2018_ETE_PARTIE_PRATIQUE_REDRESSEE_ENONCE.pdf,,,
CB,INFOR,2018,ETE,NORMAL,PARTIE_THEORIQUE,exams/CB/CB_INFOR/CB_INFOR_2018_ETE_PARTIE_THEORIQUE_ENONCE.pdf,exams/CB/CB_INFOR/CB_INFOR_2018_ETE_PARTIE_THEORIQUE_CORRIGE.pdf,,
CB,INFOR,2018,SEPT,NORMAL,PARTIE_THEORIQUE,exams/CB/CB_INFOR/CB_INFOR_2018_SEPT_PARTIE_THEORIQUE_ENONCE.pdf,exams/CB/CB_INFOR/CB_INFOR_2018_SEPT_PARTIE_THEORIQUE_CORRIGE.pdf,,
CB,INFOR,2019,ETE,NORMAL,,exams/CB/CB_INFOR/CB_INFOR_2019_ETE_ENONCE.pdf,exams/CB/CB_INFOR/CB_INFOR_2019_ETE_CORRIGE.pdf,,
CB,INFOR,2020,ETE,NORMAL,,exams/CB/CB_INFOR/CB_INFOR_2020_ETE_ENONCE.pdf,exams/CB/CB_INFOR/CB_INFOR_2020_ETE_CORRIGE.pdf,,
CB,INFOR,2020,SEPT,NORMAL,,exams/CB/CB_INFOR/CB_INFOR_2020_SEPT_ENONCE.pdf,,,
CB,INFOR,2021,ETE,NORMAL,,exams/CB/CB_INFOR/CB_INFOR_2021_ETE_ENONCE.pdf,,,
CB,INFOR,2022,ETE,NORMAL,,exams/CB/CB_INFOR/CB_INFOR_2022_ETE_ENONCE.pdf,,,
CB,INFOR,2022,SEPT,NORMAL,,exams/CB/CB_INFOR/CB_INFOR_2022_SEPT_ENONCE.pdf,,,
CB,LATIN,2005,ETE,NORMAL,,exams/CB/CB_LATIN/CB_LATIN_2005_ETE_ENONCE.pdf,exams/CB/CB_LATIN/CB_LATIN_2005_ETE_CORRIGE.pdf,,
CB,LATIN,2006,ETE,NORMAL,,exams/CB/CB_LATIN/CB_LATIN_2006_ETE_ENONCE.pdf,,,
CB,LATIN,2007,ETE,NORMAL,,exams/CB/CB_LATIN/CB_LATIN_2007_ETE_ENONCE.pdf,,,
CB,LATIN,2007,SEPT,NORMAL,,exams/CB/CB_LATIN/CB_LATIN_2007_SEPT_ENONCE.pdf,,,
CB,LATIN,2009,ETE,NORMAL,,exams/CB/CB_LATIN/CB_LATIN_2009_ETE_ENONCE.pdf,,,
CB,LATIN,2010,ETE,NORMAL,,exams/CB/CB_LATIN/CB_LATIN_2010_ETE_ENONCE.pdf,,,
CB,LATIN,2011,ETE,NORMAL,,exams/CB/CB_LATIN/CB_LATIN_2011_ETE_ENONCE.pdf,,,
CB,LATIN,2012,ETE,NORMAL,,exams/CB/CB_LATIN/CB_LATIN_2012_ETE_ENONCE.pdf,,,
CB,LATIN,2013,ETE,NORMAL,,exams/CB/CB_LATIN/CB_LATIN_2013_ETE_ENONCE.pdf,,,
CB,LATIN,2014,ETE,NORMAL,,exams/CB/CB_LATIN/CB_LATIN_2014_ETE_ENONCE.pdf,,,
CB,LATIN,2015,ETE,NORMAL,,exams/CB/CB_LATIN/CB_LATIN_2015_ETE_ENONCE.pdf,,,
CB,LATIN,2016,ETE,NORMAL,,exams/CB/CB_LATIN/CB_LATIN_2016_ETE_ENONCE.pdf,,,
CB,LATIN,2017,ETE,NORMAL,,exams/CB/CB_LATIN/CB_LATIN_2017_ETE_ENONCE.pdf,,,
CB,LATIN,2018,ETE,NORMAL,,exams/CB/CB_LATIN/CB_LATIN_2018_ETE_ENONCE.pdf,,,
CB,LATIN,2019,ETE,NORMAL,,exams/CB/CB_LATIN/CB_LATIN_2019_ETE_ENONCE.pdf,,,
CB,LATIN,2020,ETE,NORMAL,,exams/CB/CB_LATIN/CB_LATIN_2020_ETE_ENONCE.pdf,,,
CB,LATIN,2021,ETE,NORMAL,,exams/CB/CB_LATIN/CB_LATIN_2021_ETE_ENONCE.pdf,,,
CB,LATIN,2022,ETE,NORMAL,,exams/CB/CB_LATIN/CB_LATIN_2022_ETE_ENONCE.pdf,,,
CB,LATIN,2022,SEPT,NORMAL,,exams/CB/CB_LATIN/CB_LATIN_2022_SEPT_ENONCE.pdf,,,
CB,LATIN,2023,ETE,NORMAL,,exams/CB/CB_LATIN/CB_LATIN_2023_ETE_ENONCE.pdf,,,
CB,LATIN,2023,SEPT,NORMAL,,exams/CB/CB_LATIN/CB_LATIN_2023_SEPT_ENONCE.pdf,,,
CB,LATIN,2023,SEPT,REP,,exams/CB/CB_LATIN/CB_LATIN_2023_SEPT_REP_ENONCE.pdf,,,
CB,LATIN,2024,ETE,NORMAL,,exams/CB/CB_LATIN/CB_LATIN_2024_ETE_ENONCE.pdf,,,
CB,LATIN,2024,ETE,REP,,exams/CB/CB_LATIN/CB_LATIN_2024_ETE_REP_ENONCE.pdf,,,
CB,MATH1,2002,ETE,NORMAL,,exams/CB/CB_MATH1/CB_MATH1_2002_ETE_ENONCE.pdf,exams/CB/CB_MATH1/CB_MATH1_2002_ETE_CORRIGE.pdf,,
CB,MATH1,2002,SEPT,NORMAL,,exams/CB/CB_MATH1/CB_MATH1_2002_SEPT_ENONCE.pdf,exams/CB/CB_MATH1/CB_MATH1_2002_SEPT_CORRIGE.pdf,,
CB,MATH1,2003,ETE,NORMAL,,exams/CB/CB_MATH1/CB_MATH1_2003_ETE_ENONCE.pdf,exams/CB/CB_MATH1/CB_MATH1_2003_ETE_CORRIGE.pdf,,
CB,MATH1,2003,SEPT,NORMAL,,exams/CB/CB_MATH1/CB_MATH1_2003_SEPT_ENONCE.pdf,exams/CB/CB_MATH1/CB_MATH1_2003_SEPT_CORRIGE.pdf,,
CB,MATH1,2004,ETE,NORMAL,,exams/CB/CB_MATH1/CB_MATH1_2004_ETE_ENONCE.pdf,exams/CB/CB_MATH1/CB_MATH1_2004_ETE_CORRIGE.pdf,,
CB,MATH1,2004,SEPT,NORMAL,,exams/CB/CB_MATH1/CB_MATH1_2004_SEPT_ENONCE.pdf,exams/CB/CB_MATH1/CB_MATH1_2004_SEPT_CORRIGE.pdf,,
CB,MATH1,2005,ETE,NORMAL,,exams/CB/CB_MATH1/CB_MATH1_2005_ETE_ENONCE.pdf,exams/CB/CB_MATH1/CB_MATH1_2005_ETE_CORRIGE.pdf,,
CB,MATH1,2006,ETE,NORMAL,,exams/CB/CB_MATH1/CB_MATH1_2006_ETE_ENONCE.pdf,exams/CB/CB_MATH1/CB_MATH1_2006_ETE_CORRIGE.pdf,,
CB,MATH1,2006,ETE,REP,,exams/CB/CB_MATH1/CB_MATH1_2006_ETE_REP_ENONCE.pdf,exams/CB/CB_MATH1/CB_MATH1_2006_ETE_REP_CORRIGE.pdf,,
CB,MATH1,2006,SEPT,NORMAL,,exams/CB/CB_MATH1/CB_MATH1_2006_SEPT_ENONCE.pdf,exams/CB/CB_MATH1/CB_MATH1_2006_SEPT_CORRIGE.pdf,,
CB,MATH1,2007,ETE,NORMAL,,exams/CB/CB_MATH1/CB_MATH1_2007_ETE_ENONCE.pdf,exams/CB/CB_MATH1/CB_MATH1_2007_ETE_CORRIGE.pdf,,
CB,MATH1,2007,SEPT,NORMAL,,exams/CB/CB_MATH1/CB_MATH1_2007_SEPT_ENONCE.pdf,exams/CB/CB_MATH1/CB_MATH1_2007_SEPT_CORRIGE.pdf,,
CB,MATH1,2008,ETE,NORMAL,,exams/CB/CB_MATH1/CB_MATH1_2008_ETE_ENONCE.pdf,exams/CB/CB_MATH1/CB_MATH1_2008_ETE_CORRIGE.pdf,,
CB,MATH1,2008,SEPT,NORMAL,,exams/CB/CB_MATH1/CB_MATH1_2008_SEPT_ENONCE.pdf,exams/CB/CB_MATH1/CB_MATH1_2008_SEPT_CORRIGE.pdf,,
CB,MATH1,2009,ETE,NORMAL,,exams/CB/CB_MATH1/CB_MATH1_2009_ETE_ENONCE.pdf,exams/CB/CB_MATH1/CB_MATH1_2009_ETE_CORRIGE.pdf,,
CB,MATH1,2009,SEPT,NORMAL,,exams/CB/CB_MATH1/CB_MATH1_2009_SEPT_ENONCE.pdf,exams/CB/CB_MATH1/CB_MATH1_2009_SEPT_CORRIGE.pdf,,
CB,MATH1,2010,ETE,NORMAL,,exams/CB/CB_MATH1/CB_MATH1_2010_ETE_ENONCE.pdf,exams/CB/CB_MATH1/CB_MATH1_2010_ETE_CORRIGE.pdf,,
CB,MATH1,2010,SEPT,NORMAL,,exams/CB/CB_MATH1/CB_MATH1_2010_SEPT_ENONCE.pdf,exams/CB/CB_MATH1/CB_MATH1_2010_SEPT_CORRIGE.pdf,,
CB,MATH1,2011,ETE,NORMAL,,exams/CB/CB_MATH1/CB_MATH1_2011_ETE_ENONCE.pdf,exams/CB/CB_MATH1/CB_MATH1_2011_ETE_CORRIGE.pdf,,
CB,MATH1,2011,SEPT,NORMAL,,exams/CB/CB_MATH1/CB_MATH1_2011_SEPT_ENONCE.pdf,exams/CB/CB_MATH1/CB_MATH1_2011_SEPT_CORRIGE.pdf,,
CB,MATH1,2012,ETE,NORMAL,,exams/CB/CB_MATH1/CB_MATH1_2012_ETE_ENONCE.pdf,exams/CB/CB_MATH1/CB_MATH1_2012_ETE_CORRIGE.pdf,,
CB,MATH1,2012,SEPT,NORMAL,,exams/CB/CB_MATH1/CB_MATH1_2012_SEPT_ENONCE.pdf,exams/CB/CB_MATH1/CB_MATH1_2012_SEPT_CORRIGE.pdf,,
CB,MATH1,2013,ETE,NORMAL,,exams/CB/CB_MATH1/CB_MATH1_2013_ETE_ENONCE.pdf,exams/CB/CB_MATH1/CB_MATH1_2013_ETE_CORRIGE.pdf,,
CB,MATH1,2013,SEPT,NORMAL,,exams/CB/CB_MATH1/CB_MATH1_2013_SEPT_ENONCE.pdf,exams/CB/CB_MATH1/CB_MATH1_2013_SEPT_CORRIGE.pdf,,
CB,MATH1,2014,ETE,NORMAL,,exams/CB/CB_MATH1/CB_MATH1_2014_ETE_ENONCE.pdf,exams/CB/CB_MATH1/CB_MATH1_2014_ETE_CORRIGE.pdf,,
CB,MATH1,2014,ETE,REP,,exams/CB/CB_MATH1/CB_MATH1_2014_ETE_REP_ENONCE.pdf,exams/CB/CB_MATH1/CB_MATH1_2014_ETE_REP_CORRIGE.pdf,,
CB,MATH1,2015,ETE,NORMAL,,exams/CB/CB_MATH1/CB_MATH1_2015_ETE_ENONCE.pdf,exams/CB/CB_MATH1/CB_MATH1_2015_ETE_CORRIGE.pdf,,
CB,MATH1,2015,SEPT,NORMAL,,exams/CB/CB_MATH1/CB_MATH1_2015_SEPT_ENONCE.pdf,exams/CB/CB_MATH1/CB_MATH1_2015_SEPT_CORRIGE.pdf,,
CB,MATH1,2016,ETE,NORMAL,,exams/CB/CB_MATH1/CB_MATH1_2016_ETE_ENONCE.pdf,exams/CB/CB_MATH1/CB_MATH1_2016_ETE_CORRIGE.pdf,,
CB,MATH1,2016,SEPT,NORMAL,,exams/CB/CB_MATH1/CB_MATH1_2016_SEPT_ENONCE.pdf,exams/CB/CB_MATH1/CB_MATH1_2016_SEPT_CORRIGE.pdf,,
CB,MATH1,2017,ETE,NORMAL,,exams/CB/CB_MATH1/CB_MATH1_2017_ETE_ENONCE.pdf,exams/CB/CB_MATH1/CB_MATH1_2017_ETE_CORRIGE.pdf,,
CB,MATH1,2017,ETE,REP,,exams/CB/CB_MATH1/CB_MATH1_2017_ETE_REP_ENONCE.pdf,exams/CB/CB_MATH1/CB_MATH1_2017_ETE_REP_CORRIGE.pdf,,
CB,MATH1,2017,SEPT,NORMAL,,exams/CB/CB_MATH1/CB_MATH1_2017_SEPT_ENONCE.pdf,exams/CB/CB_MATH1/CB_MATH1_2017_SEPT_CORRIGE.pdf,,
CB,MATH1,2018,ETE,NORMAL,,exams/CB/CB_MATH1/CB_MATH1_2018_ETE_ENONCE.pdf,exams/CB/CB_MATH1/CB_MATH1_2018_ETE_CORRIGE.pdf,,
CB,MATH1,2018,ETE,REP,,exams/CB/CB_MATH1/CB_MATH1_2018_ETE_REP_ENONCE.pdf,,,
CB,MATH1,2018,SEPT,NORMAL,,exams/CB/CB_MATH1/CB_MATH1_2018_SEPT_ENONCE.pdf,exams/CB/CB_MATH1/CB_MATH1_2018_SEPT_CORRIGE.pdf,,
CB,MATH1,2019,ETE,NORMAL,,exams/CB/CB_MATH1/CB_MATH1_2019_ETE_ENONCE.pdf,exams/CB/CB_MATH1/CB_MATH1_2019_ETE_CORRIGE.pdf,,
CB,MATH1,2019,SEPT,NORMAL,,exams/CB/CB_MATH1/CB_MATH1_2019_SEPT_ENONCE.pdf,exams/CB/CB_MATH1/CB_MATH1_2019_SEPT_CORRIGE.pdf,,
CB,MATH1,2020,ETE,NORMAL,,exams/CB/CB_MATH1/CB_MATH1_2020_ETE_ENONCE.pdf,exams/CB/CB_MATH1/CB_MATH1_2020_ETE_CORRIGE.pdf,,
CB,MATH1,2020,SEPT,NORMAL,,exams/CB/CB_MATH1/CB_MATH1_2020_SEPT_ENONCE.pdf,exams/CB/CB_MATH1/CB_MATH1_2020_SEPT_CORRIGE.pdf,,
CB,MATH1,2021,ETE,NORMAL,,exams/CB/CB_MATH1/CB_MATH1_2021_ETE_ENONCE.pdf,exams/CB/CB_MATH1/CB_MATH1_2021_ETE_CORRIGE.pdf,,
CB,MATH1,2022,ETE,NORMAL,,exams/CB/CB_MATH1/CB_MATH1_2022_ETE_ENONCE.pdf,exams/CB/CB_MATH1/CB_MATH1_2022_ETE_CORRIGE.pdf,,
CB,MATH1,2022,SEPT,NORMAL,,exams/CB/CB_MATH1/CB_MATH1_2022_SEPT_ENONCE.pdf,exams/CB/CB_MATH1/CB_MATH1_2022_SEPT_CORRIGE.pdf,,
CB,MATH1,2023,ETE,NORMAL,,exams/CB/CB_MATH1/CB_MATH1_2023_ETE_ENONCE.pdf,exams/CB/CB_MATH1/CB_MATH1_2023_ETE_CORRIGE.pdf,,
CB,MATH1,2023,SEPT,NORMAL,,exams/CB/CB_MATH1/CB_MATH1_2023_SEPT_ENONCE.pdf,exams/CB/CB_MATH1/CB_MATH1_2023_SEPT_CORRIGE.pdf,,
CB,MATH1,2024,ETE,NORMAL,,exams/CB/CB_MATH1/CB_MATH1_2024_ETE_ENONCE.pdf,exams/CB/CB_MATH1/CB_MATH1_2024_ETE_CORRIGE.pdf,,
CB,MATH1,2025,ETE,NORMAL,,exams/CB/CB_MATH1/CB_MATH1_2025_ETE_ENONCE.pdf,exams/CB/CB_MATH1/CB_MATH1_2025_ETE_CORRIGE.pdf,,
CB,MATH2,2000,ETE,NORMAL,,exams/CB/CB_MATH2/CB_MATH2_2000_ETE_ENONCE.pdf,exams/CB/CB_MATH2/CB_MATH2_2000_ETE_CORRIGE.pdf,,
CB,MATH2,2000,SEPT,NORMAL,,exams/CB/CB_MATH2/CB_MATH2_2000_SEPT_ENONCE.pdf,exams/CB/CB_MATH2/CB_MATH2_2000_SEPT_CORRIGE.pdf,,
CB,MATH2,2001,ETE,NORMAL,,exams/CB/CB_MATH2/CB_MATH2_2001_ETE_ENONCE.pdf,exams/CB/CB_MATH2/CB_MATH2_2001_ETE_CORRIGE.pdf,,
CB,MATH2,2001,SEPT,NORMAL,,exams/CB/CB_MATH2/CB_MATH2_2001_SEPT_ENONCE.pdf,exams/CB/CB_MATH2/CB_MATH2_2001_SEPT_CORRIGE.pdf,,
CB,MATH2,2002,ETE,NORMAL,,exams/CB/CB_MATH2/CB_MATH2_2002_ETE_ENONCE.pdf,exams/CB/CB_MATH2/CB_MATH2_2002_ETE_CORRIGE.pdf,,
CB,MATH2,2002,SEPT,NORMAL,,exams/CB/CB_MATH2/CB_MATH2_2002_SEPT_ENONCE.pdf,exams/CB/CB_MATH2/CB_MATH2_2002_SEPT_CORRIGE.pdf,,
CB,MATH2,2003,ETE,NORMAL,,exams/CB/CB_MATH2/CB_MATH2_2003_ETE_ENONCE.pdf,exams/CB/CB_MATH2/CB_MATH2_2003_ETE_CORRIGE.pdf,,
CB,MATH2,2003,SEPT,NORMAL,,exams/CB/CB_MATH2/CB_MATH2_2003_SEPT_ENONCE.pdf,exams/CB/CB_MATH2/CB_MATH2_2003_SEPT_CORRIGE.pdf,,
CB,MATH2,2004,ETE,NORMAL,,exams/CB/CB_MATH2/CB_MATH2_2004_ETE_ENONCE.pdf,exams/CB/CB_MATH2/CB_MATH2_2004_ETE_CORRIGE.pdf,,
CB,MATH2,2005,ETE,NORMAL,,exams/CB/CB_MATH2/CB_MATH2_2005_ETE_ENONCE.pdf,exams/CB/CB_MATH2/CB_MATH2_2005_ETE_CORRIGE.pdf,,
CB,MATH2,2006,ETE,NORMAL,,exams/CB/CB_MATH2/CB_MATH2_2006_ETE_ENONCE.pdf,exams/CB/CB_MATH2/CB_MATH2_2006_ETE_CORRIGE.pdf,,
CB,MATH2,2006,SEPT,NORMAL,,exams/CB/CB_MATH2/CB_MATH2_2006_SEPT_ENONCE.pdf,exams/CB/CB_MATH2/CB_MATH2_2006_SEPT_CORRIGE.pdf,,
CB,MATH2,2007,ETE,NORMAL,,exams/CB/CB_MATH2/CB_MATH2_2007_ETE_ENONCE.pdf,exams/CB/CB_MATH2/CB_MATH2_2007_ETE_CORRIGE.pdf,,
CB,MATH2,2007,SEPT,NORMAL,,exams/CB/CB_MATH2/CB_MATH2_2007_SEPT_ENONCE.pdf,exams/CB/CB_MATH2/CB_MATH2_2007_SEPT_CORRIGE.pdf,,
CB,MATH2,2008,ETE,NORMAL,,exams/CB/CB_MATH2/CB_MATH2_2008_ETE_ENONCE.pdf,exams/CB/CB_MATH2/CB_MATH2_2008_ETE_CORRIGE.pdf,,
CB,MATH2,2008,SEPT,NORMAL,,exams/CB/CB_MATH2/CB_MATH2_2008_SEPT_ENONCE.pdf,exams/CB/CB_MATH2/CB_MATH2_2008_SEPT_CORRIGE.pdf,,
CB,MATH2,2009,ETE,NORMAL,,exams/CB/CB_MATH2/CB_MATH2_2009_ETE_ENONCE.pdf,exams/CB/CB_MATH2/CB_MATH2_2009_ETE_CORRIGE.pdf,,
CB,MATH2,2009,SEPT,NORMAL,,exams/CB/CB_MATH2/CB_MATH2_2009_SEPT_ENONCE.pdf,exams/CB/CB_MATH2/CB_MATH2_2009_SEPT_CORRIGE.pdf,,
CB,MATH2,2010,ETE,NORMAL,,exams/CB/CB_MATH2/CB_MATH2_2010_ETE_ENONCE.pdf,exams/CB/CB_MATH2/CB_MATH2_2010_ETE_CORRIGE.pdf,,
CB,MATH2,2011,ETE,NORMAL,,exams/CB/CB_MATH2/CB_MATH2_2011_ETE_ENONCE.pdf,exams/CB/CB_MATH2/CB_MATH2_2011_ETE_CORRIGE.pdf,,
CB,MATH2,2011,SEPT,NORMAL,,exams/CB/CB_MATH2/CB_MATH2_2011_SEPT_ENONCE.pdf,,,
CB,MATH2,2012,ETE,NORMAL,,exams/CB/CB_MATH2/CB_MATH2_2012_ETE_ENONCE.pdf,exams/CB/CB_MATH2/CB_MATH2_2012_ETE_CORRIGE.pdf,,
CB,MATH2,2012,SEPT,NORMAL,,exams/CB/CB_MATH2/CB_MATH2_2012_SEPT_ENONCE.pdf,exams/CB/CB_MATH2/CB_MATH2_2012_SEPT_CORRIGE.pdf,,
CB,MATH2,2013,ETE,NORMAL,,exams/CB/CB_MATH2/CB_MATH2_2013_ETE_ENONCE.pdf,exams/CB/CB_MATH2/CB_MATH2_2013_ETE_CORRIGE.pdf,,
CB,MATH2,2013,SEPT,NORMAL,,exams/CB/CB_MATH2/CB_MATH2_2013_SEPT_ENONCE.pdf,exams/CB/CB_MATH2/CB_MATH2_2013_SEPT_CORRIGE.pdf,,
CB,MATH2,2014,ETE,NORMAL,,exams/CB/CB_MATH2/CB_MATH2_2014_ETE_ENONCE.pdf,exams/CB/CB_MATH2/CB_MATH2_2014_ETE_CORRIGE.pdf,,
CB,MATH2,2014,SEPT,NORMAL,,exams/CB/CB_MATH2/CB_MATH2_2014_SEPT_ENONCE.pdf,exams/CB/CB_MATH2/CB_MATH2_2014_SEPT_CORRIGE.pdf,,
CB,MATH2,2015,ETE,NORMAL,,exams/CB/CB_MATH2/CB_MATH2_2015_ETE_ENONCE.pdf,exams/CB/CB_MATH2/CB_MATH2_2015_ETE_CORRIGE.pdf,,
CB,MATH2,2015,SEPT,NORMAL,,exams/CB/CB_MATH2/CB_MATH2_2015_SEPT_ENONCE.pdf,exams/CB/CB_MATH2/CB_MATH2_2015_SEPT_CORRIGE.pdf,,
CB,MATH2,2016,ETE,NORMAL,,exams/CB/CB_MATH2/CB_MATH2_2016_ETE_ENONCE.pdf,exams/CB/CB_MATH2/CB_MATH2_2016_ETE_CORRIGE.pdf,,
CB,MATH2,2016,SEPT,NORMAL,,exams/CB/CB_MATH2/CB_MATH2_2016_SEPT_ENONCE.pdf,exams/CB/CB_MATH2/CB_MATH2_2016_SEPT_CORRIGE.pdf,,
CB,MATH2,2017,ETE,NORMAL,,exams/CB/CB_MATH2/CB_MATH2_2017_ETE_ENONCE.pdf,exams/CB/CB_MATH2/CB_MATH2_2017_ETE_CORRIGE.pdf,,
CB,MATH2,2017,SEPT,NORMAL,,exams/CB/CB_MATH2/CB_MATH2_2017_SEPT_ENONCE.pdf,exams/CB/CB_MATH2/CB_MATH2_2017_SEPT_CORRIGE.pdf,,
CB,MATH2,2018,ETE,NORMAL,,exams/CB/CB_MATH2/CB_MATH2_2018_ETE_ENONCE.pdf,exams/CB/CB_MATH2/CB_MATH2_2018_ETE_CORRIGE.pdf,,
CB,MATH2,2018,ETE,REP,,exams/CB/CB_MATH2/CB_MATH2_2018_ETE_REP_ENONCE.pdf,exams/CB/CB_MATH2/CB_MATH2_2018_ETE_REP_CORRIGE.pdf,,
CB,MATH2,2018,SEPT,NORMAL,,exams/CB/CB_MATH2/CB_MATH2_2018_SEPT_ENONCE.pdf,exams/CB/CB_MATH2/CB_MATH2_2018_SEPT_CORRIGE.pdf,,
CB,MATH2,2018,SEPT,REP,,exams/CB/CB_MATH2/CB_MATH2_2018_SEPT_REP_ENONCE.pdf,exams/CB/CB_MATH2/CB_MATH2_2018_SEPT_REP_CORRIGE.pdf,,
CB,MATH2,2019,ETE,NORMAL,,exams/CB/CB_MATH2/CB_MATH2_2019_ETE_ENONCE.pdf,exams/CB/CB_MATH2/CB_MATH2_2019_ETE_CORRIGE.pdf,,
CB,MATH2,2020,ETE,NORMAL,,exams/CB/CB_MATH2/CB_MATH2_2020_ETE_ENONCE.pdf,exams/CB/CB_MATH2/CB_MATH2_2020_ETE_CORRIGE.pdf,,
CB,MATH2,2020,SEPT,NORMAL,,exams/CB/CB_MATH2/CB_MATH2_2020_SEPT_ENONCE.pdf,exams/CB/CB_MATH2/CB_MATH2_2020_SEPT_CORRIGE.pdf,,
CB,MATH2,2021,ETE,NORMAL,,exams/CB/CB_MATH2/CB_MATH2_2021_ETE_ENONCE.pdf,exams/CB/CB_MATH2/CB_MATH2_2021_ETE_CORRIGE.pdf,,
CB,MATH2,2022,ETE,NORMAL,,exams/CB/CB_MATH2/CB_MATH2_2022_ETE_ENONCE.pdf,exams/CB/CB_MATH2/CB_MATH2_2022_ETE_CORRIGE.pdf,,
CB,MATH2,2022,SEPT,NORMAL,,exams/CB/CB_MATH2/CB_MATH2_2022_SEPT_ENONCE.pdf,exams/CB/CB_MATH2/CB_MATH2_2022_SEPT_CORRIGE.pdf,,
CB,MATH2,2023,ETE,NORMAL,,exams/CB/CB_MATH2/CB_MATH2_2023_ETE_ENONCE.pdf,exams/CB/CB_MATH2/CB_MATH2_2023_ETE_CORRIGE.pdf,,
CB,MATH2,2023,SEPT,NORMAL,,exams/CB/CB_MATH2/CB_MATH2_2023_SEPT_ENONCE.pdf,exams/CB/CB_MATH2/CB_MATH2_2023_SEPT_CORRIGE.pdf,,
CB,MATH2,2024,ETE,NORMAL,,exams/CB/CB_MATH2/CB_MATH2_2024_ETE_ENONCE.pdf,exams/CB/CB_MATH2/CB_MATH2_2024_ETE_CORRIGE.pdf,,
CB,MATH2,2025,ETE,NORMAL,,exams/CB/CB_MATH2/CB_MATH2_2025_ETE_ENONCE.pdf,exams/CB/CB_MATH2/CB_MATH2_2025_ETE_CORRIGE.pdf,,
CB,MATH2,2025,SEPT,NORMAL,,exams/CB/CB_MATH2/CB_MATH2_2025_SEPT_ENONCE.pdf,exams/CB/CB_MATH2/CB_MATH2_2025_SEPT_CORRIGE.pdf,,
CB,PHILO,2005,ETE,NORMAL,,exams/CB/CB_PHILO/CB_PHILO_2005_ETE_ENONCE.pdf,,,
CB,PHILO,2007,ETE,NORMAL,,exams/CB/CB_PHILO/CB_PHILO_2007_ETE_ENONCE.pdf,,,
CB,PHILO,2007,ETE,REP,,exams/CB/CB_PHILO/CB_PHILO_2007_ETE_REP_ENONCE.pdf,,,
CB,PHILO,2008,ETE,NORMAL,,exams/CB/CB_PHILO/CB_PHILO_2008_ETE_ENONCE.pdf,,,
CB,PHILO,2009,ETE,NORMAL,,exams/CB/CB_PHILO/CB_PHILO_2009_ETE_ENONCE.pdf,,,
CB,PHILO,2010,ETE,NORMAL,,exams/CB/CB_PHILO/CB_PHILO_2010_ETE_ENONCE.pdf,,,
CB,PHILO,2011,ETE,NORMAL,,exams/CB/CB_PHILO/CB_PHILO_2011_ETE_ENONCE.pdf,,,
CB,PHILO,2012,ETE,NORMAL,,exams/CB/CB_PHILO/CB_PHILO_2012_ETE_ENONCE.pdf,,,
CB,PHILO,2013,ETE,NORMAL,,exams/CB/CB_PHILO/CB_PHILO_2013_ETE_ENONCE.pdf,,,
CB,PHILO,2013,ETE,REP,,exams/CB/CB_PHILO/CB_PHILO_2013_ETE_REP_ENONCE.pdf,,,
CB,PHILO,2014,ETE,NORMAL,,exams/CB/CB_PHILO/CB_PHILO_2014_ETE_ENONCE.pdf,,,
CB,PHILO,2015,ETE,NORMAL,,exams/CB/CB_PHILO/CB_PHILO_2015_ETE_ENONCE.pdf,,,
CB,PHILO,2015,ETE,REP,,exams/CB/CB_PHILO/CB_PHILO_2015_ETE_REP_ENONCE.pdf,,,
CB,PHILO,2016,ETE,NORMAL,,exams/CB/CB_PHILO/CB_PHILO_2016_ETE_ENONCE.pdf,,,
CB,PHILO,2016,ETE,REP,,exams/CB/CB_PHILO/CB_PHILO_2016_ETE_REP_ENONCE.pdf,,,
CB,PHILO,2016,SEPT,NORMAL,,exams/CB/CB_PHILO/CB_PHILO_2016_SEPT_ENONCE.pdf,,,
CB,PHILO,2017,ETE,NORMAL,,exams/CB/CB_PHILO/CB_PHILO_2017_ETE_ENONCE.pdf,,,
CB,PHILO,2017,ETE,REP,,exams/CB/CB_PHILO/CB_PHILO_2017_ETE_REP_ENONCE.pdf,,,
CB,PHILO,2018,ETE,NORMAL,,exams/CB/CB_PHILO/CB_PHILO_2018_ETE_ENONCE.pdf,,,
CB,PHILO,2018,ETE,REP,,exams/CB/CB_PHILO/CB_PHILO_2018_ETE_REP_ENONCE.pdf,,,
CB,PHILO,2019,ETE,NORMAL,,exams/CB/CB_PHILO/CB_PHILO_2019_ETE_ENONCE.pdf,,,
CB,PHILO,2019,ETE,REP,,exams/CB/CB_PHILO/CB_PHILO_2019_ETE_REP_ENONCE.pdf,,,
CB,PHILO,2019,SEPT,NORMAL,,exams/CB/CB_PHILO/CB_PHILO_2019_SEPT_ENONCE.pdf,,,
CB,PHILO,2020,ETE,NORMAL,,exams/CB/CB_PHILO/CB_PHILO_2020_ETE_ENONCE.pdf,,,
CB,PHILO,2021,ETE,NORMAL,,exams/CB/CB_PHILO/CB_PHILO_2021_ETE_ENONCE.pdf,,,
CB,PHYSI,1999,ETE,NORMAL,,exams/CB/CB_PHYSI/CB_PHYSI_1999_ETE_ENONCE.pdf,,,
CB,PHYSI,2000,ETE,NORMAL,,exams/CB/CB_PHYSI/CB_PHYSI_2000_ETE_ENONCE.pdf,,,
CB,PHYSI,2000,SEPT,NORMAL,,exams/CB/CB_PHYSI/CB_PHYSI_2000_SEPT_ENONCE.pdf,,,
CB,PHYSI,2001,ETE,NORMAL,,exams/CB/CB_PHYSI/CB_PHYSI_2001_ETE_ENONCE.pdf,,,
CB,PHYSI,2001,SEPT,NORMAL,,exams/CB/CB_PHYSI/CB_PHYSI_2001_SEPT_ENONCE.pdf,,,
CB,PHYSI,2002,ETE,NORMAL,,exams/CB/CB_PHYSI/CB_PHYSI_2002_ETE_ENONCE.pdf,,,
CB,PHYSI,2002,SEPT,NORMAL,,exams/CB/CB_PHYSI/CB_PHYSI_2002_SEPT_ENONCE.pdf,,,
CB,PHYSI,2003,ETE,NORMAL,,exams/CB/CB_PHYSI/CB_PHYSI_2003_ETE_ENONCE.pdf,,,
CB,PHYSI,2003,SEPT,NORMAL,,exams/CB/CB_PHYSI/CB_PHYSI_2003_SEPT_ENONCE.pdf,,,
CB,PHYSI,2004,ETE,NORMAL,,exams/CB/CB_PHYSI/CB_PHYSI_2004_ETE_ENONCE.pdf,,,
CB,PHYSI,2004,SEPT,NORMAL,,exams/CB/CB_PHYSI/CB_PHYSI_2004_SEPT_ENONCE.pdf,,,
CB,PHYSI,2005,ETE,NORMAL,,exams/CB/CB_PHYSI/CB_PHYSI_2005_ETE_ENONCE.pdf,exams/CB/CB_PHYSI/CB_PHYSI_2005_ETE_CORRIGE.pdf,,
CB,PHYSI,2005,ETE,REP,,exams/CB/CB_PHYSI/CB_PHYSI_2005_ETE_REP_ENONCE.pdf,exams/CB/CB_PHYSI/CB_PHYSI_2005_ETE_REP_CORRIGE.pdf,,
CB,PHYSI,2005,SEPT,NORMAL,,exams/CB/CB_PHYSI/CB_PHYSI_2005_SEPT_ENONCE.pdf,exams/CB/CB_PHYSI/CB_PHYSI_2005_SEPT_CORRIGE.pdf,,
CB,PHYSI,2006,ETE,NORMAL,,exams/CB/CB_PHYSI/CB_PHYSI_2006_ETE_ENONCE.pdf,exams/CB/CB_PHYSI/CB_PHYSI_2006_ETE_CORRIGE.pdf,,
CB,PHYSI,2006,ETE,REP,,exams/CB/CB_PHYSI/CB_PHYSI_2006_ETE_REP_ENONCE.pdf,exams/CB/CB_PHYSI/CB_PHYSI_2006_ETE_REP_CORRIGE.pdf,,
CB,PHYSI,2006,SEPT,NORMAL,,exams/CB/CB_PHYSI/CB_PHYSI_2006_SEPT_ENONCE.pdf,exams/CB/CB_PHYSI/CB_PHYSI_2006_SEPT_CORRIGE.pdf,,
CB,PHYSI,2007,ETE,NORMAL,,exams/CB/CB_PHYSI/CB_PHYSI_2007_ETE_ENONCE.pdf,exams/CB/CB_PHYSI/CB_PHYSI_2007_ETE_CORRIGE.pdf,,
CB,PHYSI,2007,ETE,REP,,exams/CB/CB_PHYSI/CB_PHYSI_2007_ETE_REP_ENONCE.pdf,exams/CB/CB_PHYSI/CB_PHYSI_2007_ETE_REP_CORRIGE.pdf,,
CB,PHYSI,2007,SEPT,NORMAL,,exams/CB/CB_PHYSI/CB_PHYSI_2007_SEPT_ENONCE.pdf,exams/CB/CB_PHYSI/CB_PHYSI_2007_SEPT_CORRIGE.pdf,,
CB,PHYSI,2008,ETE,NORMAL,,exams/CB/CB_PHYSI/CB_PHYSI_2008_ETE_ENONCE.pdf,exams/CB/CB_PHYSI/CB_PHYSI_2008_ETE_CORRIGE.pdf,,
CB,PHYSI,2008,ETE,REP,,exams/CB/CB_PHYSI/CB_PHYSI_2008_ETE_REP_ENONCE.pdf,exams/CB/CB_PHYSI/CB_PHYSI_2008_ETE_REP_CORRIGE.pdf,,
CB,PHYSI,2008,SEPT,NORMAL,,exams/CB/CB_PHYSI/CB_PHYSI_2008_SEPT_ENONCE.pdf,exams/CB/CB_PHYSI/CB_PHYSI_2008_SEPT_CORRIGE.pdf,,
CB,PHYSI,2009,ETE,NORMAL,,exams/CB/CB_PHYSI/CB_PHYSI_2009_ETE_ENONCE.pdf,exams/CB/CB_PHYSI/CB_PHYSI_2009_ETE_CORRIGE.pdf,,
CB,PHYSI,2009,ETE,REP,,exams/CB/CB_PHYSI/CB_PHYSI_2009_ETE_REP_ENONCE.pdf,exams/CB/CB_PHYSI/CB_PHYSI_2009_ETE_REP_CORRIGE.pdf,,
CB,PHYSI,2009,SEPT,NORMAL,,exams/CB/CB_PHYSI/CB_PHYSI_2009_SEPT_ENONCE.pdf,exams/CB/CB_PHYSI/CB_PHYSI_2009_SEPT_CORRIGE.pdf,,
CB,PHYSI,2010,ETE,NORMAL,,exams/CB/CB_PHYSI/CB_PHYSI_2010_ETE_ENONCE.pdf,exams/CB/CB_PHYSI/CB_PHYSI_2010_ETE_CORRIGE.pdf,,
CB,PHYSI,2010,ETE,REP,,exams/CB/CB_PHYSI/CB_PHYSI_2010_ETE_REP_ENONCE.pdf,exams/CB/CB_PHYSI/CB_PHYSI_2010_ETE_REP_CORRIGE.pdf,,
CB,PHYSI,2010,SEPT,NORMAL,,exams/CB/CB_PHYSI/CB_PHYSI_2010_SEPT_ENONCE.pdf,exams/CB/CB_PHYSI/CB_PHYSI_2010_SEPT_CORRIGE.pdf,,
CB,PHYSI,2011,ETE,NORMAL,,exams/CB/CB_PHYSI/CB_PHYSI_2011_ETE_ENONCE.pdf,exams/CB/CB_PHYSI/CB_PHYSI_2011_ETE_CORRIGE.pdf,,
CB,PHYSI,2011,ETE,REP,,exams/CB/CB_PHYSI/CB_PHYSI_2011_ETE_REP_ENONCE.pdf,exams/CB/CB_PHYSI/CB_PHYSI_2011_ETE_REP_CORRIGE.pdf,,
CB,PHYSI,2011,SEPT,NORMAL,,exams/CB/CB_PHYSI/CB_PHYSI_2011_SEPT_ENONCE.pdf,exams/CB/CB_PHYSI/CB_PHYSI_2011_SEPT_CORRIGE.pdf,,
CB,PHYSI,2012,ETE,NORMAL,,exams/CB/CB_PHYSI/CB_PHYSI_2012_ETE_ENONCE.pdf,exams/CB/CB_PHYSI/CB_PHYSI_2012_ETE_CORRIGE.pdf,,
CB,PHYSI,2012,ETE,REP,,exams/CB/CB_PHYSI/CB_PHYSI_2012_ETE_REP_ENONCE.pdf,exams/CB/CB_PHYSI/CB_PHYSI_2012_ETE_REP_CORRIGE.pdf,,
CB,PHYSI,2012,SEPT,NORMAL,,exams/CB/CB_PHYSI/CB_PHYSI_2012_SEPT_ENONCE.pdf,exams/CB/CB_PHYSI/CB_PHYSI_2012_SEPT_CORRIGE.pdf,,
CB,PHYSI,2013,ETE,NORMAL,,exams/CB/CB_PHYSI/CB_PHYSI_2013_ETE_ENONCE.pdf,exams/CB/CB_PHYSI/CB_PHYSI_2013_ETE_CORRIGE.pdf,,
CB,PHYSI,2013,ETE,REP,,exams/CB/CB_PHYSI/CB_PHYSI_2013_ETE_REP_ENONCE.pdf,exams/CB/CB_PHYSI/CB_PHYSI_2013_ETE_REP_CORRIGE.pdf,,
CB,PHYSI,2013,SEPT,NORMAL,,exams/CB/CB_PHYSI/CB_PHYSI_2013_SEPT_ENONCE.pdf,exams/CB/CB_PHYSI/CB_PHYSI_2013_SEPT_CORRIGE.pdf,,
CB,PHYSI,2014,ETE,NORMAL,,exams/CB/CB_PHYSI/CB_PHYSI_2014_ETE_ENONCE.pdf,exams/CB/CB_PHYSI/CB_PHYSI_2014_ETE_CORRIGE.pdf,,
CB,PHYSI,2014,ETE,REP,,exams/CB/CB_PHYSI/CB_PHYSI_2014_ETE_REP_ENONCE.pdf,exams/CB/CB_PHYSI/CB_PHYSI_2014_ETE_REP_CORRIGE.pdf,,
CB,PHYSI,2014,SEPT,NORMAL,,exams/CB/CB_PHYSI/CB_PHYSI_2014_SEPT_ENONCE.pdf,exams/CB/CB_PHYSI/CB_PHYSI_2014_SEPT_CORRIGE.pdf,,
CB,PHYSI,2015,ETE,NORMAL,,exams/CB/CB_PHYSI/CB_PHYSI_2015_ETE_ENONCE.pdf,exams/CB/CB_PHYSI/CB_PHYSI_2015_ETE_CORRIGE.pdf,,
CB,PHYSI,2015,ETE,REP,,exams/CB/CB_PHYSI/CB_PHYSI_2015_ETE_REP_ENONCE.pdf,exams/CB/CB_PHYSI/CB_PHYSI_2015_ETE_REP_CORRIGE.pdf,,
CB,PHYSI,2015,SEPT,NORMAL,,exams/CB/CB_PHYSI/CB_PHYSI_2015_SEPT_ENONCE.pdf,exams/CB/CB_PHYSI/CB_PHYSI_2015_SEPT_CORRIGE.pdf,,
CB,PHYSI,2016,ETE,NORMAL,,exams/CB/CB_PHYSI/CB_PHYSI_2016_ETE_ENONCE.pdf,exams/CB/CB_PHYSI/CB_PHYSI_2016_ETE_CORRIGE.pdf,,
CB,PHYSI,2016,ETE,REP,,exams/CB/CB_PHYSI/CB_PHYSI_2016_ETE_REP_ENONCE.pdf,exams/CB/CB_PHYSI/CB_PHYSI_2016_ETE_REP_CORRIGE.pdf,,
CB,PHYSI,2016,SEPT,NORMAL,,exams/CB/CB_PHYSI/CB_PHYSI_2016_SEPT_ENONCE.pdf,exams/CB/CB_PHYSI/CB_PHYSI_2016_SEPT_CORRIGE.pdf,,
CB,PHYSI,2016,SEPT,REP,,exams/CB/CB_PHYSI/CB_PHYSI_2016_SEPT_REP_ENONCE.pdf,exams/CB/CB_PHYSI/CB_PHYSI_2016_SEPT_REP_CORRIGE.pdf,,
CB,PHYSI,2017,ETE,NORMAL,,exams/CB/CB_PHYSI/CB_PHYSI_2017_ETE_ENONCE.pdf,exams/CB/CB_PHYSI/CB_PHYSI_2017_ETE_CORRIGE.pdf,,
CB,PHYSI,2017,ETE,REP,,exams/CB/CB_PHYSI/CB_PHYSI_2017_ETE_REP_ENONCE.pdf,exams/CB/CB_PHYSI/CB_PHYSI_2017_ETE_REP_CORRIGE.pdf,,
CB,PHYSI,2017,SEPT,NORMAL,,exams/CB/CB_PHYSI/CB_PHYSI_2017_SEPT_ENONCE.pdf,exams/CB/CB_PHYSI/CB_PHYSI_2017_SEPT_CORRIGE.pdf,,
CB,PHYSI,2018,ETE,NORMAL,,exams/CB/CB_PHYSI/CB_PHYSI_2018_ETE_ENONCE.pdf,exams/CB/CB_PHYSI/CB_PHYSI_2018_ETE_CORRIGE.pdf,,
CB,PHYSI,2018,ETE,REP,,exams/CB/CB_PHYSI/CB_PHYSI_2018_ETE_REP_ENONCE.pdf,exams/CB/CB_PHYSI/CB_PHYSI_2018_ETE_REP_CORRIGE.pdf,,
CB,PHYSI,2018,SEPT,NORMAL,,exams/CB/CB_PHYSI/CB_PHYSI_2018_SEPT_ENONCE.pdf,exams/CB/CB_PHYSI/CB_PHYSI_2018_SEPT_CORRIGE.pdf,,
CB,PHYSI,2018,SEPT,REP,,exams/CB/CB_PHYSI/CB_PHYSI_2018_SEPT_REP_ENONCE.pdf,exams/CB/CB_PHYSI/CB_PHYSI_2018_SEPT_REP_CORRIGE.pdf,,
CB,PHYSI,2019,ETE,NORMAL,,exams/CB/CB_PHYSI/CB_PHYSI_2019_ETE_ENONCE.pdf,exams/CB/CB_PHYSI/CB_PHYSI_2019_ETE_CORRIGE.pdf,,
CB,PHYSI,2019,ETE,REP,,exams/CB/CB_PHYSI/CB_PHYSI_2019_ETE_REP_ENONCE.pdf,,,
CB,PHYSI,2019,SEPT,AJOU,,exams/CB/CB_PHYSI/CB_PHYSI_2019_SEPT_AJOU_ENONCE.pdf,,,
CB,PHYSI,2019,SEPT,NORMAL,,exams/CB/CB_PHYSI/CB_PHYSI_2019_SEPT_ENONCE.pdf,,,
CB,PHYSI,2019,SEPT,REP,,exams/CB/CB_PHYSI/CB_PHYSI_2019_SEPT_REP_ENONCE.pdf,,,
CB,PHYSI,2020,ETE,NORMAL,,exams/CB/CB_PHYSI/CB_PHYSI_2020_ETE_ENONCE.pdf,,,
CB,PHYSI,2020,SEPT,NORMAL,,exams/CB/CB_PHYSI/CB_PHYSI_2020_SEPT_ENONCE.pdf,,,
CB,PHYSI,2021,ETE,NORMAL,,exams/CB/CB_PHYSI/CB_PHYSI_2021_ETE_ENONCE.pdf,,,
CC,4LANG_CHINO,2023,ETE,NORMAL,,exams/CC/CC_CHINO_4LANG/CC_4LANG_CHINO_2023_ETE_ENONCE.pdf,,,
CC,4LANG_CHINO,2023,ETE,REP,,exams/CC/CC_CHINO_4LANG/CC_4LANG_CHINO_2023_ETE_REP_ENONCE.pdf,,,
CC,4LANG_ESPAG,2021,ETE,NORMAL,,exams/CC/CC_ESPAG_4LANG/CC_4LANG_ESPAG_2021_ETE_ENONCE.pdf,,,
CC,4LANG_ESPAG,2022,ETE,NORMAL,,exams/CC/CC_ESPAG_4LANG/CC_4LANG_ESPAG_2022_ETE_ENONCE.pdf,,,
CC,4LANG_ESPAG,2023,ETE,NORMAL,,exams/CC/CC_ESPAG_4LANG/CC_4LANG_ESPAG_2023_ETE_ENONCE.pdf,,,
CC,4LANG_ESPAG,2024,ETE,NORMAL,,exams/CC/CC_ESPAG_4LANG/CC_4LANG_ESPAG_2024_ETE_ENONCE.pdf,,,
CC,4LANG_ESPAG,2024,ETE,REP,,exams/CC/CC_ESPAG_4LANG/CC_4LANG_ESPAG_2024_ETE_REP_ENONCE.pdf,,,
CC,4LANG_ITALI,2021,ETE,NORMAL,,exams/CC/CC_ITALI_4LANG/CC_4LANG_ITALI_2021_ETE_ENONCE.pdf,,,
CC,4LANG_ITALI,2022,ETE,NORMAL,,exams/CC/CC_ITALI_4LANG/CC_4LANG_ITALI_2022_ETE_ENONCE.pdf,,,
CC,ALLEM,2005,ETE,NORMAL,,exams/CC/CC_ALLEM/CC_ALLEM_2005_ETE_ENONCE.pdf,,,
CC,ALLEM,2006,ETE,NORMAL,,exams/CC/CC_ALLEM/CC_ALLEM_2006_ETE_ENONCE.pdf,,,
CC,ALLEM,2007,ETE,NORMAL,,exams/CC/CC_ALLEM/CC_ALLEM_2007_ETE_ENONCE.pdf,,,
CC,ALLEM,2007,ETE,REP,,exams/CC/CC_ALLEM/CC_ALLEM_2007_ETE_REP_ENONCE.pdf,,,
CC,ALLEM,2008,ETE,NORMAL,,exams/CC/CC_ALLEM/CC_ALLEM_2008_ETE_ENONCE.pdf,,,
CC,ALLEM,2008,ETE,REP,,exams/CC/CC_ALLEM/CC_ALLEM_2008_ETE_REP_ENONCE.pdf,,,
CC,ALLEM,2009,ETE,NORMAL,,exams/CC/CC_ALLEM/CC_ALLEM_2009_ETE_ENONCE.pdf,,,
CC,ALLEM,2010,ETE,NORMAL,,exams/CC/CC_ALLEM/CC_ALLEM_2010_ETE_ENONCE.pdf,,,
CC,ALLEM,2012,ETE,NORMAL,,exams/CC/CC_ALLEM/CC_ALLEM_2012_ETE_ENONCE.pdf,,,
CC,ALLEM,2013,ETE,NORMAL,,exams/CC/CC_ALLEM/CC_ALLEM_2013_ETE_ENONCE.pdf,,,
CC,ALLEM,2013,ETE,REP,,exams/CC/CC_ALLEM/CC_ALLEM_2013_ETE_REP_ENONCE.pdf,,,
CC,ALLEM,2014,ETE,NORMAL,,exams/CC/CC_ALLEM/CC_ALLEM_2014_ETE_ENONCE.pdf,,,
CC,ALLEM,2015,ETE,NORMAL,,exams/CC/CC_ALLEM/CC_ALLEM_2015_ETE_ENONCE.pdf,,,
CC,ALLEM,2015,ETE,REP,,exams/CC/CC_ALLEM/CC_ALLEM_2015_ETE_REP_ENONCE.pdf,,,
CC,ALLEM,2016,ETE,NORMAL,,exams/CC/CC_ALLEM/CC_ALLEM_2016_ETE_ENONCE.pdf,,,
CC,ALLEM,2016,ETE,REP,,exams/CC/CC_ALLEM/CC_ALLEM_2016_ETE_REP_ENONCE.pdf,,,
CC,ALLEM,2017,ETE,NORMAL,,exams/CC/CC_ALLEM/CC_ALLEM_2017_ETE_ENONCE.pdf,,,
CC,ALLEM,2017,ETE,REP,,exams/CC/CC_ALLEM/CC_ALLEM_2017_ETE_REP_ENONCE.pdf,,,
CC,ALLEM,2018,ETE,NORMAL,,exams/CC/CC_ALLEM/CC_ALLEM_2018_ETE_ENONCE.pdf,,,
CC,ALLEM,2020,ETE,NORMAL,,exams/CC/CC_ALLEM/CC_ALLEM_2020_ETE_ENONCE.pdf,,,
CC,ALLEM,2020,SEPT,NORMAL,,exams/CC/CC_ALLEM/CC_ALLEM_2020_SEPT_ENONCE.pdf,,,
CC,ALLEM,2021,ETE,NORMAL,,exams/CC/CC_ALLEM/CC_ALLEM_2021_ETE_ENONCE.pdf,,,
CC,ALLEM,2022,ETE,NORMAL,,exams/CC/CC_ALLEM/CC_ALLEM_2022_ETE_ENONCE.pdf,,,
CC,ALLEM,2022,ETE,REP,,exams/CC/CC_ALLEM/CC_ALLEM_2022_ETE_REP_ENONCE.pdf,,,
CC,ALLEM,2022,SEPT,NORMAL,,exams/CC/CC_ALLEM/CC_ALLEM_2022_SEPT_ENONCE.pdf,,,
CC,ALLEM,2023,ETE,REP,,exams/CC/CC_ALLEM/CC_ALLEM_2023_ETE_REP_ENONCE.pdf,,,
CC,ALLEM,2023,SEPT,NORMAL,,exams/CC/CC_ALLEM/CC_ALLEM_2023_SEPT_ENONCE.pdf,,,
CC,ALLEM,2023,SEPT,REP,,exams/CC/CC_ALLEM/CC_ALLEM_2023_SEPT_REP_ENONCE.pdf,,,
CC,ALLEM,2024,ETE,NORMAL,,exams/CC/CC_ALLEM/CC_ALLEM_2024_ETE_ENONCE.pdf,,,
CC,ALLEM,2024,ETE,REP,,exams/CC/CC_ALLEM/CC_ALLEM_2024_ETE_REP_ENONCE.pdf,,,
CC,ALLEM,2024,SEPT,NORMAL,,exams/CC/CC_ALLEM/CC_ALLEM_2024_SEPT_ENONCE.pdf,,,
CC,ALLEM,2024,SEPT,REP,,exams/CC/CC_ALLEM/CC_ALLEM_2024_SEPT_REP_ENONCE.pdf,,,
CC,ANGLA,2005,ETE,NORMAL,,exams/CC/CC_ANGLA/CC_ANGLA_2005_ETE_ENONCE.pdf,,,
CC,ANGLA,2007,ETE,NORMAL,,exams/CC/CC_ANGLA/CC_ANGLA_2007_ETE_ENONCE.pdf,,,
CC,ANGLA,2007,SEPT,NORMAL,,exams/CC/CC_ANGLA/CC_ANGLA_2007_SEPT_ENONCE.pdf,,,
CC,ANGLA,2008,ETE,NORMAL,,exams/CC/CC_ANGLA/CC_ANGLA_2008_ETE_ENONCE.pdf,,,
CC,ANGLA,2009,ETE,NORMAL,,exams/CC/CC_ANGLA/CC_ANGLA_2009_ETE_ENONCE.pdf,,,
CC,ANGLA,2010,ETE,NORMAL,,exams/CC/CC_ANGLA/CC_ANGLA_2010_ETE_ENONCE.pdf,,,
CC,ANGLA,2011,ETE,NORMAL,,exams/CC/CC_ANGLA/CC_ANGLA_2011_ETE_ENONCE.pdf,,,
CC,ANGLA,2012,ETE,NORMAL,,exams/CC/CC_ANGLA/CC_ANGLA_2012_ETE_ENONCE.pdf,,,
CC,ANGLA,2012,ETE,REP,,exams/CC/CC_ANGLA/CC_ANGLA_2012_ETE_REP_ENONCE.pdf,,,
CC,ANGLA,2013,ETE,NORMAL,,exams/CC/CC_ANGLA/CC_ANGLA_2013_ETE_ENONCE.pdf,,,
CC,ANGLA,2013,ETE,REP,,exams/CC/CC_ANGLA/CC_ANGLA_2013_ETE_REP_ENONCE.pdf,,,
CC,ANGLA,2014,ETE,NORMAL,,exams/CC/CC_ANGLA/CC_ANGLA_2014_ETE_ENONCE.pdf,,,
CC,ANGLA,2015,ETE,NORMAL,,exams/CC/CC_ANGLA/CC_ANGLA_2015_ETE_ENONCE.pdf,,,
CC,ANGLA,2015,ETE,REP,,exams/CC/CC_ANGLA/CC_ANGLA_2015_ETE_REP_ENONCE.pdf,,,
CC,ANGLA,2016,ETE,NORMAL,,exams/CC/CC_ANGLA/CC_ANGLA_2016_ETE_ENONCE.pdf,,,
CC,ANGLA,2016,ETE,REP,,exams/CC/CC_ANGLA/CC_ANGLA_2016_ETE_REP_ENONCE.pdf,,,
CC,ANGLA,2016,SEPT,NORMAL,,exams/CC/CC_ANGLA/CC_ANGLA_2016_SEPT_ENONCE.pdf,,,
CC,ANGLA,2017,ETE,NORMAL,,exams/CC/CC_ANGLA/CC_ANGLA_2017_ETE_ENONCE.pdf,,,
CC,ANGLA,2018,ETE,NORMAL,,exams/CC/CC_ANGLA/CC_ANGLA_2018_ETE_ENONCE.pdf,,,
CC,ANGLA,2019,ETE,NORMAL,,exams/CC/CC_ANGLA/CC_ANGLA_2019_ETE_ENONCE.pdf,,,
CC,ANGLA,2019,ETE,REP,,exams/CC/CC_ANGLA/CC_ANGLA_2019_ETE_REP_ENONCE.pdf,,,
CC,ANGLA,2019,SEPT,NORMAL,,exams/CC/CC_ANGLA/CC_ANGLA_2019_SEPT_ENONCE.pdf,,,
CC,ANGLA,2019,SEPT,REP,,exams/CC/CC_ANGLA/CC_ANGLA_2019_SEPT_REP_ENONCE.pdf,,,
CC,ANGLA,2020,ETE,NORMAL,,exams/CC/CC_ANGLA/CC_ANGLA_2020_ETE_ENONCE.pdf,,,
CC,ANGLA,2020,SEPT,NORMAL,,exams/CC/CC_ANGLA/CC_ANGLA_2020_SEPT_ENONCE.pdf,,,
CC,ANGLA,2021,ETE,NORMAL,,exams/CC/CC_ANGLA/CC_ANGLA_2021_ETE_ENONCE.pdf,,,
CC,ANGLA,2022,ETE,NORMAL,,exams/CC/CC_ANGLA/CC_ANGLA_2022_ETE_ENONCE.pdf,,,
CC,ANGLA,2022,ETE,REP,,exams/CC/CC_ANGLA/CC_ANGLA_2022_ETE_REP_ENONCE.pdf,,,
CC,ANGLA,2022,SEPT,NORMAL,,exams/CC/CC_ANGLA/CC_ANGLA_2022_SEPT_ENONCE.pdf,,,
CC,ANGLA,2023,ETE,NORMAL,,exams/CC/CC_ANGLA/CC_ANGLA_2023_ETE_ENONCE.pdf,,,
CC,ANGLA,2023,ETE,REP,,exams/CC/CC_ANGLA/CC_ANGLA_2023_ETE_REP_ENONCE.pdf,,,
CC,ANGLA,2023,SEPT,NORMAL,,exams/CC/CC_ANGLA/CC_ANGLA_2023_SEPT_ENONCE.pdf,,,
CC,ANGLA,2023,SEPT,REP,,exams/CC/CC_ANGLA/CC_ANGLA_2023_SEPT_REP_ENONCE.pdf,,,
CC,ANGLA,2024,ETE,NORMAL,,exams/CC/CC_ANGLA/CC_ANGLA_2024_ETE_ENONCE.pdf,,,
CC,ANGLA,2024,ETE,REP,,exams/CC/CC_ANGLA/CC_ANGLA_2024_ETE_REP_ENONCE.pdf,,,
CC,BIOLO,2005,ETE,NORMAL,,exams/CC/CC_BIOLO/CC_BIOLO_2005_ETE_ENONCE.pdf,,,
CC,BIOLO,2006,SEPT,NORMAL,,exams/CC/CC_BIOLO/CC_BIOLO_2006_SEPT_ENONCE.pdf,,,
CC,BIOLO,2007,ETE,NORMAL,,exams/CC/CC_BIOLO/CC_BIOLO_2007_ETE_ENONCE.pdf,,,
CC,BIOLO,2008,ETE,NORMAL,,exams/CC/CC_BIOLO/CC_BIOLO_2008_ETE_ENONCE.pdf,,,
CC,BIOLO,2009,ETE,NORMAL,,exams/CC/CC_BIOLO/CC_BIOLO_2009_ETE_ENONCE.pdf,,,
CC,BIOLO,2010,ETE,NORMAL,,exams/CC/CC_BIOLO/CC_BIOLO_2010_ETE_ENONCE.pdf,,,
CC,BIOLO,2011,ETE,NORMAL,,exams/CC/CC_BIOLO/CC_BIOLO_2011_ETE_ENONCE.pdf,,,
CC,BIOLO,2012,ETE,NORMAL,,exams/CC/CC_BIOLO/CC_BIOLO_2012_ETE_ENONCE.pdf,,,
CC,BIOLO,2013,ETE,NORMAL,,exams/CC/CC_BIOLO/CC_BIOLO_2013_ETE_ENONCE.pdf,,,
CC,BIOLO,2013,SEPT,NORMAL,,exams/CC/CC_BIOLO/CC_BIOLO_2013_SEPT_ENONCE.pdf,exams/CC/CC_BIOLO/CC_BIOLO_2013_SEPT_CORRIGE.pdf,,
CC,BIOLO,2014,ETE,NORMAL,,exams/CC/CC_BIOLO/CC_BIOLO_2014_ETE_ENONCE.pdf,exams/CC/CC_BIOLO/CC_BIOLO_2014_ETE_CORRIGE.pdf,,
CC,BIOLO,2014,SEPT,NORMAL,,exams/CC/CC_BIOLO/CC_BIOLO_2014_SEPT_ENONCE.pdf,exams/CC/CC_BIOLO/CC_BIOLO_2014_SEPT_CORRIGE.pdf,,
CC,BIOLO,2015,ETE,NORMAL,,exams/CC/CC_BIOLO/CC_BIOLO_2015_ETE_ENONCE.pdf,exams/CC/CC_BIOLO/CC_BIOLO_2015_ETE_CORRIGE.pdf,,
CC,BIOLO,2015,SEPT,NORMAL,,exams/CC/CC_BIOLO/CC_BIOLO_2015_SEPT_ENONCE.pdf,exams/CC/CC_BIOLO/CC_BIOLO_2015_SEPT_CORRIGE.pdf,,
CC,BIOLO,2016,ETE,NORMAL,,exams/CC/CC_BIOLO/CC_BIOLO_2016_ETE_ENONCE.pdf,,,
CC,BIOLO,2016,ETE,REP,,exams/CC/CC_BIOLO/CC_BIOLO_2016_ETE_REP_ENONCE.pdf,,,
CC,BIOLO,2017,ETE,NORMAL,,exams/CC/CC_BIOLO/CC_BIOLO_2017_ETE_ENONCE.pdf,,,
CC,BIOLO,2017,ETE,REP,,exams/CC/CC_BIOLO/CC_BIOLO_2017_ETE_REP_ENONCE.pdf,,,
CC,BIOLO,2018,ETE,NORMAL,,exams/CC/CC_BIOLO/CC_BIOLO_2018_ETE_ENONCE.pdf,,,
CC,BIOLO,2018,ETE,REP,,exams/CC/CC_BIOLO/CC_BIOLO_2018_ETE_REP_ENONCE.pdf,,,
CC,BIOLO,2019,ETE,NORMAL,,exams/CC/CC_BIOLO/CC_BIOLO_2019_ETE_ENONCE.pdf,,,
CC,BIOLO,2019,ETE,REP,,exams/CC/CC_BIOLO/CC_BIOLO_2019_ETE_REP_ENONCE.pdf,,,
CC,BIOLO,2019,SEPT,NORMAL,,exams/CC/CC_BIOLO/CC_BIOLO_2019_SEPT_ENONCE.pdf,,,
CC,BIOLO,2020,ETE,NORMAL,,exams/CC/CC_BIOLO/CC_BIOLO_2020_ETE_ENONCE.pdf,,,
CC,BIOLO,2020,SEPT,NORMAL,,exams/CC/CC_BIOLO/CC_BIOLO_2020_SEPT_ENONCE.pdf,,,
CC,BIOLO,2021,ETE,NORMAL,,exams/CC/CC_BIOLO/CC_BIOLO_2021_ETE_ENONCE.pdf,,,
CC,BIOLO,2022,ETE,NORMAL,,exams/CC/CC_BIOLO/CC_BIOLO_2022_ETE_ENONCE.pdf,,,
CC,BIOLO,2022,ETE,REP,,exams/CC/CC_BIOLO/CC_BIOLO_2022_ETE_REP_ENONCE.pdf,,,
CC,BIOLO,2022,SEPT,NORMAL,,exams/CC/CC_BIOLO/CC_BIOLO_2022_SEPT_ENONCE.pdf,,,
CC,BIOLO,2023,ETE,NORMAL,,exams/CC/CC_BIOLO/CC_BIOLO_2023_ETE_ENONCE.pdf,,,
CC,BIOLO,2023,ETE,REP,,exams/CC/CC_BIOLO/CC_BIOLO_2023_ETE_REP_ENONCE.pdf,,,
CC,BIOLO,2023,SEPT,NORMAL,,exams/CC/CC_BIOLO/CC_BIOLO_2023_SEPT_ENONCE.pdf,,,
CC,BIOLO,2023,SEPT,REP,,exams/CC/CC_BIOLO/CC_BIOLO_2023_SEPT_REP_ENONCE.pdf,,,
CC,BIOLO,2024,ETE,NORMAL,,exams/CC/CC_BIOLO/CC_BIOLO_2024_ETE_ENONCE.pdf,,,
CC,BIOLO,2024,ETE,REP,,exams/CC/CC_BIOLO/CC_BIOLO_2024_ETE_REP_ENONCE.pdf,,,
CC,BIOLO,2024,SEPT,NORMAL,,exams/CC/CC_BIOLO/CC_BIOLO_2024_SEPT_ENONCE.pdf,,,
CC,CHIMI,1997,ETE,NORMAL,,exams/CC/CC_CHIMI/CC_CHIMI_1997_ETE_ENONCE.pdf,exams/CC/CC_CHIMI/CC_CHIMI_1997_ETE_CORRIGE.pdf,,
CC,CHIMI,1998,ETE,NORMAL,,exams/CC/CC_CHIMI/CC_CHIMI_1998_ETE_ENONCE.pdf,exams/CC/CC_CHIMI/CC_CHIMI_1998_ETE_CORRIGE.pdf,,
CC,CHIMI,1998,ETE,REP,,exams/CC/CC_CHIMI/CC_CHIMI_1998_ETE_REP_ENONCE.pdf,,,
CC,CHIMI,1999,ETE,NORMAL,,exams/CC/CC_CHIMI/CC_CHIMI_1999_ETE_ENONCE.pdf,,,
CC,CHIMI,2000,ETE,NORMAL,,exams/CC/CC_CHIMI/CC_CHIMI_2000_ETE_ENONCE.pdf,,,
CC,CHIMI,2000,ETE,REP,,exams/CC/CC_CHIMI/CC_CHIMI_2000_ETE_REP_ENONCE.pdf,exams/CC/CC_CHIMI/CC_CHIMI_2000_ETE_REP_CORRIGE.pdf,,
CC,CHIMI,2000,SEPT,NORMAL,,exams/CC/CC_CHIMI/CC_CHIMI_2000_SEPT_ENONCE.pdf,exams/CC/CC_CHIMI/CC_CHIMI_2000_SEPT_CORRIGE.pdf,,
CC,CHIMI,2001,ETE,NORMAL,,exams/CC/CC_CHIMI/CC_CHIMI_2001_ETE_ENONCE.pdf,exams/CC/CC_CHIMI/CC_CHIMI_2001_ETE_CORRIGE.pdf,,
CC,CHIMI,2001,ETE,REP,,exams/CC/CC_CHIMI/CC_CHIMI_2001_ETE_REP_ENONCE.pdf,exams/CC/CC_CHIMI/CC_CHIMI_2001_ETE_REP_CORRIGE.pdf,,
CC,CHIMI,2001,SEPT,NORMAL,,exams/CC/CC_CHIMI/CC_CHIMI_2001_SEPT_ENONCE.pdf,exams/CC/CC_CHIMI/CC_CHIMI_2001_SEPT_CORRIGE.pdf,,
CC,CHIMI,2002,ETE,NORMAL,,exams/CC/CC_CHIMI/CC_CHIMI_2002_ETE_ENONCE.pdf,exams/CC/CC_CHIMI/CC_CHIMI_2002_ETE_CORRIGE.pdf,,
CC,CHIMI,2002,ETE,REP,,exams/CC/CC_CHIMI/CC_CHIMI_2002_ETE_REP_ENONCE.pdf,exams/CC/CC_CHIMI/CC_CHIMI_2002_ETE_REP_CORRIGE.pdf,,
CC,CHIMI,2002,SEPT,NORMAL,,exams/CC/CC_CHIMI/CC_CHIMI_2002_SEPT_ENONCE.pdf,exams/CC/CC_CHIMI/CC_CHIMI_2002_SEPT_CORRIGE.pdf,,
CC,CHIMI,2003,ETE,NORMAL,,exams/CC/CC_CHIMI/CC_CHIMI_2003_ETE_ENONCE.pdf,exams/CC/CC_CHIMI/CC_CHIMI_2003_ETE_CORRIGE.pdf,,
CC,CHIMI,2003,ETE,REP,,exams/CC/CC_CHIMI/CC_CHIMI_2003_ETE_REP_ENONCE.pdf,,,
CC,CHIMI,2003,SEPT,NORMAL,,exams/CC/CC_CHIMI/CC_CHIMI_2003_SEPT_ENONCE.pdf,exams/CC/CC_CHIMI/CC_CHIMI_2003_SEPT_CORRIGE.pdf,,
CC,CHIMI,2004,ETE,NORMAL,,exams/CC/CC_CHIMI/CC_CHIMI_2004_ETE_ENONCE.pdf,exams/CC/CC_CHIMI/CC_CHIMI_2004_ETE_CORRIGE.pdf,,
CC,CHIMI,2004,ETE,REP,,exams/CC/CC_CHIMI/CC_CHIMI_2004_ETE_REP_ENONCE.pdf,exams/CC/CC_CHIMI/CC_CHIMI_2004_ETE_REP_CORRIGE.pdf,,
CC,CHIMI,2004,SEPT,NORMAL,,exams/CC/CC_CHIMI/CC_CHIMI_2004_SEPT_ENONCE.pdf,exams/CC/CC_CHIMI/CC_CHIMI_2004_SEPT_CORRIGE.pdf,,
CC,CHIMI,2005,ETE,NORMAL,,exams/CC/CC_CHIMI/CC_CHIMI_2005_ETE_ENONCE.pdf,exams/CC/CC_CHIMI/CC_CHIMI_2005_ETE_CORRIGE.pdf,,
CC,CHIMI,2005,ETE,REP,,exams/CC/CC_CHIMI/CC_CHIMI_2005_ETE_REP_ENONCE.pdf,exams/CC/CC_CHIMI/CC_CHIMI_2005_ETE_REP_CORRIGE.pdf,,
CC,CHIMI,2006,ETE,NORMAL,,exams/CC/CC_CHIMI/CC_CHIMI_2006_ETE_ENONCE.pdf,exams/CC/CC_CHIMI/CC_CHIMI_2006_ETE_CORRIGE.pdf,,
CC,CHIMI,2006,SEPT,NORMAL,,exams/CC/CC_CHIMI/CC_CHIMI_2006_SEPT_ENONCE.pdf,exams/CC/CC_CHIMI/CC_CHIMI_2006_SEPT_CORRIGE.pdf,,
CC,CHIMI,2007,ETE,NORMAL,,exams/CC/CC_CHIMI/CC_CHIMI_2007_ETE_ENONCE.pdf,exams/CC/CC_CHIMI/CC_CHIMI_2007_ETE_CORRIGE.pdf,,
CC,CHIMI,2007,ETE,REP,,exams/CC/CC_CHIMI/CC_CHIMI_2007_ETE_REP_ENONCE.pdf,exams/CC/CC_CHIMI/CC_CHIMI_2007_ETE_REP_CORRIGE.pdf,,
CC,CHIMI,2007,SEPT,NORMAL,,exams/CC/CC_CHIMI/CC_CHIMI_2007_SEPT_ENONCE.pdf,exams/CC/CC_CHIMI/CC_CHIMI_2007_SEPT_CORRIGE.pdf,,
CC,CHIMI,2008,ETE,NORMAL,,exams/CC/CC_CHIMI/CC_CHIMI_2008_ETE_ENONCE.pdf,exams/CC/CC_CHIMI/CC_CHIMI_2008_ETE_CORRIGE.pdf,,
CC,CHIMI,2008,SEPT,NORMAL,,exams/CC/CC_CHIMI/CC_CHIMI_2008_SEPT_ENONCE.pdf,exams/CC/CC_CHIMI/CC_CHIMI_2008_SEPT_CORRIGE.pdf,,
CC,CHIMI,2009,ETE,NORMAL,,exams/CC/CC_CHIMI/CC_CHIMI_2009_ETE_ENONCE.pdf,exams/CC/CC_CHIMI/CC_CHIMI_2009_ETE_CORRIGE.pdf,,
CC,CHIMI,2009,ETE,REP,,exams/CC/CC_CHIMI/CC_CHIMI_2009_ETE_REP_ENONCE.pdf,exams/CC/CC_CHIMI/CC_CHIMI_2009_ETE_REP_CORRIGE.pdf,,
CC,CHIMI,2009,SEPT,NORMAL,,exams/CC/CC_CHIMI/CC_CHIMI_2009_SEPT_ENONCE.pdf,exams/CC/CC_CHIMI/CC_CHIMI_2009_SEPT_CORRIGE.pdf,,
CC,CHIMI,2010,ETE,NORMAL,,exams/CC/CC_CHIMI/CC_CHIMI_2010_ETE_ENONCE.pdf,exams/CC/CC_CHIMI/CC_CHIMI_2010_ETE_CORRIGE.pdf,,
CC,CHIMI,2010,SEPT,NORMAL,,exams/CC/CC_CHIMI/CC_CHIMI_2010_SEPT_ENONCE.pdf,exams/CC/CC_CHIMI/CC_CHIMI_2010_SEPT_CORRIGE.pdf,,
CC,CHIMI,2011,ETE,NORMAL,,exams/CC/CC_CHIMI/CC_CHIMI_2011_ETE_ENONCE.pdf,exams/CC/CC_CHIMI/CC_CHIMI_2011_ETE_CORRIGE.pdf,,
CC,CHIMI,2011,ETE,REP,,exams/CC/CC_CHIMI/CC_CHIMI_2011_ETE_REP_ENONCE.pdf,exams/CC/CC_CHIMI/CC_CHIMI_2011_ETE_REP_CORRIGE.pdf,,
CC,CHIMI,2011,SEPT,NORMAL,,exams/CC/CC_CHIMI/CC_CHIMI_2011_SEPT_ENONCE.pdf,exams/CC/CC_CHIMI/CC_CHIMI_2011_SEPT_CORRIGE.pdf,,
CC,CHIMI,2012,ETE,NORMAL,,exams/CC/CC_CHIMI/CC_CHIMI_2012_ETE_ENONCE.pdf,exams/CC/CC_CHIMI/CC_CHIMI_2012_ETE_CORRIGE.pdf,,
CC,CHIMI,2012,ETE,REP,,exams/CC/CC_CHIMI/CC_CHIMI_2012_ETE_REP_ENONCE.pdf,exams/CC/CC_CHIMI/CC_CHIMI_2012_ETE_REP_CORRIGE.pdf,,
CC,CHIMI,2012,SEPT,NORMAL,,exams/CC/CC_CHIMI/CC_CHIMI_2012_SEPT_ENONCE.pdf,exams/CC/CC_CHIMI/CC_CHIMI_2012_SEPT_CORRIGE.pdf,,
CC,CHIMI,2013,ETE,NORMAL,,exams/CC/CC_CHIMI/CC_CHIMI_2013_ETE_ENONCE.pdf,exams/CC/CC_CHIMI/CC_CHIMI_2013_ETE_CORRIGE.pdf,,
CC,CHIMI,2013,ETE,NORMAL,SPECIAL_EDITION,exams/CC/CC_CHIMI/CC_CHIMI_2013_ETE_SPECIAL_EDITION_ENONCE.pdf,exams/CC/CC_CHIMI/CC_CHIMI_2013_ETE_SPECIAL_EDITION_CORRIGE.pdf,,
CC,CHIMI,2013,ETE,REP,,exams/CC/CC_CHIMI/CC_CHIMI_2013_ETE_REP_ENONCE.pdf,exams/CC/CC_CHIMI/CC_CHIMI_2013_ETE_REP_CORRIGE.pdf,,
CC,CHIMI,2013,SEPT,NORMAL,,exams/CC/CC_CHIMI/CC_CHIMI_2013_SEPT_ENONCE.pdf,exams/CC/CC_CHIMI/CC_CHIMI_2013_SEPT_CORRIGE.pdf,,
CC,CHIMI,2013,SEPT,NORMAL,SPECIAL_EDITION,exams/CC/CC_CHIMI/CC_CHIMI_2013_SEPT_SPECIAL_EDITION_ENONCE.pdf,exams/CC/CC_CHIMI/CC_CHIMI_2013_SEPT_SPECIAL_EDITION_CORRIGE.pdf,,
CC,CHIMI,2014,ETE,NORMAL,,exams/CC/CC_CHIMI/CC_CHIMI_2014_ETE_ENONCE.pdf,exams/CC/CC_CHIMI/CC_CHIMI_2014_ETE_CORRIGE.pdf,,
CC,CHIMI,2014,ETE,REP,,exams/CC/CC_CHIMI/CC_CHIMI_2014_ETE_REP_ENONCE.pdf,exams/CC/CC_CHIMI/CC_CHIMI_2014_ETE_REP_CORRIGE.pdf,,
CC,CHIMI,2014,SEPT,NORMAL,,exams/CC/CC_CHIMI/CC_CHIMI_2014_SEPT_ENONCE.pdf,exams/CC/CC_CHIMI/CC_CHIMI_2014_SEPT_CORRIGE.pdf,,
CC,CHIMI,2014,SEPT,REP,,exams/CC/CC_CHIMI/CC_CHIMI_2014_SEPT_REP_ENONCE.pdf,exams/CC/CC_CHIMI/CC_CHIMI_2014_SEPT_REP_CORRIGE.pdf,,
CC,CHIMI,2015,ETE,NORMAL,,exams/CC/CC_CHIMI/CC_CHIMI_2015_ETE_ENONCE.pdf,exams/CC/CC_CHIMI/CC_CHIMI_2015_ETE_CORRIGE.pdf,,
CC,CHIMI,2015,ETE,REP,,exams/CC/CC_CHIMI/CC_CHIMI_2015_ETE_REP_ENONCE.pdf,exams/CC/CC_CHIMI/CC_CHIMI_2015_ETE_REP_CORRIGE.pdf,,
CC,CHIMI,2015,SEPT,NORMAL,,exams/CC/CC_CHIMI/CC_CHIMI_2015_SEPT_ENONCE.pdf,exams/CC/CC_CHIMI/CC_CHIMI_2015_SEPT_CORRIGE.pdf,,
CC,CHIMI,2016,ETE,NORMAL,,exams/CC/CC_CHIMI/CC_CHIMI_2016_ETE_ENONCE.pdf,exams/CC/CC_CHIMI/CC_CHIMI_2016_ETE_CORRIGE.pdf,,
CC,CHIMI,2016,ETE,REP,,exams/CC/CC_CHIMI/CC_CHIMI_2016_ETE_REP_ENONCE.pdf,exams/CC/CC_CHIMI/CC_CHIMI_2016_ETE_REP_CORRIGE.pdf,,
CC,CHIMI,2016,SEPT,NORMAL,,exams/CC/CC_CHIMI/CC_CHIMI_2016_SEPT_ENONCE.pdf,exams/CC/CC_CHIMI/CC_CHIMI_2016_SEPT_CORRIGE.pdf,,
CC,CHIMI,2016,SEPT,REP,,exams/CC/CC_CHIMI/CC_CHIMI_2016_SEPT_REP_ENONCE.pdf,exams/CC/CC_CHIMI/CC_CHIMI_2016_SEPT_REP_CORRIGE.pdf,,
CC,CHIMI,2017,ETE,NORMAL,,exams/CC/CC_CHIMI/CC_CHIMI_2017_ETE_ENONCE.pdf,exams/CC/CC_CHIMI/CC_CHIMI_2017_ETE_CORRIGE.pdf,,
CC,CHIMI,2017,ETE,REP,,exams/CC/CC_CHIMI/CC_CHIMI_2017_ETE_REP_ENONCE.pdf,exams/CC/CC_CHIMI/CC_CHIMI_2017_ETE_REP_CORRIGE.pdf,,
CC,CHIMI,2017,SEPT,NORMAL,,exams/CC/CC_CHIMI/CC_CHIMI_2017_SEPT_ENONCE.pdf,exams/CC/CC_CHIMI/CC_CHIMI_2017_SEPT_CORRIGE.pdf,,
CC,CHIMI,2017,SEPT,REP,,exams/CC/CC_CHIMI/CC_CHIMI_2017_SEPT_REP_ENONCE.pdf,exams/CC/CC_CHIMI/CC_CHIMI_2017_SEPT_REP_CORRIGE.pdf,,
CC,CHIMI,2018,ETE,NORMAL,,exams/CC/CC_CHIMI/CC_CHIMI_2018_ETE_ENONCE.pdf,exams/CC/CC_CHIMI/CC_CHIMI_2018_ETE_CORRIGE.pdf,,
CC,CHIMI,2018,ETE,REP,,exams/CC/CC_CHIMI/CC_CHIMI_2018_ETE_REP_ENONCE.pdf,exams/CC/CC_CHIMI/CC_CHIMI_2018_ETE_REP_CORRIGE.pdf,,
CC,CHIMI,2018,SEPT,NORMAL,,exams/CC/CC_CHIMI/CC_CHIMI_2018_SEPT_ENONCE.pdf,exams/CC/CC_CHIMI/CC_CHIMI_2018_SEPT_CORRIGE.pdf,,
CC,CHIMI,2018,SEPT,REP,,exams/CC/CC_CHIMI/CC_CHIMI_2018_SEPT_REP_ENONCE.pdf,exams/CC/CC_CHIMI/CC_CHIMI_2018_SEPT_REP_CORRIGE.pdf,,
CC,CHIMI,2019,ETE,NORMAL,,exams/CC/CC_CHIMI/CC_CHIMI_2019_ETE_ENONCE.pdf,exams/CC/CC_CHIMI/CC_CHIMI_2019_ETE_CORRIGE.pdf,,
CC,CHIMI,2019,ETE,REP,,exams/CC/CC_CHIMI/CC_CHIMI_2019_ETE_REP_ENONCE.pdf,,,
CC,CHIMI,2019,SEPT,NORMAL,,exams/CC/CC_CHIMI/CC_CHIMI_2019_SEPT_ENONCE.pdf,,,
CC,CHIMI,2019,SEPT,REP,,exams/CC/CC_CHIMI/CC_CHIMI_2019_SEPT_REP_ENONCE.pdf,,,
CC,CHIMI,2020,ETE,NORMAL,,exams/CC/CC_CHIMI/CC_CHIMI_2020_ETE_ENONCE.pdf,,,
CC,CHIMI,2020,SEPT,NORMAL,,exams/CC/CC_CHIMI/CC_CHIMI_2020_SEPT_ENONCE.pdf,,,
CC,CHIMI,2021,ETE,NORMAL,,exams/CC/CC_CHIMI/CC_CHIMI_2021_ETE_ENONCE.pdf,,,
CC,CHIMI,2022,ETE,NORMAL,,exams/CC/CC_CHIMI/CC_CHIMI_2022_ETE_ENONCE.pdf,,,
CC,CHIMI,2022,SEPT,NORMAL,,exams/CC/CC_CHIMI/CC_CHIMI_2022_SEPT_ENONCE.pdf,,,
CC,CHIMI,2023,ETE,NORMAL,,exams/CC/CC_CHIMI/CC_CHIMI_2023_ETE_ENONCE.pdf,,,
CC,CHIMI,2023,ETE,REP,,exams/CC/CC_CHIMI/CC_CHIMI_2023_ETE_REP_ENONCE.pdf,,,
CC,CHIMI,2023,SEPT,NORMAL,,exams/CC/CC_CHIMI/CC_CHIMI_2023_SEPT_ENONCE.pdf,,,
CC,CHIMI,2023,SEPT,REP,,exams/CC/CC_CHIMI/CC_CHIMI_2023_SEPT_REP_ENONCE.pdf,,,
CC,CHIMI,2024,ETE,NORMAL,,exams/CC/CC_CHIMI/CC_CHIMI_2024_ETE_ENONCE.pdf,,,
CC,CHIMI,2024,ETE,REP,,exams/CC/CC_CHIMI/CC_CHIMI_2024_ETE_REP_ENONCE.pdf,,,
CC,CHIMI,2024,SEPT,NORMAL,,exams/CC/CC_CHIMI/CC_CHIMI_2024_SEPT_ENONCE.pdf,,,
CC,CHIMI,2024,SEPT,REP,,exams/CC/CC_CHIMI/CC_CHIMI_2024_SEPT_REP_ENONCE.pdf,,,
CC,CHINO,2023,ETE,NORMAL,,exams/CC/CC_CHINO/CC_CHINO_2023_ETE_ENONCE.pdf,,,
CC,CHINO,2023,ETE,REP,,exams/CC/CC_CHINO/CC_CHINO_2023_ETE_REP_ENONCE.pdf,,,
CC,CHINO,2024,ETE,NORMAL,,exams/CC/CC_CHINO/CC_CHINO_2024_ETE_ENONCE.pdf,,,
CC,ECOGN,2005,ETE,NORMAL,,exams/CC/CC_ECOGN/CC_ECOGN_2005_ETE_ENONCE.pdf,,,
CC,ECOGN,2006,ETE,NORMAL,,exams/CC/CC_ECOGN/CC_ECOGN_2006_ETE_ENONCE.pdf,,,
CC,ECOGN,2006,SEPT,NORMAL,,exams/CC/CC_ECOGN/CC_ECOGN_2006_SEPT_ENONCE.pdf,,,
CC,ECOGN,2007,ETE,NORMAL,,exams/CC/CC_ECOGN/CC_ECOGN_2007_ETE_ENONCE.pdf,,,
CC,ECOGN,2008,ETE,NORMAL,,exams/CC/CC_ECOGN/CC_ECOGN_2008_ETE_ENONCE.pdf,,,
CC,ECOGN,2008,ETE,REP,,exams/CC/CC_ECOGN/CC_ECOGN_2008_ETE_REP_ENONCE.pdf,,,
CC,ECOGN,2009,ETE,NORMAL,,exams/CC/CC_ECOGN/CC_ECOGN_2009_ETE_ENONCE.pdf,,,
CC,ECOGN,2010,ETE,NORMAL,,exams/CC/CC_ECOGN/CC_ECOGN_2010_ETE_ENONCE.pdf,,,
CC,ECOGN,2011,ETE,NORMAL,,exams/CC/CC_ECOGN/CC_ECOGN_2011_ETE_ENONCE.pdf,,,
CC,ECOGN,2012,ETE,NORMAL,,exams/CC/CC_ECOGN/CC_ECOGN_2012_ETE_ENONCE.pdf,,,
CC,ECOGN,2013,ETE,NORMAL,,exams/CC/CC_ECOGN/CC_ECOGN_2013_ETE_ENONCE.pdf,,,
CC,ECOGN,2013,ETE,REP,,exams/CC/CC_ECOGN/CC_ECOGN_2013_ETE_REP_ENONCE.pdf,,,
CC,ECOGN,2014,ETE,NORMAL,,exams/CC/CC_ECOGN/CC_ECOGN_2014_ETE_ENONCE.pdf,,,
CC,ECOGN,2015,ETE,NORMAL,,exams/CC/CC_ECOGN/CC_ECOGN_2015_ETE_ENONCE.pdf,,,
CC,ECOGN,2015,ETE,REP,,exams/CC/CC_ECOGN/CC_ECOGN_2015_ETE_REP_ENONCE.pdf,,,
CC,ECOGN,2016,ETE,NORMAL,,exams/CC/CC_ECOGN/CC_ECOGN_2016_ETE_ENONCE.pdf,,,
CC,ECOGN,2016,ETE,REP,,exams/CC/CC_ECOGN/CC_ECOGN_2016_ETE_REP_ENONCE.pdf,,,
CC,ECOGN,2016,SEPT,NORMAL,,exams/CC/CC_ECOGN/CC_ECOGN_2016_SEPT_ENONCE.pdf,,,
CC,ECOGN,2017,ETE,NORMAL,,exams/CC/CC_ECOGN/CC_ECOGN_2017_ETE_ENONCE.pdf,,,
CC,ECOGN,2017,ETE,REP,,exams/CC/CC_ECOGN/CC_ECOGN_2017_ETE_REP_ENONCE.pdf,,,
CC,ECOGN,2018,ETE,NORMAL,,exams/CC/CC_ECOGN/CC_ECOGN_2018_ETE_ENONCE.pdf,,,
CC,ECOGN,2018,ETE,REP,,exams/CC/CC_ECOGN/CC_ECOGN_2018_ETE_REP_ENONCE.pdf,,,
CC,ECOGN,2020,ETE,NORMAL,,exams/CC/CC_ECOGN/CC_ECOGN_2020_ETE_ENONCE.pdf,,,
CC,ECOGN,2020,SEPT,NORMAL,,exams/CC/CC_ECOGN/CC_ECOGN_2020_SEPT_ENONCE.pdf,,,
CC,ECOGN,2021,ETE,NORMAL,,exams/CC/CC_ECOGN/CC_ECOGN_2021_ETE_ENONCE.pdf,,,
CC,ECOGN,2022,ETE,NORMAL,,exams/CC/CC_ECOGN/CC_ECOGN_2022_ETE_ENONCE.pdf,,,
CC,ECOGN,2022,SEPT,NORMAL,,exams/CC/CC_ECOGN/CC_ECOGN_2022_SEPT_ENONCE.pdf,,,
CC,ECOGN,2023,ETE,NORMAL,,exams/CC/CC_ECOGN/CC_ECOGN_2023_ETE_ENONCE.pdf,,,
CC,ECOGN,2023,ETE,REP,,exams/CC/CC_ECOGN/CC_ECOGN_2023_ETE_REP_ENONCE.pdf,,,
CC,ECOGN,2023,SEPT,NORMAL,,exams/CC/CC_ECOGN/CC_ECOGN_2023_SEPT_ENONCE.pdf,,,
CC,ECOGN,2023,SEPT,REP,,exams/CC/CC_ECOGN/CC_ECOGN_2023_SEPT_REP_ENONCE.pdf,,,
CC,ECOGN,2024,ETE,NORMAL,,exams/CC/CC_ECOGN/CC_ECOGN_2024_ETE_ENONCE.pdf,,,
CC,ECOGN,2024,ETE,REP,,exams/CC/CC_ECOGN/CC_ECOGN_2024_ETE_REP_ENONCE.pdf,,,
CC,ECOGN,2024,SEPT,NORMAL,,exams/CC/CC_ECOGN/CC_ECOGN_2024_SEPT_ENONCE.pdf,,,
CC,FRANC,2004,ETE,NORMAL,,exams/CC/CC_FRANC/CC_FRANC_2004_ETE_ENONCE.pdf,,,
CC,FRANC,2006,ETE,NORMAL,,exams/CC/CC_FRANC/CC_FRANC_2006_ETE_ENONCE.pdf,,,
CC,FRANC,2007,ETE,NORMAL,,exams/CC/CC_FRANC/CC_FRANC_2007_ETE_ENONCE.pdf,,,
CC,FRANC,2007,ETE,REP,,exams/CC/CC_FRANC/CC_FRANC_2007_ETE_REP_ENONCE.pdf,,,
CC,FRANC,2007,SEPT,NORMAL,,exams/CC/CC_FRANC/CC_FRANC_2007_SEPT_ENONCE.pdf,,,
CC,FRANC,2008,ETE,NORMAL,,exams/CC/CC_FRANC/CC_FRANC_2008_ETE_ENONCE.pdf,,,
CC,FRANC,2008,ETE,REP,,exams/CC/CC_FRANC/CC_FRANC_2008_ETE_REP_ENONCE.pdf,,,
CC,FRANC,2009,ETE,NORMAL,,exams/CC/CC_FRANC/CC_FRANC_2009_ETE_ENONCE.pdf,,,
CC,FRANC,2010,ETE,NORMAL,,exams/CC/CC_FRANC/CC_FRANC_2010_ETE_ENONCE.pdf,,,
CC,FRANC,2011,ETE,NORMAL,,exams/CC/CC_FRANC/CC_FRANC_2011_ETE_ENONCE.pdf,,,
CC,FRANC,2012,ETE,NORMAL,,exams/CC/CC_FRANC/CC_FRANC_2012_ETE_ENONCE.pdf,,,
CC,FRANC,2012,ETE,REP,,exams/CC/CC_FRANC/CC_FRANC_2012_ETE_REP_ENONCE.pdf,,,
CC,FRANC,2013,ETE,NORMAL,,exams/CC/CC_FRANC/CC_FRANC_2013_ETE_ENONCE.pdf,,,
CC,FRANC,2014,ETE,NORMAL,,exams/CC/CC_FRANC/CC_FRANC_2014_ETE_ENONCE.pdf,,,
CC,FRANC,2014,ETE,REP,,exams/CC/CC_FRANC/CC_FRANC_2014_ETE_REP_ENONCE.pdf,,,
CC,FRANC,2015,ETE,NORMAL,,exams/CC/CC_FRANC/CC_FRANC_2015_ETE_ENONCE.pdf,,,
CC,FRANC,2015,ETE,REP,,exams/CC/CC_FRANC/CC_FRANC_2015_ETE_REP_ENONCE.pdf,,,
CC,FRANC,2016,ETE,NORMAL,,exams/CC/CC_FRANC/CC_FRANC_2016_ETE_ENONCE.pdf,,,
CC,FRANC,2016,ETE,REP,,exams/CC/CC_FRANC/CC_FRANC_2016_ETE_REP_ENONCE.pdf,,,
CC,FRANC,2016,SEPT,NORMAL,,exams/CC/CC_FRANC/CC_FRANC_2016_SEPT_ENONCE.pdf,,,
CC,FRANC,2017,ETE,NORMAL,,exams/CC/CC_FRANC/CC_FRANC_2017_ETE_ENONCE.pdf,,,
CC,FRANC,2018,ETE,NORMAL,,exams/CC/CC_FRANC/CC_FRANC_2018_ETE_ENONCE.pdf,,,
CC,FRANC,2019,ETE,NORMAL,,exams/CC/CC_FRANC/CC_FRANC_2019_ETE_ENONCE.pdf,,,
CC,FRANC,2019,ETE,REP,,exams/CC/CC_FRANC/CC_FRANC_2019_ETE_REP_ENONCE.pdf,,,
CC,FRANC,2019,SEPT,NORMAL,,exams/CC/CC_FRANC/CC_FRANC_2019_SEPT_ENONCE.pdf,,,
CC,FRANC,2020,ETE,NORMAL,,exams/CC/CC_FRANC/CC_FRANC_2020_ETE_ENONCE.pdf,,,exams/CC/CC_FRANC/CC_FRANC_2020_ETE_ORAL.pdf
CC,FRANC,2020,SEPT,NORMAL,,exams/CC/CC_FRANC/CC_FRANC_2020_SEPT_ENONCE.pdf,,,
CC,FRANC,2021,ETE,NORMAL,,exams/CC/CC_FRANC/CC_FRANC_2021_ETE_ENONCE.pdf,,,
CC,FRANC,2022,ETE,NORMAL,,exams/CC/CC_FRANC/CC_FRANC_2022_ETE_ENONCE.pdf,,,
CC,FRANC,2022,ETE,REP,,exams/CC/CC_FRANC/CC_FRANC_2022_ETE_REP_ENONCE.pdf,,,
CC,FRANC,2022,SEPT,NORMAL,,exams/CC/CC_FRANC/CC_FRANC_2022_SEPT_ENONCE.pdf,,,
CC,FRANC,2023,ETE,NORMAL,,exams/CC/CC_FRANC/CC_FRANC_2023_ETE_ENONCE.pdf,,,
CC,FRANC,2023,ETE,REP,,exams/CC/CC_FRANC/CC_FRANC_2023_ETE_REP_ENONCE.pdf,,,
CC,FRANC,2023,SEPT,NORMAL,,exams/CC/CC_FRANC/CC_FRANC_2023_SEPT_ENONCE.pdf,,,
CC,FRANC,2023,SEPT,REP,,exams/CC/CC_FRANC/CC_FRANC_2023_SEPT_REP_ENONCE.pdf,,,
CC,FRANC,2024,ETE,NORMAL,,exams/CC/CC_FRANC/CC_FRANC_2024_ETE_ENONCE.pdf,,,
CC,FRANC,2024,SEPT,NORMAL,,exams/CC/CC_FRANC/CC_FRANC_2024_SEPT_ENONCE.pdf,,,
CC,HISTO,2005,ETE,NORMAL,,exams/CC/CC_HISTO/CC_HISTO_2005_ETE_ENONCE.pdf,,,
CC,HISTO,2006,ETE,NORMAL,,exams/CC/CC_HISTO/CC_HISTO_2006_ETE_ENONCE.pdf,,,
CC,HISTO,2006,ETE,REP,,exams/CC/CC_HISTO/CC_HISTO_2006_ETE_REP_ENONCE.pdf,,,
CC,HISTO,2007,ETE,NORMAL,,exams/CC/CC_HISTO/CC_HISTO_2007_ETE_ENONCE.pdf,,,
CC,HISTO,2007,ETE,REP,,exams/CC/CC_HISTO/CC_HISTO_2007_ETE_REP_ENONCE.pdf,,,
CC,HISTO,2008,ETE,NORMAL,,exams/CC/CC_HISTO/CC_HISTO_2008_ETE_ENONCE.pdf,,,
CC,HISTO,2008,ETE,REP,,exams/CC/CC_HISTO/CC_HISTO_2008_ETE_REP_ENONCE.pdf,,,
CC,HISTO,2009,ETE,NORMAL,,exams/CC/CC_HISTO/CC_HISTO_2009_ETE_ENONCE.pdf,,,
CC,HISTO,2010,ETE,NORMAL,,exams/CC/CC_HISTO/CC_HISTO_2010_ETE_ENONCE.pdf,,,
CC,HISTO,2011,ETE,NORMAL,,exams/CC/CC_HISTO/CC_HISTO_2011_ETE_ENONCE.pdf,,,
CC,HISTO,2012,ETE,NORMAL,,exams/CC/CC_HISTO/CC_HISTO_2012_ETE_ENONCE.pdf,,,
CC,HISTO,2012,ETE,REP,,exams/CC/CC_HISTO/CC_HISTO_2012_ETE_REP_ENONCE.pdf,,,
CC,HISTO,2013,ETE,NORMAL,,exams/CC/CC_HISTO/CC_HISTO_2013_ETE_ENONCE.pdf,,,
CC,HISTO,2014,ETE,NORMAL,,exams/CC/CC_HISTO/CC_HISTO_2014_ETE_ENONCE.pdf,,,
CC,HISTO,2015,ETE,NORMAL,,exams/CC/CC_HISTO/CC_HISTO_2015_ETE_ENONCE.pdf,,,
CC,HISTO,2015,ETE,REP,,exams/CC/CC_HISTO/CC_HISTO_2015_ETE_REP_ENONCE.pdf,,,
CC,HISTO,2016,ETE,NORMAL,,exams/CC/CC_HISTO/CC_HISTO_2016_ETE_ENONCE.pdf,exams/CC/CC_HISTO/CC_HISTO_2016_ETE_CORRIGE.pdf,,
CC,HISTO,2016,ETE,REP,,exams/CC/CC_HISTO/CC_HISTO_2016_ETE_REP_ENONCE.pdf,,,
CC,HISTO,2016,SEPT,NORMAL,,exams/CC/CC_HISTO/CC_HISTO_2016_SEPT_ENONCE.pdf,,,
CC,HISTO,2017,ETE,NORMAL,,exams/CC/CC_HISTO/CC_HISTO_2017_ETE_ENONCE.pdf,exams/CC/CC_HISTO/CC_HISTO_2017_ETE_CORRIGE.pdf,,
CC,HISTO,2018,ETE,NORMAL,,exams/CC/CC_HISTO/CC_HISTO_2018_ETE_ENONCE.pdf,,,
CC,HISTO,2020,ETE,NORMAL,,exams/CC/CC_HISTO/CC_HISTO_2020_ETE_ENONCE.pdf,,,
CC,HISTO,2020,SEPT,NORMAL,,exams/CC/CC_HISTO/CC_HISTO_2020_SEPT_ENONCE.pdf,,,
CC,HISTO,2021,ETE,NORMAL,,exams/CC/CC_HISTO/CC_HISTO_2021_ETE_ENONCE.pdf,,,
CC,HISTO,2022,ETE,NORMAL,,exams/CC/CC_HISTO/CC_HISTO_2022_ETE_ENONCE.pdf,,,
CC,HISTO,2022,SEPT,NORMAL,,exams/CC/CC_HISTO/CC_HISTO_2022_SEPT_ENONCE.pdf,,,
CC,LATIN,2005,ETE,NORMAL,,exams/CC/CC_LATIN/CC_LATIN_2005_ETE_ENONCE.pdf,exams/CC/CC_LATIN/CC_LATIN_2005_ETE_CORRIGE.pdf,,
CC,LATIN,2006,ETE,NORMAL,,exams/CC/CC_LATIN/CC_LATIN_2006_ETE_ENONCE.pdf,,,
CC,LATIN,2007,ETE,NORMAL,,exams/CC/CC_LATIN/CC_LATIN_2007_ETE_ENONCE.pdf,,,
CC,LATIN,2007,SEPT,NORMAL,,exams/CC/CC_LATIN/CC_LATIN_2007_SEPT_ENONCE.pdf,,,
CC,LATIN,2009,ETE,NORMAL,,exams/CC/CC_LATIN/CC_LATIN_2009_ETE_ENONCE.pdf,,,
CC,LATIN,2010,ETE,NORMAL,,exams/CC/CC_LATIN/CC_LATIN_2010_ETE_ENONCE.pdf,,,
CC,LATIN,2011,ETE,NORMAL,,exams/CC/CC_LATIN/CC_LATIN_2011_ETE_ENONCE.pdf,,,
CC,LATIN,2012,ETE,NORMAL,,exams/CC/CC_LATIN/CC_LATIN_2012_ETE_ENONCE.pdf,,,
CC,LATIN,2013,ETE,NORMAL,,exams/CC/CC_LATIN/CC_LATIN_2013_ETE_ENONCE.pdf,,,
CC,LATIN,2014,ETE,NORMAL,,exams/CC/CC_LATIN/CC_LATIN_2014_ETE_ENONCE.pdf,,,
CC,LATIN,2015,ETE,NORMAL,,exams/CC/CC_LATIN/CC_LATIN_2015_ETE_ENONCE.pdf,,,
CC,LATIN,2016,ETE,NORMAL,,exams/CC/CC_LATIN/CC_LATIN_2016_ETE_ENONCE.pdf,,,
CC,LATIN,2017,ETE,NORMAL,,exams/CC/CC_LATIN/CC_LATIN_2017_ETE_ENONCE.pdf,,,
CC,LATIN,2018,ETE,NORMAL,,exams/CC/CC_LATIN/CC_LATIN_2018_ETE_ENONCE.pdf,,,
CC,LATIN,2019,ETE,NORMAL,,exams/CC/CC_LATIN/CC_LATIN_2019_ETE_ENONCE.pdf,,,
CC,LATIN,2020,ETE,NORMAL,,exams/CC/CC_LATIN/CC_LATIN_2020_ETE_ENONCE.pdf,,,
CC,LATIN,2021,ETE,NORMAL,,exams/CC/CC_LATIN/CC_LATIN_2021_ETE_ENONCE.pdf,,,
CC,LATIN,2022,ETE,NORMAL,,exams/CC/CC_LATIN/CC_LATIN_2022_ETE_ENONCE.pdf,,,
CC,LATIN,2022,SEPT,NORMAL,,exams/CC/CC_LATIN/CC_LATIN_2022_SEPT_ENONCE.pdf,,,
CC,LATIN,2023,ETE,NORMAL,,exams/CC/CC_LATIN/CC_LATIN_2023_ETE_ENONCE.pdf,,,
CC,LATIN,2023,SEPT,NORMAL,,exams/CC/CC_LATIN/CC_LATIN_2023_SEPT_ENONCE.pdf,,,
CC,LATIN,2023,SEPT,REP,,exams/CC/CC_LATIN/CC_LATIN_2023_SEPT_REP_ENONCE.pdf,,,
CC,LATIN,2024,ETE,NORMAL,,exams/CC/CC_LATIN/CC_LATIN_2024_ETE_ENONCE.pdf,,,
CC,LATIN,2024,ETE,REP,,exams/CC/CC_LATIN/CC_LATIN_2024_ETE_REP_ENONCE.pdf,,,
CC,MATH1,2005,ETE,NORMAL,,exams/CC/CC_MATH1/CC_MATH1_2005_ETE_ENONCE.pdf,exams/CC/CC_MATH1/CC_MATH1_2005_ETE_CORRIGE.pdf,,
CC,MATH1,2006,ETE,NORMAL,,exams/CC/CC_MATH1/CC_MATH1_2006_ETE_ENONCE.pdf,exams/CC/CC_MATH1/CC_MATH1_2006_ETE_CORRIGE.pdf,,
CC,MATH1,2006,SEPT,NORMAL,,exams/CC/CC_MATH1/CC_MATH1_2006_SEPT_ENONCE.pdf,exams/CC/CC_MATH1/CC_MATH1_2006_SEPT_CORRIGE.pdf,,
CC,MATH1,2007,ETE,NORMAL,,exams/CC/CC_MATH1/CC_MATH1_2007_ETE_ENONCE.pdf,exams/CC/CC_MATH1/CC_MATH1_2007_ETE_CORRIGE.pdf,,
CC,MATH1,2007,SEPT,NORMAL,,exams/CC/CC_MATH1/CC_MATH1_2007_SEPT_ENONCE.pdf,exams/CC/CC_MATH1/CC_MATH1_2007_SEPT_CORRIGE.pdf,,
CC,MATH1,2008,ETE,NORMAL,,exams/CC/CC_MATH1/CC_MATH1_2008_ETE_ENONCE.pdf,exams/CC/CC_MATH1/CC_MATH1_2008_ETE_CORRIGE.pdf,,
CC,MATH1,2008,ETE,REP,,exams/CC/CC_MATH1/CC_MATH1_2008_ETE_REP_ENONCE.pdf,,,
CC,MATH1,2008,SEPT,NORMAL,,exams/CC/CC_MATH1/CC_MATH1_2008_SEPT_ENONCE.pdf,exams/CC/CC_MATH1/CC_MATH1_2008_SEPT_CORRIGE.pdf,,
CC,MATH1,2009,ETE,NORMAL,,exams/CC/CC_MATH1/CC_MATH1_2009_ETE_ENONCE.pdf,exams/CC/CC_MATH1/CC_MATH1_2009_ETE_CORRIGE.pdf,,
CC,MATH1,2009,ETE,REP,,exams/CC/CC_MATH1/CC_MATH1_2009_ETE_REP_ENONCE.pdf,exams/CC/CC_MATH1/CC_MATH1_2009_ETE_REP_CORRIGE.pdf,,
CC,MATH1,2009,SEPT,NORMAL,,exams/CC/CC_MATH1/CC_MATH1_2009_SEPT_ENONCE.pdf,exams/CC/CC_MATH1/CC_MATH1_2009_SEPT_CORRIGE.pdf,,
CC,MATH1,2010,ETE,NORMAL,,exams/CC/CC_MATH1/CC_MATH1_2010_ETE_ENONCE.pdf,exams/CC/CC_MATH1/CC_MATH1_2010_ETE_CORRIGE.pdf,,
CC,MATH1,2010,ETE,REP,,exams/CC/CC_MATH1/CC_MATH1_2010_ETE_REP_ENONCE.pdf,exams/CC/CC_MATH1/CC_MATH1_2010_ETE_REP_CORRIGE.pdf,,
CC,MATH1,2010,SEPT,NORMAL,,exams/CC/CC_MATH1/CC_MATH1_2010_SEPT_ENONCE.pdf,exams/CC/CC_MATH1/CC_MATH1_2010_SEPT_CORRIGE.pdf,,
CC,MATH1,2011,ETE,NORMAL,,exams/CC/CC_MATH1/CC_MATH1_2011_ETE_ENONCE.pdf,exams/CC/CC_MATH1/CC_MATH1_2011_ETE_CORRIGE.pdf,,
CC,MATH1,2011,SEPT,NORMAL,,exams/CC/CC_MATH1/CC_MATH1_2011_SEPT_ENONCE.pdf,exams/CC/CC_MATH1/CC_MATH1_2011_SEPT_CORRIGE.pdf,,
CC,MATH1,2012,ETE,NORMAL,,exams/CC/CC_MATH1/CC_MATH1_2012_ETE_ENONCE.pdf,exams/CC/CC_MATH1/CC_MATH1_2012_ETE_CORRIGE.pdf,,
CC,MATH1,2012,ETE,REP,,exams/CC/CC_MATH1/CC_MATH1_2012_ETE_REP_ENONCE.pdf,exams/CC/CC_MATH1/CC_MATH1_2012_ETE_REP_CORRIGE.pdf,,
CC,MATH1,2012,SEPT,NORMAL,,exams/CC/CC_MATH1/CC_MATH1_2012_SEPT_ENONCE.pdf,exams/CC/CC_MATH1/CC_MATH1_2012_SEPT_CORRIGE.pdf,,
CC,MATH1,2013,ETE,NORMAL,,exams/CC/CC_MATH1/CC_MATH1_2013_ETE_ENONCE.pdf,exams/CC/CC_MATH1/CC_MATH1_2013_ETE_CORRIGE.pdf,,
CC,MATH1,2013,SEPT,NORMAL,,exams/CC/CC_MATH1/CC_MATH1_2013_SEPT_ENONCE.pdf,exams/CC/CC_MATH1/CC_MATH1_2013_SEPT_CORRIGE.pdf,,
CC,MATH1,2014,ETE,NORMAL,,exams/CC/CC_MATH1/CC_MATH1_2014_ETE_ENONCE.pdf,exams/CC/CC_MATH1/CC_MATH1_2014_ETE_CORRIGE.pdf,,
CC,MATH1,2014,ETE,REP,,exams/CC/CC_MATH1/CC_MATH1_2014_ETE_REP_ENONCE.pdf,exams/CC/CC_MATH1/CC_MATH1_2014_ETE_REP_CORRIGE.pdf,,
CC,MATH1,2014,SEPT,NORMAL,,exams/CC/CC_MATH1/CC_MATH1_2014_SEPT_ENONCE.pdf,exams/CC/CC_MATH1/CC_MATH1_2014_SEPT_CORRIGE.pdf,,
CC,MATH1,2015,ETE,NORMAL,,exams/CC/CC_MATH1/CC_MATH1_2015_ETE_ENONCE.pdf,exams/CC/CC_MATH1/CC_MATH1_2015_ETE_CORRIGE.pdf,,
CC,MATH1,2015,ETE,REP,,exams/CC/CC_MATH1/CC_MATH1_2015_ETE_REP_ENONCE.pdf,,,
CC,MATH1,2015,SEPT,NORMAL,,exams/CC/CC_MATH1/CC_MATH1_2015_SEPT_ENONCE.pdf,exams/CC/CC_MATH1/CC_MATH1_2015_SEPT_CORRIGE.pdf,,
CC,MATH1,2016,ETE,NORMAL,,exams/CC/CC_MATH1/CC_MATH1_2016_ETE_ENONCE.pdf,exams/CC/CC_MATH1/CC_MATH1_2016_ETE_CORRIGE.pdf,,
CC,MATH1,2016,SEPT,NORMAL,,exams/CC/CC_MATH1/CC_MATH1_2016_SEPT_ENONCE.pdf,exams/CC/CC_MATH1/CC_MATH1_2016_SEPT_CORRIGE.pdf,,
CC,MATH1,2017,ETE,NORMAL,,exams/CC/CC_MATH1/CC_MATH1_2017_ETE_ENONCE.pdf,exams/CC/CC_MATH1/CC_MATH1_2017_ETE_CORRIGE.pdf,,
CC,MATH1,2018,ETE,NORMAL,,exams/CC/CC_MATH1/CC_MATH1_2018_ETE_ENONCE.pdf,exams/CC/CC_MATH1/CC_MATH1_2018_ETE_CORRIGE.pdf,,
CC,MATH1,2018,ETE,REP,,exams/CC/CC_MATH1/CC_MATH1_2018_ETE_REP_ENONCE.pdf,,,
CC,MATH1,2018,SEPT,NORMAL,,exams/CC/CC_MATH1/CC_MATH1_2018_SEPT_ENONCE.pdf,exams/CC/CC_MATH1/CC_MATH1_2018_SEPT_CORRIGE.pdf,,
CC,MATH1,2019,ETE,NORMAL,,exams/CC/CC_MATH1/CC_MATH1_2019_ETE_ENONCE.pdf,exams/CC/CC_MATH1/CC_MATH1_2019_ETE_CORRIGE.pdf,,
CC,MATH1,2019,SEPT,AJOU,,exams/CC/CC_MATH1/CC_MATH1_2019_SEPT_AJOU_ENONCE.pdf,,,
CC,MATH1,2019,SEPT,NORMAL,,exams/CC/CC_MATH1/CC_MATH1_2019_SEPT_ENONCE.pdf,exams/CC/CC_MATH1/CC_MATH1_2019_SEPT_CORRIGE.pdf,,
CC,MATH1,2020,ETE,NORMAL,,exams/CC/CC_MATH1/CC_MATH1_2020_ETE_ENONCE.pdf,exams/CC/CC_MATH1/CC_MATH1_2020_ETE_CORRIGE.pdf,,
CC,MATH1,2020,SEPT,NORMAL,,exams/CC/CC_MATH1/CC_MATH1_2020_SEPT_ENONCE.pdf,exams/CC/CC_MATH1/CC_MATH1_2020_SEPT_CORRIGE.pdf,,
CC,MATH1,2021,ETE,NORMAL,,exams/CC/CC_MATH1/CC_MATH1_2021_ETE_ENONCE.pdf,exams/CC/CC_MATH1/CC_MATH1_2021_ETE_CORRIGE.pdf,,
CC,MATH1,2021,ETE,REP,,exams/CC/CC_MATH1/CC_MATH1_2021_ETE_REP_ENONCE.pdf,exams/CC/CC_MATH1/CC_MATH1_2021_ETE_REP_CORRIGE.pdf,,
CC,MATH1,2021,SEPT,NORMAL,,exams/CC/CC_MATH1/CC_MATH1_2021_SEPT_ENONCE.pdf,exams/CC/CC_MATH1/CC_MATH1_2021_SEPT_CORRIGE.pdf,,
CC,MATH1,2022,ETE,NORMAL,,exams/CC/CC_MATH1/CC_MATH1_2022_ETE_ENONCE.pdf,exams/CC/CC_MATH1/CC_MATH1_2022_ETE_CORRIGE.pdf,,
CC,MATH1,2022,ETE,REP,,exams/CC/CC_MATH1/CC_MATH1_2022_ETE_REP_ENONCE.pdf,exams/CC/CC_MATH1/CC_MATH1_2022_ETE_REP_CORRIGE.pdf,,
CC,MATH1,2023,ETE,NORMAL,,exams/CC/CC_MATH1/CC_MATH1_2023_ETE_ENONCE.pdf,exams/CC/CC_MATH1/CC_MATH1_2023_ETE_CORRIGE.pdf,,
CC,MATH1,2023,SEPT,NORMAL,,exams/CC/CC_MATH1/CC_MATH1_2023_SEPT_ENONCE.pdf,exams/CC/CC_MATH1/CC_MATH1_2023_SEPT_CORRIGE.pdf,,
CC,MATH1,2024,ETE,NORMAL,,exams/CC/CC_MATH1/CC_MATH1_2024_ETE_ENONCE.pdf,exams/CC/CC_MATH1/CC_MATH1_2024_ETE_CORRIGE.pdf,,
CC,MATH1,2024,ETE,REP,,exams/CC/CC_MATH1/CC_MATH1_2024_ETE_REP_ENONCE.pdf,exams/CC/CC_MATH1/CC_MATH1_2024_ETE_REP_CORRIGE.pdf,,
CC,MATH1,2024,SEPT,NORMAL,,exams/CC/CC_MATH1/CC_MATH1_2024_SEPT_ENONCE.pdf,exams/CC/CC_MATH1/CC_MATH1_2024_SEPT_CORRIGE.pdf,,
CC,MATH1,2025,ETE,NORMAL,,exams/CC/CC_MATH1/CC_MATH1_2025_ETE_ENONCE.pdf,exams/CC/CC_MATH1/CC_MATH1_2025_ETE_CORRIGE.pdf,,
CC,MATH1,2025,SEPT,NORMAL,,exams/CC/CC_MATH1/CC_MATH1_2025_SEPT_ENONCE.pdf,exams/CC/CC_MATH1/CC_MATH1_2025_SEPT_CORRIGE.pdf,,
CC,MATH2,2005,ETE,NORMAL,,exams/CC/CC_MATH2/CC_MATH2_2005_ETE_ENONCE.pdf,exams/CC/CC_MATH2/CC_MATH2_2005_ETE_CORRIGE.pdf,,
CC,MATH2,2006,ETE,NORMAL,,exams/CC/CC_MATH2/CC_MATH2_2006_ETE_ENONCE.pdf,exams/CC/CC_MATH2/CC_MATH2_2006_ETE_CORRIGE.pdf,,
CC,MATH2,2006,SEPT,NORMAL,,exams/CC/CC_MATH2/CC_MATH2_2006_SEPT_ENONCE.pdf,exams/CC/CC_MATH2/CC_MATH2_2006_SEPT_CORRIGE.pdf,,
CC,MATH2,2007,ETE,NORMAL,,exams/CC/CC_MATH2/CC_MATH2_2007_ETE_ENONCE.pdf,exams/CC/CC_MATH2/CC_MATH2_2007_ETE_CORRIGE.pdf,,
CC,MATH2,2007,ETE,REP,,exams/CC/CC_MATH2/CC_MATH2_2007_ETE_REP_ENONCE.pdf,exams/CC/CC_MATH2/CC_MATH2_2007_ETE_REP_CORRIGE.pdf,,
CC,MATH2,2007,SEPT,NORMAL,,exams/CC/CC_MATH2/CC_MATH2_2007_SEPT_ENONCE.pdf,exams/CC/CC_MATH2/CC_MATH2_2007_SEPT_CORRIGE.pdf,,
CC,MATH2,2008,ETE,NORMAL,,exams/CC/CC_MATH2/CC_MATH2_2008_ETE_ENONCE.pdf,exams/CC/CC_MATH2/CC_MATH2_2008_ETE_CORRIGE.pdf,,
CC,MATH2,2008,ETE,REP,,exams/CC/CC_MATH2/CC_MATH2_2008_ETE_REP_ENONCE.pdf,exams/CC/CC_MATH2/CC_MATH2_2008_ETE_REP_CORRIGE.pdf,,
CC,MATH2,2008,SEPT,NORMAL,,exams/CC/CC_MATH2/CC_MATH2_2008_SEPT_ENONCE.pdf,exams/CC/CC_MATH2/CC_MATH2_2008_SEPT_CORRIGE.pdf,,
CC,MATH2,2009,ETE,NORMAL,,exams/CC/CC_MATH2/CC_MATH2_2009_ETE_ENONCE.pdf,exams/CC/CC_MATH2/CC_MATH2_2009_ETE_CORRIGE.pdf,,
CC,MATH2,2009,ETE,REP,,exams/CC/CC_MATH2/CC_MATH2_2009_ETE_REP_ENONCE.pdf,exams/CC/CC_MATH2/CC_MATH2_2009_ETE_REP_CORRIGE.pdf,,
CC,MATH2,2009,SEPT,NORMAL,,exams/CC/CC_MATH2/CC_MATH2_2009_SEPT_ENONCE.pdf,exams/CC/CC_MATH2/CC_MATH2_2009_SEPT_CORRIGE.pdf,,
CC,MATH2,2010,ETE,NORMAL,,exams/CC/CC_MATH2/CC_MATH2_2010_ETE_ENONCE.pdf,exams/CC/CC_MATH2/CC_MATH2_2010_ETE_CORRIGE.pdf,,
CC,MATH2,2010,ETE,REP,,exams/CC/CC_MATH2/CC_MATH2_2010_ETE_REP_ENONCE.pdf,exams/CC/CC_MATH2/CC_MATH2_2010_ETE_REP_CORRIGE.pdf,,
CC,MATH2,2010,SEPT,NORMAL,,exams/CC/CC_MATH2/CC_MATH2_2010_SEPT_ENONCE.pdf,exams/CC/CC_MATH2/CC_MATH2_2010_SEPT_CORRIGE.pdf,,
CC,MATH2,2011,ETE,NORMAL,,exams/CC/CC_MATH2/CC_MATH2_2011_ETE_ENONCE.pdf,exams/CC/CC_MATH2/CC_MATH2_2011_ETE_CORRIGE.pdf,,
CC,MATH2,2011,SEPT,NORMAL,,exams/CC/CC_MATH2/CC_MATH2_2011_SEPT_ENONCE.pdf,exams/CC/CC_MATH2/CC_MATH2_2011_SEPT_CORRIGE.pdf,,
CC,MATH2,2012,ETE,NORMAL,,exams/CC/CC_MATH2/CC_MATH2_2012_ETE_ENONCE.pdf,exams/CC/CC_MATH2/CC_MATH2_2012_ETE_CORRIGE.pdf,,
CC,MATH2,2012,SEPT,NORMAL,,exams/CC/CC_MATH2/CC_MATH2_2012_SEPT_ENONCE.pdf,exams/CC/CC_MATH2/CC_MATH2_2012_SEPT_CORRIGE.pdf,,
CC,MATH2,2013,ETE,NORMAL,,exams/CC/CC_MATH2/CC_MATH2_2013_ETE_ENONCE.pdf,exams/CC/CC_MATH2/CC_MATH2_2013_ETE_CORRIGE.pdf,,
CC,MATH2,2013,ETE,REP,,exams/CC/CC_MATH2/CC_MATH2_2013_ETE_REP_ENONCE.pdf,exams/CC/CC_MATH2/CC_MATH2_2013_ETE_REP_CORRIGE.pdf,,
CC,MATH2,2013,SEPT,NORMAL,,exams/CC/CC_MATH2/CC_MATH2_2013_SEPT_ENONCE.pdf,exams/CC/CC_MATH2/CC_MATH2_2013_SEPT_CORRIGE.pdf,,
CC,MATH2,2014,ETE,NORMAL,,exams/CC/CC_MATH2/CC_MATH2_2014_ETE_ENONCE.pdf,exams/CC/CC_MATH2/CC_MATH2_2014_ETE_CORRIGE.pdf,,
CC,MATH2,2014,SEPT,NORMAL,,exams/CC/CC_MATH2/CC_MATH2_2014_SEPT_ENONCE.pdf,exams/CC/CC_MATH2/CC_MATH2_2014_SEPT_CORRIGE.pdf,,
CC,MATH2,2015,ETE,NORMAL,,exams/CC/CC_MATH2/CC_MATH2_2015_ETE_ENONCE.pdf,exams/CC/CC_MATH2/CC_MATH2_2015_ETE_CORRIGE.pdf,,
CC,MATH2,2015,ETE,REP,,exams/CC/CC_MATH2/CC_MATH2_2015_ETE_REP_ENONCE.pdf,exams/CC/CC_MATH2/CC_MATH2_2015_ETE_REP_CORRIGE.pdf,,
CC,MATH2,2015,SEPT,NORMAL,,exams/CC/CC_MATH2/CC_MATH2_2015_SEPT_ENONCE.pdf,exams/CC/CC_MATH2/CC_MATH2_2015_SEPT_CORRIGE.pdf,,
CC,MATH2,2016,ETE,NORMAL,,exams/CC/CC_MATH2/CC_MATH2_2016_ETE_ENONCE.pdf,exams/CC/CC_MATH2/CC_MATH2_2016_ETE_CORRIGE.pdf,,
CC,MATH2,2016,ETE,REP,,exams/CC/CC_MATH2/CC_MATH2_2016_ETE_REP_ENONCE.pdf,exams/CC/CC_MATH2/CC_MATH2_2016_ETE_REP_CORRIGE.pdf,,
CC,MATH2,2016,SEPT,NORMAL,,exams/CC/CC_MATH2/CC_MATH2_2016_SEPT_ENONCE.pdf,exams/CC/CC_MATH2/CC_MATH2_2016_SEPT_CORRIGE.pdf,,
CC,MATH2,2017,ETE,NORMAL,,exams/CC/CC_MATH2/CC_MATH2_2017_ETE_ENONCE.pdf,exams/CC/CC_MATH2/CC_MATH2_2017_ETE_CORRIGE.pdf,,
CC,MATH2,2017,ETE,REP,,exams/CC/CC_MATH2/CC_MATH2_2017_ETE_REP_ENONCE.pdf,exams/CC/CC_MATH2/CC_MATH2_2017_ETE_REP_CORRIGE.pdf,,
CC,MATH2,2017,SEPT,NORMAL,,exams/CC/CC_MATH2/CC_MATH2_2017_SEPT_ENONCE.pdf,exams/CC/CC_MATH2/CC_MATH2_2017_SEPT_CORRIGE.pdf,,
CC,MATH2,2018,ETE,NORMAL,,exams/CC/CC_MATH2/CC_MATH2_2018_ETE_ENONCE.pdf,exams/CC/CC_MATH2/CC_MATH2_2018_ETE_CORRIGE.pdf,,
CC,MATH2,2018,SEPT,NORMAL,,exams/CC/CC_MATH2/CC_MATH2_2018_SEPT_ENONCE.pdf,exams/CC/CC_MATH2/CC_MATH2_2018_SEPT_CORRIGE.pdf,,
CC,MATH2,2019,ETE,NORMAL,,exams/CC/CC_MATH2/CC_MATH2_2019_ETE_ENONCE.pdf,exams/CC/CC_MATH2/CC_MATH2_2019_ETE_CORRIGE.pdf,,
CC,MATH2,2019,SEPT,AJOU,,exams/CC/CC_MATH2/CC_MATH2_2019_SEPT_AJOU_ENONCE.pdf,,,
CC,MATH2,2019,SEPT,NORMAL,,exams/CC/CC_MATH2/CC_MATH2_2019_SEPT_ENONCE.pdf,exams/CC/CC_MATH2/CC_MATH2_2019_SEPT_CORRIGE.pdf,,
CC,MATH2,2020,ETE,NORMAL,,exams/CC/CC_MATH2/CC_MATH2_2020_ETE_ENONCE.pdf,exams/CC/CC_MATH2/CC_MATH2_2020_ETE_CORRIGE.pdf,,
CC,MATH2,2020,SEPT,NORMAL,,exams/CC/CC_MATH2/CC_MATH2_2020_SEPT_ENONCE.pdf,exams/CC/CC_MATH2/CC_MATH2_2020_SEPT_CORRIGE.pdf,,
CC,MATH2,2021,ETE,NORMAL,,exams/CC/CC_MATH2/CC_MATH2_2021_ETE_ENONCE.pdf,exams/CC/CC_MATH2/CC_MATH2_2021_ETE_CORRIGE.pdf,,
CC,MATH2,2021,ETE,REP,,exams/CC/CC_MATH2/CC_MATH2_2021_ETE_REP_ENONCE.pdf,exams/CC/CC_MATH2/CC_MATH2_2021_ETE_REP_CORRIGE.pdf,,
CC,MATH2,2021,SEPT,NORMAL,,exams/CC/CC_MATH2/CC_MATH2_2021_SEPT_ENONCE.pdf,exams/CC/CC_MATH2/CC_MATH2_2021_SEPT_CORRIGE.pdf,,
CC,MATH2,2022,ETE,NORMAL,,exams/CC/CC_MATH2/CC_MATH2_2022_ETE_ENONCE.pdf,exams/CC/CC_MATH2/CC_MATH2_2022_ETE_CORRIGE.pdf,,
CC,MATH2,2022,ETE,REP,,exams/CC/CC_MATH2/CC_MATH2_2022_ETE_REP_ENONCE.pdf,exams/CC/CC_MATH2/CC_MATH2_2022_ETE_REP_CORRIGE.pdf,,
CC,MATH2,2023,ETE,NORMAL,,exams/CC/CC_MATH2/CC_MATH2_2023_ETE_ENONCE.pdf,exams/CC/CC_MATH2/CC_MATH2_2023_ETE_CORRIGE.pdf,,
CC,MATH2,2023,ETE,REP,,exams/CC/CC_MATH2/CC_MATH2_2023_ETE_REP_ENONCE.pdf,exams/CC/CC_MATH2/CC_MATH2_2023_ETE_REP_CORRIGE.pdf,,
CC,MATH2,2023,SEPT,NORMAL,,exams/CC/CC_MATH2/CC_MATH2_2023_SEPT_ENONCE.pdf,exams/CC/CC_MATH2/CC_MATH2_2023_SEPT_CORRIGE.pdf,,
CC,MATH2,2024,ETE,NORMAL,,exams/CC/CC_MATH2/CC_MATH2_2024_ETE_ENONCE.pdf,exams/CC/CC_MATH2/CC_MATH2_2024_ETE_CORRIGE.pdf,,
CC,MATH2,2024,SEPT,NORMAL,,exams/CC/CC_MATH2/CC_MATH2_2024_SEPT_ENONCE.pdf,exams/CC/CC_MATH2/CC_MATH2_2024_SEPT_CORRIGE.pdf,,
CC,MATH2,2025,ETE,NORMAL,,exams/CC/CC_MATH2/CC_MATH2_2025_ETE_ENONCE.pdf,exams/CC/CC_MATH2/CC_MATH2_2025_ETE_CORRIGE.pdf,,
CC,MATH2,2025,ETE,REP,,exams/CC/CC_MATH2/CC_MATH2_2025_ETE_REP_ENONCE.pdf,exams/CC/CC_MATH2/CC_MATH2_2025_ETE_REP_CORRIGE.pdf,,
CC,MATH2,2025,SEPT,NORMAL,,exams/CC/CC_MATH2/CC_MATH2_2025_SEPT_ENONCE.pdf,exams/CC/CC_MATH2/CC_MATH2_2025_SEPT_CORRIGE.pdf,,
CC,PHILO,2005,ETE,NORMAL,,exams/CC/CC_PHILO/CC_PHILO_2005_ETE_ENONCE.pdf,,,
CC,PHILO,2007,ETE,NORMAL,,exams/CC/CC_PHILO/CC_PHILO_2007_ETE_ENONCE.pdf,,,
CC,PHILO,2007,ETE,REP,,exams/CC/CC_PHILO/CC_PHILO_2007_ETE_REP_ENONCE.pdf,,,
CC,PHILO,2008,ETE,NORMAL,,exams/CC/CC_PHILO/CC_PHILO_2008_ETE_ENONCE.pdf,,,
CC,PHILO,2009,ETE,NORMAL,,exams/CC/CC_PHILO/CC_PHILO_2009_ETE_ENONCE.pdf,,,
CC,PHILO,2010,ETE,NORMAL,,exams/CC/CC_PHILO/CC_PHILO_2010_ETE_ENONCE.pdf,,,
CC,PHILO,2011,ETE,NORMAL,,exams/CC/CC_PHILO/CC_PHILO_2011_ETE_ENONCE.pdf,,,
CC,PHILO,2012,ETE,NORMAL,,exams/CC/CC_PHILO/CC_PHILO_2012_ETE_ENONCE.pdf,,,
CC,PHILO,2013,ETE,NORMAL,,exams/CC/CC_PHILO/CC_PHILO_2013_ETE_ENONCE.pdf,,,
CC,PHILO,2013,ETE,REP,,exams/CC/CC_PHILO/CC_PHILO_2013_ETE_REP_ENONCE.pdf,,,
CC,PHILO,2014,ETE,NORMAL,,exams/CC/CC_PHILO/CC_PHILO_2014_ETE_ENONCE.pdf,,,
CC,PHILO,2015,ETE,NORMAL,,exams/CC/CC_PHILO/CC_PHILO_2015_ETE_ENONCE.pdf,,,
CC,PHILO,2015,ETE,REP,,exams/CC/CC_PHILO/CC_PHILO_2015_ETE_REP_ENONCE.pdf,,,
CC,PHILO,2016,ETE,NORMAL,,exams/CC/CC_PHILO/CC_PHILO_2016_ETE_ENONCE.pdf,,,
CC,PHILO,2016,ETE,REP,,exams/CC/CC_PHILO/CC_PHILO_2016_ETE_REP_ENONCE.pdf,,,
CC,PHILO,2016,SEPT,NORMAL,,exams/CC/CC_PHILO/CC_PHILO_2016_SEPT_ENONCE.pdf,,,
CC,PHILO,2017,ETE,NORMAL,,exams/CC/CC_PHILO/CC_PHILO_2017_ETE_ENONCE.pdf,,,
CC,PHILO,2017,ETE,REP,,exams/CC/CC_PHILO/CC_PHILO_2017_ETE_REP_ENONCE.pdf,,,
CC,PHILO,2018,ETE,NORMAL,,exams/CC/CC_PHILO/CC_PHILO_2018_ETE_ENONCE.pdf,,,
CC,PHILO,2018,ETE,REP,,exams/CC/CC_PHILO/CC_PHILO_2018_ETE_REP_ENONCE.pdf,,,
CC,PHILO,2019,ETE,NORMAL,,exams/CC/CC_PHILO/CC_PHILO_2019_ETE_ENONCE.pdf,,,
CC,PHILO,2019,ETE,REP,,exams/CC/CC_PHILO/CC_PHILO_2019_ETE_REP_ENONCE.pdf,,,
CC,PHILO,2019,SEPT,NORMAL,,exams/CC/CC_PHILO/CC_PHILO_2019_SEPT_ENONCE.pdf,,,
CC,PHILO,2020,ETE,NORMAL,,exams/CC/CC_PHILO/CC_PHILO_2020_ETE_ENONCE.pdf,,,
CC,PHILO,2021,ETE,NORMAL,,exams/CC/CC_PHILO/CC_PHILO_2021_ETE_ENONCE.pdf,,,
CC,PHYSI,1999,ETE,NORMAL,,exams/CC/CC_PHYSI/CC_PHYSI_1999_ETE_ENONCE.pdf,,,
CC,PHYSI,2000,ETE,NORMAL,,exams/CC/CC_PHYSI/CC_PHYSI_2000_ETE_ENONCE.pdf,,,
CC,PHYSI,2000,SEPT,NORMAL,,exams/CC/CC_PHYSI/CC_PHYSI_2000_SEPT_ENONCE.pdf,,,
CC,PHYSI,2001,ETE,NORMAL,,exams/CC/CC_PHYSI/CC_PHYSI_2001_ETE_ENONCE.pdf,,,
CC,PHYSI,2001,SEPT,NORMAL,,exams/CC/CC_PHYSI/CC_PHYSI_2001_SEPT_ENONCE.pdf,,,
CC,PHYSI,2002,ETE,NORMAL,,exams/CC/CC_PHYSI/CC_PHYSI_2002_ETE_ENONCE.pdf,,,
CC,PHYSI,2002,SEPT,NORMAL,,exams/CC/CC_PHYSI/CC_PHYSI_2002_SEPT_ENONCE.pdf,,,
CC,PHYSI,2003,ETE,NORMAL,,exams/CC/CC_PHYSI/CC_PHYSI_2003_ETE_ENONCE.pdf,,,
CC,PHYSI,2003,SEPT,NORMAL,,exams/CC/CC_PHYSI/CC_PHYSI_2003_SEPT_ENONCE.pdf,,,
CC,PHYSI,2004,ETE,NORMAL,,exams/CC/CC_PHYSI/CC_PHYSI_2004_ETE_ENONCE.pdf,,,
CC,PHYSI,2004,SEPT,NORMAL,,exams/CC/CC_PHYSI/CC_PHYSI_2004_SEPT_ENONCE.pdf,,,
CC,PHYSI,2005,ETE,NORMAL,,exams/CC/CC_PHYSI/CC_PHYSI_2005_ETE_ENONCE.pdf,exams/CC/CC_PHYSI/CC_PHYSI_2005_ETE_CORRIGE.pdf,,
CC,PHYSI,2005,ETE,REP,,exams/CC/CC_PHYSI/CC_PHYSI_2005_ETE_REP_ENONCE.pdf,exams/CC/CC_PHYSI/CC_PHYSI_2005_ETE_REP_CORRIGE.pdf,,
CC,PHYSI,2005,SEPT,NORMAL,,exams/CC/CC_PHYSI/CC_PHYSI_2005_SEPT_ENONCE.pdf,exams/CC/CC_PHYSI/CC_PHYSI_2005_SEPT_CORRIGE.pdf,,
CC,PHYSI,2006,ETE,NORMAL,,exams/CC/CC_PHYSI/CC_PHYSI_2006_ETE_ENONCE.pdf,exams/CC/CC_PHYSI/CC_PHYSI_2006_ETE_CORRIGE.pdf,,
CC,PHYSI,2006,ETE,REP,,exams/CC/CC_PHYSI/CC_PHYSI_2006_ETE_REP_ENONCE.pdf,exams/CC/CC_PHYSI/CC_PHYSI_2006_ETE_REP_CORRIGE.pdf,,
CC,PHYSI,2006,SEPT,NORMAL,,exams/CC/CC_PHYSI/CC_PHYSI_2006_SEPT_ENONCE.pdf,exams/CC/CC_PHYSI/CC_PHYSI_2006_SEPT_CORRIGE.pdf,,
CC,PHYSI,2007,ETE,NORMAL,,exams/CC/CC_PHYSI/CC_PHYSI_2007_ETE_ENONCE.pdf,exams/CC/CC_PHYSI/CC_PHYSI_2007_ETE_CORRIGE.pdf,,
CC,PHYSI,2007,ETE,REP,,exams/CC/CC_PHYSI/CC_PHYSI_2007_ETE_REP_ENONCE.pdf,exams/CC/CC_PHYSI/CC_PHYSI_2007_ETE_REP_CORRIGE.pdf,,
CC,PHYSI,2007,SEPT,NORMAL,,exams/CC/CC_PHYSI/CC_PHYSI_2007_SEPT_ENONCE.pdf,exams/CC/CC_PHYSI/CC_PHYSI_2007_SEPT_CORRIGE.pdf,,
CC,PHYSI,2008,ETE,NORMAL,,exams/CC/CC_PHYSI/CC_PHYSI_2008_ETE_ENONCE.pdf,exams/CC/CC_PHYSI/CC_PHYSI_2008_ETE_CORRIGE.pdf,,
CC,PHYSI,2008,ETE,REP,,exams/CC/CC_PHYSI/CC_PHYSI_2008_ETE_REP_ENONCE.pdf,exams/CC/CC_PHYSI/CC_PHYSI_2008_ETE_REP_CORRIGE.pdf,,
CC,PHYSI,2008,SEPT,NORMAL,,exams/CC/CC_PHYSI/CC_PHYSI_2008_SEPT_ENONCE.pdf,exams/CC/CC_PHYSI/CC_PHYSI_2008_SEPT_CORRIGE.pdf,,
CC,PHYSI,2009,ETE,NORMAL,,exams/CC/CC_PHYSI/CC_PHYSI_2009_ETE_ENONCE.pdf,exams/CC/CC_PHYSI/CC_PHYSI_2009_ETE_CORRIGE.pdf,,
CC,PHYSI,2009,ETE,REP,,exams/CC/CC_PHYSI/CC_PHYSI_2009_ETE_REP_ENONCE.pdf,exams/CC/CC_PHYSI/CC_PHYSI_2009_ETE_REP_CORRIGE.pdf,,
CC,PHYSI,2009,SEPT,NORMAL,,exams/CC/CC_PHYSI/CC_PHYSI_2009_SEPT_ENONCE.pdf,exams/CC/CC_PHYSI/CC_PHYSI_2009_SEPT_CORRIGE.pdf,,
CC,PHYSI,2010,ETE,NORMAL,,exams/CC/CC_PHYSI/CC_PHYSI_2010_ETE_ENONCE.pdf,exams/CC/CC_PHYSI/CC_PHYSI_2010_ETE_CORRIGE.pdf,,
CC,PHYSI,2010,ETE,REP,,exams/CC/CC_PHYSI/CC_PHYSI_2010_ETE_REP_ENONCE.pdf,exams/CC/CC_PHYSI/CC_PHYSI_2010_ETE_REP_CORRIGE.pdf,,
CC,PHYSI,2010,SEPT,NORMAL,,exams/CC/CC_PHYSI/CC_PHYSI_2010_SEPT_ENONCE.pdf,exams/CC/CC_PHYSI/CC_PHYSI_2010_SEPT_CORRIGE.pdf,,
CC,PHYSI,2011,ETE,NORMAL,,exams/CC/CC_PHYSI/CC_PHYSI_2011_ETE_ENONCE.pdf,exams/CC/CC_PHYSI/CC_PHYSI_2011_ETE_CORRIGE.pdf,,
CC,PHYSI,2011,ETE,REP,,exams/CC/CC_PHYSI/CC_PHYSI_2011_ETE_REP_ENONCE.pdf,exams/CC/CC_PHYSI/CC_PHYSI_2011_ETE_REP_CORRIGE.pdf,,
CC,PHYSI,2011,SEPT,NORMAL,,exams/CC/CC_PHYSI/CC_PHYSI_2011_SEPT_ENONCE.pdf,exams/CC/CC_PHYSI/CC_PHYSI_2011_SEPT_CORRIGE.pdf,,
CC,PHYSI,2012,ETE,NORMAL,,exams/CC/CC_PHYSI/CC_PHYSI_2012_ETE_ENONCE.pdf,exams/CC/CC_PHYSI/CC_PHYSI_2012_ETE_CORRIGE.pdf,,
CC,PHYSI,2012,ETE,REP,,exams/CC/CC_PHYSI/CC_PHYSI_2012_ETE_REP_ENONCE.pdf,exams/CC/CC_PHYSI/CC_PHYSI_2012_ETE_REP_CORRIGE.pdf,,
CC,PHYSI,2012,SEPT,NORMAL,,exams/CC/CC_PHYSI/CC_PHYSI_2012_SEPT_ENONCE.pdf,exams/CC/CC_PHYSI/CC_PHYSI_2012_SEPT_CORRIGE.pdf,,
CC,PHYSI,2013,ETE,NORMAL,,exams/CC/CC_PHYSI/CC_PHYSI_2013_ETE_ENONCE.pdf,exams/CC/CC_PHYSI/CC_PHYSI_2013_ETE_CORRIGE.pdf,,
CC,PHYSI,2013,ETE,REP,,exams/CC/CC_PHYSI/CC_PHYSI_2013_ETE_REP_ENONCE.pdf,exams/CC/CC_PHYSI/CC_PHYSI_2013_ETE_REP_CORRIGE.pdf,,
CC,PHYSI,2013,SEPT,NORMAL,,exams/CC/CC_PHYSI/CC_PHYSI_2013_SEPT_ENONCE.pdf,exams/CC/CC_PHYSI/CC_PHYSI_2013_SEPT_CORRIGE.pdf,,
CC,PHYSI,2014,ETE,NORMAL,,exams/CC/CC_PHYSI/CC_PHYSI_2014_ETE_ENONCE.pdf,exams/CC/CC_PHYSI/CC_PHYSI_2014_ETE_CORRIGE.pdf,,
CC,PHYSI,2014,ETE,REP,,exams/CC/CC_PHYSI/CC_PHYSI_2014_ETE_REP_ENONCE.pdf,exams/CC/CC_PHYSI/CC_PHYSI_2014_ETE_REP_CORRIGE.pdf,,
CC,PHYSI,2014,SEPT,NORMAL,,exams/CC/CC_PHYSI/CC_PHYSI_2014_SEPT_ENONCE.pdf,exams/CC/CC_PHYSI/CC_PHYSI_2014_SEPT_CORRIGE.pdf,,
CC,PHYSI,2015,ETE,NORMAL,,exams/CC/CC_PHYSI/CC_PHYSI_2015_ETE_ENONCE.pdf,exams/CC/CC_PHYSI/CC_PHYSI_2015_ETE_CORRIGE.pdf,,
CC,PHYSI,2015,ETE,REP,,exams/CC/CC_PHYSI/CC_PHYSI_2015_ETE_REP_ENONCE.pdf,exams/CC/CC_PHYSI/CC_PHYSI_2015_ETE_REP_CORRIGE.pdf,,
CC,PHYSI,2015,SEPT,NORMAL,,exams/CC/CC_PHYSI/CC_PHYSI_2015_SEPT_ENONCE.pdf,exams/CC/CC_PHYSI/CC_PHYSI_2015_SEPT_CORRIGE.pdf,,
CC,PHYSI,2016,ETE,NORMAL,,exams/CC/CC_PHYSI/CC_PHYSI_2016_ETE_ENONCE.pdf,exams/CC/CC_PHYSI/CC_PHYSI_2016_ETE_CORRIGE.pdf,,
CC,PHYSI,2016,ETE,REP,,exams/CC/CC_PHYSI/CC_PHYSI_2016_ETE_REP_ENONCE.pdf,exams/CC/CC_PHYSI/CC_PHYSI_2016_ETE_REP_CORRIGE.pdf,,
CC,PHYSI,2016,SEPT,NORMAL,,exams/CC/CC_PHYSI/CC_PHYSI_2016_SEPT_ENONCE.pdf,exams/CC/CC_PHYSI/CC_PHYSI_2016_SEPT_CORRIGE.pdf,,
CC,PHYSI,2016,SEPT,REP,,exams/CC/CC_PHYSI/CC_PHYSI_2016_SEPT_REP_ENONCE.pdf,exams/CC/CC_PHYSI/CC_PHYSI_2016_SEPT_REP_CORRIGE.pdf,,
CC,PHYSI,2017,ETE,NORMAL,,exams/CC/CC_PHYSI/CC_PHYSI_2017_ETE_ENONCE.pdf,exams/CC/CC_PHYSI/CC_PHYSI_2017_ETE_CORRIGE.pdf,,
CC,PHYSI,2017,ETE,REP,,exams/CC/CC_PHYSI/CC_PHYSI_2017_ETE_REP_ENONCE.pdf,exams/CC/CC_PHYSI/CC_PHYSI_2017_ETE_REP_CORRIGE.pdf,,
CC,PHYSI,2017,SEPT,NORMAL,,exams/CC/CC_PHYSI/CC_PHYSI_2017_SEPT_ENONCE.pdf,exams/CC/CC_PHYSI/CC_PHYSI_2017_SEPT_CORRIGE.pdf,,
CC,PHYSI,2018,ETE,NORMAL,,exams/CC/CC_PHYSI/CC_PHYSI_2018_ETE_ENONCE.pdf,exams/CC/CC_PHYSI/CC_PHYSI_2018_ETE_CORRIGE.pdf,,
CC,PHYSI,2018,ETE,REP,,exams/CC/CC_PHYSI/CC_PHYSI_2018_ETE_REP_ENONCE.pdf,exams/CC/CC_PHYSI/CC_PHYSI_2018_ETE_REP_CORRIGE.pdf,,
CC,PHYSI,2018,SEPT,NORMAL,,exams/CC/CC_PHYSI/CC_PHYSI_2018_SEPT_ENONCE.pdf,exams/CC/CC_PHYSI/CC_PHYSI_2018_SEPT_CORRIGE.pdf,,
CC,PHYSI,2018,SEPT,REP,,exams/CC/CC_PHYSI/CC_PHYSI_2018_SEPT_REP_ENONCE.pdf,exams/CC/CC_PHYSI/CC_PHYSI_2018_SEPT_REP_CORRIGE.pdf,,
CC,PHYSI,2019,ETE,NORMAL,,exams/CC/CC_PHYSI/CC_PHYSI_2019_ETE_ENONCE.pdf,exams/CC/CC_PHYSI/CC_PHYSI_2019_ETE_CORRIGE.pdf,,
CC,PHYSI,2019,ETE,REP,,exams/CC/CC_PHYSI/CC_PHYSI_2019_ETE_REP_ENONCE.pdf,,,
CC,PHYSI,2019,SEPT,AJOU,,exams/CC/CC_PHYSI/CC_PHYSI_2019_SEPT_AJOU_ENONCE.pdf,,,
CC,PHYSI,2019,SEPT,NORMAL,,exams/CC/CC_PHYSI/CC_PHYSI_2019_SEPT_ENONCE.pdf,,,
CC,PHYSI,2019,SEPT,REP,,exams/CC/CC_PHYSI/CC_PHYSI_2019_SEPT_REP_ENONCE.pdf,,,
CC,PHYSI,2020,ETE,NORMAL,,exams/CC/CC_PHYSI/CC_PHYSI_2020_ETE_ENONCE.pdf,,,
CC,PHYSI,2020,SEPT,NORMAL,,exams/CC/CC_PHYSI/CC_PHYSI_2020_SEPT_ENONCE.pdf,,,
CC,PHYSI,2021,ETE,NORMAL,,exams/CC/CC_PHYSI/CC_PHYSI_2021_ETE_ENONCE.pdf,,,
CD,4LANG_CHINO,2023,ETE,NORMAL,,exams/CD/CD_CHINO_4LANG/CD_4LANG_CHINO_2023_ETE_ENONCE.pdf,,,
CD,4LANG_CHINO,2023,ETE,REP,,exams/CD/CD_CHINO_4LANG/CD_4LANG_CHINO_2023_ETE_REP_ENONCE.pdf,,,
CD,4LANG_ESPAG,2021,ETE,NORMAL,,exams/CD/CD_ESPAG_4LANG/CD_4LANG_ESPAG_2021_ETE_ENONCE.pdf,,,
CD,4LANG_ESPAG,2022,ETE,NORMAL,,exams/CD/CD_ESPAG_4LANG/CD_4LANG_ESPAG_2022_ETE_ENONCE.pdf,,,
CD,4LANG_ESPAG,2023,ETE,NORMAL,,exams/CD/CD_ESPAG_4LANG/CD_4LANG_ESPAG_2023_ETE_ENONCE.pdf,,,
CD,4LANG_ESPAG,2024,ETE,NORMAL,,exams/CD/CD_ESPAG_4LANG/CD_4LANG_ESPAG_2024_ETE_ENONCE.pdf,,,
CD,4LANG_ESPAG,2024,ETE,REP,,exams/CD/CD_ESPAG_4LANG/CD_4LANG_ESPAG_2024_ETE_REP_ENONCE.pdf,,,
CD,4LANG_ITALI,2021,ETE,NORMAL,,exams/CD/CD_ITALI_4LANG/CD_4LANG_ITALI_2021_ETE_ENONCE.pdf,,,
CD,4LANG_ITALI,2022,ETE,NORMAL,,exams/CD/CD_ITALI_4LANG/CD_4LANG_ITALI_2022_ETE_ENONCE.pdf,,,
CD,ALLEM,2005,ETE,NORMAL,,exams/CD/CD_ALLEM/CD_ALLEM_2005_ETE_ENONCE.pdf,,,
CD,ALLEM,2006,ETE,NORMAL,,exams/CD/CD_ALLEM/CD_ALLEM_2006_ETE_ENONCE.pdf,,,
CD,ALLEM,2007,ETE,NORMAL,,exams/CD/CD_ALLEM/CD_ALLEM_2007_ETE_ENONCE.pdf,,,
CD,ALLEM,2007,ETE,REP,,exams/CD/CD_ALLEM/CD_ALLEM_2007_ETE_REP_ENONCE.pdf,,,
CD,ALLEM,2008,ETE,NORMAL,,exams/CD/CD_ALLEM/CD_ALLEM_2008_ETE_ENONCE.pdf,,,
CD,ALLEM,2008,ETE,REP,,exams/CD/CD_ALLEM/CD_ALLEM_2008_ETE_REP_ENONCE.pdf,,,
CD,ALLEM,2009,ETE,NORMAL,,exams/CD/CD_ALLEM/CD_ALLEM_2009_ETE_ENONCE.pdf,,,
CD,ALLEM,2010,ETE,NORMAL,,exams/CD/CD_ALLEM/CD_ALLEM_2010_ETE_ENONCE.pdf,,,
CD,ALLEM,2012,ETE,NORMAL,,exams/CD/CD_ALLEM/CD_ALLEM_2012_ETE_ENONCE.pdf,,,
CD,ALLEM,2013,ETE,NORMAL,,exams/CD/CD_ALLEM/CD_ALLEM_2013_ETE_ENONCE.pdf,,,
CD,ALLEM,2013,ETE,REP,,exams/CD/CD_ALLEM/CD_ALLEM_2013_ETE_REP_ENONCE.pdf,,,
CD,ALLEM,2014,ETE,NORMAL,,exams/CD/CD_ALLEM/CD_ALLEM_2014_ETE_ENONCE.pdf,,,
CD,ALLEM,2015,ETE,NORMAL,,exams/CD/CD_ALLEM/CD_ALLEM_2015_ETE_ENONCE.pdf,,,
CD,ALLEM,2015,ETE,REP,,exams/CD/CD_ALLEM/CD_ALLEM_2015_ETE_REP_ENONCE.pdf,,,
CD,ALLEM,2016,ETE,NORMAL,,exams/CD/CD_ALLEM/CD_ALLEM_2016_ETE_ENONCE.pdf,,,
CD,ALLEM,2016,ETE,REP,,exams/CD/CD_ALLEM/CD_ALLEM_2016_ETE_REP_ENONCE.pdf,,,
CD,ALLEM,2017,ETE,NORMAL,,exams/CD/CD_ALLEM/CD_ALLEM_2017_ETE_ENONCE.pdf,,,
CD,ALLEM,2017,ETE,REP,,exams/CD/CD_ALLEM/CD_ALLEM_2017_ETE_REP_ENONCE.pdf,,,
CD,ALLEM,2018,ETE,NORMAL,,exams/CD/CD_ALLEM/CD_ALLEM_2018_ETE_ENONCE.pdf,,,
CD,ALLEM,2020,ETE,NORMAL,,exams/CD/CD_ALLEM/CD_ALLEM_2020_ETE_ENONCE.pdf,,,
CD,ALLEM,2020,SEPT,NORMAL,,exams/CD/CD_ALLEM/CD_ALLEM_2020_SEPT_ENONCE.pdf,,,
CD,ALLEM,2021,ETE,NORMAL,,exams/CD/CD_ALLEM/CD_ALLEM_2021_ETE_ENONCE.pdf,,,
CD,ALLEM,2022,ETE,NORMAL,,exams/CD/CD_ALLEM/CD_ALLEM_2022_ETE_ENONCE.pdf,,,
CD,ALLEM,2022,ETE,REP,,exams/CD/CD_ALLEM/CD_ALLEM_2022_ETE_REP_ENONCE.pdf,,,
CD,ALLEM,2022,SEPT,NORMAL,,exams/CD/CD_ALLEM/CD_ALLEM_2022_SEPT_ENONCE.pdf,,,
CD,ALLEM,2023,ETE,NORMAL,,exams/CD/CD_ALLEM/CD_ALLEM_2023_ETE_ENONCE.pdf,,,
CD,ALLEM,2023,ETE,REP,,exams/CD/CD_ALLEM/CD_ALLEM_2023_ETE_REP_ENONCE.pdf,,,
CD,ALLEM,2023,SEPT,NORMAL,,exams/CD/CD_ALLEM/CD_ALLEM_2023_SEPT_ENONCE.pdf,,,
CD,ALLEM,2023,SEPT,REP,,exams/CD/CD_ALLEM/CD_ALLEM_2023_SEPT_REP_ENONCE.pdf,,,
CD,ALLEM,2024,ETE,NORMAL,,exams/CD/CD_ALLEM/CD_ALLEM_2024_ETE_ENONCE.pdf,,,
CD,ALLEM,2024,ETE,REP,,exams/CD/CD_ALLEM/CD_ALLEM_2024_ETE_REP_ENONCE.pdf,,,
CD,ALLEM,2024,SEPT,NORMAL,,exams/CD/CD_ALLEM/CD_ALLEM_2024_SEPT_ENONCE.pdf,,,
CD,ALLEM,2024,SEPT,REP,,exams/CD/CD_ALLEM/CD_ALLEM_2024_SEPT_REP_ENONCE.pdf,,,
CD,ANGLA,2005,ETE,NORMAL,,exams/CD/CD_ANGLA/CD_ANGLA_2005_ETE_ENONCE.pdf,,,
CD,ANGLA,2007,ETE,NORMAL,,exams/CD/CD_ANGLA/CD_ANGLA_2007_ETE_ENONCE.pdf,,,
CD,ANGLA,2007,SEPT,NORMAL,,exams/CD/CD_ANGLA/CD_ANGLA_2007_SEPT_ENONCE.pdf,,,
CD,ANGLA,2008,ETE,NORMAL,,exams/CD/CD_ANGLA/CD_ANGLA_2008_ETE_ENONCE.pdf,,,
CD,ANGLA,2009,ETE,NORMAL,,exams/CD/CD_ANGLA/CD_ANGLA_2009_ETE_ENONCE.pdf,,,
CD,ANGLA,2010,ETE,NORMAL,,exams/CD/CD_ANGLA/CD_ANGLA_2010_ETE_ENONCE.pdf,,,
CD,ANGLA,2011,ETE,NORMAL,,exams/CD/CD_ANGLA/CD_ANGLA_2011_ETE_ENONCE.pdf,,,
CD,ANGLA,2012,ETE,NORMAL,,exams/CD/CD_ANGLA/CD_ANGLA_2012_ETE_ENONCE.pdf,,,
CD,ANGLA,2012,ETE,REP,,exams/CD/CD_ANGLA/CD_ANGLA_2012_ETE_REP_ENONCE.pdf,,,
CD,ANGLA,2013,ETE,NORMAL,,exams/CD/CD_ANGLA/CD_ANGLA_2013_ETE_ENONCE.pdf,,,
CD,ANGLA,2013,ETE,REP,,exams/CD/CD_ANGLA/CD_ANGLA_2013_ETE_REP_ENONCE.pdf,,,
CD,ANGLA,2014,ETE,NORMAL,,exams/CD/CD_ANGLA/CD_ANGLA_2014_ETE_ENONCE.pdf,,,
CD,ANGLA,2015,ETE,NORMAL,,exams/CD/CD_ANGLA/CD_ANGLA_2015_ETE_ENONCE.pdf,,,
CD,ANGLA,2015,ETE,REP,,exams/CD/CD_ANGLA/CD_ANGLA_2015_ETE_REP_ENONCE.pdf,,,
CD,ANGLA,2016,ETE,NORMAL,,exams/CD/CD_ANGLA/CD_ANGLA_2016_ETE_ENONCE.pdf,,,
CD,ANGLA,2016,ETE,REP,,exams/CD/CD_ANGLA/CD_ANGLA_2016_ETE_REP_ENONCE.pdf,,,
CD,ANGLA,2016,SEPT,NORMAL,,exams/CD/CD_ANGLA/CD_ANGLA_2016_SEPT_ENONCE.pdf,,,
CD,ANGLA,2017,ETE,NORMAL,,exams/CD/CD_ANGLA/CD_ANGLA_2017_ETE_ENONCE.pdf,,,
CD,ANGLA,2018,ETE,NORMAL,,exams/CD/CD_ANGLA/CD_ANGLA_2018_ETE_ENONCE.pdf,,,
CD,ANGLA,2019,ETE,NORMAL,,exams/CD/CD_ANGLA/CD_ANGLA_2019_ETE_ENONCE.pdf,,,
CD,ANGLA,2019,ETE,REP,,exams/CD/CD_ANGLA/CD_ANGLA_2019_ETE_REP_ENONCE.pdf,,,
CD,ANGLA,2019,SEPT,NORMAL,,exams/CD/CD_ANGLA/CD_ANGLA_2019_SEPT_ENONCE.pdf,,,
CD,ANGLA,2019,SEPT,REP,,exams/CD/CD_ANGLA/CD_ANGLA_2019_SEPT_REP_ENONCE.pdf,,,
CD,ANGLA,2020,ETE,NORMAL,,exams/CD/CD_ANGLA/CD_ANGLA_2020_ETE_ENONCE.pdf,,,
CD,ANGLA,2020,SEPT,NORMAL,,exams/CD/CD_ANGLA/CD_ANGLA_2020_SEPT_ENONCE.pdf,,,
CD,ANGLA,2021,ETE,NORMAL,,exams/CD/CD_ANGLA/CD_ANGLA_2021_ETE_ENONCE.pdf,,,
CD,ANGLA,2022,ETE,NORMAL,,exams/CD/CD_ANGLA/CD_ANGLA_2022_ETE_ENONCE.pdf,,,
CD,ANGLA,2022,ETE,REP,,exams/CD/CD_ANGLA/CD_ANGLA_2022_ETE_REP_ENONCE.pdf,,,
CD,ANGLA,2022,SEPT,NORMAL,,exams/CD/CD_ANGLA/CD_ANGLA_2022_SEPT_ENONCE.pdf,,,
CD,ANGLA,2023,ETE,NORMAL,,exams/CD/CD_ANGLA/CD_ANGLA_2023_ETE_ENONCE.pdf,,,
CD,ANGLA,2023,ETE,REP,,exams/CD/CD_ANGLA/CD_ANGLA_2023_ETE_REP_ENONCE.pdf,,,
CD,ANGLA,2023,SEPT,NORMAL,,exams/CD/CD_ANGLA/CD_ANGLA_2023_SEPT_ENONCE.pdf,,,
CD,ANGLA,2023,SEPT,REP,,exams/CD/CD_ANGLA/CD_ANGLA_2023_SEPT_REP_ENONCE.pdf,,,
CD,ANGLA,2024,ETE,NORMAL,,exams/CD/CD_ANGLA/CD_ANGLA_2024_ETE_ENONCE.pdf,,,
CD,ANGLA,2024,ETE,REP,,exams/CD/CD_ANGLA/CD_ANGLA_2024_ETE_REP_ENONCE.pdf,,,
CD,ANGLA,2024,SEPT,NORMAL,,exams/CD/CD_ANGLA/CD_ANGLA_2024_SEPT_ENONCE.pdf,,,
CD,CHINO,2023,ETE,NORMAL,,exams/CD/CD_CHINO/CD_CHINO_2023_ETE_ENONCE.pdf,,,
CD,CHINO,2023,ETE,REP,,exams/CD/CD_CHINO/CD_CHINO_2023_ETE_REP_ENONCE.pdf,,,
CD,CHINO,2024,ETE,NORMAL,,exams/CD/CD_CHINO/CD_CHINO_2024_ETE_ENONCE.pdf,,,
CD,ECOGE,2005,ETE,NORMAL,,exams/CD/CD_ECOGE/CD_ECOGE_2005_ETE_ENONCE.pdf,,,
CD,ECOGE,2006,ETE,NORMAL,,exams/CD/CD_ECOGE/CD_ECOGE_2006_ETE_ENONCE.pdf,,,
CD,ECOGE,2006,SEPT,NORMAL,,exams/CD/CD_ECOGE/CD_ECOGE_2006_SEPT_ENONCE.pdf,,,
CD,ECOGE,2007,ETE,NORMAL,,exams/CD/CD_ECOGE/CD_ECOGE_2007_ETE_ENONCE.pdf,,,
CD,ECOGE,2007,ETE,REP,,exams/CD/CD_ECOGE/CD_ECOGE_2007_ETE_REP_ENONCE.pdf,,,
CD,ECOGE,2007,SEPT,NORMAL,,exams/CD/CD_ECOGE/CD_ECOGE_2007_SEPT_ENONCE.pdf,,,
CD,ECOGE,2008,ETE,NORMAL,,exams/CD/CD_ECOGE/CD_ECOGE_2008_ETE_ENONCE.pdf,,,
CD,ECOGE,2009,ETE,NORMAL,,exams/CD/CD_ECOGE/CD_ECOGE_2009_ETE_ENONCE.pdf,,,
CD,ECOGE,2010,ETE,NORMAL,,exams/CD/CD_ECOGE/CD_ECOGE_2010_ETE_ENONCE.pdf,,,
CD,ECOGE,2010,SEPT,NORMAL,,exams/CD/CD_ECOGE/CD_ECOGE_2010_SEPT_ENONCE.pdf,exams/CD/CD_ECOGE/CD_ECOGE_2010_SEPT_CORRIGE.pdf,,
CD,ECOGE,2011,ETE,NORMAL,,exams/CD/CD_ECOGE/CD_ECOGE_2011_ETE_ENONCE.pdf,,,
CD,ECOGE,2012,ETE,NORMAL,,exams/CD/CD_ECOGE/CD_ECOGE_2012_ETE_ENONCE.pdf,,,
CD,ECOGE,2013,ETE,NORMAL,,exams/CD/CD_ECOGE/CD_ECOGE_2013_ETE_ENONCE.pdf,exams/CD/CD_ECOGE/CD_ECOGE_2013_ETE_CORRIGE.pdf,,
CD,ECOGE,2013,SEPT,NORMAL,,exams/CD/CD_ECOGE/CD_ECOGE_2013_SEPT_ENONCE.pdf,exams/CD/CD_ECOGE/CD_ECOGE_2013_SEPT_CORRIGE.pdf,,
CD,ECOGE,2014,ETE,NORMAL,,exams/CD/CD_ECOGE/CD_ECOGE_2014_ETE_ENONCE.pdf,,,
CD,ECOGE,2014,SEPT,NORMAL,,exams/CD/CD_ECOGE/CD_ECOGE_2014_SEPT_ENONCE.pdf,exams/CD/CD_ECOGE/CD_ECOGE_2014_SEPT_CORRIGE.pdf,,
CD,ECOGE,2015,ETE,NORMAL,,exams/CD/CD_ECOGE/CD_ECOGE_2015_ETE_ENONCE.pdf,exams/CD/CD_ECOGE/CD_ECOGE_2015_ETE_CORRIGE.pdf,,
CD,ECOGE,2016,ETE,NORMAL,,exams/CD/CD_ECOGE/CD_ECOGE_2016_ETE_ENONCE.pdf,,,
CD,ECOGE,2016,ETE,REP,,exams/CD/CD_ECOGE/CD_ECOGE_2016_ETE_REP_ENONCE.pdf,,,
CD,ECOGE,2016,SEPT,NORMAL,,exams/CD/CD_ECOGE/CD_ECOGE_2016_SEPT_ENONCE.pdf,,,
CD,ECOGE,2017,ETE,NORMAL,,exams/CD/CD_ECOGE/CD_ECOGE_2017_ETE_ENONCE.pdf,,,
CD,ECOGE,2018,ETE,NORMAL,,exams/CD/CD_ECOGE/CD_ECOGE_2018_ETE_ENONCE.pdf,,,
CD,ECOGE,2020,ETE,NORMAL,,exams/CD/CD_ECOGE/CD_ECOGE_2020_ETE_ENONCE.pdf,,,
CD,ECOGE,2020,SEPT,NORMAL,,exams/CD/CD_ECOGE/CD_ECOGE_2020_SEPT_ENONCE.pdf,,,
CD,ECOGE,2021,ETE,NORMAL,,exams/CD/CD_ECOGE/CD_ECOGE_2021_ETE_ENONCE.pdf,,,
CD,ECOGE,2022,ETE,NORMAL,,exams/CD/CD_ECOGE/CD_ECOGE_2022_ETE_ENONCE.pdf,,,
CD,ECOGE,2022,SEPT,NORMAL,,exams/CD/CD_ECOGE/CD_ECOGE_2022_SEPT_ENONCE.pdf,,,
CD,ECOGE,2023,ETE,NORMAL,,exams/CD/CD_ECOGE/CD_ECOGE_2023_ETE_ENONCE.pdf,,,
CD,ECOGE,2023,ETE,REP,,exams/CD/CD_ECOGE/CD_ECOGE_2023_ETE_REP_ENONCE.pdf,,,
CD,ECOGE,2023,SEPT,NORMAL,,exams/CD/CD_ECOGE/CD_ECOGE_2023_SEPT_ENONCE.pdf,,,
CD,ECOGE,2023,SEPT,REP,,exams/CD/CD_ECOGE/CD_ECOGE_2023_SEPT_REP_ENONCE.pdf,,,
CD,ECOGE,2024,ETE,NORMAL,,exams/CD/CD_ECOGE/CD_ECOGE_2024_ETE_ENONCE.pdf,,,
CD,ECOGE,2024,ETE,REP,,exams/CD/CD_ECOGE/CD_ECOGE_2024_ETE_REP_ENONCE.pdf,,,
CD,ECOGE,2024,SEPT,NORMAL,,exams/CD/CD_ECOGE/CD_ECOGE_2024_SEPT_ENONCE.pdf,,,
CD,ECOPO,2005,ETE,NORMAL,,exams/CD/CD_ECOPO/CD_ECOPO_2005_ETE_ENONCE.pdf,,,
CD,ECOPO,2006,ETE,NORMAL,,exams/CD/CD_ECOPO/CD_ECOPO_2006_ETE_ENONCE.pdf,,,
CD,ECOPO,2007,ETE,NORMAL,,exams/CD/CD_ECOPO/CD_ECOPO_2007_ETE_ENONCE.pdf,,,
CD,ECOPO,2007,SEPT,NORMAL,,exams/CD/CD_ECOPO/CD_ECOPO_2007_SEPT_ENONCE.pdf,,,
CD,ECOPO,2008,ETE,NORMAL,,exams/CD/CD_ECOPO/CD_ECOPO_2008_ETE_ENONCE.pdf,,,
CD,ECOPO,2008,ETE,REP,,exams/CD/CD_ECOPO/CD_ECOPO_2008_ETE_REP_ENONCE.pdf,,,
CD,ECOPO,2009,ETE,NORMAL,,exams/CD/CD_ECOPO/CD_ECOPO_2009_ETE_ENONCE.pdf,exams/CD/CD_ECOPO/CD_ECOPO_2009_ETE_CORRIGE.pdf,,
CD,ECOPO,2010,ETE,NORMAL,,exams/CD/CD_ECOPO/CD_ECOPO_2010_ETE_ENONCE.pdf,,,
CD,ECOPO,2010,SEPT,NORMAL,,exams/CD/CD_ECOPO/CD_ECOPO_2010_SEPT_ENONCE.pdf,exams/CD/CD_ECOPO/CD_ECOPO_2010_SEPT_CORRIGE.pdf,,
CD,ECOPO,2011,ETE,NORMAL,,exams/CD/CD_ECOPO/CD_ECOPO_2011_ETE_ENONCE.pdf,,,
CD,ECOPO,2012,ETE,NORMAL,,exams/CD/CD_ECOPO/CD_ECOPO_2012_ETE_ENONCE.pdf,,,
CD,ECOPO,2012,SEPT,NORMAL,,exams/CD/CD_ECOPO/CD_ECOPO_2012_SEPT_ENONCE.pdf,exams/CD/CD_ECOPO/CD_ECOPO_2012_SEPT_CORRIGE.pdf,,
CD,ECOPO,2013,ETE,NORMAL,,exams/CD/CD_ECOPO/CD_ECOPO_2013_ETE_ENONCE.pdf,exams/CD/CD_ECOPO/CD_ECOPO_2013_ETE_CORRIGE.pdf,,
CD,ECOPO,2013,ETE,REP,,exams/CD/CD_ECOPO/CD_ECOPO_2013_ETE_REP_ENONCE.pdf,,,
CD,ECOPO,2013,SEPT,NORMAL,,exams/CD/CD_ECOPO/CD_ECOPO_2013_SEPT_ENONCE.pdf,exams/CD/CD_ECOPO/CD_ECOPO_2013_SEPT_CORRIGE.pdf,,
CD,ECOPO,2014,ETE,NORMAL,,exams/CD/CD_ECOPO/CD_ECOPO_2014_ETE_ENONCE.pdf,exams/CD/CD_ECOPO/CD_ECOPO_2014_ETE_CORRIGE.pdf,,
CD,ECOPO,2014,SEPT,NORMAL,,exams/CD/CD_ECOPO/CD_ECOPO_2014_SEPT_ENONCE.pdf,exams/CD/CD_ECOPO/CD_ECOPO_2014_SEPT_CORRIGE.pdf,,
CD,ECOPO,2015,ETE,NORMAL,,exams/CD/CD_ECOPO/CD_ECOPO_2015_ETE_ENONCE.pdf,exams/CD/CD_ECOPO/CD_ECOPO_2015_ETE_CORRIGE.pdf,,
CD,ECOPO,2015,SEPT,NORMAL,,exams/CD/CD_ECOPO/CD_ECOPO_2015_SEPT_ENONCE.pdf,exams/CD/CD_ECOPO/CD_ECOPO_2015_SEPT_CORRIGE.pdf,,
CD,ECOPO,2016,ETE,NORMAL,,exams/CD/CD_ECOPO/CD_ECOPO_2016_ETE_ENONCE.pdf,,,
CD,ECOPO,2016,ETE,REP,,exams/CD/CD_ECOPO/CD_ECOPO_2016_ETE_REP_ENONCE.pdf,,,
CD,ECOPO,2017,ETE,NORMAL,,exams/CD/CD_ECOPO/CD_ECOPO_2017_ETE_ENONCE.pdf,,,
CD,ECOPO,2017,ETE,REP,,exams/CD/CD_ECOPO/CD_ECOPO_2017_ETE_REP_ENONCE.pdf,,,
CD,ECOPO,2018,ETE,NORMAL,,exams/CD/CD_ECOPO/CD_ECOPO_2018_ETE_ENONCE.pdf,,,
CD,ECOPO,2018,ETE,REP,,exams/CD/CD_ECOPO/CD_ECOPO_2018_ETE_REP_ENONCE.pdf,,,
CD,ECOPO,2018,SEPT,NORMAL,,exams/CD/CD_ECOPO/CD_ECOPO_2018_SEPT_ENONCE.pdf,,,
CD,ECOPO,2020,ETE,NORMAL,,exams/CD/CD_ECOPO/CD_ECOPO_2020_ETE_ENONCE.pdf,,,
CD,ECOPO,2020,SEPT,NORMAL,,exams/CD/CD_ECOPO/CD_ECOPO_2020_SEPT_ENONCE.pdf,,,
CD,ECOPO,2021,ETE,NORMAL,,exams/CD/CD_ECOPO/CD_ECOPO_2021_ETE_ENONCE.pdf,,,
CD,ECOPO,2022,ETE,NORMAL,,exams/CD/CD_ECOPO/CD_ECOPO_2022_ETE_ENONCE.pdf,,,
CD,ECOPO,2022,ETE,REP,,exams/CD/CD_ECOPO/CD_ECOPO_2022_ETE_REP_ENONCE.pdf,,,
CD,ECOPO,2022,SEPT,NORMAL,,exams/CD/CD_ECOPO/CD_ECOPO_2022_SEPT_ENONCE.pdf,,,
CD,ECOPO,2023,ETE,NORMAL,,exams/CD/CD_ECOPO/CD_ECOPO_2023_ETE_ENONCE.pdf,,,
CD,ECOPO,2023,ETE,REP,,exams/CD/CD_ECOPO/CD_ECOPO_2023_ETE_REP_ENONCE.pdf,,,
CD,ECOPO,2023,SEPT,NORMAL,,exams/CD/CD_ECOPO/CD_ECOPO_2023_SEPT_ENONCE.pdf,,,
CD,ECOPO,2023,SEPT,REP,,exams/CD/CD_ECOPO/CD_ECOPO_2023_SEPT_REP_ENONCE.pdf,,,
CD,ECOPO,2024,ETE,NORMAL,,exams/CD/CD_ECOPO/CD_ECOPO_2024_ETE_ENONCE.pdf,,,
CD,ECOPO,2024,ETE,REP,,exams/CD/CD_ECOPO/CD_ECOPO_2024_ETE_REP_ENONCE.pdf,,,
CD,ECOPO,2024,SEPT,NORMAL,,exams/CD/CD_ECOPO/CD_ECOPO_2024_SEPT_ENONCE.pdf,,,
CD,ECOPO,2024,SEPT,REP,,exams/CD/CD_ECOPO/CD_ECOPO_2024_SEPT_REP_ENONCE.pdf,,,
CD,FRANC,2004,ETE,NORMAL,,exams/CD/CD_FRANC/CD_FRANC_2004_ETE_ENONCE.pdf,,,
CD,FRANC,2006,ETE,NORMAL,,exams/CD/CD_FRANC/CD_FRANC_2006_ETE_ENONCE.pdf,,,
CD,FRANC,2007,ETE,NORMAL,,exams/CD/CD_FRANC/CD_FRANC_2007_ETE_ENONCE.pdf,,,
CD,FRANC,2007,ETE,REP,,exams/CD/CD_FRANC/CD_FRANC_2007_ETE_REP_ENONCE.pdf,,,
CD,FRANC,2007,SEPT,NORMAL,,exams/CD/CD_FRANC/CD_FRANC_2007_SEPT_ENONCE.pdf,,,
CD,FRANC,2008,ETE,NORMAL,,exams/CD/CD_FRANC/CD_FRANC_2008_ETE_ENONCE.pdf,,,
CD,FRANC,2008,ETE,REP,,exams/CD/CD_FRANC/CD_FRANC_2008_ETE_REP_ENONCE.pdf,,,
CD,FRANC,2009,ETE,NORMAL,,exams/CD/CD_FRANC/CD_FRANC_2009_ETE_ENONCE.pdf,,,
CD,FRANC,2010,ETE,NORMAL,,exams/CD/CD_FRANC/CD_FRANC_2010_ETE_ENONCE.pdf,,,
CD,FRANC,2011,ETE,NORMAL,,exams/CD/CD_FRANC/CD_FRANC_2011_ETE_ENONCE.pdf,,,
CD,FRANC,2012,ETE,NORMAL,,exams/CD/CD_FRANC/CD_FRANC_2012_ETE_ENONCE.pdf,,,
CD,FRANC,2012,ETE,REP,,exams/CD/CD_FRANC/CD_FRANC_2012_ETE_REP_ENONCE.pdf,,,
CD,FRANC,2013,ETE,NORMAL,,exams/CD/CD_FRANC/CD_FRANC_2013_ETE_ENONCE.pdf,,,
CD,FRANC,2014,ETE,NORMAL,,exams/CD/CD_FRANC/CD_FRANC_2014_ETE_ENONCE.pdf,,,
CD,FRANC,2014,ETE,REP,,exams/CD/CD_FRANC/CD_FRANC_2014_ETE_REP_ENONCE.pdf,,,
CD,FRANC,2015,ETE,NORMAL,,exams/CD/CD_FRANC/CD_FRANC_2015_ETE_ENONCE.pdf,,,
CD,FRANC,2015,ETE,REP,,exams/CD/CD_FRANC/CD_FRANC_2015_ETE_REP_ENONCE.pdf,,,
CD,FRANC,2016,ETE,NORMAL,,exams/CD/CD_FRANC/CD_FRANC_2016_ETE_ENONCE.pdf,,,
CD,FRANC,2016,ETE,REP,,exams/CD/CD_FRANC/CD_FRANC_2016_ETE_REP_ENONCE.pdf,,,
CD,FRANC,2016,SEPT,NORMAL,,exams/CD/CD_FRANC/CD_FRANC_2016_SEPT_ENONCE.pdf,,,
CD,FRANC,2017,ETE,NORMAL,,exams/CD/CD_FRANC/CD_FRANC_2017_ETE_ENONCE.pdf,,,
CD,FRANC,2018,ETE,NORMAL,,exams/CD/CD_FRANC/CD_FRANC_2018_ETE_ENONCE.pdf,,,
CD,FRANC,2019,ETE,NORMAL,,exams/CD/CD_FRANC/CD_FRANC_2019_ETE_ENONCE.pdf,,,
CD,FRANC,2019,ETE,REP,,exams/CD/CD_FRANC/CD_FRANC_2019_ETE_REP_ENONCE.pdf,,,
CD,FRANC,2019,SEPT,NORMAL,,exams/CD/CD_FRANC/CD_FRANC_2019_SEPT_ENONCE.pdf,,,
CD,FRANC,2020,ETE,NORMAL,,exams/CD/CD_FRANC/CD_FRANC_2020_ETE_ENONCE.pdf,,,exams/CD/CD_FRANC/CD_FRANC_2020_ETE_ORAL.pdf
CD,FRANC,2020,SEPT,NORMAL,,exams/CD/CD_FRANC/CD_FRANC_2020_SEPT_ENONCE.pdf,,,
CD,FRANC,2021,ETE,NORMAL,,exams/CD/CD_FRANC/CD_FRANC_2021_ETE_ENONCE.pdf,,,
CD,FRANC,2022,ETE,NORMAL,,exams/CD/CD_FRANC/CD_FRANC_2022_ETE_ENONCE.pdf,,,
CD,FRANC,2022,ETE,REP,,exams/CD/CD_FRANC/CD_FRANC_2022_ETE_REP_ENONCE.pdf,,,
CD,FRANC,2022,SEPT,NORMAL,,exams/CD/CD_FRANC/CD_FRANC_2022_SEPT_ENONCE.pdf,,,
CD,FRANC,2023,ETE,NORMAL,,exams/CD/CD_FRANC/CD_FRANC_2023_ETE_ENONCE.pdf,,,
CD,FRANC,2023,ETE,REP,,exams/CD/CD_FRANC/CD_FRANC_2023_ETE_REP_ENONCE.pdf,,,
CD,FRANC,2023,SEPT,NORMAL,,exams/CD/CD_FRANC/CD_FRANC_2023_SEPT_ENONCE.pdf,,,
CD,FRANC,2023,SEPT,REP,,exams/CD/CD_FRANC/CD_FRANC_2023_SEPT_REP_ENONCE.pdf,,,
CD,FRANC,2024,ETE,NORMAL,,exams/CD/CD_FRANC/CD_FRANC_2024_ETE_ENONCE.pdf,,,
CD,FRANC,2024,SEPT,NORMAL,,exams/CD/CD_FRANC/CD_FRANC_2024_SEPT_ENONCE.pdf,,,
CD,HISTO,2005,ETE,NORMAL,,exams/CD/CD_HISTO/CD_HISTO_2005_ETE_ENONCE.pdf,,,
CD,HISTO,2006,ETE,NORMAL,,exams/CD/CD_HISTO/CD_HISTO_2006_ETE_ENONCE.pdf,,,
CD,HISTO,2006,ETE,REP,,exams/CD/CD_HISTO/CD_HISTO_2006_ETE_REP_ENONCE.pdf,,,
CD,HISTO,2007,ETE,NORMAL,,exams/CD/CD_HISTO/CD_HISTO_2007_ETE_ENONCE.pdf,,,
CD,HISTO,2007,ETE,REP,,exams/CD/CD_HISTO/CD_HISTO_2007_ETE_REP_ENONCE.pdf,,,
CD,HISTO,2008,ETE,NORMAL,,exams/CD/CD_HISTO/CD_HISTO_2008_ETE_ENONCE.pdf,,,
CD,HISTO,2008,ETE,REP,,exams/CD/CD_HISTO/CD_HISTO_2008_ETE_REP_ENONCE.pdf,,,
CD,HISTO,2009,ETE,NORMAL,,exams/CD/CD_HISTO/CD_HISTO_2009_ETE_ENONCE.pdf,,,
CD,HISTO,2010,ETE,NORMAL,,exams/CD/CD_HISTO/CD_HISTO_2010_ETE_ENONCE.pdf,,,
CD,HISTO,2011,ETE,NORMAL,,exams/CD/CD_HISTO/CD_HISTO_2011_ETE_ENONCE.pdf,,,
CD,HISTO,2012,ETE,NORMAL,,exams/CD/CD_HISTO/CD_HISTO_2012_ETE_ENONCE.pdf,,,
CD,HISTO,2012,ETE,REP,,exams/CD/CD_HISTO/CD_HISTO_2012_ETE_REP_ENONCE.pdf,,,
CD,HISTO,2013,ETE,NORMAL,,exams/CD/CD_HISTO/CD_HISTO_2013_ETE_ENONCE.pdf,,,
CD,HISTO,2014,ETE,NORMAL,,exams/CD/CD_HISTO/CD_HISTO_2014_ETE_ENONCE.pdf,,,
CD,HISTO,2015,ETE,NORMAL,,exams/CD/CD_HISTO/CD_HISTO_2015_ETE_ENONCE.pdf,,,
CD,HISTO,2015,ETE,REP,,exams/CD/CD_HISTO/CD_HISTO_2015_ETE_REP_ENONCE.pdf,,,
CD,HISTO,2016,ETE,NORMAL,,exams/CD/CD_HISTO/CD_HISTO_2016_ETE_ENONCE.pdf,exams/CD/CD_HISTO/CD_HISTO_2016_ETE_CORRIGE.pdf,,
CD,HISTO,2016,ETE,REP,,exams/CD/CD_HISTO/CD_HISTO_2016_ETE_REP_ENONCE.pdf,,,
CD,HISTO,2016,SEPT,NORMAL,,exams/CD/CD_HISTO/CD_HISTO_2016_SEPT_ENONCE.pdf,,,
CD,HISTO,2017,ETE,NORMAL,,exams/CD/CD_HISTO/CD_HISTO_2017_ETE_ENONCE.pdf,exams/CD/CD_HISTO/CD_HISTO_2017_ETE_CORRIGE.pdf,,
CD,HISTO,2018,ETE,NORMAL,,exams/CD/CD_HISTO/CD_HISTO_2018_ETE_ENONCE.pdf,,,
CD,HISTO,2020,ETE,NORMAL,,exams/CD/CD_HISTO/CD_HISTO_2020_ETE_ENONCE.pdf,,,
CD,HISTO,2020,SEPT,NORMAL,,exams/CD/CD_HISTO/CD_HISTO_2020_SEPT_ENONCE.pdf,,,
CD,HISTO,2021,ETE,NORMAL,,exams/CD/CD_HISTO/CD_HISTO_2021_ETE_ENONCE.pdf,,,
CD,HISTO,2022,ETE,NORMAL,,exams/CD/CD_HISTO/CD_HISTO_2022_ETE_ENONCE.pdf,,,
CD,HISTO,2022,SEPT,NORMAL,,exams/CD/CD_HISTO/CD_HISTO_2022_SEPT_ENONCE.pdf,,,
CD,LATIN,2005,ETE,NORMAL,,exams/CD/CD_LATIN/CD_LATIN_2005_ETE_ENONCE.pdf,exams/CD/CD_LATIN/CD_LATIN_2005_ETE_CORRIGE.pdf,,
CD,LATIN,2006,ETE,NORMAL,,exams/CD/CD_LATIN/CD_LATIN_2006_ETE_ENONCE.pdf,,,
CD,LATIN,2007,ETE,NORMAL,,exams/CD/CD_LATIN/CD_LATIN_2007_ETE_ENONCE.pdf,,,
CD,LATIN,2007,SEPT,NORMAL,,exams/CD/CD_LATIN/CD_LATIN_2007_SEPT_ENONCE.pdf,,,
CD,LATIN,2009,ETE,NORMAL,,exams/CD/CD_LATIN/CD_LATIN_2009_ETE_ENONCE.pdf,,,
CD,LATIN,2010,ETE,NORMAL,,exams/CD/CD_LATIN/CD_LATIN_2010_ETE_ENONCE.pdf,,,
CD,LATIN,2011,ETE,NORMAL,,exams/CD/CD_LATIN/CD_LATIN_2011_ETE_ENONCE.pdf,,,
CD,LATIN,2012,ETE,NORMAL,,exams/CD/CD_LATIN/CD_LATIN_2012_ETE_ENONCE.pdf,,,
CD,LATIN,2013,ETE,NORMAL,,exams/CD/CD_LATIN/CD_LATIN_2013_ETE_ENONCE.pdf,,,
CD,LATIN,2014,ETE,NORMAL,,exams/CD/CD_LATIN/CD_LATIN_2014_ETE_ENONCE.pdf,,,
CD,LATIN,2015,ETE,NORMAL,,exams/CD/CD_LATIN/CD_LATIN_2015_ETE_ENONCE.pdf,,,
CD,LATIN,2016,ETE,NORMAL,,exams/CD/CD_LATIN/CD_LATIN_2016_ETE_ENONCE.pdf,,,
CD,LATIN,2017,ETE,NORMAL,,exams/CD/CD_LATIN/CD_LATIN_2017_ETE_ENONCE.pdf,,,
CD,LATIN,2018,ETE,NORMAL,,exams/CD/CD_LATIN/CD_LATIN_2018_ETE_ENONCE.pdf,,,
CD,LATIN,2019,ETE,NORMAL,,exams/CD/CD_LATIN/CD_LATIN_2019_ETE_ENONCE.pdf,,,
CD,LATIN,2020,ETE,NORMAL,,exams/CD/CD_LATIN/CD_LATIN_2020_ETE_ENONCE.pdf,,,
CD,LATIN,2021,ETE,NORMAL,,exams/CD/CD_LATIN/CD_LATIN_2021_ETE_ENONCE.pdf,,,
CD,LATIN,2022,ETE,NORMAL,,exams/CD/CD_LATIN/CD_LATIN_2022_ETE_ENONCE.pdf,,,
CD,LATIN,2022,SEPT,NORMAL,,exams/CD/CD_LATIN/CD_LATIN_2022_SEPT_ENONCE.pdf,,,
CD,LATIN,2023,ETE,NORMAL,,exams/CD/CD_LATIN/CD_LATIN_2023_ETE_ENONCE.pdf,,,
CD,LATIN,2023,SEPT,NORMAL,,exams/CD/CD_LATIN/CD_LATIN_2023_SEPT_ENONCE.pdf,,,
CD,LATIN,2023,SEPT,REP,,exams/CD/CD_LATIN/CD_LATIN_2023_SEPT_REP_ENONCE.pdf,,,
CD,LATIN,2024,ETE,NORMAL,,exams/CD/CD_LATIN/CD_LATIN_2024_ETE_ENONCE.pdf,,,
CD,LATIN,2024,ETE,REP,,exams/CD/CD_LATIN/CD_LATIN_2024_ETE_REP_ENONCE.pdf,,,
CD,MATH1,2005,ETE,NORMAL,,exams/CD/CD_MATH1/CD_MATH1_2005_ETE_ENONCE.pdf,exams/CD/CD_MATH1/CD_MATH1_2005_ETE_CORRIGE.pdf,,
CD,MATH1,2006,ETE,NORMAL,,exams/CD/CD_MATH1/CD_MATH1_2006_ETE_ENONCE.pdf,exams/CD/CD_MATH1/CD_MATH1_2006_ETE_CORRIGE.pdf,,
CD,MATH1,2006,ETE,REP,,exams/CD/CD_MATH1/CD_MATH1_2006_ETE_REP_ENONCE.pdf,,,
CD,MATH1,2006,SEPT,NORMAL,,exams/CD/CD_MATH1/CD_MATH1_2006_SEPT_ENONCE.pdf,exams/CD/CD_MATH1/CD_MATH1_2006_SEPT_CORRIGE.pdf,,
CD,MATH1,2007,ETE,NORMAL,,exams/CD/CD_MATH1/CD_MATH1_2007_ETE_ENONCE.pdf,exams/CD/CD_MATH1/CD_MATH1_2007_ETE_CORRIGE.pdf,,
CD,MATH1,2007,SEPT,NORMAL,,exams/CD/CD_MATH1/CD_MATH1_2007_SEPT_ENONCE.pdf,exams/CD/CD_MATH1/CD_MATH1_2007_SEPT_CORRIGE.pdf,,
CD,MATH1,2008,ETE,NORMAL,,exams/CD/CD_MATH1/CD_MATH1_2008_ETE_ENONCE.pdf,exams/CD/CD_MATH1/CD_MATH1_2008_ETE_CORRIGE.pdf,,
CD,MATH1,2008,ETE,REP,,exams/CD/CD_MATH1/CD_MATH1_2008_ETE_REP_ENONCE.pdf,exams/CD/CD_MATH1/CD_MATH1_2008_ETE_REP_CORRIGE.pdf,,
CD,MATH1,2009,ETE,NORMAL,,exams/CD/CD_MATH1/CD_MATH1_2009_ETE_ENONCE.pdf,exams/CD/CD_MATH1/CD_MATH1_2009_ETE_CORRIGE.pdf,,
CD,MATH1,2009,ETE,REP,,exams/CD/CD_MATH1/CD_MATH1_2009_ETE_REP_ENONCE.pdf,exams/CD/CD_MATH1/CD_MATH1_2009_ETE_REP_CORRIGE.pdf,,
CD,MATH1,2009,SEPT,NORMAL,,exams/CD/CD_MATH1/CD_MATH1_2009_SEPT_ENONCE.pdf,exams/CD/CD_MATH1/CD_MATH1_2009_SEPT_CORRIGE.pdf,,
CD,MATH1,2010,ETE,NORMAL,,exams/CD/CD_MATH1/CD_MATH1_2010_ETE_ENONCE.pdf,exams/CD/CD_MATH1/CD_MATH1_2010_ETE_CORRIGE.pdf,,
CD,MATH1,2010,SEPT,NORMAL,,exams/CD/CD_MATH1/CD_MATH1_2010_SEPT_ENONCE.pdf,exams/CD/CD_MATH1/CD_MATH1_2010_SEPT_CORRIGE.pdf,,
CD,MATH1,2011,ETE,NORMAL,,exams/CD/CD_MATH1/CD_MATH1_2011_ETE_ENONCE.pdf,exams/CD/CD_MATH1/CD_MATH1_2011_ETE_CORRIGE.pdf,,
CD,MATH1,2011,SEPT,NORMAL,,exams/CD/CD_MATH1/CD_MATH1_2011_SEPT_ENONCE.pdf,exams/CD/CD_MATH1/CD_MATH1_2011_SEPT_CORRIGE.pdf,,
CD,MATH1,2012,ETE,NORMAL,,exams/CD/CD_MATH1/CD_MATH1_2012_ETE_ENONCE.pdf,exams/CD/CD_MATH1/CD_MATH1_2012_ETE_CORRIGE.pdf,,
CD,MATH1,2012,SEPT,NORMAL,,exams/CD/CD_MATH1/CD_MATH1_2012_SEPT_ENONCE.pdf,exams/CD/CD_MATH1/CD_MATH1_2012_SEPT_CORRIGE.pdf,,
CD,MATH1,2013,ETE,NORMAL,,exams/CD/CD_MATH1/CD_MATH1_2013_ETE_ENONCE.pdf,exams/CD/CD_MATH1/CD_MATH1_2013_ETE_CORRIGE.pdf,,
CD,MATH1,2013,SEPT,NORMAL,,exams/CD/CD_MATH1/CD_MATH1_2013_SEPT_ENONCE.pdf,exams/CD/CD_MATH1/CD_MATH1_2013_SEPT_CORRIGE.pdf,,
CD,MATH1,2014,ETE,NORMAL,,exams/CD/CD_MATH1/CD_MATH1_2014_ETE_ENONCE.pdf,exams/CD/CD_MATH1/CD_MATH1_2014_ETE_CORRIGE.pdf,,
CD,MATH1,2014,SEPT,NORMAL,,exams/CD/CD_MATH1/CD_MATH1_2014_SEPT_ENONCE.pdf,exams/CD/CD_MATH1/CD_MATH1_2014_SEPT_CORRIGE.pdf,,
CD,MATH1,2015,ETE,NORMAL,,exams/CD/CD_MATH1/CD_MATH1_2015_ETE_ENONCE.pdf,exams/CD/CD_MATH1/CD_MATH1_2015_ETE_CORRIGE.pdf,,
CD,MATH1,2015,SEPT,NORMAL,,exams/CD/CD_MATH1/CD_MATH1_2015_SEPT_ENONCE.pdf,exams/CD/CD_MATH1/CD_MATH1_2015_SEPT_CORRIGE.pdf,,
CD,MATH1,2016,ETE,NORMAL,,exams/CD/CD_MATH1/CD_MATH1_2016_ETE_ENONCE.pdf,exams/CD/CD_MATH1/CD_MATH1_2016_ETE_CORRIGE.pdf,,
CD,MATH1,2016,SEPT,NORMAL,,exams/CD/CD_MATH1/CD_MATH1_2016_SEPT_ENONCE.pdf,exams/CD/CD_MATH1/CD_MATH1_2016_SEPT_CORRIGE.pdf,,
CD,MATH1,2017,ETE,NORMAL,,exams/CD/CD_MATH1/CD_MATH1_2017_ETE_ENONCE.pdf,exams/CD/CD_MATH1/CD_MATH1_2017_ETE_CORRIGE.pdf,,
CD,MATH1,2017,SEPT,NORMAL,,exams/CD/CD_MATH1/CD_MATH1_2017_SEPT_ENONCE.pdf,exams/CD/CD_MATH1/CD_MATH1_2017_SEPT_CORRIGE.pdf,,
CD,MATH1,2017,SEPT,REP,,exams/CD/CD_MATH1/CD_MATH1_2017_SEPT_REP_ENONCE.pdf,exams/CD/CD_MATH1/CD_MATH1_2017_SEPT_REP_CORRIGE.pdf,,
CD,MATH1,2018,ETE,NORMAL,,exams/CD/CD_MATH1/CD_MATH1_2018_ETE_ENONCE.pdf,exams/CD/CD_MATH1/CD_MATH1_2018_ETE_CORRIGE.pdf,,
CD,MATH1,2018,SEPT,NORMAL,,exams/CD/CD_MATH1/CD_MATH1_2018_SEPT_ENONCE.pdf,exams/CD/CD_MATH1/CD_MATH1_2018_SEPT_CORRIGE.pdf,,
CD,MATH1,2019,ETE,NORMAL,,exams/CD/CD_MATH1/CD_MATH1_2019_ETE_ENONCE.pdf,exams/CD/CD_MATH1/CD_MATH1_2019_ETE_CORRIGE.pdf,,
CD,MATH1,2019,SEPT,NORMAL,,exams/CD/CD_MATH1/CD_MATH1_2019_SEPT_ENONCE.pdf,exams/CD/CD_MATH1/CD_MATH1_2019_SEPT_CORRIGE.pdf,,
CD,MATH1,2020,ETE,NORMAL,,exams/CD/CD_MATH1/CD_MATH1_2020_ETE_ENONCE.pdf,exams/CD/CD_MATH1/CD_MATH1_2020_ETE_CORRIGE.pdf,,
CD,MATH1,2020,SEPT,NORMAL,,exams/CD/CD_MATH1/CD_MATH1_2020_SEPT_ENONCE.pdf,exams/CD/CD_MATH1/CD_MATH1_2020_SEPT_CORRIGE.pdf,,
CD,MATH1,2021,ETE,NORMAL,,exams/CD/CD_MATH1/CD_MATH1_2021_ETE_ENONCE.pdf,exams/CD/CD_MATH1/CD_MATH1_2021_ETE_CORRIGE.pdf,,
CD,MATH1,2022,ETE,NORMAL,,exams/CD/CD_MATH1/CD_MATH1_2022_ETE_ENONCE.pdf,exams/CD/CD_MATH1/CD_MATH1_2022_ETE_CORRIGE.pdf,,
CD,MATH1,2022,ETE,REP,,exams/CD/CD_MATH1/CD_MATH1_2022_ETE_REP_ENONCE.pdf,exams/CD/CD_MATH1/CD_MATH1_2022_ETE_REP_CORRIGE.pdf,,
CD,MATH1,2023,ETE,NORMAL,,exams/CD/CD_MATH1/CD_MATH1_2023_ETE_ENONCE.pdf,exams/CD/CD_MATH1/CD_MATH1_2023_ETE_CORRIGE.pdf,,
CD,MATH1,2023,SEPT,NORMAL,,exams/CD/CD_MATH1/CD_MATH1_2023_SEPT_ENONCE.pdf,exams/CD/CD_MATH1/CD_MATH1_2023_SEPT_CORRIGE.pdf,,
CD,MATH1,2024,ETE,NORMAL,,exams/CD/CD_MATH1/CD_MATH1_2024_ETE_ENONCE.pdf,exams/CD/CD_MATH1/CD_MATH1_2024_ETE_CORRIGE.pdf,,
CD,MATH1,2024,ETE,REP,,exams/CD/CD_MATH1/CD_MATH1_2024_ETE_REP_ENONCE.pdf,exams/CD/CD_MATH1/CD_MATH1_2024_ETE_REP_CORRIGE.pdf,,
CD,MATH1,2025,ETE,NORMAL,,exams/CD/CD_MATH1/CD_MATH1_2025_ETE_ENONCE.pdf,exams/CD/CD_MATH1/CD_MATH1_2025_ETE_CORRIGE.pdf,,
CD,MATH1,2025,SEPT,NORMAL,,exams/CD/CD_MATH1/CD_MATH1_2025_SEPT_ENONCE.pdf,exams/CD/CD_MATH1/CD_MATH1_2025_SEPT_CORRIGE.pdf,,
CD,MATH2,2005,ETE,NORMAL,,exams/CD/CD_MATH2/CD_MATH2_2005_ETE_ENONCE.pdf,exams/CD/CD_MATH2/CD_MATH2_2005_ETE_CORRIGE.pdf,,
CD,MATH2,2006,ETE,NORMAL,,exams/CD/CD_MATH2/CD_MATH2_2006_ETE_ENONCE.pdf,exams/CD/CD_MATH2/CD_MATH2_2006_ETE_CORRIGE.pdf,,
CD,MATH2,2006,SEPT,NORMAL,,exams/CD/CD_MATH2/CD_MATH2_2006_SEPT_ENONCE.pdf,exams/CD/CD_MATH2/CD_MATH2_2006_SEPT_CORRIGE.pdf,,
CD,MATH2,2007,ETE,NORMAL,,exams/CD/CD_MATH2/CD_MATH2_2007_ETE_ENONCE.pdf,exams/CD/CD_MATH2/CD_MATH2_2007_ETE_CORRIGE.pdf,,
CD,MATH2,2007,ETE,REP,,exams/CD/CD_MATH2/CD_MATH2_2007_ETE_REP_ENONCE.pdf,exams/CD/CD_MATH2/CD_MATH2_2007_ETE_REP_CORRIGE.pdf,,
CD,MATH2,2007,SEPT,NORMAL,,exams/CD/CD_MATH2/CD_MATH2_2007_SEPT_ENONCE.pdf,exams/CD/CD_MATH2/CD_MATH2_2007_SEPT_CORRIGE.pdf,,
CD,MATH2,2008,ETE,NORMAL,,exams/CD/CD_MATH2/CD_MATH2_2008_ETE_ENONCE.pdf,exams/CD/CD_MATH2/CD_MATH2_2008_ETE_CORRIGE.pdf,,
CD,MATH2,2008,ETE,REP,,exams/CD/CD_MATH2/CD_MATH2_2008_ETE_REP_ENONCE.pdf,exams/CD/CD_MATH2/CD_MATH2_2008_ETE_REP_CORRIGE.pdf,,
CD,MATH2,2008,SEPT,NORMAL,,exams/CD/CD_MATH2/CD_MATH2_2008_SEPT_ENONCE.pdf,exams/CD/CD_MATH2/CD_MATH2_2008_SEPT_CORRIGE.pdf,,
CD,MATH2,2009,ETE,NORMAL,,exams/CD/CD_MATH2/CD_MATH2_2009_ETE_ENONCE.pdf,exams/CD/CD_MATH2/CD_MATH2_2009_ETE_CORRIGE.pdf,,
CD,MATH2,2009,ETE,REP,,exams/CD/CD_MATH2/CD_MATH2_2009_ETE_REP_ENONCE.pdf,exams/CD/CD_MATH2/CD_MATH2_2009_ETE_REP_CORRIGE.pdf,,
CD,MATH2,2009,SEPT,NORMAL,,exams/CD/CD_MATH2/CD_MATH2_2009_SEPT_ENONCE.pdf,exams/CD/CD_MATH2/CD_MATH2_2009_SEPT_CORRIGE.pdf,,
CD,MATH2,2010,ETE,NORMAL,,exams/CD/CD_MATH2/CD_MATH2_2010_ETE_ENONCE.pdf,exams/CD/CD_MATH2/CD_MATH2_2010_ETE_CORRIGE.pdf,,
CD,MATH2,2010,ETE,REP,,exams/CD/CD_MATH2/CD_MATH2_2010_ETE_REP_ENONCE.pdf,exams/CD/CD_MATH2/CD_MATH2_2010_ETE_REP_CORRIGE.pdf,,
CD,MATH2,2010,SEPT,NORMAL,,exams/CD/CD_MATH2/CD_MATH2_2010_SEPT_ENONCE.pdf,exams/CD/CD_MATH2/CD_MATH2_2010_SEPT_CORRIGE.pdf,,
CD,MATH2,2011,ETE,NORMAL,,exams/CD/CD_MATH2/CD_MATH2_2011_ETE_ENONCE.pdf,exams/CD/CD_MATH2/CD_MATH2_2011_ETE_CORRIGE.pdf,,
CD,MATH2,2011,SEPT,NORMAL,,exams/CD/CD_MATH2/CD_MATH2_2011_SEPT_ENONCE.pdf,exams/CD/CD_MATH2/CD_MATH2_2011_SEPT_CORRIGE.pdf,,
CD,MATH2,2012,ETE,NORMAL,,exams/CD/CD_MATH2/CD_MATH2_2012_ETE_ENONCE.pdf,exams/CD/CD_MATH2/CD_MATH2_2012_ETE_CORRIGE.pdf,,
CD,MATH2,2012,SEPT,NORMAL,,exams/CD/CD_MATH2/CD_MATH2_2012_SEPT_ENONCE.pdf,exams/CD/CD_MATH2/CD_MATH2_2012_SEPT_CORRIGE.pdf,,
CD,MATH2,2013,ETE,NORMAL,,exams/CD/CD_MATH2/CD_MATH2_2013_ETE_ENONCE.pdf,exams/CD/CD_MATH2/CD_MATH2_2013_ETE_CORRIGE.pdf,,
CD,MATH2,2013,ETE,REP,,exams/CD/CD_MATH2/CD_MATH2_2013_ETE_REP_ENONCE.pdf,exams/CD/CD_MATH2/CD_MATH2_2013_ETE_REP_CORRIGE.pdf,,
CD,MATH2,2013,SEPT,NORMAL,,exams/CD/CD_MATH2/CD_MATH2_2013_SEPT_ENONCE.pdf,exams/CD/CD_MATH2/CD_MATH2_2013_SEPT_CORRIGE.pdf,,
CD,MATH2,2014,ETE,NORMAL,,exams/CD/CD_MATH2/CD_MATH2_2014_ETE_ENONCE.pdf,exams/CD/CD_MATH2/CD_MATH2_2014_ETE_CORRIGE.pdf,,
CD,MATH2,2014,SEPT,NORMAL,,exams/CD/CD_MATH2/CD_MATH2_2014_SEPT_ENONCE.pdf,exams/CD/CD_MATH2/CD_MATH2_2014_SEPT_CORRIGE.pdf,,
CD,MATH2,2015,ETE,NORMAL,,exams/CD/CD_MATH2/CD_MATH2_2015_ETE_ENONCE.pdf,exams/CD/CD_MATH2/CD_MATH2_2015_ETE_CORRIGE.pdf,,
CD,MATH2,2015,ETE,REP,,exams/CD/CD_MATH2/CD_MATH2_2015_ETE_REP_ENONCE.pdf,exams/CD/CD_MATH2/CD_MATH2_2015_ETE_REP_CORRIGE.pdf,,
CD,MATH2,2015,SEPT,NORMAL,,exams/CD/CD_MATH2/CD_MATH2_2015_SEPT_ENONCE.pdf,exams/CD/CD_MATH2/CD_MATH2_2015_SEPT_CORRIGE.pdf,,
CD,MATH2,2016,ETE,NORMAL,,exams/CD/CD_MATH2/CD_MATH2_2016_ETE_ENONCE.pdf,exams/CD/CD_MATH2/CD_MATH2_2016_ETE_CORRIGE.pdf,,
CD,MATH2,2016,ETE,REP,,exams/CD/CD_MATH2/CD_MATH2_2016_ETE_REP_ENONCE.pdf,exams/CD/CD_MATH2/CD_MATH2_2016_ETE_REP_CORRIGE.pdf,,
CD,MATH2,2016,SEPT,NORMAL,,exams/CD/CD_MATH2/CD_MATH2_2016_SEPT_ENONCE.pdf,exams/CD/CD_MATH2/CD_MATH2_2016_SEPT_CORRIGE.pdf,,
CD,MATH2,2017,ETE,NORMAL,,exams/CD/CD_MATH2/CD_MATH2_2017_ETE_ENONCE.pdf,exams/CD/CD_MATH2/CD_MATH2_2017_ETE_CORRIGE.pdf,,
CD,MATH2,2017,ETE,REP,,exams/CD/CD_MATH2/CD_MATH2_2017_ETE_REP_ENONCE.pdf,exams/CD/CD_MATH2/CD_MATH2_2017_ETE_REP_CORRIGE.pdf,,
CD,MATH2,2017,SEPT,NORMAL,,exams/CD/CD_MATH2/CD_MATH2_2017_SEPT_ENONCE.pdf,exams/CD/CD_MATH2/CD_MATH2_2017_SEPT_CORRIGE.pdf,,
CD,MATH2,2018,ETE,NORMAL,,exams/CD/CD_MATH2/CD_MATH2_2018_ETE_ENONCE.pdf,exams/CD/CD_MATH2/CD_MATH2_2018_ETE_CORRIGE.pdf,,
CD,MATH2,2018,SEPT,NORMAL,,exams/CD/CD_MATH2/CD_MATH2_2018_SEPT_ENONCE.pdf,exams/CD/CD_MATH2/CD_MATH2_2018_SEPT_CORRIGE.pdf,,
CD,MATH2,2019,ETE,NORMAL,,exams/CD/CD_MATH2/CD_MATH2_2019_ETE_ENONCE.pdf,exams/CD/CD_MATH2/CD_MATH2_2019_ETE_CORRIGE.pdf,,
CD,MATH2,2019,SEPT,AJOU,,exams/CD/CD_MATH2/CD_MATH2_2019_SEPT_AJOU_ENONCE.pdf,,,
CD,MATH2,2019,SEPT,NORMAL,,exams/CD/CD_MATH2/CD_MATH2_2019_SEPT_ENONCE.pdf,exams/CD/CD_MATH2/CD_MATH2_2019_SEPT_CORRIGE.pdf,,
CD,MATH2,2020,ETE,NORMAL,,exams/CD/CD_MATH2/CD_MATH2_2020_ETE_ENONCE.pdf,exams/CD/CD_MATH2/CD_MATH2_2020_ETE_CORRIGE.pdf,,
CD,MATH2,2020,SEPT,NORMAL,,exams/CD/CD_MATH2/CD_MATH2_2020_SEPT_ENONCE.pdf,exams/CD/CD_MATH2/CD_MATH2_2020_SEPT_CORRIGE.pdf,,
CD,MATH2,2021,ETE,NORMAL,,exams/CD/CD_MATH2/CD_MATH2_2021_ETE_ENONCE.pdf,exams/CD/CD_MATH2/CD_MATH2_2021_ETE_CORRIGE.pdf,,
CD,MATH2,2021,ETE,REP,,exams/CD/CD_MATH2/CD_MATH2_2021_ETE_REP_ENONCE.pdf,exams/CD/CD_MATH2/CD_MATH2_2021_ETE_REP_CORRIGE.pdf,,
CD,MATH2,2021,SEPT,NORMAL,,exams/CD/CD_MATH2/CD_MATH2_2021_SEPT_ENONCE.pdf,exams/CD/CD_MATH2/CD_MATH2_2021_SEPT_CORRIGE.pdf,,
CD,MATH2,2023,ETE,NORMAL,,exams/CD/CD_MATH2/CD_MATH2_2023_ETE_ENONCE.pdf,exams/CD/CD_MATH2/CD_MATH2_2023_ETE_CORRIGE.pdf,,
CD,MATH2,2023,SEPT,NORMAL,,exams/CD/CD_MATH2/CD_MATH2_2023_SEPT_ENONCE.pdf,exams/CD/CD_MATH2/CD_MATH2_2023_SEPT_CORRIGE.pdf,,
CD,MATH2,2024,ETE,NORMAL,,exams/CD/CD_MATH2/CD_MATH2_2024_ETE_ENONCE.pdf,exams/CD/CD_MATH2/CD_MATH2_2024_ETE_CORRIGE.pdf,,
CD,MATH2,2025,ETE,NORMAL,,exams/CD/CD_MATH2/CD_MATH2_2025_ETE_ENONCE.pdf,exams/CD/CD_MATH2/CD_MATH2_2025_ETE_CORRIGE.pdf,,
CD,MATH2,2025,SEPT,NORMAL,,exams/CD/CD_MATH2/CD_MATH2_2025_SEPT_ENONCE.pdf,exams/CD/CD_MATH2/CD_MATH2_2025_SEPT_CORRIGE.pdf,,
CD,PHILO,2005,ETE,NORMAL,,exams/CD/CD_PHILO/CD_PHILO_2005_ETE_ENONCE.pdf,,,
CD,PHILO,2006,ETE,NORMAL,,exams/CD/CD_PHILO/CD_PHILO_2006_ETE_ENONCE.pdf,,,
CD,PHILO,2006,ETE,REP,,exams/CD/CD_PHILO/CD_PHILO_2006_ETE_REP_ENONCE.pdf,,,
CD,PHILO,2007,ETE,NORMAL,,exams/CD/CD_PHILO/CD_PHILO_2007_ETE_ENONCE.pdf,,,
CD,PHILO,2007,ETE,REP,,exams/CD/CD_PHILO/CD_PHILO_2007_ETE_REP_ENONCE.pdf,,,
CD,PHILO,2007,SEPT,NORMAL,,exams/CD/CD_PHILO/CD_PHILO_2007_SEPT_ENONCE.pdf,,,
CD,PHILO,2007,SEPT,REP,,exams/CD/CD_PHILO/CD_PHILO_2007_SEPT_REP_ENONCE.pdf,,,
CD,PHILO,2008,ETE,NORMAL,,exams/CD/CD_PHILO/CD_PHILO_2008_ETE_ENONCE.pdf,,,
CD,PHILO,2008,ETE,REP,,exams/CD/CD_PHILO/CD_PHILO_2008_ETE_REP_ENONCE.pdf,,,
CD,PHILO,2009,ETE,NORMAL,,exams/CD/CD_PHILO/CD_PHILO_2009_ETE_ENONCE.pdf,,,
CD,PHILO,2010,ETE,NORMAL,,exams/CD/CD_PHILO/CD_PHILO_2010_ETE_ENONCE.pdf,,,
CD,PHILO,2011,ETE,NORMAL,,exams/CD/CD_PHILO/CD_PHILO_2011_ETE_ENONCE.pdf,,,
CD,PHILO,2012,ETE,NORMAL,,exams/CD/CD_PHILO/CD_PHILO_2012_ETE_ENONCE.pdf,,,
CD,PHILO,2012,ETE,REP,,exams/CD/CD_PHILO/CD_PHILO_2012_ETE_REP_ENONCE.pdf,,,
CD,PHILO,2013,ETE,NORMAL,,exams/CD/CD_PHILO/CD_PHILO_2013_ETE_ENONCE.pdf,,,
CD,PHILO,2014,ETE,NORMAL,,exams/CD/CD_PHILO/CD_PHILO_2014_ETE_ENONCE.pdf,,,
CD,PHILO,2015,ETE,NORMAL,,exams/CD/CD_PHILO/CD_PHILO_2015_ETE_ENONCE.pdf,,,
CD,PHILO,2016,ETE,NORMAL,,exams/CD/CD_PHILO/CD_PHILO_2016_ETE_ENONCE.pdf,,,
CD,PHILO,2016,ETE,REP,,exams/CD/CD_PHILO/CD_PHILO_2016_ETE_REP_ENONCE.pdf,,,
CD,PHILO,2016,SEPT,NORMAL,,exams/CD/CD_PHILO/CD_PHILO_2016_SEPT_ENONCE.pdf,,,
CD,PHILO,2017,ETE,NORMAL,,exams/CD/CD_PHILO/CD_PHILO_2017_ETE_ENONCE.pdf,,,
CD,PHILO,2018,ETE,NORMAL,,exams/CD/CD_PHILO/CD_PHILO_2018_ETE_ENONCE.pdf,,,
CD,PHILO,2019,ETE,NORMAL,,exams/CD/CD_PHILO/CD_PHILO_2019_ETE_ENONCE.pdf,,,
CD,PHILO,2019,ETE,REP,,exams/CD/CD_PHILO/CD_PHILO_2019_ETE_REP_ENONCE.pdf,,,
CD,PHILO,2020,ETE,NORMAL,,exams/CD/CD_PHILO/CD_PHILO_2020_ETE_ENONCE.pdf,,,
CD,PHILO,2020,SEPT,NORMAL,,exams/CD/CD_PHILO/CD_PHILO_2020_SEPT_ENONCE.pdf,,,
CD,PHILO,2021,ETE,NORMAL,,exams/CD/CD_PHILO/CD_PHILO_2021_ETE_ENONCE.pdf,,,
CD,SOCOM,2005,ETE,NORMAL,,exams/CD/CD_SOCOM/CD_SOCOM_2005_ETE_ENONCE.pdf,,,
CD,SOCOM,2006,ETE,NORMAL,,exams/CD/CD_SOCOM/CD_SOCOM_2006_ETE_ENONCE.pdf,,,
CD,SOCOM,2006,SEPT,NORMAL,,exams/CD/CD_SOCOM/CD_SOCOM_2006_SEPT_ENONCE.pdf,,,
CD,SOCOM,2007,ETE,NORMAL,,exams/CD/CD_SOCOM/CD_SOCOM_2007_ETE_ENONCE.pdf,,,
CD,SOCOM,2007,SEPT,NORMAL,,exams/CD/CD_SOCOM/CD_SOCOM_2007_SEPT_ENONCE.pdf,,,
CD,SOCOM,2008,ETE,NORMAL,,exams/CD/CD_SOCOM/CD_SOCOM_2008_ETE_ENONCE.pdf,,,
CD,SOCOM,2008,ETE,REP,,exams/CD/CD_SOCOM/CD_SOCOM_2008_ETE_REP_ENONCE.pdf,,,
CD,SOCOM,2009,ETE,NORMAL,,exams/CD/CD_SOCOM/CD_SOCOM_2009_ETE_ENONCE.pdf,,,
CD,SOCOM,2010,ETE,NORMAL,,exams/CD/CD_SOCOM/CD_SOCOM_2010_ETE_ENONCE.pdf,exams/CD/CD_SOCOM/CD_SOCOM_2010_ETE_CORRIGE.pdf,,
CD,SOCOM,2011,ETE,NORMAL,,exams/CD/CD_SOCOM/CD_SOCOM_2011_ETE_ENONCE.pdf,,,
CD,SOCOM,2012,ETE,NORMAL,,exams/CD/CD_SOCOM/CD_SOCOM_2012_ETE_ENONCE.pdf,exams/CD/CD_SOCOM/CD_SOCOM_2012_ETE_CORRIGE.pdf,,
CD,SOCOM,2013,ETE,NORMAL,,exams/CD/CD_SOCOM/CD_SOCOM_2013_ETE_ENONCE.pdf,exams/CD/CD_SOCOM/CD_SOCOM_2013_ETE_CORRIGE.pdf,,
CD,SOCOM,2014,ETE,NORMAL,,exams/CD/CD_SOCOM/CD_SOCOM_2014_ETE_ENONCE.pdf,exams/CD/CD_SOCOM/CD_SOCOM_2014_ETE_CORRIGE.pdf,,
CD,SOCOM,2015,ETE,NORMAL,,exams/CD/CD_SOCOM/CD_SOCOM_2015_ETE_ENONCE.pdf,exams/CD/CD_SOCOM/CD_SOCOM_2015_ETE_CORRIGE.pdf,,
CD,SOCOM,2016,ETE,NORMAL,,exams/CD/CD_SOCOM/CD_SOCOM_2016_ETE_ENONCE.pdf,,,
CD,SOCOM,2016,ETE,REP,,exams/CD/CD_SOCOM/CD_SOCOM_2016_ETE_REP_ENONCE.pdf,,,
CD,SOCOM,2016,SEPT,NORMAL,,exams/CD/CD_SOCOM/CD_SOCOM_2016_SEPT_ENONCE.pdf,,,
CD,SOCOM,2017,ETE,NORMAL,,exams/CD/CD_SOCOM/CD_SOCOM_2017_ETE_ENONCE.pdf,,,
CD,SOCOM,2017,ETE,REP,,exams/CD/CD_SOCOM/CD_SOCOM_2017_ETE_REP_ENONCE.pdf,,,
CD,SOCOM,2018,ETE,NORMAL,,exams/CD/CD_SOCOM/CD_SOCOM_2018_ETE_ENONCE.pdf,,,
CD,SOCOM,2020,ETE,NORMAL,,exams/CD/CD_SOCOM/CD_SOCOM_2020_ETE_ENONCE.pdf,,,
CD,SOCOM,2020,SEPT,NORMAL,,exams/CD/CD_SOCOM/CD_SOCOM_2020_SEPT_ENONCE.pdf,,,
CD,SOCOM,2021,ETE,NORMAL,,exams/CD/CD_SOCOM/CD_SOCOM_2021_ETE_ENONCE.pdf,,,
CD,SOCOM,2022,ETE,NORMAL,,exams/CD/CD_SOCOM/CD_SOCOM_2022_ETE_ENONCE.pdf,,,
CD,SOCOM,2022,SEPT,NORMAL,,exams/CD/CD_SOCOM/CD_SOCOM_2022_SEPT_ENONCE.pdf,,,
CD,SOCOM,2023,ETE,NORMAL,,exams/CD/CD_SOCOM/CD_SOCOM_2023_ETE_ENONCE.pdf,,,
CD,SOCOM,2023,ETE,REP,,exams/CD/CD_SOCOM/CD_SOCOM_2023_ETE_REP_ENONCE.pdf,,,
CD,SOCOM,2023,SEPT,NORMAL,,exams/CD/CD_SOCOM/CD_SOCOM_2023_SEPT_ENONCE.pdf,,,
CD,SOCOM,2023,SEPT,REP,,exams/CD/CD_SOCOM/CD_SOCOM_2023_SEPT_REP_ENONCE.pdf,,,
CD,SOCOM,2024,ETE,NORMAL,,exams/CD/CD_SOCOM/CD_SOCOM_2024_ETE_ENONCE.pdf,,,
CD,SOCOM,2024,ETE,REP,,exams/CD/CD_SOCOM/CD_SOCOM_2024_ETE_REP_ENONCE.pdf,,,
CD,SOCOM,2024,SEPT,NORMAL,,exams/CD/CD_SOCOM/CD_SOCOM_2024_SEPT_ENONCE.pdf,,,
CE,4LANG_CHINO,2023,ETE,NORMAL,,exams/CE/CE_CHINO_4LANG/CE_4LANG_CHINO_2023_ETE_ENONCE.pdf,,,
CE,4LANG_CHINO,2023,ETE,REP,,exams/CE/CE_CHINO_4LANG/CE_4LANG_CHINO_2023_ETE_REP_ENONCE.pdf,,,
CE,4LANG_ESPAG,2021,ETE,NORMAL,,exams/CE/CE_ESPAG_4LANG/CE_4LANG_ESPAG_2021_ETE_ENONCE.pdf,,,
CE,4LANG_ESPAG,2022,ETE,NORMAL,,exams/CE/CE_ESPAG_4LANG/CE_4LANG_ESPAG_2022_ETE_ENONCE.pdf,,,
CE,4LANG_ESPAG,2023,ETE,NORMAL,,exams/CE/CE_ESPAG_4LANG/CE_4LANG_ESPAG_2023_ETE_ENONCE.pdf,,,
CE,4LANG_ESPAG,2024,ETE,NORMAL,,exams/CE/CE_ESPAG_4LANG/CE_4LANG_ESPAG_2024_ETE_ENONCE.pdf,,,
CE,4LANG_ESPAG,2024,ETE,REP,,exams/CE/CE_ESPAG_4LANG/CE_4LANG_ESPAG_2024_ETE_REP_ENONCE.pdf,,,
CE,4LANG_ITALI,2021,ETE,NORMAL,,exams/CE/CE_ITALI_4LANG/CE_4LANG_ITALI_2021_ETE_ENONCE.pdf,,,
CE,4LANG_ITALI,2022,ETE,NORMAL,,exams/CE/CE_ITALI_4LANG/CE_4LANG_ITALI_2022_ETE_ENONCE.pdf,,,
CE,ALLEM,2005,ETE,NORMAL,,exams/CE/CE_ALLEM/CE_ALLEM_2005_ETE_ENONCE.pdf,,,
CE,ALLEM,2006,ETE,NORMAL,,exams/CE/CE_ALLEM/CE_ALLEM_2006_ETE_ENONCE.pdf,,,
CE,ALLEM,2007,ETE,NORMAL,,exams/CE/CE_ALLEM/CE_ALLEM_2007_ETE_ENONCE.pdf,,,
CE,ALLEM,2007,ETE,REP,,exams/CE/CE_ALLEM/CE_ALLEM_2007_ETE_REP_ENONCE.pdf,,,
CE,ALLEM,2008,ETE,NORMAL,,exams/CE/CE_ALLEM/CE_ALLEM_2008_ETE_ENONCE.pdf,,,
CE,ALLEM,2008,ETE,REP,,exams/CE/CE_ALLEM/CE_ALLEM_2008_ETE_REP_ENONCE.pdf,,,
CE,ALLEM,2009,ETE,NORMAL,,exams/CE/CE_ALLEM/CE_ALLEM_2009_ETE_ENONCE.pdf,,,
CE,ALLEM,2010,ETE,NORMAL,,exams/CE/CE_ALLEM/CE_ALLEM_2010_ETE_ENONCE.pdf,,,
CE,ALLEM,2012,ETE,NORMAL,,exams/CE/CE_ALLEM/CE_ALLEM_2012_ETE_ENONCE.pdf,,,
CE,ALLEM,2013,ETE,NORMAL,,exams/CE/CE_ALLEM/CE_ALLEM_2013_ETE_ENONCE.pdf,,,
CE,ALLEM,2013,ETE,REP,,exams/CE/CE_ALLEM/CE_ALLEM_2013_ETE_REP_ENONCE.pdf,,,
CE,ALLEM,2014,ETE,NORMAL,,exams/CE/CE_ALLEM/CE_ALLEM_2014_ETE_ENONCE.pdf,,,
CE,ALLEM,2015,ETE,NORMAL,,exams/CE/CE_ALLEM/CE_ALLEM_2015_ETE_ENONCE.pdf,,,
CE,ALLEM,2015,ETE,REP,,exams/CE/CE_ALLEM/CE_ALLEM_2015_ETE_REP_ENONCE.pdf,,,
CE,ALLEM,2016,ETE,NORMAL,,exams/CE/CE_ALLEM/CE_ALLEM_2016_ETE_ENONCE.pdf,,,
CE,ALLEM,2016,ETE,REP,,exams/CE/CE_ALLEM/CE_ALLEM_2016_ETE_REP_ENONCE.pdf,,,
CE,ALLEM,2017,ETE,NORMAL,,exams/CE/CE_ALLEM/CE_ALLEM_2017_ETE_ENONCE.pdf,,,
CE,ALLEM,2017,ETE,REP,,exams/CE/CE_ALLEM/CE_ALLEM_2017_ETE_REP_ENONCE.pdf,,,
CE,ALLEM,2018,ETE,NORMAL,,exams/CE/CE_ALLEM/CE_ALLEM_2018_ETE_ENONCE.pdf,,,
CE,ALLEM,2020,ETE,NORMAL,,exams/CE/CE_ALLEM/CE_ALLEM_2020_ETE_ENONCE.pdf,,,
CE,ALLEM,2020,SEPT,NORMAL,,exams/CE/CE_ALLEM/CE_ALLEM_2020_SEPT_ENONCE.pdf,,,
CE,ALLEM,2021,ETE,NORMAL,,exams/CE/CE_ALLEM/CE_ALLEM_2021_ETE_ENONCE.pdf,,,
CE,ALLEM,2022,ETE,NORMAL,,exams/CE/CE_ALLEM/CE_ALLEM_2022_ETE_ENONCE.pdf,,,
CE,ALLEM,2022,ETE,REP,,exams/CE/CE_ALLEM/CE_ALLEM_2022_ETE_REP_ENONCE.pdf,,,
CE,ALLEM,2022,SEPT,NORMAL,,exams/CE/CE_ALLEM/CE_ALLEM_2022_SEPT_ENONCE.pdf,,,
CE,ALLEM,2023,ETE,NORMAL,,exams/CE/CE_ALLEM/CE_ALLEM_2023_ETE_ENONCE.pdf,,,
CE,ALLEM,2023,ETE,REP,,exams/CE/CE_ALLEM/CE_ALLEM_2023_ETE_REP_ENONCE.pdf,,,
CE,ALLEM,2023,SEPT,NORMAL,,exams/CE/CE_ALLEM/CE_ALLEM_2023_SEPT_ENONCE.pdf,,,
CE,ALLEM,2023,SEPT,REP,,exams/CE/CE_ALLEM/CE_ALLEM_2023_SEPT_REP_ENONCE.pdf,,,
CE,ALLEM,2024,ETE,NORMAL,,exams/CE/CE_ALLEM/CE_ALLEM_2024_ETE_ENONCE.pdf,,,
CE,ALLEM,2024,ETE,REP,,exams/CE/CE_ALLEM/CE_ALLEM_2024_ETE_REP_ENONCE.pdf,,,
CE,ALLEM,2024,SEPT,NORMAL,,exams/CE/CE_ALLEM/CE_ALLEM_2024_SEPT_ENONCE.pdf,,,
CE,ALLEM,2024,SEPT,REP,,exams/CE/CE_ALLEM/CE_ALLEM_2024_SEPT_REP_ENONCE.pdf,,,
CE,ANGLA,2005,ETE,NORMAL,,exams/CE/CE_ANGLA/CE_ANGLA_2005_ETE_ENONCE.pdf,,,
CE,ANGLA,2007,ETE,NORMAL,,exams/CE/CE_ANGLA/CE_ANGLA_2007_ETE_ENONCE.pdf,,,
CE,ANGLA,2007,SEPT,NORMAL,,exams/CE/CE_ANGLA/CE_ANGLA_2007_SEPT_ENONCE.pdf,,,
CE,ANGLA,2008,ETE,NORMAL,,exams/CE/CE_ANGLA/CE_ANGLA_2008_ETE_ENONCE.pdf,,,
CE,ANGLA,2009,ETE,NORMAL,,exams/CE/CE_ANGLA/CE_ANGLA_2009_ETE_ENONCE.pdf,,,
CE,ANGLA,2010,ETE,NORMAL,,exams/CE/CE_ANGLA/CE_ANGLA_2010_ETE_ENONCE.pdf,,,
CE,ANGLA,2011,ETE,NORMAL,,exams/CE/CE_ANGLA/CE_ANGLA_2011_ETE_ENONCE.pdf,,,
CE,ANGLA,2012,ETE,NORMAL,,exams/CE/CE_ANGLA/CE_ANGLA_2012_ETE_ENONCE.pdf,,,
CE,ANGLA,2012,ETE,REP,,exams/CE/CE_ANGLA/CE_ANGLA_2012_ETE_REP_ENONCE.pdf,,,
CE,ANGLA,2013,ETE,NORMAL,,exams/CE/CE_ANGLA/CE_ANGLA_2013_ETE_ENONCE.pdf,,,
CE,ANGLA,2013,ETE,REP,,exams/CE/CE_ANGLA/CE_ANGLA_2013_ETE_REP_ENONCE.pdf,,,
CE,ANGLA,2014,ETE,NORMAL,,exams/CE/CE_ANGLA/CE_ANGLA_2014_ETE_ENONCE.pdf,,,
CE,ANGLA,2015,ETE,NORMAL,,exams/CE/CE_ANGLA/CE_ANGLA_2015_ETE_ENONCE.pdf,,,
CE,ANGLA,2015,ETE,REP,,exams/CE/CE_ANGLA/CE_ANGLA_2015_ETE_REP_ENONCE.pdf,,,
CE,ANGLA,2016,ETE,NORMAL,,exams/CE/CE_ANGLA/CE_ANGLA_2016_ETE_ENONCE.pdf,,,
CE,ANGLA,2016,ETE,REP,,exams/CE/CE_ANGLA/CE_ANGLA_2016_ETE_REP_ENONCE.pdf,,,
CE,ANGLA,2016,SEPT,NORMAL,,exams/CE/CE_ANGLA/CE_ANGLA_2016_SEPT_ENONCE.pdf,,,
CE,ANGLA,2017,ETE,NORMAL,,exams/CE/CE_ANGLA/CE_ANGLA_2017_ETE_ENONCE.pdf,,,
CE,ANGLA,2018,ETE,NORMAL,,exams/CE/CE_ANGLA/CE_ANGLA_2018_ETE_ENONCE.pdf,,,
CE,ANGLA,2019,ETE,NORMAL,,exams/CE/CE_ANGLA/CE_ANGLA_2019_ETE_ENONCE.pdf,,,
CE,ANGLA,2019,ETE,REP,,exams/CE/CE_ANGLA/CE_ANGLA_2019_ETE_REP_ENONCE.pdf,,,
CE,ANGLA,2019,SEPT,NORMAL,,exams/CE/CE_ANGLA/CE_ANGLA_2019_SEPT_ENONCE.pdf,,,
CE,ANGLA,2019,SEPT,REP,,exams/CE/CE_ANGLA/CE_ANGLA_2019_SEPT_REP_ENONCE.pdf,,,
CE,ANGLA,2020,ETE,NORMAL,,exams/CE/CE_ANGLA/CE_ANGLA_2020_ETE_ENONCE.pdf,,,
CE,ANGLA,2020,SEPT,NORMAL,,exams/CE/CE_ANGLA/CE_ANGLA_2020_SEPT_ENONCE.pdf,,,
CE,ANGLA,2021,ETE,NORMAL,,exams/CE/CE_ANGLA/CE_ANGLA_2021_ETE_ENONCE.pdf,,,
CE,ANGLA,2022,ETE,NORMAL,,exams/CE/CE_ANGLA/CE_ANGLA_2022_ETE_ENONCE.pdf,,,
CE,ANGLA,2022,ETE,REP,,exams/CE/CE_ANGLA/CE_ANGLA_2022_ETE_REP_ENONCE.pdf,,,
CE,ANGLA,2022,SEPT,NORMAL,,exams/CE/CE_ANGLA/CE_ANGLA_2022_SEPT_ENONCE.pdf,,,
CE,ANGLA,2023,ETE,NORMAL,,exams/CE/CE_ANGLA/CE_ANGLA_2023_ETE_ENONCE.pdf,,,
CE,ANGLA,2023,ETE,REP,,exams/CE/CE_ANGLA/CE_ANGLA_2023_ETE_REP_ENONCE.pdf,,,
CE,ANGLA,2023,SEPT,NORMAL,,exams/CE/CE_ANGLA/CE_ANGLA_2023_SEPT_ENONCE.pdf,,,
CE,ANGLA,2023,SEPT,REP,,exams/CE/CE_ANGLA/CE_ANGLA_2023_SEPT_REP_ENONCE.pdf,,,
CE,ANGLA,2024,ETE,NORMAL,,exams/CE/CE_ANGLA/CE_ANGLA_2024_ETE_ENONCE.pdf,,,
CE,ANGLA,2024,ETE,REP,,exams/CE/CE_ANGLA/CE_ANGLA_2024_ETE_REP_ENONCE.pdf,,,
CE,ANGLA,2024,SEPT,NORMAL,,exams/CE/CE_ANGLA/CE_ANGLA_2024_SEPT_ENONCE.pdf,,,
CE,CHINO,2023,ETE,NORMAL,,exams/CE/CE_CHINO/CE_CHINO_2023_ETE_ENONCE.pdf,,,
CE,CHINO,2023,ETE,REP,,exams/CE/CE_CHINO/CE_CHINO_2023_ETE_REP_ENONCE.pdf,,,
CE,CHINO,2024,ETE,NORMAL,,exams/CE/CE_CHINO/CE_CHINO_2024_ETE_ENONCE.pdf,,,
CE,EDAR1,2005,ETE,NORMAL,,exams/CE/CE_EDAR1/CE_EDAR1_2005_ETE_ENONCE.pdf,,,
CE,EDAR1,2007,ETE,NORMAL,,exams/CE/CE_EDAR1/CE_EDAR1_2007_ETE_ENONCE.pdf,,,
CE,EDAR1,2008,ETE,NORMAL,,exams/CE/CE_EDAR1/CE_EDAR1_2008_ETE_ENONCE.pdf,,,
CE,EDAR1,2009,ETE,NORMAL,,exams/CE/CE_EDAR1/CE_EDAR1_2009_ETE_ENONCE.pdf,,,
CE,EDAR1,2010,ETE,NORMAL,,exams/CE/CE_EDAR1/CE_EDAR1_2010_ETE_ENONCE.pdf,,,
CE,EDAR1,2011,ETE,NORMAL,,exams/CE/CE_EDAR1/CE_EDAR1_2011_ETE_ENONCE.pdf,,,
CE,EDAR1,2012,ETE,NORMAL,,exams/CE/CE_EDAR1/CE_EDAR1_2012_ETE_ENONCE.pdf,,,
CE,EDAR1,2013,ETE,NORMAL,,exams/CE/CE_EDAR1/CE_EDAR1_2013_ETE_ENONCE.pdf,,,
CE,EDAR1,2014,ETE,NORMAL,,exams/CE/CE_EDAR1/CE_EDAR1_2014_ETE_ENONCE.pdf,,,
CE,EDAR1,2015,ETE,NORMAL,,exams/CE/CE_EDAR1/CE_EDAR1_2015_ETE_ENONCE.pdf,,,
CE,EDAR1,2016,ETE,NORMAL,,exams/CE/CE_EDAR1/CE_EDAR1_2016_ETE_ENONCE.pdf,,,
CE,EDAR1,2016,SEPT,NORMAL,,exams/CE/CE_EDAR1/CE_EDAR1_2016_SEPT_ENONCE.pdf,,,
CE,EDAR1,2017,ETE,NORMAL,,exams/CE/CE_EDAR1/CE_EDAR1_2017_ETE_ENONCE.pdf,,,
CE,EDAR1,2018,ETE,NORMAL,,exams/CE/CE_EDAR1/CE_EDAR1_2018_ETE_ENONCE.pdf,,,
CE,EDAR1,2019,ETE,NORMAL,,exams/CE/CE_EDAR1/CE_EDAR1_2019_ETE_ENONCE.pdf,,,
CE,EDAR1,2019,SEPT,NORMAL,,exams/CE/CE_EDAR1/CE_EDAR1_2019_SEPT_ENONCE.pdf,,,
CE,EDAR1,2020,ETE,NORMAL,,exams/CE/CE_EDAR1/CE_EDAR1_2020_ETE_ENONCE.pdf,,,
CE,EDAR1,2020,SEPT,NORMAL,,exams/CE/CE_EDAR1/CE_EDAR1_2020_SEPT_ENONCE.pdf,,,
CE,EDAR1,2021,ETE,NORMAL,,exams/CE/CE_EDAR1/CE_EDAR1_2021_ETE_ENONCE.pdf,,,
CE,EDAR1,2022,ETE,NORMAL,,exams/CE/CE_EDAR1/CE_EDAR1_2022_ETE_ENONCE.pdf,,,
CE,EDAR1,2023,ETE,NORMAL,,exams/CE/CE_EDAR1/CE_EDAR1_2023_ETE_ENONCE.pdf,,,
CE,EDAR1,2023,ETE,REP,,exams/CE/CE_EDAR1/CE_EDAR1_2023_ETE_REP_ENONCE.pdf,,,
CE,EDAR1,2023,SEPT,NORMAL,,exams/CE/CE_EDAR1/CE_EDAR1_2023_SEPT_ENONCE.pdf,,,
CE,EDAR1,2023,SEPT,REP,,exams/CE/CE_EDAR1/CE_EDAR1_2023_SEPT_REP_ENONCE.pdf,,,
CE,EDAR1,2024,ETE,NORMAL,,exams/CE/CE_EDAR1/CE_EDAR1_2024_ETE_ENONCE.pdf,,,
CE,EDAR1,2024,SEPT,NORMAL,,exams/CE/CE_EDAR1/CE_EDAR1_2024_SEPT_ENONCE.pdf,,,
CE,EDAR2,2005,ETE,NORMAL,,exams/CE/CE_EDAR2/CE_EDAR2_2005_ETE_ENONCE.pdf,,,
CE,EDAR2,2007,ETE,NORMAL,,exams/CE/CE_EDAR2/CE_EDAR2_2007_ETE_ENONCE.pdf,,,
CE,EDAR2,2008,ETE,NORMAL,,exams/CE/CE_EDAR2/CE_EDAR2_2008_ETE_ENONCE.pdf,,,
CE,EDAR2,2009,ETE,NORMAL,,exams/CE/CE_EDAR2/CE_EDAR2_2009_ETE_ENONCE.pdf,,,
CE,EDAR2,2010,ETE,NORMAL,,exams/CE/CE_EDAR2/CE_EDAR2_2010_ETE_ENONCE.pdf,,,
CE,EDAR2,2011,ETE,NORMAL,,exams/CE/CE_EDAR2/CE_EDAR2_2011_ETE_ENONCE.pdf,,,
CE,EDAR2,2012,ETE,NORMAL,,exams/CE/CE_EDAR2/CE_EDAR2_2012_ETE_ENONCE.pdf,,,
CE,EDAR2,2012,ETE,REP,,exams/CE/CE_EDAR2/CE_EDAR2_2012_ETE_REP_ENONCE.pdf,,,
CE,EDAR2,2013,ETE,NORMAL,,exams/CE/CE_EDAR2/CE_EDAR2_2013_ETE_ENONCE.pdf,,,
CE,EDAR2,2014,ETE,NORMAL,,exams/CE/CE_EDAR2/CE_EDAR2_2014_ETE_ENONCE.pdf,,,
CE,EDAR2,2014,ETE,REP,,exams/CE/CE_EDAR2/CE_EDAR2_2014_ETE_REP_ENONCE.pdf,,,
CE,EDAR2,2016,ETE,NORMAL,,exams/CE/CE_EDAR2/CE_EDAR2_2016_ETE_ENONCE.pdf,,,
CE,EDAR2,2016,ETE,REP,,exams/CE/CE_EDAR2/CE_EDAR2_2016_ETE_REP_ENONCE.pdf,,,
CE,EDAR2,2016,SEPT,NORMAL,,exams/CE/CE_EDAR2/CE_EDAR2_2016_SEPT_ENONCE.pdf,,,
CE,EDAR2,2017,ETE,NORMAL,,exams/CE/CE_EDAR2/CE_EDAR2_2017_ETE_ENONCE.pdf,,,
CE,EDAR2,2018,ETE,NORMAL,,exams/CE/CE_EDAR2/CE_EDAR2_2018_ETE_ENONCE.pdf,,,
CE,EDAR2,2019,ETE,NORMAL,,exams/CE/CE_EDAR2/CE_EDAR2_2019_ETE_ENONCE.pdf,,,
CE,EDAR2,2019,SEPT,NORMAL,,exams/CE/CE_EDAR2/CE_EDAR2_2019_SEPT_ENONCE.pdf,,,
CE,EDAR2,2020,ETE,NORMAL,,exams/CE/CE_EDAR2/CE_EDAR2_2020_ETE_ENONCE.pdf,,,
CE,EDAR2,2020,SEPT,NORMAL,,exams/CE/CE_EDAR2/CE_EDAR2_2020_SEPT_ENONCE.pdf,,,
CE,EDAR2,2021,ETE,NORMAL,,exams/CE/CE_EDAR2/CE_EDAR2_2021_ETE_ENONCE.pdf,,,
CE,EDAR2,2022,ETE,NORMAL,,exams/CE/CE_EDAR2/CE_EDAR2_2022_ETE_ENONCE.pdf,,,
CE,EDAR2,2022,SEPT,NORMAL,,exams/CE/CE_EDAR2/CE_EDAR2_2022_SEPT_ENONCE.pdf,,,
CE,EDAR2,2023,ETE,NORMAL,,exams/CE/CE_EDAR2/CE_EDAR2_2023_ETE_ENONCE.pdf,,,
CE,EDAR2,2023,ETE,REP,,exams/CE/CE_EDAR2/CE_EDAR2_2023_ETE_REP_ENONCE.pdf,,,
CE,EDAR2,2023,SEPT,NORMAL,,exams/CE/CE_EDAR2/CE_EDAR2_2023_SEPT_ENONCE.pdf,,,
CE,EDAR2,2023,SEPT,REP,,exams/CE/CE_EDAR2/CE_EDAR2_2023_SEPT_REP_ENONCE.pdf,,,
CE,EDAR2,2024,ETE,NORMAL,,exams/CE/CE_EDAR2/CE_EDAR2_2024_ETE_ENONCE.pdf,,,
CE,EDAR2,2024,SEPT,NORMAL,,exams/CE/CE_EDAR2/CE_EDAR2_2024_SEPT_ENONCE.pdf,,,
CE,EDAR3,2005,ETE,NORMAL,,exams/CE/CE_EDAR3/CE_EDAR3_2005_ETE_ENONCE.pdf,,,
CE,EDAR3,2007,ETE,NORMAL,,exams/CE/CE_EDAR3/CE_EDAR3_2007_ETE_ENONCE.pdf,,,
CE,EDAR3,2008,ETE,NORMAL,,exams/CE/CE_EDAR3/CE_EDAR3_2008_ETE_ENONCE.pdf,,,
CE,EDAR3,2009,ETE,NORMAL,,exams/CE/CE_EDAR3/CE_EDAR3_2009_ETE_ENONCE.pdf,,,
CE,EDAR3,2010,ETE,NORMAL,,exams/CE/CE_EDAR3/CE_EDAR3_2010_ETE_ENONCE.pdf,,,
CE,EDAR3,2011,ETE,NORMAL,,exams/CE/CE_EDAR3/CE_EDAR3_2011_ETE_ENONCE.pdf,,,
CE,EDAR3,2012,ETE,NORMAL,,exams/CE/CE_EDAR3/CE_EDAR3_2012_ETE_ENONCE.pdf,,,
CE,EDAR3,2013,ETE,NORMAL,,exams/CE/CE_EDAR3/CE_EDAR3_2013_ETE_ENONCE.pdf,,,
CE,EDAR3,2014,ETE,NORMAL,,exams/CE/CE_EDAR3/CE_EDAR3_2014_ETE_ENONCE.pdf,,,
CE,EDAR3,2014,ETE,REP,,exams/CE/CE_EDAR3/CE_EDAR3_2014_ETE_REP_ENONCE.pdf,,,
CE,EDAR3,2015,ETE,NORMAL,,exams/CE/CE_EDAR3/CE_EDAR3_2015_ETE_ENONCE.pdf,,,
CE,EDAR3,2016,ETE,NORMAL,,exams/CE/CE_EDAR3/CE_EDAR3_2016_ETE_ENONCE.pdf,,,
CE,EDAR3,2016,SEPT,NORMAL,,exams/CE/CE_EDAR3/CE_EDAR3_2016_SEPT_ENONCE.pdf,,,
CE,EDAR3,2017,ETE,NORMAL,,exams/CE/CE_EDAR3/CE_EDAR3_2017_ETE_ENONCE.pdf,,,
CE,EDAR3,2018,ETE,NORMAL,,exams/CE/CE_EDAR3/CE_EDAR3_2018_ETE_ENONCE.pdf,,,
CE,EDAR3,2019,ETE,NORMAL,,exams/CE/CE_EDAR3/CE_EDAR3_2019_ETE_ENONCE.pdf,,,
CE,EDAR3,2019,SEPT,NORMAL,,exams/CE/CE_EDAR3/CE_EDAR3_2019_SEPT_ENONCE.pdf,,,
CE,EDAR3,2020,ETE,NORMAL,,exams/CE/CE_EDAR3/CE_EDAR3_2020_ETE_ENONCE.pdf,,,
CE,EDAR3,2020,SEPT,NORMAL,,exams/CE/CE_EDAR3/CE_EDAR3_2020_SEPT_ENONCE.pdf,,,
CE,EDAR3,2021,ETE,NORMAL,,exams/CE/CE_EDAR3/CE_EDAR3_2021_ETE_ENONCE.pdf,,,
CE,EDAR3,2024,ETE,NORMAL,,exams/CE/CE_EDAR3/CE_EDAR3_2024_ETE_ENONCE.pdf,,,
CE,EDAR3,2024,SEPT,NORMAL,,exams/CE/CE_EDAR3/CE_EDAR3_2024_SEPT_ENONCE.pdf,,,
CE,FRANC,2004,ETE,NORMAL,,exams/CE/CE_FRANC/CE_FRANC_2004_ETE_ENONCE.pdf,,,
CE,FRANC,2006,ETE,NORMAL,,exams/CE/CE_FRANC/CE_FRANC_2006_ETE_ENONCE.pdf,,,
CE,FRANC,2007,ETE,NORMAL,,exams/CE/CE_FRANC/CE_FRANC_2007_ETE_ENONCE.pdf,,,
CE,FRANC,2007,ETE,REP,,exams/CE/CE_FRANC/CE_FRANC_2007_ETE_REP_ENONCE.pdf,,,
CE,FRANC,2007,SEPT,NORMAL,,exams/CE/CE_FRANC/CE_FRANC_2007_SEPT_ENONCE.pdf,,,
CE,FRANC,2008,ETE,NORMAL,,exams/CE/CE_FRANC/CE_FRANC_2008_ETE_ENONCE.pdf,,,
CE,FRANC,2008,ETE,REP,,exams/CE/CE_FRANC/CE_FRANC_2008_ETE_REP_ENONCE.pdf,,,
CE,FRANC,2009,ETE,NORMAL,,exams/CE/CE_FRANC/CE_FRANC_2009_ETE_ENONCE.pdf,,,
CE,FRANC,2010,ETE,NORMAL,,exams/CE/CE_FRANC/CE_FRANC_2010_ETE_ENONCE.pdf,,,
CE,FRANC,2011,ETE,NORMAL,,exams/CE/CE_FRANC/CE_FRANC_2011_ETE_ENONCE.pdf,,,
CE,FRANC,2012,ETE,NORMAL,,exams/CE/CE_FRANC/CE_FRANC_2012_ETE_ENONCE.pdf,,,
CE,FRANC,2012,ETE,REP,,exams/CE/CE_FRANC/CE_FRANC_2012_ETE_REP_ENONCE.pdf,,,
CE,FRANC,2013,ETE,NORMAL,,exams/CE/CE_FRANC/CE_FRANC_2013_ETE_ENONCE.pdf,,,
CE,FRANC,2014,ETE,NORMAL,,exams/CE/CE_FRANC/CE_FRANC_2014_ETE_ENONCE.pdf,,,
CE,FRANC,2014,ETE,REP,,exams/CE/CE_FRANC/CE_FRANC_2014_ETE_REP_ENONCE.pdf,,,
CE,FRANC,2015,ETE,NORMAL,,exams/CE/CE_FRANC/CE_FRANC_2015_ETE_ENONCE.pdf,,,
CE,FRANC,2015,ETE,REP,,exams/CE/CE_FRANC/CE_FRANC_2015_ETE_REP_ENONCE.pdf,,,
CE,FRANC,2016,ETE,NORMAL,,exams/CE/CE_FRANC/CE_FRANC_2016_ETE_ENONCE.pdf,,,
CE,FRANC,2016,ETE,REP,,exams/CE/CE_FRANC/CE_FRANC_2016_ETE_REP_ENONCE.pdf,,,
CE,FRANC,2016,SEPT,NORMAL,,exams/CE/CE_FRANC/CE_FRANC_2016_SEPT_ENONCE.pdf,,,
CE,FRANC,2017,ETE,NORMAL,,exams/CE/CE_FRANC/CE_FRANC_2017_ETE_ENONCE.pdf,,,
CE,FRANC,2018,ETE,NORMAL,,exams/CE/CE_FRANC/CE_FRANC_2018_ETE_ENONCE.pdf,,,
CE,FRANC,2019,ETE,NORMAL,,exams/CE/CE_FRANC/CE_FRANC_2019_ETE_ENONCE.pdf,,,
CE,FRANC,2019,ETE,REP,,exams/CE/CE_FRANC/CE_FRANC_2019_ETE_REP_ENONCE.pdf,,,
CE,FRANC,2019,SEPT,NORMAL,,exams/CE/CE_FRANC/CE_FRANC_2019_SEPT_ENONCE.pdf,,,
CE,FRANC,2020,ETE,NORMAL,,exams/CE/CE_FRANC/CE_FRANC_2020_ETE_ENONCE.pdf,,,exams/CE/CE_FRANC/CE_FRANC_2020_ETE_ORAL.pdf
CE,FRANC,2020,SEPT,NORMAL,,exams/CE/CE_FRANC/CE_FRANC_2020_SEPT_ENONCE.pdf,,,
CE,FRANC,2021,ETE,NORMAL,,exams/CE/CE_FRANC/CE_FRANC_2021_ETE_ENONCE.pdf,,,
CE,FRANC,2022,ETE,NORMAL,,exams/CE/CE_FRANC/CE_FRANC_2022_ETE_ENONCE.pdf,,,
CE,FRANC,2022,ETE,REP,,exams/CE/CE_FRANC/CE_FRANC_2022_ETE_REP_ENONCE.pdf,,,
CE,FRANC,2022,SEPT,NORMAL,,exams/CE/CE_FRANC/CE_FRANC_2022_SEPT_ENONCE.pdf,,,
CE,FRANC,2023,ETE,NORMAL,,exams/CE/CE_FRANC/CE_FRANC_2023_ETE_ENONCE.pdf,,,
CE,FRANC,2023,ETE,REP,,exams/CE/CE_FRANC/CE_FRANC_2023_ETE_REP_ENONCE.pdf,,,
CE,FRANC,2023,SEPT,NORMAL,,exams/CE/CE_FRANC/CE_FRANC_2023_SEPT_ENONCE.pdf,,,
CE,FRANC,2023,SEPT,REP,,exams/CE/CE_FRANC/CE_FRANC_2023_SEPT_REP_ENONCE.pdf,,,
CE,FRANC,2024,ETE,NORMAL,,exams/CE/CE_FRANC/CE_FRANC_2024_ETE_ENONCE.pdf,,,
CE,FRANC,2024,SEPT,NORMAL,,exams/CE/CE_FRANC/CE_FRANC_2024_SEPT_ENONCE.pdf,,,
CE,HISMU,2005,ETE,NORMAL,,exams/CE/CE_HISMU/CE_HISMU_2005_ETE_ENONCE.pdf,,,
CE,HISMU,2007,ETE,NORMAL,,exams/CE/CE_HISMU/CE_HISMU_2007_ETE_ENONCE.pdf,,,
CE,HISMU,2008,ETE,NORMAL,,exams/CE/CE_HISMU/CE_HISMU_2008_ETE_ENONCE.pdf,,,
CE,HISMU,2008,ETE,REP,,exams/CE/CE_HISMU/CE_HISMU_2008_ETE_REP_ENONCE.pdf,,,
CE,HISMU,2009,ETE,NORMAL,,exams/CE/CE_HISMU/CE_HISMU_2009_ETE_ENONCE.pdf,,,
CE,HISMU,2010,ETE,NORMAL,,exams/CE/CE_HISMU/CE_HISMU_2010_ETE_ENONCE.pdf,,,
CE,HISMU,2011,ETE,NORMAL,,exams/CE/CE_HISMU/CE_HISMU_2011_ETE_ENONCE.pdf,,,
CE,HISMU,2012,ETE,NORMAL,,exams/CE/CE_HISMU/CE_HISMU_2012_ETE_ENONCE.pdf,,,
CE,HISMU,2012,ETE,REP,,exams/CE/CE_HISMU/CE_HISMU_2012_ETE_REP_ENONCE.pdf,,,
CE,HISMU,2013,ETE,NORMAL,,exams/CE/CE_HISMU/CE_HISMU_2013_ETE_ENONCE.pdf,,,
CE,HISMU,2013,ETE,REP,,exams/CE/CE_HISMU/CE_HISMU_2013_ETE_REP_ENONCE.pdf,,,
CE,HISMU,2014,ETE,NORMAL,,exams/CE/CE_HISMU/CE_HISMU_2014_ETE_ENONCE.pdf,,,
CE,HISMU,2014,ETE,REP,,exams/CE/CE_HISMU/CE_HISMU_2014_ETE_REP_ENONCE.pdf,,,
CE,HISMU,2015,ETE,NORMAL,,exams/CE/CE_HISMU/CE_HISMU_2015_ETE_ENONCE.pdf,,,
CE,HISMU,2015,ETE,REP,,exams/CE/CE_HISMU/CE_HISMU_2015_ETE_REP_ENONCE.pdf,,,
CE,HISMU,2016,ETE,NORMAL,,exams/CE/CE_HISMU/CE_HISMU_2016_ETE_ENONCE.pdf,,,
CE,HISMU,2016,ETE,REP,,exams/CE/CE_HISMU/CE_HISMU_2016_ETE_REP_ENONCE.pdf,,,
CE,HISMU,2016,SEPT,NORMAL,,exams/CE/CE_HISMU/CE_HISMU_2016_SEPT_ENONCE.pdf,,,
CE,HISMU,2017,ETE,NORMAL,,exams/CE/CE_HISMU/CE_HISMU_2017_ETE_ENONCE.pdf,,,
CE,HISMU,2017,ETE,REP,,exams/CE/CE_HISMU/CE_HISMU_2017_ETE_REP_ENONCE.pdf,,,
CE,HISMU,2018,ETE,NORMAL,,exams/CE/CE_HISMU/CE_HISMU_2018_ETE_ENONCE.pdf,,,
CE,HISMU,2018,ETE,REP,,exams/CE/CE_HISMU/CE_HISMU_2018_ETE_REP_ENONCE.pdf,,,
CE,HISMU,2019,ETE,NORMAL,,exams/CE/CE_HISMU/CE_HISMU_2019_ETE_ENONCE.pdf,,,
CE,HISMU,2019,ETE,REP,,exams/CE/CE_HISMU/CE_HISMU_2019_ETE_REP_ENONCE.pdf,,,
CE,HISMU,2019,SEPT,NORMAL,,exams/CE/CE_HISMU/CE_HISMU_2019_SEPT_ENONCE.pdf,,,
CE,HISMU,2020,ETE,NORMAL,,exams/CE/CE_HISMU/CE_HISMU_2020_ETE_ENONCE.pdf,,,
CE,HISMU,2020,SEPT,NORMAL,,exams/CE/CE_HISMU/CE_HISMU_2020_SEPT_ENONCE.pdf,,,
CE,HISMU,2021,ETE,NORMAL,,exams/CE/CE_HISMU/CE_HISMU_2021_ETE_ENONCE.pdf,,,
CE,HISMU,2022,ETE,NORMAL,,exams/CE/CE_HISMU/CE_HISMU_2022_ETE_ENONCE.pdf,,,
CE,HISMU,2022,SEPT,NORMAL,,exams/CE/CE_HISMU/CE_HISMU_2022_SEPT_ENONCE.pdf,,,
CE,HISMU,2024,ETE,NORMAL,,exams/CE/CE_HISMU/CE_HISMU_2024_ETE_ENONCE.pdf,,,
CE,HISMU,2024,ETE,REP,,exams/CE/CE_HISMU/CE_HISMU_2024_ETE_REP_ENONCE.pdf,,,
CE,LATIN,2005,ETE,NORMAL,,exams/CE/CE_LATIN/CE_LATIN_2005_ETE_ENONCE.pdf,exams/CE/CE_LATIN/CE_LATIN_2005_ETE_CORRIGE.pdf,,
CE,LATIN,2006,ETE,NORMAL,,exams/CE/CE_LATIN/CE_LATIN_2006_ETE_ENONCE.pdf,,,
CE,LATIN,2007,ETE,NORMAL,,exams/CE/CE_LATIN/CE_LATIN_2007_ETE_ENONCE.pdf,,,
CE,LATIN,2007,SEPT,NORMAL,,exams/CE/CE_LATIN/CE_LATIN_2007_SEPT_ENONCE.pdf,,,
CE,LATIN,2009,ETE,NORMAL,,exams/CE/CE_LATIN/CE_LATIN_2009_ETE_ENONCE.pdf,,,
CE,LATIN,2010,ETE,NORMAL,,exams/CE/CE_LATIN/CE_LATIN_2010_ETE_ENONCE.pdf,,,
CE,LATIN,2011,ETE,NORMAL,,exams/CE/CE_LATIN/CE_LATIN_2011_ETE_ENONCE.pdf,,,
CE,LATIN,2012,ETE,NORMAL,,exams/CE/CE_LATIN/CE_LATIN_2012_ETE_ENONCE.pdf,,,
CE,LATIN,2013,ETE,NORMAL,,exams/CE/CE_LATIN/CE_LATIN_2013_ETE_ENONCE.pdf,,,
CE,LATIN,2014,ETE,NORMAL,,exams/CE/CE_LATIN/CE_LATIN_2014_ETE_ENONCE.pdf,,,
CE,LATIN,2015,ETE,NORMAL,,exams/CE/CE_LATIN/CE_LATIN_2015_ETE_ENONCE.pdf,,,
CE,LATIN,2016,ETE,NORMAL,,exams/CE/CE_LATIN/CE_LATIN_2016_ETE_ENONCE.pdf,,,
CE,LATIN,2017,ETE,NORMAL,,exams/CE/CE_LATIN/CE_LATIN_2017_ETE_ENONCE.pdf,,,
CE,LATIN,2018,ETE,NORMAL,,exams/CE/CE_LATIN/CE_LATIN_2018_ETE_ENONCE.pdf,,,
CE,LATIN,2019,ETE,NORMAL,,exams/CE/CE_LATIN/CE_LATIN_2019_ETE_ENONCE.pdf,,,
CE,LATIN,2020,ETE,NORMAL,,exams/CE/CE_LATIN/CE_LATIN_2020_ETE_ENONCE.pdf,,,
CE,LATIN,2021,ETE,NORMAL,,exams/CE/CE_LATIN/CE_LATIN_2021_ETE_ENONCE.pdf,,,
CE,LATIN,2022,ETE,NORMAL,,exams/CE/CE_LATIN/CE_LATIN_2022_ETE_ENONCE.pdf,,,
CE,LATIN,2022,SEPT,NORMAL,,exams/CE/CE_LATIN/CE_LATIN_2022_SEPT_ENONCE.pdf,,,
CE,LATIN,2023,ETE,NORMAL,,exams/CE/CE_LATIN/CE_LATIN_2023_ETE_ENONCE.pdf,,,
CE,LATIN,2023,SEPT,NORMAL,,exams/CE/CE_LATIN/CE_LATIN_2023_SEPT_ENONCE.pdf,,,
CE,LATIN,2023,SEPT,REP,,exams/CE/CE_LATIN/CE_LATIN_2023_SEPT_REP_ENONCE.pdf,,,
CE,LATIN,2024,ETE,NORMAL,,exams/CE/CE_LATIN/CE_LATIN_2024_ETE_ENONCE.pdf,,,
CE,LATIN,2024,ETE,REP,,exams/CE/CE_LATIN/CE_LATIN_2024_ETE_REP_ENONCE.pdf,,,
CE,MATF_MATH1,2005,ETE,NORMAL,,exams/CE/CE_MATH1_MATF/CE_MATF_MATH1_2005_ETE_ENONCE.pdf,exams/CE/CE_MATH1_MATF/CE_MATF_MATH1_2005_ETE_CORRIGE.pdf,,
CE,MATF_MATH1,2006,ETE,NORMAL,,exams/CE/CE_MATH1_MATF/CE_MATF_MATH1_2006_ETE_ENONCE.pdf,exams/CE/CE_MATH1_MATF/CE_MATF_MATH1_2006_ETE_CORRIGE.pdf,,
CE,MATF_MATH1,2006,ETE,REP,,exams/CE/CE_MATH1_MATF/CE_MATF_MATH1_2006_ETE_REP_ENONCE.pdf,,,
CE,MATF_MATH1,2006,SEPT,NORMAL,,exams/CE/CE_MATH1_MATF/CE_MATF_MATH1_2006_SEPT_ENONCE.pdf,exams/CE/CE_MATH1_MATF/CE_MATF_MATH1_2006_SEPT_CORRIGE.pdf,,
CE,MATF_MATH1,2007,ETE,NORMAL,,exams/CE/CE_MATH1_MATF/CE_MATF_MATH1_2007_ETE_ENONCE.pdf,exams/CE/CE_MATH1_MATF/CE_MATF_MATH1_2007_ETE_CORRIGE.pdf,,
CE,MATF_MATH1,2007,SEPT,NORMAL,,exams/CE/CE_MATH1_MATF/CE_MATF_MATH1_2007_SEPT_ENONCE.pdf,exams/CE/CE_MATH1_MATF/CE_MATF_MATH1_2007_SEPT_CORRIGE.pdf,,
CE,MATF_MATH1,2008,ETE,NORMAL,,exams/CE/CE_MATH1_MATF/CE_MATF_MATH1_2008_ETE_ENONCE.pdf,exams/CE/CE_MATH1_MATF/CE_MATF_MATH1_2008_ETE_CORRIGE.pdf,,
CE,MATF_MATH1,2008,ETE,REP,,exams/CE/CE_MATH1_MATF/CE_MATF_MATH1_2008_ETE_REP_ENONCE.pdf,exams/CE/CE_MATH1_MATF/CE_MATF_MATH1_2008_ETE_REP_CORRIGE.pdf,,
CE,MATF_MATH1,2009,ETE,NORMAL,,exams/CE/CE_MATH1_MATF/CE_MATF_MATH1_2009_ETE_ENONCE.pdf,exams/CE/CE_MATH1_MATF/CE_MATF_MATH1_2009_ETE_CORRIGE.pdf,,
CE,MATF_MATH1,2009,ETE,REP,,exams/CE/CE_MATH1_MATF/CE_MATF_MATH1_2009_ETE_REP_ENONCE.pdf,exams/CE/CE_MATH1_MATF/CE_MATF_MATH1_2009_ETE_REP_CORRIGE.pdf,,
CE,MATF_MATH1,2009,SEPT,NORMAL,,exams/CE/CE_MATH1_MATF/CE_MATF_MATH1_2009_SEPT_ENONCE.pdf,exams/CE/CE_MATH1_MATF/CE_MATF_MATH1_2009_SEPT_CORRIGE.pdf,,
CE,MATF_MATH1,2010,ETE,NORMAL,,exams/CE/CE_MATH1_MATF/CE_MATF_MATH1_2010_ETE_ENONCE.pdf,exams/CE/CE_MATH1_MATF/CE_MATF_MATH1_2010_ETE_CORRIGE.pdf,,
CE,MATF_MATH1,2010,SEPT,NORMAL,,exams/CE/CE_MATH1_MATF/CE_MATF_MATH1_2010_SEPT_ENONCE.pdf,exams/CE/CE_MATH1_MATF/CE_MATF_MATH1_2010_SEPT_CORRIGE.pdf,,
CE,MATF_MATH1,2011,ETE,NORMAL,,exams/CE/CE_MATH1_MATF/CE_MATF_MATH1_2011_ETE_ENONCE.pdf,exams/CE/CE_MATH1_MATF/CE_MATF_MATH1_2011_ETE_CORRIGE.pdf,,
CE,MATF_MATH1,2011,SEPT,NORMAL,,exams/CE/CE_MATH1_MATF/CE_MATF_MATH1_2011_SEPT_ENONCE.pdf,exams/CE/CE_MATH1_MATF/CE_MATF_MATH1_2011_SEPT_CORRIGE.pdf,,
CE,MATF_MATH1,2012,ETE,NORMAL,,exams/CE/CE_MATH1_MATF/CE_MATF_MATH1_2012_ETE_ENONCE.pdf,exams/CE/CE_MATH1_MATF/CE_MATF_MATH1_2012_ETE_CORRIGE.pdf,,
CE,MATF_MATH1,2012,SEPT,NORMAL,,exams/CE/CE_MATH1_MATF/CE_MATF_MATH1_2012_SEPT_ENONCE.pdf,exams/CE/CE_MATH1_MATF/CE_MATF_MATH1_2012_SEPT_CORRIGE.pdf,,
CE,MATF_MATH1,2013,ETE,NORMAL,,exams/CE/CE_MATH1_MATF/CE_MATF_MATH1_2013_ETE_ENONCE.pdf,exams/CE/CE_MATH1_MATF/CE_MATF_MATH1_2013_ETE_CORRIGE.pdf,,
CE,MATF_MATH1,2013,SEPT,NORMAL,,exams/CE/CE_MATH1_MATF/CE_MATF_MATH1_2013_SEPT_ENONCE.pdf,exams/CE/CE_MATH1_MATF/CE_MATF_MATH1_2013_SEPT_CORRIGE.pdf,,
CE,MATF_MATH1,2014,ETE,NORMAL,,exams/CE/CE_MATH1_MATF/CE_MATF_MATH1_2014_ETE_ENONCE.pdf,exams/CE/CE_MATH1_MATF/CE_MATF_MATH1_2014_ETE_CORRIGE.pdf,,
CE,MATF_MATH1,2014,SEPT,NORMAL,,exams/CE/CE_MATH1_MATF/CE_MATF_MATH1_2014_SEPT_ENONCE.pdf,exams/CE/CE_MATH1_MATF/CE_MATF_MATH1_2014_SEPT_CORRIGE.pdf,,
CE,MATF_MATH1,2015,ETE,NORMAL,,exams/CE/CE_MATH1_MATF/CE_MATF_MATH1_2015_ETE_ENONCE.pdf,exams/CE/CE_MATH1_MATF/CE_MATF_MATH1_2015_ETE_CORRIGE.pdf,,
CE,MATF_MATH1,2015,SEPT,NORMAL,,exams/CE/CE_MATH1_MATF/CE_MATF_MATH1_2015_SEPT_ENONCE.pdf,exams/CE/CE_MATH1_MATF/CE_MATF_MATH1_2015_SEPT_CORRIGE.pdf,,
CE,MATF_MATH1,2016,ETE,NORMAL,,exams/CE/CE_MATH1_MATF/CE_MATF_MATH1_2016_ETE_ENONCE.pdf,exams/CE/CE_MATH1_MATF/CE_MATF_MATH1_2016_ETE_CORRIGE.pdf,,
CE,MATF_MATH1,2016,SEPT,NORMAL,,exams/CE/CE_MATH1_MATF/CE_MATF_MATH1_2016_SEPT_ENONCE.pdf,exams/CE/CE_MATH1_MATF/CE_MATF_MATH1_2016_SEPT_CORRIGE.pdf,,
CE,MATF_MATH1,2017,ETE,NORMAL,,exams/CE/CE_MATH1_MATF/CE_MATF_MATH1_2017_ETE_ENONCE.pdf,exams/CE/CE_MATH1_MATF/CE_MATF_MATH1_2017_ETE_CORRIGE.pdf,,
CE,MATF_MATH1,2017,SEPT,NORMAL,,exams/CE/CE_MATH1_MATF/CE_MATF_MATH1_2017_SEPT_ENONCE.pdf,exams/CE/CE_MATH1_MATF/CE_MATF_MATH1_2017_SEPT_CORRIGE.pdf,,
CE,MATF_MATH1,2017,SEPT,REP,,exams/CE/CE_MATH1_MATF/CE_MATF_MATH1_2017_SEPT_REP_ENONCE.pdf,exams/CE/CE_MATH1_MATF/CE_MATF_MATH1_2017_SEPT_REP_CORRIGE.pdf,,
CE,MATF_MATH1,2018,ETE,NORMAL,,exams/CE/CE_MATH1_MATF/CE_MATF_MATH1_2018_ETE_ENONCE.pdf,exams/CE/CE_MATH1_MATF/CE_MATF_MATH1_2018_ETE_CORRIGE.pdf,,
CE,MATF_MATH1,2018,SEPT,NORMAL,,exams/CE/CE_MATH1_MATF/CE_MATF_MATH1_2018_SEPT_ENONCE.pdf,exams/CE/CE_MATH1_MATF/CE_MATF_MATH1_2018_SEPT_CORRIGE.pdf,,
CE,MATF_MATH1,2019,ETE,NORMAL,,exams/CE/CE_MATH1_MATF/CE_MATF_MATH1_2019_ETE_ENONCE.pdf,exams/CE/CE_MATH1_MATF/CE_MATF_MATH1_2019_ETE_CORRIGE.pdf,,
CE,MATF_MATH1,2019,SEPT,NORMAL,,exams/CE/CE_MATH1_MATF/CE_MATF_MATH1_2019_SEPT_ENONCE.pdf,exams/CE/CE_MATH1_MATF/CE_MATF_MATH1_2019_SEPT_CORRIGE.pdf,,
CE,MATF_MATH1,2020,ETE,NORMAL,,exams/CE/CE_MATH1_MATF/CE_MATF_MATH1_2020_ETE_ENONCE.pdf,exams/CE/CE_MATH1_MATF/CE_MATF_MATH1_2020_ETE_CORRIGE.pdf,,
CE,MATF_MATH1,2020,SEPT,NORMAL,,exams/CE/CE_MATH1_MATF/CE_MATF_MATH1_2020_SEPT_ENONCE.pdf,exams/CE/CE_MATH1_MATF/CE_MATF_MATH1_2020_SEPT_CORRIGE.pdf,,
CE,MATF_MATH1,2021,ETE,NORMAL,,exams/CE/CE_MATH1_MATF/CE_MATF_MATH1_2021_ETE_ENONCE.pdf,exams/CE/CE_MATH1_MATF/CE_MATF_MATH1_2021_ETE_CORRIGE.pdf,,
CE,MATF_MATH1,2022,ETE,NORMAL,,exams/CE/CE_MATH1_MATF/CE_MATF_MATH1_2022_ETE_ENONCE.pdf,exams/CE/CE_MATH1_MATF/CE_MATF_MATH1_2022_ETE_CORRIGE.pdf,,
CE,MATF_MATH1,2022,ETE,REP,,exams/CE/CE_MATH1_MATF/CE_MATF_MATH1_2022_ETE_REP_ENONCE.pdf,exams/CE/CE_MATH1_MATF/CE_MATF_MATH1_2022_ETE_REP_CORRIGE.pdf,,
CE,MATF_MATH1,2023,ETE,NORMAL,,exams/CE/CE_MATH1_MATF/CE_MATF_MATH1_2023_ETE_ENONCE.pdf,exams/CE/CE_MATH1_MATF/CE_MATF_MATH1_2023_ETE_CORRIGE.pdf,,
CE,MATF_MATH1,2023,SEPT,NORMAL,,exams/CE/CE_MATH1_MATF/CE_MATF_MATH1_2023_SEPT_ENONCE.pdf,exams/CE/CE_MATH1_MATF/CE_MATF_MATH1_2023_SEPT_CORRIGE.pdf,,
CE,MATF_MATH1,2024,ETE,NORMAL,,exams/CE/CE_MATH1_MATF/CE_MATF_MATH1_2024_ETE_ENONCE.pdf,exams/CE/CE_MATH1_MATF/CE_MATF_MATH1_2024_ETE_CORRIGE.pdf,,
CE,MATF_MATH1,2024,ETE,REP,,exams/CE/CE_MATH1_MATF/CE_MATF_MATH1_2024_ETE_REP_ENONCE.pdf,exams/CE/CE_MATH1_MATF/CE_MATF_MATH1_2024_ETE_REP_CORRIGE.pdf,,
CE,MATF_MATH1,2025,ETE,NORMAL,,exams/CE/CE_MATH1_MATF/CE_MATF_MATH1_2025_ETE_ENONCE.pdf,exams/CE/CE_MATH1_MATF/CE_MATF_MATH1_2025_ETE_CORRIGE.pdf,,
CE,MATF_MATH1,2025,SEPT,NORMAL,,exams/CE/CE_MATH1_MATF/CE_MATF_MATH1_2025_SEPT_ENONCE.pdf,exams/CE/CE_MATH1_MATF/CE_MATF_MATH1_2025_SEPT_CORRIGE.pdf,,
CE,MATF_MATH2,2005,ETE,NORMAL,,exams/CE/CE_MATH2_MATF/CE_MATF_MATH2_2005_ETE_ENONCE.pdf,exams/CE/CE_MATH2_MATF/CE_MATF_MATH2_2005_ETE_CORRIGE.pdf,,
CE,MATF_MATH2,2006,ETE,NORMAL,,exams/CE/CE_MATH2_MATF/CE_MATF_MATH2_2006_ETE_ENONCE.pdf,exams/CE/CE_MATH2_MATF/CE_MATF_MATH2_2006_ETE_CORRIGE.pdf,,
CE,MATF_MATH2,2006,SEPT,NORMAL,,exams/CE/CE_MATH2_MATF/CE_MATF_MATH2_2006_SEPT_ENONCE.pdf,exams/CE/CE_MATH2_MATF/CE_MATF_MATH2_2006_SEPT_CORRIGE.pdf,,
CE,MATF_MATH2,2007,ETE,NORMAL,,exams/CE/CE_MATH2_MATF/CE_MATF_MATH2_2007_ETE_ENONCE.pdf,exams/CE/CE_MATH2_MATF/CE_MATF_MATH2_2007_ETE_CORRIGE.pdf,,
CE,MATF_MATH2,2007,ETE,REP,,exams/CE/CE_MATH2_MATF/CE_MATF_MATH2_2007_ETE_REP_ENONCE.pdf,exams/CE/CE_MATH2_MATF/CE_MATF_MATH2_2007_ETE_REP_CORRIGE.pdf,,
CE,MATF_MATH2,2007,SEPT,NORMAL,,exams/CE/CE_MATH2_MATF/CE_MATF_MATH2_2007_SEPT_ENONCE.pdf,exams/CE/CE_MATH2_MATF/CE_MATF_MATH2_2007_SEPT_CORRIGE.pdf,,
CE,MATF_MATH2,2008,ETE,NORMAL,,exams/CE/CE_MATH2_MATF/CE_MATF_MATH2_2008_ETE_ENONCE.pdf,exams/CE/CE_MATH2_MATF/CE_MATF_MATH2_2008_ETE_CORRIGE.pdf,,
CE,MATF_MATH2,2008,ETE,REP,,exams/CE/CE_MATH2_MATF/CE_MATF_MATH2_2008_ETE_REP_ENONCE.pdf,exams/CE/CE_MATH2_MATF/CE_MATF_MATH2_2008_ETE_REP_CORRIGE.pdf,,
CE,MATF_MATH2,2008,SEPT,NORMAL,,exams/CE/CE_MATH2_MATF/CE_MATF_MATH2_2008_SEPT_ENONCE.pdf,exams/CE/CE_MATH2_MATF/CE_MATF_MATH2_2008_SEPT_CORRIGE.pdf,,
CE,MATF_MATH2,2009,ETE,NORMAL,,exams/CE/CE_MATH2_MATF/CE_MATF_MATH2_2009_ETE_ENONCE.pdf,exams/CE/CE_MATH2_MATF/CE_MATF_MATH2_2009_ETE_CORRIGE.pdf,,
CE,MATF_MATH2,2009,ETE,REP,,exams/CE/CE_MATH2_MATF/CE_MATF_MATH2_2009_ETE_REP_ENONCE.pdf,exams/CE/CE_MATH2_MATF/CE_MATF_MATH2_2009_ETE_REP_CORRIGE.pdf,,
CE,MATF_MATH2,2009,SEPT,NORMAL,,exams/CE/CE_MATH2_MATF/CE_MATF_MATH2_2009_SEPT_ENONCE.pdf,exams/CE/CE_MATH2_MATF/CE_MATF_MATH2_2009_SEPT_CORRIGE.pdf,,
CE,MATF_MATH2,2010,ETE,NORMAL,,exams/CE/CE_MATH2_MATF/CE_MATF_MATH2_2010_ETE_ENONCE.pdf,exams/CE/CE_MATH2_MATF/CE_MATF_MATH2_2010_ETE_CORRIGE.pdf,,
CE,MATF_MATH2,2010,ETE,REP,,exams/CE/CE_MATH2_MATF/CE_MATF_MATH2_2010_ETE_REP_ENONCE.pdf,exams/CE/CE_MATH2_MATF/CE_MATF_MATH2_2010_ETE_REP_CORRIGE.pdf,,
CE,MATF_MATH2,2010,SEPT,NORMAL,,exams/CE/CE_MATH2_MATF/CE_MATF_MATH2_2010_SEPT_ENONCE.pdf,exams/CE/CE_MATH2_MATF/CE_MATF_MATH2_2010_SEPT_CORRIGE.pdf,,
CE,MATF_MATH2,2011,ETE,NORMAL,,exams/CE/CE_MATH2_MATF/CE_MATF_MATH2_2011_ETE_ENONCE.pdf,exams/CE/CE_MATH2_MATF/CE_MATF_MATH2_2011_ETE_CORRIGE.pdf,,
CE,MATF_MATH2,2011,SEPT,NORMAL,,exams/CE/CE_MATH2_MATF/CE_MATF_MATH2_2011_SEPT_ENONCE.pdf,exams/CE/CE_MATH2_MATF/CE_MATF_MATH2_2011_SEPT_CORRIGE.pdf,,
CE,MATF_MATH2,2012,ETE,NORMAL,,exams/CE/CE_MATH2_MATF/CE_MATF_MATH2_2012_ETE_ENONCE.pdf,exams/CE/CE_MATH2_MATF/CE_MATF_MATH2_2012_ETE_CORRIGE.pdf,,
CE,MATF_MATH2,2012,SEPT,NORMAL,,exams/CE/CE_MATH2_MATF/CE_MATF_MATH2_2012_SEPT_ENONCE.pdf,exams/CE/CE_MATH2_MATF/CE_MATF_MATH2_2012_SEPT_CORRIGE.pdf,,
CE,MATF_MATH2,2013,ETE,NORMAL,,exams/CE/CE_MATH2_MATF/CE_MATF_MATH2_2013_ETE_ENONCE.pdf,exams/CE/CE_MATH2_MATF/CE_MATF_MATH2_2013_ETE_CORRIGE.pdf,,
CE,MATF_MATH2,2013,ETE,REP,,exams/CE/CE_MATH2_MATF/CE_MATF_MATH2_2013_ETE_REP_ENONCE.pdf,exams/CE/CE_MATH2_MATF/CE_MATF_MATH2_2013_ETE_REP_CORRIGE.pdf,,
CE,MATF_MATH2,2013,SEPT,NORMAL,,exams/CE/CE_MATH2_MATF/CE_MATF_MATH2_2013_SEPT_ENONCE.pdf,exams/CE/CE_MATH2_MATF/CE_MATF_MATH2_2013_SEPT_CORRIGE.pdf,,
CE,MATF_MATH2,2014,ETE,NORMAL,,exams/CE/CE_MATH2_MATF/CE_MATF_MATH2_2014_ETE_ENONCE.pdf,exams/CE/CE_MATH2_MATF/CE_MATF_MATH2_2014_ETE_CORRIGE.pdf,,
CE,MATF_MATH2,2014,SEPT,NORMAL,,exams/CE/CE_MATH2_MATF/CE_MATF_MATH2_2014_SEPT_ENONCE.pdf,exams/CE/CE_MATH2_MATF/CE_MATF_MATH2_2014_SEPT_CORRIGE.pdf,,
CE,MATF_MATH2,2015,ETE,NORMAL,,exams/CE/CE_MATH2_MATF/CE_MATF_MATH2_2015_ETE_ENONCE.pdf,exams/CE/CE_MATH2_MATF/CE_MATF_MATH2_2015_ETE_CORRIGE.pdf,,
CE,MATF_MATH2,2015,ETE,REP,,exams/CE/CE_MATH2_MATF/CE_MATF_MATH2_2015_ETE_REP_ENONCE.pdf,exams/CE/CE_MATH2_MATF/CE_MATF_MATH2_2015_ETE_REP_CORRIGE.pdf,,
CE,MATF_MATH2,2015,SEPT,NORMAL,,exams/CE/CE_MATH2_MATF/CE_MATF_MATH2_2015_SEPT_ENONCE.pdf,exams/CE/CE_MATH2_MATF/CE_MATF_MATH2_2015_SEPT_CORRIGE.pdf,,
CE,MATF_MATH2,2016,ETE,NORMAL,,exams/CE/CE_MATH2_MATF/CE_MATF_MATH2_2016_ETE_ENONCE.pdf,exams/CE/CE_MATH2_MATF/CE_MATF_MATH2_2016_ETE_CORRIGE.pdf,,
CE,MATF_MATH2,2016,ETE,REP,,exams/CE/CE_MATH2_MATF/CE_MATF_MATH2_2016_ETE_REP_ENONCE.pdf,exams/CE/CE_MATH2_MATF/CE_MATF_MATH2_2016_ETE_REP_CORRIGE.pdf,,
CE,MATF_MATH2,2016,SEPT,NORMAL,,exams/CE/CE_MATH2_MATF/CE_MATF_MATH2_2016_SEPT_ENONCE.pdf,exams/CE/CE_MATH2_MATF/CE_MATF_MATH2_2016_SEPT_CORRIGE.pdf,,
CE,MATF_MATH2,2017,ETE,NORMAL,,exams/CE/CE_MATH2_MATF/CE_MATF_MATH2_2017_ETE_ENONCE.pdf,exams/CE/CE_MATH2_MATF/CE_MATF_MATH2_2017_ETE_CORRIGE.pdf,,
CE,MATF_MATH2,2017,ETE,REP,,exams/CE/CE_MATH2_MATF/CE_MATF_MATH2_2017_ETE_REP_ENONCE.pdf,exams/CE/CE_MATH2_MATF/CE_MATF_MATH2_2017_ETE_REP_CORRIGE.pdf,,
CE,MATF_MATH2,2017,SEPT,NORMAL,,exams/CE/CE_MATH2_MATF/CE_MATF_MATH2_2017_SEPT_ENONCE.pdf,exams/CE/CE_MATH2_MATF/CE_MATF_MATH2_2017_SEPT_CORRIGE.pdf,,
CE,MATF_MATH2,2018,ETE,NORMAL,,exams/CE/CE_MATH2_MATF/CE_MATF_MATH2_2018_ETE_ENONCE.pdf,exams/CE/CE_MATH2_MATF/CE_MATF_MATH2_2018_ETE_CORRIGE.pdf,,
CE,MATF_MATH2,2018,SEPT,NORMAL,,exams/CE/CE_MATH2_MATF/CE_MATF_MATH2_2018_SEPT_ENONCE.pdf,exams/CE/CE_MATH2_MATF/CE_MATF_MATH2_2018_SEPT_CORRIGE.pdf,,
CE,MATF_MATH2,2019,ETE,NORMAL,,exams/CE/CE_MATH2_MATF/CE_MATF_MATH2_2019_ETE_ENONCE.pdf,exams/CE/CE_MATH2_MATF/CE_MATF_MATH2_2019_ETE_CORRIGE.pdf,,
CE,MATF_MATH2,2019,SEPT,AJOU,,exams/CE/CE_MATH2_MATF/CE_MATF_MATH2_2019_SEPT_AJOU_ENONCE.pdf,,,
CE,MATF_MATH2,2019,SEPT,NORMAL,,exams/CE/CE_MATH2_MATF/CE_MATF_MATH2_2019_SEPT_ENONCE.pdf,exams/CE/CE_MATH2_MATF/CE_MATF_MATH2_2019_SEPT_CORRIGE.pdf,,
CE,MATF_MATH2,2020,ETE,NORMAL,,exams/CE/CE_MATH2_MATF/CE_MATF_MATH2_2020_ETE_ENONCE.pdf,exams/CE/CE_MATH2_MATF/CE_MATF_MATH2_2020_ETE_CORRIGE.pdf,,
CE,MATF_MATH2,2020,SEPT,NORMAL,,exams/CE/CE_MATH2_MATF/CE_MATF_MATH2_2020_SEPT_ENONCE.pdf,exams/CE/CE_MATH2_MATF/CE_MATF_MATH2_2020_SEPT_CORRIGE.pdf,,
CE,MATF_MATH2,2021,ETE,NORMAL,,exams/CE/CE_MATH2_MATF/CE_MATF_MATH2_2021_ETE_ENONCE.pdf,exams/CE/CE_MATH2_MATF/CE_MATF_MATH2_2021_ETE_CORRIGE.pdf,,
CE,MATF_MATH2,2021,ETE,REP,,exams/CE/CE_MATH2_MATF/CE_MATF_MATH2_2021_ETE_REP_ENONCE.pdf,exams/CE/CE_MATH2_MATF/CE_MATF_MATH2_2021_ETE_REP_CORRIGE.pdf,,
CE,MATF_MATH2,2021,SEPT,NORMAL,,exams/CE/CE_MATH2_MATF/CE_MATF_MATH2_2021_SEPT_ENONCE.pdf,exams/CE/CE_MATH2_MATF/CE_MATF_MATH2_2021_SEPT_CORRIGE.pdf,,
CE,MATF_MATH2,2023,ETE,NORMAL,,exams/CE/CE_MATH2_MATF/CE_MATF_MATH2_2023_ETE_ENONCE.pdf,exams/CE/CE_MATH2_MATF/CE_MATF_MATH2_2023_ETE_CORRIGE.pdf,,
CE,MATF_MATH2,2023,SEPT,NORMAL,,exams/CE/CE_MATH2_MATF/CE_MATF_MATH2_2023_SEPT_ENONCE.pdf,exams/CE/CE_MATH2_MATF/CE_MATF_MATH2_2023_SEPT_CORRIGE.pdf,,
CE,MATF_MATH2,2024,ETE,NORMAL,,exams/CE/CE_MATH2_MATF/CE_MATF_MATH2_2024_ETE_ENONCE.pdf,exams/CE/CE_MATH2_MATF/CE_MATF_MATH2_2024_ETE_CORRIGE.pdf,,
CE,MATF_MATH2,2025,ETE,NORMAL,,exams/CE/CE_MATH2_MATF/CE_MATF_MATH2_2025_ETE_ENONCE.pdf,exams/CE/CE_MATH2_MATF/CE_MATF_MATH2_2025_ETE_CORRIGE.pdf,,
CE,MATF_MATH2,2025,SEPT,NORMAL,,exams/CE/CE_MATH2_MATF/CE_MATF_MATH2_2025_SEPT_ENONCE.pdf,exams/CE/CE_MATH2_MATF/CE_MATF_MATH2_2025_SEPT_CORRIGE.pdf,,
CE,MATHE,2005,ETE,NORMAL,,exams/CE/CE_MATHE/CE_MATHE_2005_ETE_ENONCE.pdf,exams/CE/CE_MATHE/CE_MATHE_2005_ETE_CORRIGE.pdf,,
CE,MATHE,2006,ETE,NORMAL,,exams/CE/CE_MATHE/CE_MATHE_2006_ETE_ENONCE.pdf,exams/CE/CE_MATHE/CE_MATHE_2006_ETE_CORRIGE.pdf,,
CE,MATHE,2006,SEPT,NORMAL,,exams/CE/CE_MATHE/CE_MATHE_2006_SEPT_ENONCE.pdf,,,
CE,MATHE,2007,ETE,NORMAL,,exams/CE/CE_MATHE/CE_MATHE_2007_ETE_ENONCE.pdf,exams/CE/CE_MATHE/CE_MATHE_2007_ETE_CORRIGE.pdf,,
CE,MATHE,2007,ETE,REP,,exams/CE/CE_MATHE/CE_MATHE_2007_ETE_REP_ENONCE.pdf,,,
CE,MATHE,2007,SEPT,NORMAL,,exams/CE/CE_MATHE/CE_MATHE_2007_SEPT_ENONCE.pdf,,,
CE,MATHE,2008,ETE,NORMAL,,exams/CE/CE_MATHE/CE_MATHE_2008_ETE_ENONCE.pdf,,,
CE,MATHE,2008,ETE,REP,,exams/CE/CE_MATHE/CE_MATHE_2008_ETE_REP_ENONCE.pdf,,,
CE,MATHE,2008,SEPT,NORMAL,,exams/CE/CE_MATHE/CE_MATHE_2008_SEPT_ENONCE.pdf,exams/CE/CE_MATHE/CE_MATHE_2008_SEPT_CORRIGE.pdf,,
CE,MATHE,2009,ETE,NORMAL,,exams/CE/CE_MATHE/CE_MATHE_2009_ETE_ENONCE.pdf,exams/CE/CE_MATHE/CE_MATHE_2009_ETE_CORRIGE.pdf,,
CE,MATHE,2009,SEPT,NORMAL,,exams/CE/CE_MATHE/CE_MATHE_2009_SEPT_ENONCE.pdf,exams/CE/CE_MATHE/CE_MATHE_2009_SEPT_CORRIGE.pdf,,
CE,MATHE,2010,ETE,NORMAL,,exams/CE/CE_MATHE/CE_MATHE_2010_ETE_ENONCE.pdf,exams/CE/CE_MATHE/CE_MATHE_2010_ETE_CORRIGE.pdf,,
CE,MATHE,2010,ETE,REP,,exams/CE/CE_MATHE/CE_MATHE_2010_ETE_REP_ENONCE.pdf,exams/CE/CE_MATHE/CE_MATHE_2010_ETE_REP_CORRIGE.pdf,,
CE,MATHE,2010,SEPT,NORMAL,,exams/CE/CE_MATHE/CE_MATHE_2010_SEPT_ENONCE.pdf,exams/CE/CE_MATHE/CE_MATHE_2010_SEPT_CORRIGE.pdf,,
CE,MATHE,2011,ETE,NORMAL,,exams/CE/CE_MATHE/CE_MATHE_2011_ETE_ENONCE.pdf,exams/CE/CE_MATHE/CE_MATHE_2011_ETE_CORRIGE.pdf,,
CE,MATHE,2011,SEPT,NORMAL,,exams/CE/CE_MATHE/CE_MATHE_2011_SEPT_ENONCE.pdf,exams/CE/CE_MATHE/CE_MATHE_2011_SEPT_CORRIGE.pdf,,
CE,MATHE,2012,ETE,NORMAL,,exams/CE/CE_MATHE/CE_MATHE_2012_ETE_ENONCE.pdf,exams/CE/CE_MATHE/CE_MATHE_2012_ETE_CORRIGE.pdf,,
CE,MATHE,2012,ETE,REP,,exams/CE/CE_MATHE/CE_MATHE_2012_ETE_REP_ENONCE.pdf,,,
CE,MATHE,2012,SEPT,NORMAL,,exams/CE/CE_MATHE/CE_MATHE_2012_SEPT_ENONCE.pdf,exams/CE/CE_MATHE/CE_MATHE_2012_SEPT_CORRIGE.pdf,,
CE,MATHE,2013,ETE,NORMAL,,exams/CE/CE_MATHE/CE_MATHE_2013_ETE_ENONCE.pdf,exams/CE/CE_MATHE/CE_MATHE_2013_ETE_CORRIGE.pdf,,
CE,MATHE,2013,SEPT,NORMAL,,exams/CE/CE_MATHE/CE_MATHE_2013_SEPT_ENONCE.pdf,exams/CE/CE_MATHE/CE_MATHE_2013_SEPT_CORRIGE.pdf,,
CE,MATHE,2014,ETE,NORMAL,,exams/CE/CE_MATHE/CE_MATHE_2014_ETE_ENONCE.pdf,exams/CE/CE_MATHE/CE_MATHE_2014_ETE_CORRIGE.pdf,,
CE,MATHE,2014,ETE,REP,,exams/CE/CE_MATHE/CE_MATHE_2014_ETE_REP_ENONCE.pdf,,,
CE,MATHE,2014,SEPT,NORMAL,,exams/CE/CE_MATHE/CE_MATHE_2014_SEPT_ENONCE.pdf,exams/CE/CE_MATHE/CE_MATHE_2014_SEPT_CORRIGE.pdf,,
CE,MATHE,2015,ETE,NORMAL,,exams/CE/CE_MATHE/CE_MATHE_2015_ETE_ENONCE.pdf,exams/CE/CE_MATHE/CE_MATHE_2015_ETE_CORRIGE.pdf,,
CE,MATHE,2015,ETE,REP,,exams/CE/CE_MATHE/CE_MATHE_2015_ETE_REP_ENONCE.pdf,exams/CE/CE_MATHE/CE_MATHE_2015_ETE_REP_CORRIGE.pdf,,
CE,MATHE,2015,SEPT,NORMAL,,exams/CE/CE_MATHE/CE_MATHE_2015_SEPT_ENONCE.pdf,exams/CE/CE_MATHE/CE_MATHE_2015_SEPT_CORRIGE.pdf,,
CE,MATHE,2016,ETE,NORMAL,,exams/CE/CE_MATHE/CE_MATHE_2016_ETE_ENONCE.pdf,exams/CE/CE_MATHE/CE_MATHE_2016_ETE_CORRIGE.pdf,,
CE,MATHE,2016,SEPT,NORMAL,,exams/CE/CE_MATHE/CE_MATHE_2016_SEPT_ENONCE.pdf,exams/CE/CE_MATHE/CE_MATHE_2016_SEPT_CORRIGE.pdf,,
CE,MATHE,2017,ETE,NORMAL,,exams/CE/CE_MATHE/CE_MATHE_2017_ETE_ENONCE.pdf,exams/CE/CE_MATHE/CE_MATHE_2017_ETE_CORRIGE.pdf,,
CE,MATHE,2017,ETE,REP,,exams/CE/CE_MATHE/CE_MATHE_2017_ETE_REP_ENONCE.pdf,exams/CE/CE_MATHE/CE_MATHE_2017_ETE_REP_CORRIGE.pdf,,
CE,MATHE,2017,SEPT,NORMAL,,exams/CE/CE_MATHE/CE_MATHE_2017_SEPT_ENONCE.pdf,exams/CE/CE_MATHE/CE_MATHE_2017_SEPT_CORRIGE.pdf,,
CE,MATHE,2018,ETE,NORMAL,,exams/CE/CE_MATHE/CE_MATHE_2018_ETE_ENONCE.pdf,exams/CE/CE_MATHE/CE_MATHE_2018_ETE_CORRIGE.pdf,,
CE,MATHE,2018,ETE,REP,,exams/CE/CE_MATHE/CE_MATHE_2018_ETE_REP_ENONCE.pdf,exams/CE/CE_MATHE/CE_MATHE_2018_ETE_REP_CORRIGE.pdf,,
CE,MATHE,2018,SEPT,NORMAL,,exams/CE/CE_MATHE/CE_MATHE_2018_SEPT_ENONCE.pdf,exams/CE/CE_MATHE/CE_MATHE_2018_SEPT_CORRIGE.pdf,,
CE,MATHE,2019,ETE,NORMAL,,exams/CE/CE_MATHE/CE_MATHE_2019_ETE_ENONCE.pdf,exams/CE/CE_MATHE/CE_MATHE_2019_ETE_CORRIGE.pdf,,
CE,MATHE,2019,SEPT,NORMAL,,exams/CE/CE_MATHE/CE_MATHE_2019_SEPT_ENONCE.pdf,exams/CE/CE_MATHE/CE_MATHE_2019_SEPT_CORRIGE.pdf,,
CE,MATHE,2020,ETE,NORMAL,,exams/CE/CE_MATHE/CE_MATHE_2020_ETE_ENONCE.pdf,exams/CE/CE_MATHE/CE_MATHE_2020_ETE_CORRIGE.pdf,,
CE,MATHE,2020,SEPT,NORMAL,,exams/CE/CE_MATHE/CE_MATHE_2020_SEPT_ENONCE.pdf,exams/CE/CE_MATHE/CE_MATHE_2020_SEPT_CORRIGE.pdf,,
CE,MATHE,2021,ETE,NORMAL,,exams/CE/CE_MATHE/CE_MATHE_2021_ETE_ENONCE.pdf,exams/CE/CE_MATHE/CE_MATHE_2021_ETE_CORRIGE.pdf,,
CE,MATHE,2021,SEPT,NORMAL,,exams/CE/CE_MATHE/CE_MATHE_2021_SEPT_ENONCE.pdf,exams/CE/CE_MATHE/CE_MATHE_2021_SEPT_CORRIGE.pdf,,
CE,MATHE,2022,ETE,NORMAL,,exams/CE/CE_MATHE/CE_MATHE_2022_ETE_ENONCE.pdf,exams/CE/CE_MATHE/CE_MATHE_2022_ETE_CORRIGE.pdf,,
CE,MATHE,2022,SEPT,NORMAL,,exams/CE/CE_MATHE/CE_MATHE_2022_SEPT_ENONCE.pdf,,,
CE,MATHE,2023,ETE,NORMAL,,exams/CE/CE_MATHE/CE_MATHE_2023_ETE_ENONCE.pdf,exams/CE/CE_MATHE/CE_MATHE_2023_ETE_CORRIGE.pdf,,
CE,MATHE,2023,SEPT,NORMAL,,exams/CE/CE_MATHE/CE_MATHE_2023_SEPT_ENONCE.pdf,exams/CE/CE_MATHE/CE_MATHE_2023_SEPT_CORRIGE.pdf,,
CE,MATHE,2023,SEPT,REP,,,exams/CE/CE_MATHE/CE_MATHE_2023_SEPT_REP_CORRIGE.pdf,,
CE,MATHE,2024,ETE,NORMAL,,exams/CE/CE_MATHE/CE_MATHE_2024_ETE_ENONCE.pdf,exams/CE/CE_MATHE/CE_MATHE_2024_ETE_CORRIGE.pdf,,
CE,MATHE,2024,SEPT,NORMAL,,exams/CE/CE_MATHE/CE_MATHE_2024_SEPT_ENONCE.pdf,exams/CE/CE_MATHE/CE_MATHE_2024_SEPT_CORRIGE.pdf,,
CE,MATHE,2024,SEPT,REP,,exams/CE/CE_MATHE/CE_MATHE_2024_SEPT_REP_ENONCE.pdf,exams/CE/CE_MATHE/CE_MATHE_2024_SEPT_REP_CORRIGE.pdf,,
CE,MATHE,2025,ETE,NORMAL,,exams/CE/CE_MATHE/CE_MATHE_2025_ETE_ENONCE.pdf,exams/CE/CE_MATHE/CE_MATHE_2025_ETE_CORRIGE.pdf,,
CE,MATHE,2025,SEPT,NORMAL,,exams/CE/CE_MATHE/CE_MATHE_2025_SEPT_ENONCE.pdf,exams/CE/CE_MATHE/CE_MATHE_2025_SEPT_CORRIGE.pdf,,
CE,PHILO,2008,ETE,NORMAL,,exams/CE/CE_PHILO/CE_PHILO_2008_ETE_ENONCE.pdf,,,
CE,PHILO,2009,ETE,NORMAL,,exams/CE/CE_PHILO/CE_PHILO_2009_ETE_ENONCE.pdf,,,
CE,PHILO,2010,ETE,NORMAL,,exams/CE/CE_PHILO/CE_PHILO_2010_ETE_ENONCE.pdf,,,
CE,PHILO,2011,ETE,NORMAL,,exams/CE/CE_PHILO/CE_PHILO_2011_ETE_ENONCE.pdf,,,
CE,PHILO,2012,ETE,NORMAL,,exams/CE/CE_PHILO/CE_PHILO_2012_ETE_ENONCE.pdf,,,
CE,PHILO,2013,ETE,NORMAL,,exams/CE/CE_PHILO/CE_PHILO_2013_ETE_ENONCE.pdf,,,
CE,PHILO,2014,ETE,NORMAL,,exams/CE/CE_PHILO/CE_PHILO_2014_ETE_ENONCE.pdf,,,
CE,PHILO,2015,ETE,NORMAL,,exams/CE/CE_PHILO/CE_PHILO_2015_ETE_ENONCE.pdf,,,
CE,PHILO,2016,ETE,NORMAL,,exams/CE/CE_PHILO/CE_PHILO_2016_ETE_ENONCE.pdf,,,
CE,PHILO,2016,ETE,REP,,exams/CE/CE_PHILO/CE_PHILO_2016_ETE_REP_ENONCE.pdf,,,
CE,PHILO,2016,SEPT,NORMAL,,exams/CE/CE_PHILO/CE_PHILO_2016_SEPT_ENONCE.pdf,,,
CE,PHILO,2017,ETE,NORMAL,,exams/CE/CE_PHILO/CE_PHILO_2017_ETE_ENONCE.pdf,,,
CE,PHILO,2017,ETE,REP,,exams/CE/CE_PHILO/CE_PHILO_2017_ETE_REP_ENONCE.pdf,,,
CE,PHILO,2018,ETE,NORMAL,,exams/CE/CE_PHILO/CE_PHILO_2018_ETE_ENONCE.pdf,,,
CE,PHILO,2020,ETE,NORMAL,,exams/CE/CE_PHILO/CE_PHILO_2020_ETE_ENONCE.pdf,,,
CE,PHILO,2020,SEPT,NORMAL,,exams/CE/CE_PHILO/CE_PHILO_2020_SEPT_ENONCE.pdf,,,
CE,PHILO,2021,ETE,NORMAL,,exams/CE/CE_PHILO/CE_PHILO_2021_ETE_ENONCE.pdf,,,
CE,PHILO,2022,ETE,NORMAL,,exams/CE/CE_PHILO/CE_PHILO_2022_ETE_ENONCE.pdf,,,
CE,PHILO,2022,SEPT,NORMAL,,exams/CE/CE_PHILO/CE_PHILO_2022_SEPT_ENONCE.pdf,,,
CE,PHILO,2024,ETE,NORMAL,,exams/CE/CE_PHILO/CE_PHILO_2024_ETE_ENONCE.pdf,,,
CF,ALLEM,2005,ETE,NORMAL,,exams/CF/CF_ALLEM/CF_ALLEM_2005_ETE_ENONCE.pdf,,,
CF,ALLEM,2006,ETE,NORMAL,,exams/CF/CF_ALLEM/CF_ALLEM_2006_ETE_ENONCE.pdf,,,
CF,ALLEM,2007,ETE,NORMAL,,exams/CF/CF_ALLEM/CF_ALLEM_2007_ETE_ENONCE.pdf,,,
CF,ALLEM,2007,ETE,REP,,exams/CF/CF_ALLEM/CF_ALLEM_2007_ETE_REP_ENONCE.pdf,,,
CF,ALLEM,2008,ETE,NORMAL,,exams/CF/CF_ALLEM/CF_ALLEM_2008_ETE_ENONCE.pdf,,,
CF,ALLEM,2008,ETE,REP,,exams/CF/CF_ALLEM/CF_ALLEM_2008_ETE_REP_ENONCE.pdf,,,
CF,ALLEM,2009,ETE,NORMAL,,exams/CF/CF_ALLEM/CF_ALLEM_2009_ETE_ENONCE.pdf,,,
CF,ALLEM,2010,ETE,NORMAL,,exams/CF/CF_ALLEM/CF_ALLEM_2010_ETE_ENONCE.pdf,,,
CF,ALLEM,2012,ETE,NORMAL,,exams/CF/CF_ALLEM/CF_ALLEM_2012_ETE_ENONCE.pdf,,,
CF,ALLEM,2013,ETE,NORMAL,,exams/CF/CF_ALLEM/CF_ALLEM_2013_ETE_ENONCE.pdf,,,
CF,ALLEM,2013,ETE,REP,,exams/CF/CF_ALLEM/CF_ALLEM_2013_ETE_REP_ENONCE.pdf,,,
CF,ALLEM,2014,ETE,NORMAL,,exams/CF/CF_ALLEM/CF_ALLEM_2014_ETE_ENONCE.pdf,,,
CF,ALLEM,2015,ETE,NORMAL,,exams/CF/CF_ALLEM/CF_ALLEM_2015_ETE_ENONCE.pdf,,,
CF,ALLEM,2015,ETE,REP,,exams/CF/CF_ALLEM/CF_ALLEM_2015_ETE_REP_ENONCE.pdf,,,
CF,ALLEM,2016,ETE,NORMAL,,exams/CF/CF_ALLEM/CF_ALLEM_2016_ETE_ENONCE.pdf,,,
CF,ALLEM,2016,ETE,REP,,exams/CF/CF_ALLEM/CF_ALLEM_2016_ETE_REP_ENONCE.pdf,,,
CF,ALLEM,2017,ETE,NORMAL,,exams/CF/CF_ALLEM/CF_ALLEM_2017_ETE_ENONCE.pdf,,,
CF,ALLEM,2017,ETE,REP,,exams/CF/CF_ALLEM/CF_ALLEM_2017_ETE_REP_ENONCE.pdf,,,
CF,ALLEM,2018,ETE,NORMAL,,exams/CF/CF_ALLEM/CF_ALLEM_2018_ETE_ENONCE.pdf,,,
CF,ALLEM,2020,ETE,NORMAL,,exams/CF/CF_ALLEM/CF_ALLEM_2020_ETE_ENONCE.pdf,,,
CF,ALLEM,2020,SEPT,NORMAL,,exams/CF/CF_ALLEM/CF_ALLEM_2020_SEPT_ENONCE.pdf,,,
CF,ALLEM,2021,ETE,NORMAL,,exams/CF/CF_ALLEM/CF_ALLEM_2021_ETE_ENONCE.pdf,,,
CF,ALLEM,2022,ETE,NORMAL,,exams/CF/CF_ALLEM/CF_ALLEM_2022_ETE_ENONCE.pdf,,,
CF,ALLEM,2022,ETE,REP,,exams/CF/CF_ALLEM/CF_ALLEM_2022_ETE_REP_ENONCE.pdf,,,
CF,ALLEM,2022,SEPT,NORMAL,,exams/CF/CF_ALLEM/CF_ALLEM_2022_SEPT_ENONCE.pdf,,,
CF,ALLEM,2023,ETE,NORMAL,,exams/CF/CF_ALLEM/CF_ALLEM_2023_ETE_ENONCE.pdf,,,
CF,ALLEM,2023,ETE,REP,,exams/CF/CF_ALLEM/CF_ALLEM_2023_ETE_REP_ENONCE.pdf,,,
CF,ALLEM,2023,SEPT,NORMAL,,exams/CF/CF_ALLEM/CF_ALLEM_2023_SEPT_ENONCE.pdf,,,
CF,ALLEM,2023,SEPT,REP,,exams/CF/CF_ALLEM/CF_ALLEM_2023_SEPT_REP_ENONCE.pdf,,,
CF,ALLEM,2024,ETE,NORMAL,,exams/CF/CF_ALLEM/CF_ALLEM_2024_ETE_ENONCE.pdf,,,
CF,ALLEM,2024,ETE,REP,,exams/CF/CF_ALLEM/CF_ALLEM_2024_ETE_REP_ENONCE.pdf,,,
CF,ALLEM,2024,SEPT,NORMAL,,exams/CF/CF_ALLEM/CF_ALLEM_2024_SEPT_ENONCE.pdf,,,
CF,ALLEM,2024,SEPT,REP,,exams/CF/CF_ALLEM/CF_ALLEM_2024_SEPT_REP_ENONCE.pdf,,,
CF,ANGLA,2005,ETE,NORMAL,,exams/CF/CF_ANGLA/CF_ANGLA_2005_ETE_ENONCE.pdf,,,
CF,ANGLA,2007,ETE,NORMAL,,exams/CF/CF_ANGLA/CF_ANGLA_2007_ETE_ENONCE.pdf,,,
CF,ANGLA,2007,SEPT,NORMAL,,exams/CF/CF_ANGLA/CF_ANGLA_2007_SEPT_ENONCE.pdf,,,
CF,ANGLA,2008,ETE,NORMAL,,exams/CF/CF_ANGLA/CF_ANGLA_2008_ETE_ENONCE.pdf,,,
CF,ANGLA,2009,ETE,NORMAL,,exams/CF/CF_ANGLA/CF_ANGLA_2009_ETE_ENONCE.pdf,,,
CF,ANGLA,2010,ETE,NORMAL,,exams/CF/CF_ANGLA/CF_ANGLA_2010_ETE_ENONCE.pdf,,,
CF,ANGLA,2011,ETE,NORMAL,,exams/CF/CF_ANGLA/CF_ANGLA_2011_ETE_ENONCE.pdf,,,
CF,ANGLA,2012,ETE,NORMAL,,exams/CF/CF_ANGLA/CF_ANGLA_2012_ETE_ENONCE.pdf,,,
CF,ANGLA,2012,ETE,REP,,exams/CF/CF_ANGLA/CF_ANGLA_2012_ETE_REP_ENONCE.pdf,,,
CF,ANGLA,2013,ETE,NORMAL,,exams/CF/CF_ANGLA/CF_ANGLA_2013_ETE_ENONCE.pdf,,,
CF,ANGLA,2013,ETE,REP,,exams/CF/CF_ANGLA/CF_ANGLA_2013_ETE_REP_ENONCE.pdf,,,
CF,ANGLA,2014,ETE,NORMAL,,exams/CF/CF_ANGLA/CF_ANGLA_2014_ETE_ENONCE.pdf,,,
CF,ANGLA,2015,ETE,NORMAL,,exams/CF/CF_ANGLA/CF_ANGLA_2015_ETE_ENONCE.pdf,,,
CF,ANGLA,2015,ETE,REP,,exams/CF/CF_ANGLA/CF_ANGLA_2015_ETE_REP_ENONCE.pdf,,,
CF,ANGLA,2016,ETE,NORMAL,,exams/CF/CF_ANGLA/CF_ANGLA_2016_ETE_ENONCE.pdf,,,
CF,ANGLA,2016,ETE,REP,,exams/CF/CF_ANGLA/CF_ANGLA_2016_ETE_REP_ENONCE.pdf,,,
CF,ANGLA,2016,SEPT,NORMAL,,exams/CF/CF_ANGLA/CF_ANGLA_2016_SEPT_ENONCE.pdf,,,
CF,ANGLA,2017,ETE,NORMAL,,exams/CF/CF_ANGLA/CF_ANGLA_2017_ETE_ENONCE.pdf,,,
CF,ANGLA,2018,ETE,NORMAL,,exams/CF/CF_ANGLA/CF_ANGLA_2018_ETE_ENONCE.pdf,,,
CF,ANGLA,2019,ETE,NORMAL,,exams/CF/CF_ANGLA/CF_ANGLA_2019_ETE_ENONCE.pdf,,,
CF,ANGLA,2019,ETE,REP,,exams/CF/CF_ANGLA/CF_ANGLA_2019_ETE_REP_ENONCE.pdf,,,
CF,ANGLA,2019,SEPT,NORMAL,,exams/CF/CF_ANGLA/CF_ANGLA_2019_SEPT_ENONCE.pdf,,,
CF,ANGLA,2019,SEPT,REP,,exams/CF/CF_ANGLA/CF_ANGLA_2019_SEPT_REP_ENONCE.pdf,,,
CF,ANGLA,2020,ETE,NORMAL,,exams/CF/CF_ANGLA/CF_ANGLA_2020_ETE_ENONCE.pdf,,,
CF,ANGLA,2020,SEPT,NORMAL,,exams/CF/CF_ANGLA/CF_ANGLA_2020_SEPT_ENONCE.pdf,,,
CF,ANGLA,2021,ETE,NORMAL,,exams/CF/CF_ANGLA/CF_ANGLA_2021_ETE_ENONCE.pdf,,,
CF,ANGLA,2022,ETE,NORMAL,,exams/CF/CF_ANGLA/CF_ANGLA_2022_ETE_ENONCE.pdf,,,
CF,ANGLA,2022,ETE,REP,,exams/CF/CF_ANGLA/CF_ANGLA_2022_ETE_REP_ENONCE.pdf,,,
CF,ANGLA,2022,SEPT,NORMAL,,exams/CF/CF_ANGLA/CF_ANGLA_2022_SEPT_ENONCE.pdf,,,
CF,ANGLA,2023,ETE,NORMAL,,exams/CF/CF_ANGLA/CF_ANGLA_2023_ETE_ENONCE.pdf,,,
CF,ANGLA,2023,ETE,REP,,exams/CF/CF_ANGLA/CF_ANGLA_2023_ETE_REP_ENONCE.pdf,,,
CF,ANGLA,2023,SEPT,NORMAL,,exams/CF/CF_ANGLA/CF_ANGLA_2023_SEPT_ENONCE.pdf,,,
CF,ANGLA,2023,SEPT,REP,,exams/CF/CF_ANGLA/CF_ANGLA_2023_SEPT_REP_ENONCE.pdf,,,
CF,ANGLA,2024,ETE,NORMAL,,exams/CF/CF_ANGLA/CF_ANGLA_2024_ETE_ENONCE.pdf,,,
CF,ANGLA,2024,ETE,REP,,exams/CF/CF_ANGLA/CF_ANGLA_2024_ETE_REP_ENONCE.pdf,,,
CF,ANGLA,2024,SEPT,NORMAL,,exams/CF/CF_ANGLA/CF_ANGLA_2024_SEPT_ENONCE.pdf,,,
CF,CHINO,2023,ETE,NORMAL,,exams/CF/CF_CHINO/CF_CHINO_2023_ETE_ENONCE.pdf,,,
CF,CHINO,2023,ETE,REP,,exams/CF/CF_CHINO/CF_CHINO_2023_ETE_REP_ENONCE.pdf,,,
CF,CHINO,2024,ETE,NORMAL,,exams/CF/CF_CHINO/CF_CHINO_2024_ETE_ENONCE.pdf,,,
CF,EDMU1,2005,ETE,NORMAL,ANALYSE,exams/CF/CF_EDMU1/CF_EDMU1_2005_ETE_ANALYSE_ENONCE.pdf,,,
CF,EDMU1,2005,ETE,NORMAL,THEORIE,exams/CF/CF_EDMU1/CF_EDMU1_2005_ETE_THEORIE_ENONCE.pdf,,,
CF,EDMU1,2007,ETE,NORMAL,ANALYSE,exams/CF/CF_EDMU1/CF_EDMU1_2007_ETE_ANALYSE_ENONCE.pdf,,,
CF,EDMU1,2007,ETE,NORMAL,THEORIE,exams/CF/CF_EDMU1/CF_EDMU1_2007_ETE_THEORIE_ENONCE.pdf,,,
CF,EDMU1,2008,ETE,NORMAL,ANALYSE,exams/CF/CF_EDMU1/CF_EDMU1_2008_ETE_ANALYSE_ENONCE.pdf,,,
CF,EDMU1,2008,ETE,NORMAL,THEORIE,exams/CF/CF_EDMU1/CF_EDMU1_2008_ETE_THEORIE_ENONCE.pdf,,,
CF,EDMU1,2009,ETE,NORMAL,ANALYSE,exams/CF/CF_EDMU1/CF_EDMU1_2009_ETE_ANALYSE_ENONCE.pdf,,,
CF,EDMU1,2009,ETE,NORMAL,THEORIE,exams/CF/CF_EDMU1/CF_EDMU1_2009_ETE_THEORIE_ENONCE.pdf,,,
CF,EDMU1,2010,ETE,NORMAL,ANALYSE,exams/CF/CF_EDMU1/CF_EDMU1_2010_ETE_ANALYSE_ENONCE.pdf,,,
CF,EDMU1,2010,ETE,NORMAL,THEORIE,exams/CF/CF_EDMU1/CF_EDMU1_2010_ETE_THEORIE_ENONCE.pdf,,,
CF,EDMU1,2011,ETE,NORMAL,ANALYSE,exams/CF/CF_EDMU1/CF_EDMU1_2011_ETE_ANALYSE_ENONCE.pdf,,,
CF,EDMU1,2012,ETE,NORMAL,ANALYSE,exams/CF/CF_EDMU1/CF_EDMU1_2012_ETE_ANALYSE_ENONCE.pdf,,,
CF,EDMU1,2012,ETE,NORMAL,THEORIE,exams/CF/CF_EDMU1/CF_EDMU1_2012_ETE_THEORIE_ENONCE.pdf,,,
CF,EDMU1,2013,ETE,NORMAL,ANALYSE,exams/CF/CF_EDMU1/CF_EDMU1_2013_ETE_ANALYSE_ENONCE.pdf,,,
CF,EDMU1,2013,ETE,NORMAL,THEORIE,exams/CF/CF_EDMU1/CF_EDMU1_2013_ETE_THEORIE_ENONCE.pdf,,,
CF,EDMU1,2014,ETE,NORMAL,ANALYSE,exams/CF/CF_EDMU1/CF_EDMU1_2014_ETE_ANALYSE_ENONCE.pdf,,,
CF,EDMU1,2014,ETE,NORMAL,THEORIE,exams/CF/CF_EDMU1/CF_EDMU1_2014_ETE_THEORIE_ENONCE.pdf,,,
CF,EDMU1,2015,ETE,NORMAL,ANALYSE,exams/CF/CF_EDMU1/CF_EDMU1_2015_ETE_ANALYSE_ENONCE.pdf,,,
CF,EDMU1,2015,ETE,NORMAL,THEORIE,exams/CF/CF_EDMU1/CF_EDMU1_2015_ETE_THEORIE_ENONCE.pdf,,,
CF,EDMU1,2016,ETE,NORMAL,ANALYSE,exams/CF/CF_EDMU1/CF_EDMU1_2016_ETE_ANALYSE_ENONCE.pdf,,,
CF,EDMU1,2016,ETE,NORMAL,THEORIE,exams/CF/CF_EDMU1/CF_EDMU1_2016_ETE_THEORIE_ENONCE.pdf,,,
CF,EDMU1,2016,ETE,REP,ANALYSE,exams/CF/CF_EDMU1/CF_EDMU1_2016_ETE_REP_ANALYSE_ENONCE.pdf,,,
CF,EDMU1,2016,SEPT,NORMAL,ANALYSE,exams/CF/CF_EDMU1/CF_EDMU1_2016_SEPT_ANALYSE_ENONCE.pdf,,,
CF,EDMU1,2016,SEPT,NORMAL,THEORIE,exams/CF/CF_EDMU1/CF_EDMU1_2016_SEPT_THEORIE_ENONCE.pdf,,,
CF,EDMU1,2016,SEPT,REP,THEORIE,exams/CF/CF_EDMU1/CF_EDMU1_2016_SEPT_REP_THEORIE_ENONCE.pdf,,,
CF,EDMU1,2017,ETE,NORMAL,ANALYSE,exams/CF/CF_EDMU1/CF_EDMU1_2017_ETE_ANALYSE_ENONCE.pdf,,,
CF,EDMU1,2017,ETE,NORMAL,THEORIE,exams/CF/CF_EDMU1/CF_EDMU1_2017_ETE_THEORIE_ENONCE.pdf,,,
CF,EDMU1,2018,ETE,NORMAL,ANALYSE,exams/CF/CF_EDMU1/CF_EDMU1_2018_ETE_ANALYSE_ENONCE.pdf,,,
CF,EDMU1,2018,ETE,NORMAL,THEORIE,exams/CF/CF_EDMU1/CF_EDMU1_2018_ETE_THEORIE_ENONCE.pdf,,,
CF,EDMU2,2005,ETE,NORMAL,PARTIE1,exams/CF/CF_EDMU2/CF_EDMU2_2005_ETE_PARTIE1_ENONCE.pdf,,,
CF,EDMU2,2007,ETE,NORMAL,PARTIE1,exams/CF/CF_EDMU2/CF_EDMU2_2007_ETE_PARTIE1_ENONCE.pdf,,,
CF,EDMU2,2009,ETE,NORMAL,PARTIE1,exams/CF/CF_EDMU2/CF_EDMU2_2009_ETE_PARTIE1_ENONCE.pdf,,,
CF,EDMU2,2010,ETE,NORMAL,PARTIE1,exams/CF/CF_EDMU2/CF_EDMU2_2010_ETE_PARTIE1_ENONCE.pdf,,,
CF,EDMU2,2011,ETE,NORMAL,PARTIE1,exams/CF/CF_EDMU2/CF_EDMU2_2011_ETE_PARTIE1_ENONCE.pdf,,,
CF,EDMU2,2012,ETE,NORMAL,PARTIE1,exams/CF/CF_EDMU2/CF_EDMU2_2012_ETE_PARTIE1_ENONCE.pdf,,,
CF,EDMU2,2013,ETE,NORMAL,PARTIE1,exams/CF/CF_EDMU2/CF_EDMU2_2013_ETE_PARTIE1_ENONCE.pdf,,,
CF,EDMU2,2014,ETE,NORMAL,PARTIE1,exams/CF/CF_EDMU2/CF_EDMU2_2014_ETE_PARTIE1_ENONCE.pdf,,,
CF,EDMU2,2015,ETE,NORMAL,PARTIE1,exams/CF/CF_EDMU2/CF_EDMU2_2015_ETE_PARTIE1_ENONCE.pdf,,,
CF,EDMU2,2016,ETE,NORMAL,PARTIE1,exams/CF/CF_EDMU2/CF_EDMU2_2016_ETE_PARTIE1_ENONCE.pdf,,,
CF,EDMU2,2016,ETE,REP,PARTIE1,exams/CF/CF_EDMU2/CF_EDMU2_2016_ETE_REP_PARTIE1_ENONCE.pdf,,,
CF,EDMU2,2016,SEPT,NORMAL,PARTIE1,exams/CF/CF_EDMU2/CF_EDMU2_2016_SEPT_PARTIE1_ENONCE.pdf,,,
CF,EDMU2,2017,ETE,NORMAL,PARTIE1,exams/CF/CF_EDMU2/CF_EDMU2_2017_ETE_PARTIE1_ENONCE.pdf,,,
CF,EDMU2,2017,ETE,REP,PARTIE1,exams/CF/CF_EDMU2/CF_EDMU2_2017_ETE_REP_PARTIE1_ENONCE.pdf,,,
CF,EDMU2,2017,ETE,REP,PARTIE2,exams/CF/CF_EDMU2/CF_EDMU2_2017_ETE_REP_PARTIE2_ENONCE.pdf,,,
CF,EDMU2,2018,ETE,NORMAL,PARTIE1,exams/CF/CF_EDMU2/CF_EDMU2_2018_ETE_PARTIE1_ENONCE.pdf,,,
CF,FRANC,2004,ETE,NORMAL,,exams/CF/CF_FRANC/CF_FRANC_2004_ETE_ENONCE.pdf,,,
CF,FRANC,2006,ETE,NORMAL,,exams/CF/CF_FRANC/CF_FRANC_2006_ETE_ENONCE.pdf,,,
CF,FRANC,2007,ETE,NORMAL,,exams/CF/CF_FRANC/CF_FRANC_2007_ETE_ENONCE.pdf,,,
CF,FRANC,2007,ETE,REP,,exams/CF/CF_FRANC/CF_FRANC_2007_ETE_REP_ENONCE.pdf,,,
CF,FRANC,2007,SEPT,NORMAL,,exams/CF/CF_FRANC/CF_FRANC_2007_SEPT_ENONCE.pdf,,,
CF,FRANC,2008,ETE,NORMAL,,exams/CF/CF_FRANC/CF_FRANC_2008_ETE_ENONCE.pdf,,,
CF,FRANC,2008,ETE,REP,,exams/CF/CF_FRANC/CF_FRANC_2008_ETE_REP_ENONCE.pdf,,,
CF,FRANC,2009,ETE,NORMAL,,exams/CF/CF_FRANC/CF_FRANC_2009_ETE_ENONCE.pdf,,,
CF,FRANC,2010,ETE,NORMAL,,exams/CF/CF_FRANC/CF_FRANC_2010_ETE_ENONCE.pdf,,,
CF,FRANC,2011,ETE,NORMAL,,exams/CF/CF_FRANC/CF_FRANC_2011_ETE_ENONCE.pdf,,,
CF,FRANC,2012,ETE,NORMAL,,exams/CF/CF_FRANC/CF_FRANC_2012_ETE_ENONCE.pdf,,,
CF,FRANC,2012,ETE,REP,,exams/CF/CF_FRANC/CF_FRANC_2012_ETE_REP_ENONCE.pdf,,,
CF,FRANC,2013,ETE,NORMAL,,exams/CF/CF_FRANC/CF_FRANC_2013_ETE_ENONCE.pdf,,,
CF,FRANC,2014,ETE,NORMAL,,exams/CF/CF_FRANC/CF_FRANC_2014_ETE_ENONCE.pdf,,,
CF,FRANC,2014,ETE,REP,,exams/CF/CF_FRANC/CF_FRANC_2014_ETE_REP_ENONCE.pdf,,,
CF,FRANC,2015,ETE,NORMAL,,exams/CF/CF_FRANC/CF_FRANC_2015_ETE_ENONCE.pdf,,,
CF,FRANC,2015,ETE,REP,,exams/CF/CF_FRANC/CF_FRANC_2015_ETE_REP_ENONCE.pdf,,,
CF,FRANC,2016,ETE,NORMAL,,exams/CF/CF_FRANC/CF_FRANC_2016_ETE_ENONCE.pdf,,,
CF,FRANC,2016,ETE,REP,,exams/CF/CF_FRANC/CF_FRANC_2016_ETE_REP_ENONCE.pdf,,,
CF,FRANC,2016,SEPT,NORMAL,,exams/CF/CF_FRANC/CF_FRANC_2016_SEPT_ENONCE.pdf,,,
CF,FRANC,2017,ETE,NORMAL,,exams/CF/CF_FRANC/CF_FRANC_2017_ETE_ENONCE.pdf,,,
CF,FRANC,2018,ETE,NORMAL,,exams/CF/CF_FRANC/CF_FRANC_2018_ETE_ENONCE.pdf,,,
CF,FRANC,2019,ETE,NORMAL,,exams/CF/CF_FRANC/CF_FRANC_2019_ETE_ENONCE.pdf,,,
CF,FRANC,2019,ETE,REP,,exams/CF/CF_FRANC/CF_FRANC_2019_ETE_REP_ENONCE.pdf,,,
CF,FRANC,2019,SEPT,NORMAL,,exams/CF/CF_FRANC/CF_FRANC_2019_SEPT_ENONCE.pdf,,,
CF,FRANC,2020,ETE,NORMAL,,exams/CF/CF_FRANC/CF_FRANC_2020_ETE_ENONCE.pdf,,,exams/CF/CF_FRANC/CF_FRANC_2020_ETE_ORAL.pdf
CF,FRANC,2020,SEPT,NORMAL,,exams/CF/CF_FRANC/CF_FRANC_2020_SEPT_ENONCE.pdf,,,
CF,FRANC,2021,ETE,NORMAL,,exams/CF/CF_FRANC/CF_FRANC_2021_ETE_ENONCE.pdf,,,
CF,FRANC,2022,ETE,NORMAL,,exams/CF/CF_FRANC/CF_FRANC_2022_ETE_ENONCE.pdf,,,
CF,FRANC,2022,ETE,REP,,exams/CF/CF_FRANC/CF_FRANC_2022_ETE_REP_ENONCE.pdf,,,
CF,FRANC,2022,SEPT,NORMAL,,exams/CF/CF_FRANC/CF_FRANC_2022_SEPT_ENONCE.pdf,,,
CF,FRANC,2023,ETE,NORMAL,,exams/CF/CF_FRANC/CF_FRANC_2023_ETE_ENONCE.pdf,,,
CF,FRANC,2023,ETE,REP,,exams/CF/CF_FRANC/CF_FRANC_2023_ETE_REP_ENONCE.pdf,,,
CF,FRANC,2023,SEPT,NORMAL,,exams/CF/CF_FRANC/CF_FRANC_2023_SEPT_ENONCE.pdf,,,
CF,FRANC,2023,SEPT,REP,,exams/CF/CF_FRANC/CF_FRANC_2023_SEPT_REP_ENONCE.pdf,,,
CF,FRANC,2024,ETE,NORMAL,,exams/CF/CF_FRANC/CF_FRANC_2024_ETE_ENONCE.pdf,,,
CF,FRANC,2024,SEPT,NORMAL,,exams/CF/CF_FRANC/CF_FRANC_2024_SEPT_ENONCE.pdf,,,
CF,HISAA,2005,ETE,NORMAL,,exams/CF/CF_HISAA/CF_HISAA_2005_ETE_ENONCE.pdf,,,
CF,HISAA,2007,ETE,NORMAL,,exams/CF/CF_HISAA/CF_HISAA_2007_ETE_ENONCE.pdf,,,
CF,HISAA,2007,SEPT,NORMAL,,exams/CF/CF_HISAA/CF_HISAA_2007_SEPT_ENONCE.pdf,,,
CF,HISAA,2008,ETE,NORMAL,,exams/CF/CF_HISAA/CF_HISAA_2008_ETE_ENONCE.pdf,,,
CF,HISAA,2009,ETE,NORMAL,,exams/CF/CF_HISAA/CF_HISAA_2009_ETE_ENONCE.pdf,,,
CF,HISAA,2010,ETE,NORMAL,,exams/CF/CF_HISAA/CF_HISAA_2010_ETE_ENONCE.pdf,,,
CF,HISAA,2011,ETE,NORMAL,,exams/CF/CF_HISAA/CF_HISAA_2011_ETE_ENONCE.pdf,,,
CF,HISAA,2012,ETE,NORMAL,,exams/CF/CF_HISAA/CF_HISAA_2012_ETE_ENONCE.pdf,,,
CF,HISAA,2012,ETE,REP,,exams/CF/CF_HISAA/CF_HISAA_2012_ETE_REP_ENONCE.pdf,,,
CF,HISAA,2013,ETE,NORMAL,,exams/CF/CF_HISAA/CF_HISAA_2013_ETE_ENONCE.pdf,,,
CF,HISAA,2014,ETE,NORMAL,,exams/CF/CF_HISAA/CF_HISAA_2014_ETE_ENONCE.pdf,,,
CF,HISAA,2014,ETE,REP,,exams/CF/CF_HISAA/CF_HISAA_2014_ETE_REP_ENONCE.pdf,,,
CF,HISAA,2015,ETE,NORMAL,,exams/CF/CF_HISAA/CF_HISAA_2015_ETE_ENONCE.pdf,,,
CF,HISAA,2015,ETE,REP,,exams/CF/CF_HISAA/CF_HISAA_2015_ETE_REP_ENONCE.pdf,,,
CF,HISAA,2016,ETE,NORMAL,,exams/CF/CF_HISAA/CF_HISAA_2016_ETE_ENONCE.pdf,,,
CF,HISAA,2016,ETE,REP,,exams/CF/CF_HISAA/CF_HISAA_2016_ETE_REP_ENONCE.pdf,,,
CF,HISAA,2016,SEPT,NORMAL,,exams/CF/CF_HISAA/CF_HISAA_2016_SEPT_ENONCE.pdf,,,
CF,HISAA,2016,SEPT,REP,,exams/CF/CF_HISAA/CF_HISAA_2016_SEPT_REP_ENONCE.pdf,,,
CF,HISAA,2017,ETE,NORMAL,,exams/CF/CF_HISAA/CF_HISAA_2017_ETE_ENONCE.pdf,,,
CF,HISAA,2018,ETE,NORMAL,,exams/CF/CF_HISAA/CF_HISAA_2018_ETE_ENONCE.pdf,,,
CF,HISAA,2019,ETE,NORMAL,,exams/CF/CF_HISAA/CF_HISAA_2019_ETE_ENONCE.pdf,,,
CF,HISAA,2019,ETE,REP,,exams/CF/CF_HISAA/CF_HISAA_2019_ETE_REP_ENONCE.pdf,,,
CF,HISAA,2019,SEPT,NORMAL,,exams/CF/CF_HISAA/CF_HISAA_2019_SEPT_ENONCE.pdf,,,
CF,HISAA,2019,SEPT,REP,,exams/CF/CF_HISAA/CF_HISAA_2019_SEPT_REP_ENONCE.pdf,,,
CF,HISAA,2020,ETE,NORMAL,,exams/CF/CF_HISAA/CF_HISAA_2020_ETE_ENONCE.pdf,,,
CF,HISAA,2020,SEPT,NORMAL,,exams/CF/CF_HISAA/CF_HISAA_2020_SEPT_ENONCE.pdf,,,
CF,HISAA,2021,ETE,NORMAL,,exams/CF/CF_HISAA/CF_HISAA_2021_ETE_ENONCE.pdf,,,
CF,HISAA,2022,ETE,NORMAL,,exams/CF/CF_HISAA/CF_HISAA_2022_ETE_ENONCE.pdf,,,
CF,HISAA,2022,SEPT,NORMAL,,exams/CF/CF_HISAA/CF_HISAA_2022_SEPT_ENONCE.pdf,,,
CF,HISAA,2023,ETE,NORMAL,,exams/CF/CF_HISAA/CF_HISAA_2023_ETE_ENONCE.pdf,,,
CF,HISAA,2023,ETE,REP,,exams/CF/CF_HISAA/CF_HISAA_2023_ETE_REP_ENONCE.pdf,,,
CF,HISAA,2023,SEPT,NORMAL,,exams/CF/CF_HISAA/CF_HISAA_2023_SEPT_ENONCE.pdf,,,
CF,HISAA,2023,SEPT,REP,,exams/CF/CF_HISAA/CF_HISAA_2023_SEPT_REP_ENONCE.pdf,,,
CF,HISAA,2024,ETE,NORMAL,,exams/CF/CF_HISAA/CF_HISAA_2024_ETE_ENONCE.pdf,,,
CF,HISAA,2024,ETE,REP,,exams/CF/CF_HISAA/CF_HISAA_2024_ETE_REP_ENONCE.pdf,,,
CF,HISAA,2024,SEPT,NORMAL,,exams/CF/CF_HISAA/CF_HISAA_2024_SEPT_ENONCE.pdf,,,
CF,LATIN,2005,ETE,NORMAL,,exams/CF/CF_LATIN/CF_LATIN_2005_ETE_ENONCE.pdf,exams/CF/CF_LATIN/CF_LATIN_2005_ETE_CORRIGE.pdf,,
CF,LATIN,2006,ETE,NORMAL,,exams/CF/CF_LATIN/CF_LATIN_2006_ETE_ENONCE.pdf,,,
CF,LATIN,2007,ETE,NORMAL,,exams/CF/CF_LATIN/CF_LATIN_2007_ETE_ENONCE.pdf,,,
CF,LATIN,2007,SEPT,NORMAL,,exams/CF/CF_LATIN/CF_LATIN_2007_SEPT_ENONCE.pdf,,,
CF,LATIN,2009,ETE,NORMAL,,exams/CF/CF_LATIN/CF_LATIN_2009_ETE_ENONCE.pdf,,,
CF,LATIN,2010,ETE,NORMAL,,exams/CF/CF_LATIN/CF_LATIN_2010_ETE_ENONCE.pdf,,,
CF,LATIN,2011,ETE,NORMAL,,exams/CF/CF_LATIN/CF_LATIN_2011_ETE_ENONCE.pdf,,,
CF,LATIN,2012,ETE,NORMAL,,exams/CF/CF_LATIN/CF_LATIN_2012_ETE_ENONCE.pdf,,,
CF,LATIN,2013,ETE,NORMAL,,exams/CF/CF_LATIN/CF_LATIN_2013_ETE_ENONCE.pdf,,,
CF,LATIN,2014,ETE,NORMAL,,exams/CF/CF_LATIN/CF_LATIN_2014_ETE_ENONCE.pdf,,,
CF,LATIN,2015,ETE,NORMAL,,exams/CF/CF_LATIN/CF_LATIN_2015_ETE_ENONCE.pdf,,,
CF,LATIN,2016,ETE,NORMAL,,exams/CF/CF_LATIN/CF_LATIN_2016_ETE_ENONCE.pdf,,,
CF,LATIN,2017,ETE,NORMAL,,exams/CF/CF_LATIN/CF_LATIN_2017_ETE_ENONCE.pdf,,,
CF,LATIN,2018,ETE,NORMAL,,exams/CF/CF_LATIN/CF_LATIN_2018_ETE_ENONCE.pdf,,,
CF,LATIN,2019,ETE,NORMAL,,exams/CF/CF_LATIN/CF_LATIN_2019_ETE_ENONCE.pdf,,,
CF,LATIN,2020,ETE,NORMAL,,exams/CF/CF_LATIN/CF_LATIN_2020_ETE_ENONCE.pdf,,,
CF,LATIN,2021,ETE,NORMAL,,exams/CF/CF_LATIN/CF_LATIN_2021_ETE_ENONCE.pdf,,,
CF,LATIN,2022,ETE,NORMAL,,exams/CF/CF_LATIN/CF_LATIN_2022_ETE_ENONCE.pdf,,,
CF,LATIN,2022,SEPT,NORMAL,,exams/CF/CF_LATIN/CF_LATIN_2022_SEPT_ENONCE.pdf,,,
CF,LATIN,2023,ETE,NORMAL,,exams/CF/CF_LATIN/CF_LATIN_2023_ETE_ENONCE.pdf,,,
CF,LATIN,2023,SEPT,NORMAL,,exams/CF/CF_LATIN/CF_LATIN_2023_SEPT_ENONCE.pdf,,,
CF,LATIN,2023,SEPT,REP,,exams/CF/CF_LATIN/CF_LATIN_2023_SEPT_REP_ENONCE.pdf,,,
CF,LATIN,2024,ETE,NORMAL,,exams/CF/CF_LATIN/CF_LATIN_2024_ETE_ENONCE.pdf,,,
CF,LATIN,2024,ETE,REP,,exams/CF/CF_LATIN/CF_LATIN_2024_ETE_REP_ENONCE.pdf,,,
CF,MATHE,2005,ETE,NORMAL,,exams/CF/CF_MATHE/CF_MATHE_2005_ETE_ENONCE.pdf,exams/CF/CF_MATHE/CF_MATHE_2005_ETE_CORRIGE.pdf,,
CF,MATHE,2006,ETE,NORMAL,,exams/CF/CF_MATHE/CF_MATHE_2006_ETE_ENONCE.pdf,exams/CF/CF_MATHE/CF_MATHE_2006_ETE_CORRIGE.pdf,,
CF,MATHE,2006,SEPT,NORMAL,,exams/CF/CF_MATHE/CF_MATHE_2006_SEPT_ENONCE.pdf,,,
CF,MATHE,2007,ETE,NORMAL,,exams/CF/CF_MATHE/CF_MATHE_2007_ETE_ENONCE.pdf,exams/CF/CF_MATHE/CF_MATHE_2007_ETE_CORRIGE.pdf,,
CF,MATHE,2007,ETE,REP,,exams/CF/CF_MATHE/CF_MATHE_2007_ETE_REP_ENONCE.pdf,,,
CF,MATHE,2007,SEPT,NORMAL,,exams/CF/CF_MATHE/CF_MATHE_2007_SEPT_ENONCE.pdf,,,
CF,MATHE,2008,ETE,NORMAL,,exams/CF/CF_MATHE/CF_MATHE_2008_ETE_ENONCE.pdf,,,
CF,MATHE,2008,ETE,REP,,exams/CF/CF_MATHE/CF_MATHE_2008_ETE_REP_ENONCE.pdf,,,
CF,MATHE,2008,SEPT,NORMAL,,exams/CF/CF_MATHE/CF_MATHE_2008_SEPT_ENONCE.pdf,exams/CF/CF_MATHE/CF_MATHE_2008_SEPT_CORRIGE.pdf,,
CF,MATHE,2009,ETE,NORMAL,,exams/CF/CF_MATHE/CF_MATHE_2009_ETE_ENONCE.pdf,exams/CF/CF_MATHE/CF_MATHE_2009_ETE_CORRIGE.pdf,,
CF,MATHE,2009,SEPT,NORMAL,,exams/CF/CF_MATHE/CF_MATHE_2009_SEPT_ENONCE.pdf,exams/CF/CF_MATHE/CF_MATHE_2009_SEPT_CORRIGE.pdf,,
CF,MATHE,2010,ETE,NORMAL,,exams/CF/CF_MATHE/CF_MATHE_2010_ETE_ENONCE.pdf,exams/CF/CF_MATHE/CF_MATHE_2010_ETE_CORRIGE.pdf,,
CF,MATHE,2010,ETE,REP,,exams/CF/CF_MATHE/CF_MATHE_2010_ETE_REP_ENONCE.pdf,exams/CF/CF_MATHE/CF_MATHE_2010_ETE_REP_CORRIGE.pdf,,
CF,MATHE,2010,SEPT,NORMAL,,exams/CF/CF_MATHE/CF_MATHE_2010_SEPT_ENONCE.pdf,exams/CF/CF_MATHE/CF_MATHE_2010_SEPT_CORRIGE.pdf,,
CF,MATHE,2011,ETE,NORMAL,,exams/CF/CF_MATHE/CF_MATHE_2011_ETE_ENONCE.pdf,exams/CF/CF_MATHE/CF_MATHE_2011_ETE_CORRIGE.pdf,,
CF,MATHE,2011,SEPT,NORMAL,,exams/CF/CF_MATHE/CF_MATHE_2011_SEPT_ENONCE.pdf,exams/CF/CF_MATHE/CF_MATHE_2011_SEPT_CORRIGE.pdf,,
CF,MATHE,2012,ETE,NORMAL,,exams/CF/CF_MATHE/CF_MATHE_2012_ETE_ENONCE.pdf,exams/CF/CF_MATHE/CF_MATHE_2012_ETE_CORRIGE.pdf,,
CF,MATHE,2012,ETE,REP,,exams/CF/CF_MATHE/CF_MATHE_2012_ETE_REP_ENONCE.pdf,,,
CF,MATHE,2012,SEPT,NORMAL,,exams/CF/CF_MATHE/CF_MATHE_2012_SEPT_ENONCE.pdf,exams/CF/CF_MATHE/CF_MATHE_2012_SEPT_CORRIGE.pdf,,
CF,MATHE,2013,ETE,NORMAL,,exams/CF/CF_MATHE/CF_MATHE_2013_ETE_ENONCE.pdf,exams/CF/CF_MATHE/CF_MATHE_2013_ETE_CORRIGE.pdf,,
CF,MATHE,2013,SEPT,NORMAL,,exams/CF/CF_MATHE/CF_MATHE_2013_SEPT_ENONCE.pdf,exams/CF/CF_MATHE/CF_MATHE_2013_SEPT_CORRIGE.pdf,,
CF,MATHE,2014,ETE,NORMAL,,exams/CF/CF_MATHE/CF_MATHE_2014_ETE_ENONCE.pdf,exams/CF/CF_MATHE/CF_MATHE_2014_ETE_CORRIGE.pdf,,
CF,MATHE,2014,ETE,REP,,exams/CF/CF_MATHE/CF_MATHE_2014_ETE_REP_ENONCE.pdf,,,
CF,MATHE,2014,SEPT,NORMAL,,exams/CF/CF_MATHE/CF_MATHE_2014_SEPT_ENONCE.pdf,exams/CF/CF_MATHE/CF_MATHE_2014_SEPT_CORRIGE.pdf,,
CF,MATHE,2015,ETE,NORMAL,,exams/CF/CF_MATHE/CF_MATHE_2015_ETE_ENONCE.pdf,exams/CF/CF_MATHE/CF_MATHE_2015_ETE_CORRIGE.pdf,,
CF,MATHE,2015,ETE,REP,,exams/CF/CF_MATHE/CF_MATHE_2015_ETE_REP_ENONCE.pdf,exams/CF/CF_MATHE/CF_MATHE_2015_ETE_REP_CORRIGE.pdf,,
CF,MATHE,2015,SEPT,NORMAL,,exams/CF/CF_MATHE/CF_MATHE_2015_SEPT_ENONCE.pdf,exams/CF/CF_MATHE/CF_MATHE_2015_SEPT_CORRIGE.pdf,,
CF,MATHE,2016,ETE,NORMAL,,exams/CF/CF_MATHE/CF_MATHE_2016_ETE_ENONCE.pdf,exams/CF/CF_MATHE/CF_MATHE_2016_ETE_CORRIGE.pdf,,
CF,MATHE,2016,SEPT,NORMAL,,exams/CF/CF_MATHE/CF_MATHE_2016_SEPT_ENONCE.pdf,exams/CF/CF_MATHE/CF_MATHE_2016_SEPT_CORRIGE.pdf,,
CF,MATHE,2017,ETE,NORMAL,,exams/CF/CF_MATHE/CF_MATHE_2017_ETE_ENONCE.pdf,exams/CF/CF_MATHE/CF_MATHE_2017_ETE_CORRIGE.pdf,,
CF,MATHE,2017,ETE,REP,,exams/CF/CF_MATHE/CF_MATHE_2017_ETE_REP_ENONCE.pdf,exams/CF/CF_MATHE/CF_MATHE_2017_ETE_REP_CORRIGE.pdf,,
CF,MATHE,2017,SEPT,NORMAL,,exams/CF/CF_MATHE/CF_MATHE_2017_SEPT_ENONCE.pdf,exams/CF/CF_MATHE/CF_MATHE_2017_SEPT_CORRIGE.pdf,,
CF,MATHE,2018,ETE,NORMAL,,exams/CF/CF_MATHE/CF_MATHE_2018_ETE_ENONCE.pdf,exams/CF/CF_MATHE/CF_MATHE_2018_ETE_CORRIGE.pdf,,
CF,MATHE,2018,ETE,REP,,exams/CF/CF_MATHE/CF_MATHE_2018_ETE_REP_ENONCE.pdf,exams/CF/CF_MATHE/CF_MATHE_2018_ETE_REP_CORRIGE.pdf,,
CF,MATHE,2018,SEPT,NORMAL,,exams/CF/CF_MATHE/CF_MATHE_2018_SEPT_ENONCE.pdf,exams/CF/CF_MATHE/CF_MATHE_2018_SEPT_CORRIGE.pdf,,
CF,MATHE,2019,ETE,NORMAL,,exams/CF/CF_MATHE/CF_MATHE_2019_ETE_ENONCE.pdf,exams/CF/CF_MATHE/CF_MATHE_2019_ETE_CORRIGE.pdf,,
CF,MATHE,2019,SEPT,NORMAL,,exams/CF/CF_MATHE/CF_MATHE_2019_SEPT_ENONCE.pdf,exams/CF/CF_MATHE/CF_MATHE_2019_SEPT_CORRIGE.pdf,,
CF,MATHE,2020,ETE,NORMAL,,exams/CF/CF_MATHE/CF_MATHE_2020_ETE_ENONCE.pdf,exams/CF/CF_MATHE/CF_MATHE_2020_ETE_CORRIGE.pdf,,
CF,MATHE,2020,SEPT,NORMAL,,exams/CF/CF_MATHE/CF_MATHE_2020_SEPT_ENONCE.pdf,exams/CF/CF_MATHE/CF_MATHE_2020_SEPT_CORRIGE.pdf,,
CF,MATHE,2021,ETE,NORMAL,,exams/CF/CF_MATHE/CF_MATHE_2021_ETE_ENONCE.pdf,exams/CF/CF_MATHE/CF_MATHE_2021_ETE_CORRIGE.pdf,,
CF,MATHE,2021,SEPT,NORMAL,,exams/CF/CF_MATHE/CF_MATHE_2021_SEPT_ENONCE.pdf,exams/CF/CF_MATHE/CF_MATHE_2021_SEPT_CORRIGE.pdf,,
CF,MATHE,2022,ETE,NORMAL,,exams/CF/CF_MATHE/CF_MATHE_2022_ETE_ENONCE.pdf,exams/CF/CF_MATHE/CF_MATHE_2022_ETE_CORRIGE.pdf,,
CF,MATHE,2022,SEPT,NORMAL,,exams/CF/CF_MATHE/CF_MATHE_2022_SEPT_ENONCE.pdf,,,
CF,MATHE,2023,ETE,NORMAL,,exams/CF/CF_MATHE/CF_MATHE_2023_ETE_ENONCE.pdf,exams/CF/CF_MATHE/CF_MATHE_2023_ETE_CORRIGE.pdf,,
CF,MATHE,2023,SEPT,NORMAL,,exams/CF/CF_MATHE/CF_MATHE_2023_SEPT_ENONCE.pdf,exams/CF/CF_MATHE/CF_MATHE_2023_SEPT_CORRIGE.pdf,,
CF,MATHE,2023,SEPT,REP,,,exams/CF/CF_MATHE/CF_MATHE_2023_SEPT_REP_CORRIGE.pdf,,
CF,MATHE,2024,ETE,NORMAL,,exams/CF/CF_MATHE/CF_MATHE_2024_ETE_ENONCE.pdf,exams/CF/CF_MATHE/CF_MATHE_2024_ETE_CORRIGE.pdf,,
CF,MATHE,2024,SEPT,NORMAL,,exams/CF/CF_MATHE/CF_MATHE_2024_SEPT_ENONCE.pdf,exams/CF/CF_MATHE/CF_MATHE_2024_SEPT_CORRIGE.pdf,,
CF,MATHE,2024,SEPT,REP,,exams/CF/CF_MATHE/CF_MATHE_2024_SEPT_REP_ENONCE.pdf,exams/CF/CF_MATHE/CF_MATHE_2024_SEPT_REP_CORRIGE.pdf,,
CF,MATHE,2025,ETE,NORMAL,,exams/CF/CF_MATHE/CF_MATHE_2025_ETE_ENONCE.pdf,exams/CF/CF_MATHE/CF_MATHE_2025_ETE_CORRIGE.pdf,,
CF,MATHE,2025,SEPT,NORMAL,,exams/CF/CF_MATHE/CF_MATHE_2025_SEPT_ENONCE.pdf,exams/CF/CF_MATHE/CF_MATHE_2025_SEPT_CORRIGE.pdf,,
CF,PHILO,2008,ETE,NORMAL,,exams/CF/CF_PHILO/CF_PHILO_2008_ETE_ENONCE.pdf,,,
CF,PHILO,2009,ETE,NORMAL,,exams/CF/CF_PHILO/CF_PHILO_2009_ETE_ENONCE.pdf,,,
CF,PHILO,2010,ETE,NORMAL,,exams/CF/CF_PHILO/CF_PHILO_2010_ETE_ENONCE.pdf,,,
CF,PHILO,2011,ETE,NORMAL,,exams/CF/CF_PHILO/CF_PHILO_2011_ETE_ENONCE.pdf,,,
CF,PHILO,2012,ETE,NORMAL,,exams/CF/CF_PHILO/CF_PHILO_2012_ETE_ENONCE.pdf,,,
CF,PHILO,2013,ETE,NORMAL,,exams/CF/CF_PHILO/CF_PHILO_2013_ETE_ENONCE.pdf,,,
CF,PHILO,2014,ETE,NORMAL,,exams/CF/CF_PHILO/CF_PHILO_2014_ETE_ENONCE.pdf,,,
CF,PHILO,2015,ETE,NORMAL,,exams/CF/CF_PHILO/CF_PHILO_2015_ETE_ENONCE.pdf,,,
CF,PHILO,2016,ETE,NORMAL,,exams/CF/CF_PHILO/CF_PHILO_2016_ETE_ENONCE.pdf,,,
CF,PHILO,2016,ETE,REP,,exams/CF/CF_PHILO/CF_PHILO_2016_ETE_REP_ENONCE.pdf,,,
CF,PHILO,2016,SEPT,NORMAL,,exams/CF/CF_PHILO/CF_PHILO_2016_SEPT_ENONCE.pdf,,,
CF,PHILO,2017,ETE,NORMAL,,exams/CF/CF_PHILO/CF_PHILO_2017_ETE_ENONCE.pdf,,,
CF,PHILO,2017,ETE,REP,,exams/CF/CF_PHILO/CF_PHILO_2017_ETE_REP_ENONCE.pdf,,,
CF,PHILO,2018,ETE,NORMAL,,exams/CF/CF_PHILO/CF_PHILO_2018_ETE_ENONCE.pdf,,,
CF,PHILO,2020,ETE,NORMAL,,exams/CF/CF_PHILO/CF_PHILO_2020_ETE_ENONCE.pdf,,,
CF,PHILO,2020,SEPT,NORMAL,,exams/CF/CF_PHILO/CF_PHILO_2020_SEPT_ENONCE.pdf,,,
CF,PHILO,2021,ETE,NORMAL,,exams/CF/CF_PHILO/CF_PHILO_2021_ETE_ENONCE.pdf,,,
CF,PHILO,2022,ETE,NORMAL,,exams/CF/CF_PHILO/CF_PHILO_2022_ETE_ENONCE.pdf,,,
CF,PHILO,2022,SEPT,NORMAL,,exams/CF/CF_PHILO/CF_PHILO_2022_SEPT_ENONCE.pdf,,,
CF,PHILO,2024,ETE,NORMAL,,exams/CF/CF_PHILO/CF_PHILO_2024_ETE_ENONCE.pdf,,,
CG,4LANG_CHINO,2023,ETE,NORMAL,,exams/CG/CG_CHINO_4LANG/CG_4LANG_CHINO_2023_ETE_ENONCE.pdf,,,
CG,4LANG_CHINO,2023,ETE,REP,,exams/CG/CG_CHINO_4LANG/CG_4LANG_CHINO_2023_ETE_REP_ENONCE.pdf,,,
CG,4LANG_ESPAG,2021,ETE,NORMAL,,exams/CG/CG_ESPAG_4LANG/CG_4LANG_ESPAG_2021_ETE_ENONCE.pdf,,,
CG,4LANG_ESPAG,2022,ETE,NORMAL,,exams/CG/CG_ESPAG_4LANG/CG_4LANG_ESPAG_2022_ETE_ENONCE.pdf,,,
CG,4LANG_ESPAG,2023,ETE,NORMAL,,exams/CG/CG_ESPAG_4LANG/CG_4LANG_ESPAG_2023_ETE_ENONCE.pdf,,,
CG,4LANG_ESPAG,2024,ETE,NORMAL,,exams/CG/CG_ESPAG_4LANG/CG_4LANG_ESPAG_2024_ETE_ENONCE.pdf,,,
CG,4LANG_ESPAG,2024,ETE,REP,,exams/CG/CG_ESPAG_4LANG/CG_4LANG_ESPAG_2024_ETE_REP_ENONCE.pdf,,,
CG,4LANG_ITALI,2021,ETE,NORMAL,,exams/CG/CG_ITALI_4LANG/CG_4LANG_ITALI_2021_ETE_ENONCE.pdf,,,
CG,4LANG_ITALI,2022,ETE,NORMAL,,exams/CG/CG_ITALI_4LANG/CG_4LANG_ITALI_2022_ETE_ENONCE.pdf,,,
CG,ALLEM,2005,ETE,NORMAL,,exams/CG/CG_ALLEM/CG_ALLEM_2005_ETE_ENONCE.pdf,,,
CG,ALLEM,2006,ETE,NORMAL,,exams/CG/CG_ALLEM/CG_ALLEM_2006_ETE_ENONCE.pdf,,,
CG,ALLEM,2007,ETE,NORMAL,,exams/CG/CG_ALLEM/CG_ALLEM_2007_ETE_ENONCE.pdf,,,
CG,ALLEM,2007,ETE,REP,,exams/CG/CG_ALLEM/CG_ALLEM_2007_ETE_REP_ENONCE.pdf,,,
CG,ALLEM,2008,ETE,NORMAL,,exams/CG/CG_ALLEM/CG_ALLEM_2008_ETE_ENONCE.pdf,,,
CG,ALLEM,2008,ETE,REP,,exams/CG/CG_ALLEM/CG_ALLEM_2008_ETE_REP_ENONCE.pdf,,,
CG,ALLEM,2009,ETE,NORMAL,,exams/CG/CG_ALLEM/CG_ALLEM_2009_ETE_ENONCE.pdf,,,
CG,ALLEM,2010,ETE,NORMAL,,exams/CG/CG_ALLEM/CG_ALLEM_2010_ETE_ENONCE.pdf,,,
CG,ALLEM,2012,ETE,NORMAL,,exams/CG/CG_ALLEM/CG_ALLEM_2012_ETE_ENONCE.pdf,,,
CG,ALLEM,2013,ETE,NORMAL,,exams/CG/CG_ALLEM/CG_ALLEM_2013_ETE_ENONCE.pdf,,,
CG,ALLEM,2013,ETE,REP,,exams/CG/CG_ALLEM/CG_ALLEM_2013_ETE_REP_ENONCE.pdf,,,
CG,ALLEM,2014,ETE,NORMAL,,exams/CG/CG_ALLEM/CG_ALLEM_2014_ETE_ENONCE.pdf,,,
CG,ALLEM,2015,ETE,NORMAL,,exams/CG/CG_ALLEM/CG_ALLEM_2015_ETE_ENONCE.pdf,,,
CG,ALLEM,2015,ETE,REP,,exams/CG/CG_ALLEM/CG_ALLEM_2015_ETE_REP_ENONCE.pdf,,,
CG,ALLEM,2016,ETE,NORMAL,,exams/CG/CG_ALLEM/CG_ALLEM_2016_ETE_ENONCE.pdf,,,
CG,ALLEM,2016,ETE,REP,,exams/CG/CG_ALLEM/CG_ALLEM_2016_ETE_REP_ENONCE.pdf,,,
CG,ALLEM,2017,ETE,NORMAL,,exams/CG/CG_ALLEM/CG_ALLEM_2017_ETE_ENONCE.pdf,,,
CG,ALLEM,2017,ETE,REP,,exams/CG/CG_ALLEM/CG_ALLEM_2017_ETE_REP_ENONCE.pdf,,,
CG,ALLEM,2018,ETE,NORMAL,,exams/CG/CG_ALLEM/CG_ALLEM_2018_ETE_ENONCE.pdf,,,
CG,ALLEM,2020,ETE,NORMAL,,exams/CG/CG_ALLEM/CG_ALLEM_2020_ETE_ENONCE.pdf,,,
CG,ALLEM,2020,SEPT,NORMAL,,exams/CG/CG_ALLEM/CG_ALLEM_2020_SEPT_ENONCE.pdf,,,
CG,ALLEM,2021,ETE,NORMAL,,exams/CG/CG_ALLEM/CG_ALLEM_2021_ETE_ENONCE.pdf,,,
CG,ALLEM,2022,ETE,NORMAL,,exams/CG/CG_ALLEM/CG_ALLEM_2022_ETE_ENONCE.pdf,,,
CG,ALLEM,2022,ETE,REP,,exams/CG/CG_ALLEM/CG_ALLEM_2022_ETE_REP_ENONCE.pdf,,,
CG,ALLEM,2022,SEPT,NORMAL,,exams/CG/CG_ALLEM/CG_ALLEM_2022_SEPT_ENONCE.pdf,,,
CG,ALLEM,2023,ETE,NORMAL,,exams/CG/CG_ALLEM/CG_ALLEM_2023_ETE_ENONCE.pdf,,,
CG,ALLEM,2023,ETE,REP,,exams/CG/CG_ALLEM/CG_ALLEM_2023_ETE_REP_ENONCE.pdf,,,
CG,ALLEM,2023,SEPT,NORMAL,,exams/CG/CG_ALLEM/CG_ALLEM_2023_SEPT_ENONCE.pdf,,,
CG,ALLEM,2023,SEPT,REP,,exams/CG/CG_ALLEM/CG_ALLEM_2023_SEPT_REP_ENONCE.pdf,,,
CG,ALLEM,2024,ETE,NORMAL,,exams/CG/CG_ALLEM/CG_ALLEM_2024_ETE_ENONCE.pdf,,,
CG,ALLEM,2024,ETE,REP,,exams/CG/CG_ALLEM/CG_ALLEM_2024_ETE_REP_ENONCE.pdf,,,
CG,ALLEM,2024,SEPT,NORMAL,,exams/CG/CG_ALLEM/CG_ALLEM_2024_SEPT_ENONCE.pdf,,,
CG,ALLEM,2024,SEPT,REP,,exams/CG/CG_ALLEM/CG_ALLEM_2024_SEPT_REP_ENONCE.pdf,,,
CG,ANGLA,2005,ETE,NORMAL,,exams/CG/CG_ANGLA/CG_ANGLA_2005_ETE_ENONCE.pdf,,,
CG,ANGLA,2007,ETE,NORMAL,,exams/CG/CG_ANGLA/CG_ANGLA_2007_ETE_ENONCE.pdf,,,
CG,ANGLA,2007,SEPT,NORMAL,,exams/CG/CG_ANGLA/CG_ANGLA_2007_SEPT_ENONCE.pdf,,,
CG,ANGLA,2008,ETE,NORMAL,,exams/CG/CG_ANGLA/CG_ANGLA_2008_ETE_ENONCE.pdf,,,
CG,ANGLA,2009,ETE,NORMAL,,exams/CG/CG_ANGLA/CG_ANGLA_2009_ETE_ENONCE.pdf,,,
CG,ANGLA,2010,ETE,NORMAL,,exams/CG/CG_ANGLA/CG_ANGLA_2010_ETE_ENONCE.pdf,,,
CG,ANGLA,2011,ETE,NORMAL,,exams/CG/CG_ANGLA/CG_ANGLA_2011_ETE_ENONCE.pdf,,,
CG,ANGLA,2012,ETE,NORMAL,,exams/CG/CG_ANGLA/CG_ANGLA_2012_ETE_ENONCE.pdf,,,
CG,ANGLA,2012,ETE,REP,,exams/CG/CG_ANGLA/CG_ANGLA_2012_ETE_REP_ENONCE.pdf,,,
CG,ANGLA,2013,ETE,NORMAL,,exams/CG/CG_ANGLA/CG_ANGLA_2013_ETE_ENONCE.pdf,,,
CG,ANGLA,2013,ETE,REP,,exams/CG/CG_ANGLA/CG_ANGLA_2013_ETE_REP_ENONCE.pdf,,,
CG,ANGLA,2014,ETE,NORMAL,,exams/CG/CG_ANGLA/CG_ANGLA_2014_ETE_ENONCE.pdf,,,
CG,ANGLA,2015,ETE,NORMAL,,exams/CG/CG_ANGLA/CG_ANGLA_2015_ETE_ENONCE.pdf,,,
CG,ANGLA,2015,ETE,REP,,exams/CG/CG_ANGLA/CG_ANGLA_2015_ETE_REP_ENONCE.pdf,,,
CG,ANGLA,2016,ETE,NORMAL,,exams/CG/CG_ANGLA/CG_ANGLA_2016_ETE_ENONCE.pdf,,,
CG,ANGLA,2016,ETE,REP,,exams/CG/CG_ANGLA/CG_ANGLA_2016_ETE_REP_ENONCE.pdf,,,
CG,ANGLA,2016,SEPT,NORMAL,,exams/CG/CG_ANGLA/CG_ANGLA_2016_SEPT_ENONCE.pdf,,,
CG,ANGLA,2017,ETE,NORMAL,,exams/CG/CG_ANGLA/CG_ANGLA_2017_ETE_ENONCE.pdf,,,
CG,ANGLA,2018,ETE,NORMAL,,exams/CG/CG_ANGLA/CG_ANGLA_2018_ETE_ENONCE.pdf,,,
CG,ANGLA,2019,ETE,NORMAL,,exams/CG/CG_ANGLA/CG_ANGLA_2019_ETE_ENONCE.pdf,,,
CG,ANGLA,2019,ETE,REP,,exams/CG/CG_ANGLA/CG_ANGLA_2019_ETE_REP_ENONCE.pdf,,,
CG,ANGLA,2019,SEPT,NORMAL,,exams/CG/CG_ANGLA/CG_ANGLA_2019_SEPT_ENONCE.pdf,,,
CG,ANGLA,2019,SEPT,REP,,exams/CG/CG_ANGLA/CG_ANGLA_2019_SEPT_REP_ENONCE.pdf,,,
CG,ANGLA,2020,ETE,NORMAL,,exams/CG/CG_ANGLA/CG_ANGLA_2020_ETE_ENONCE.pdf,,,
CG,ANGLA,2020,SEPT,NORMAL,,exams/CG/CG_ANGLA/CG_ANGLA_2020_SEPT_ENONCE.pdf,,,
CG,ANGLA,2021,ETE,NORMAL,,exams/CG/CG_ANGLA/CG_ANGLA_2021_ETE_ENONCE.pdf,,,
CG,ANGLA,2022,ETE,NORMAL,,exams/CG/CG_ANGLA/CG_ANGLA_2022_ETE_ENONCE.pdf,,,
CG,ANGLA,2022,ETE,REP,,exams/CG/CG_ANGLA/CG_ANGLA_2022_ETE_REP_ENONCE.pdf,,,
CG,ANGLA,2022,SEPT,NORMAL,,exams/CG/CG_ANGLA/CG_ANGLA_2022_SEPT_ENONCE.pdf,,,
CG,ANGLA,2023,ETE,NORMAL,,exams/CG/CG_ANGLA/CG_ANGLA_2023_ETE_ENONCE.pdf,,,
CG,ANGLA,2023,ETE,REP,,exams/CG/CG_ANGLA/CG_ANGLA_2023_ETE_REP_ENONCE.pdf,,,
CG,ANGLA,2023,SEPT,NORMAL,,exams/CG/CG_ANGLA/CG_ANGLA_2023_SEPT_ENONCE.pdf,,,
CG,ANGLA,2023,SEPT,REP,,exams/CG/CG_ANGLA/CG_ANGLA_2023_SEPT_REP_ENONCE.pdf,,,
CG,ANGLA,2024,ETE,NORMAL,,exams/CG/CG_ANGLA/CG_ANGLA_2024_ETE_ENONCE.pdf,,,
CG,ANGLA,2024,ETE,REP,,exams/CG/CG_ANGLA/CG_ANGLA_2024_ETE_REP_ENONCE.pdf,,,
CG,ANGLA,2024,SEPT,NORMAL,,exams/CG/CG_ANGLA/CG_ANGLA_2024_SEPT_ENONCE.pdf,,,
CG,CHINO,2023,ETE,NORMAL,,exams/CG/CG_CHINO/CG_CHINO_2023_ETE_ENONCE.pdf,,,
CG,CHINO,2023,ETE,REP,,exams/CG/CG_CHINO/CG_CHINO_2023_ETE_REP_ENONCE.pdf,,,
CG,CHINO,2024,ETE,NORMAL,,exams/CG/CG_CHINO/CG_CHINO_2024_ETE_ENONCE.pdf,,,
CG,COMED_ESPAG,2005,ETE,NORMAL,,exams/CG/CG_ESPAG_COMED/CG_COMED_ESPAG_2005_ETE_ENONCE.pdf,,,
CG,COMED_ESPAG,2006,ETE,NORMAL,,exams/CG/CG_ESPAG_COMED/CG_COMED_ESPAG_2006_ETE_ENONCE.pdf,,,
CG,COMED_ESPAG,2007,ETE,NORMAL,,exams/CG/CG_ESPAG_COMED/CG_COMED_ESPAG_2007_ETE_ENONCE.pdf,,,
CG,COMED_ESPAG,2007,SEPT,NORMAL,,exams/CG/CG_ESPAG_COMED/CG_COMED_ESPAG_2007_SEPT_ENONCE.pdf,,,
CG,COMED_ESPAG,2008,ETE,NORMAL,,exams/CG/CG_ESPAG_COMED/CG_COMED_ESPAG_2008_ETE_ENONCE.pdf,,,
CG,COMED_ESPAG,2009,ETE,NORMAL,,exams/CG/CG_ESPAG_COMED/CG_COMED_ESPAG_2009_ETE_ENONCE.pdf,,,
CG,COMED_ESPAG,2010,ETE,NORMAL,,exams/CG/CG_ESPAG_COMED/CG_COMED_ESPAG_2010_ETE_ENONCE.pdf,,,
CG,COMED_ESPAG,2011,ETE,NORMAL,,exams/CG/CG_ESPAG_COMED/CG_COMED_ESPAG_2011_ETE_ENONCE.pdf,,,
CG,COMED_ESPAG,2012,ETE,NORMAL,,exams/CG/CG_ESPAG_COMED/CG_COMED_ESPAG_2012_ETE_ENONCE.pdf,,,
CG,COMED_ESPAG,2013,ETE,NORMAL,,exams/CG/CG_ESPAG_COMED/CG_COMED_ESPAG_2013_ETE_ENONCE.pdf,,,
CG,COMED_ESPAG,2014,ETE,NORMAL,,exams/CG/CG_ESPAG_COMED/CG_COMED_ESPAG_2014_ETE_ENONCE.pdf,,,
CG,COMED_ESPAG,2014,ETE,REP,,exams/CG/CG_ESPAG_COMED/CG_COMED_ESPAG_2014_ETE_REP_ENONCE.pdf,,,
CG,COMED_ESPAG,2015,ETE,NORMAL,,exams/CG/CG_ESPAG_COMED/CG_COMED_ESPAG_2015_ETE_ENONCE.pdf,,,
CG,COMED_ESPAG,2016,ETE,NORMAL,,exams/CG/CG_ESPAG_COMED/CG_COMED_ESPAG_2016_ETE_ENONCE.pdf,,,
CG,COMED_ESPAG,2016,SEPT,NORMAL,,exams/CG/CG_ESPAG_COMED/CG_COMED_ESPAG_2016_SEPT_ENONCE.pdf,,,
CG,COMED_ESPAG,2017,ETE,NORMAL,,exams/CG/CG_ESPAG_COMED/CG_COMED_ESPAG_2017_ETE_ENONCE.pdf,,,
CG,COMED_ESPAG,2018,ETE,NORMAL,,exams/CG/CG_ESPAG_COMED/CG_COMED_ESPAG_2018_ETE_ENONCE.pdf,,,
CG,COMED_ESPAG,2019,ETE,NORMAL,,exams/CG/CG_ESPAG_COMED/CG_COMED_ESPAG_2019_ETE_ENONCE.pdf,,,
CG,COMED_ESPAG,2019,SEPT,NORMAL,,exams/CG/CG_ESPAG_COMED/CG_COMED_ESPAG_2019_SEPT_ENONCE.pdf,,,
CG,COMED_ESPAG,2020,ETE,NORMAL,,exams/CG/CG_ESPAG_COMED/CG_COMED_ESPAG_2020_ETE_ENONCE.pdf,,,
CG,COMED_ESPAG,2021,ETE,NORMAL,,exams/CG/CG_ESPAG_COMED/CG_COMED_ESPAG_2021_ETE_ENONCE.pdf,,,
CG,COMED_ESPAG,2022,ETE,NORMAL,,exams/CG/CG_ESPAG_COMED/CG_COMED_ESPAG_2022_ETE_ENONCE.pdf,,,
CG,COMED_ESPAG,2024,ETE,NORMAL,,exams/CG/CG_ESPAG_COMED/CG_COMED_ESPAG_2024_ETE_ENONCE.pdf,,,
CG,COMED_ESPAG,2024,ETE,REP,,exams/CG/CG_ESPAG_COMED/CG_COMED_ESPAG_2024_ETE_REP_ENONCE.pdf,,,
CG,COMED_ESPAG,2024,SEPT,NORMAL,,exams/CG/CG_ESPAG_COMED/CG_COMED_ESPAG_2024_SEPT_ENONCE.pdf,,,
CG,FRANC,2004,ETE,NORMAL,,exams/CG/CG_FRANC/CG_FRANC_2004_ETE_ENONCE.pdf,,,
CG,FRANC,2006,ETE,NORMAL,,exams/CG/CG_FRANC/CG_FRANC_2006_ETE_ENONCE.pdf,,,
CG,FRANC,2007,ETE,NORMAL,,exams/CG/CG_FRANC/CG_FRANC_2007_ETE_ENONCE.pdf,,,
CG,FRANC,2007,ETE,REP,,exams/CG/CG_FRANC/CG_FRANC_2007_ETE_REP_ENONCE.pdf,,,
CG,FRANC,2007,SEPT,NORMAL,,exams/CG/CG_FRANC/CG_FRANC_2007_SEPT_ENONCE.pdf,,,
CG,FRANC,2008,ETE,NORMAL,,exams/CG/CG_FRANC/CG_FRANC_2008_ETE_ENONCE.pdf,,,
CG,FRANC,2008,ETE,REP,,exams/CG/CG_FRANC/CG_FRANC_2008_ETE_REP_ENONCE.pdf,,,
CG,FRANC,2009,ETE,NORMAL,,exams/CG/CG_FRANC/CG_FRANC_2009_ETE_ENONCE.pdf,,,
CG,FRANC,2010,ETE,NORMAL,,exams/CG/CG_FRANC/CG_FRANC_2010_ETE_ENONCE.pdf,,,
CG,FRANC,2011,ETE,NORMAL,,exams/CG/CG_FRANC/CG_FRANC_2011_ETE_ENONCE.pdf,,,
CG,FRANC,2012,ETE,NORMAL,,exams/CG/CG_FRANC/CG_FRANC_2012_ETE_ENONCE.pdf,,,
CG,FRANC,2012,ETE,REP,,exams/CG/CG_FRANC/CG_FRANC_2012_ETE_REP_ENONCE.pdf,,,
CG,FRANC,2013,ETE,NORMAL,,exams/CG/CG_FRANC/CG_FRANC_2013_ETE_ENONCE.pdf,,,
CG,FRANC,2014,ETE,NORMAL,,exams/CG/CG_FRANC/CG_FRANC_2014_ETE_ENONCE.pdf,,,
CG,FRANC,2014,ETE,REP,,exams/CG/CG_FRANC/CG_FRANC_2014_ETE_REP_ENONCE.pdf,,,
CG,FRANC,2015,ETE,NORMAL,,exams/CG/CG_FRANC/CG_FRANC_2015_ETE_ENONCE.pdf,,,
CG,FRANC,2015,ETE,REP,,exams/CG/CG_FRANC/CG_FRANC_2015_ETE_REP_ENONCE.pdf,,,
CG,FRANC,2016,ETE,NORMAL,,exams/CG/CG_FRANC/CG_FRANC_2016_ETE_ENONCE.pdf,,,
CG,FRANC,2016,ETE,REP,,exams/CG/CG_FRANC/CG_FRANC_2016_ETE_REP_ENONCE.pdf,,,
CG,FRANC,2016,SEPT,NORMAL,,exams/CG/CG_FRANC/CG_FRANC_2016_SEPT_ENONCE.pdf,,,
CG,FRANC,2017,ETE,NORMAL,,exams/CG/CG_FRANC/CG_FRANC_2017_ETE_ENONCE.pdf,,,
CG,FRANC,2018,ETE,NORMAL,,exams/CG/CG_FRANC/CG_FRANC_2018_ETE_ENONCE.pdf,,,
CG,FRANC,2019,ETE,NORMAL,,exams/CG/CG_FRANC/CG_FRANC_2019_ETE_ENONCE.pdf,,,
CG,FRANC,2019,ETE,REP,,exams/CG/CG_FRANC/CG_FRANC_2019_ETE_REP_ENONCE.pdf,,,
CG,FRANC,2019,SEPT,NORMAL,,exams/CG/CG_FRANC/CG_FRANC_2019_SEPT_ENONCE.pdf,,,
CG,FRANC,2020,ETE,NORMAL,,exams/CG/CG_FRANC/CG_FRANC_2020_ETE_ENONCE.pdf,,,exams/CG/CG_FRANC/CG_FRANC_2020_ETE_ORAL.pdf
CG,FRANC,2020,SEPT,NORMAL,,exams/CG/CG_FRANC/CG_FRANC_2020_SEPT_ENONCE.pdf,,,
CG,FRANC,2021,ETE,NORMAL,,exams/CG/CG_FRANC/CG_FRANC_2021_ETE_ENONCE.pdf,,,
CG,FRANC,2022,ETE,NORMAL,,exams/CG/CG_FRANC/CG_FRANC_2022_ETE_ENONCE.pdf,,,
CG,FRANC,2022,ETE,REP,,exams/CG/CG_FRANC/CG_FRANC_2022_ETE_REP_ENONCE.pdf,,,
CG,FRANC,2022,SEPT,NORMAL,,exams/CG/CG_FRANC/CG_FRANC_2022_SEPT_ENONCE.pdf,,,
CG,FRANC,2023,ETE,NORMAL,,exams/CG/CG_FRANC/CG_FRANC_2023_ETE_ENONCE.pdf,,,
CG,FRANC,2023,ETE,REP,,exams/CG/CG_FRANC/CG_FRANC_2023_ETE_REP_ENONCE.pdf,,,
CG,FRANC,2023,SEPT,NORMAL,,exams/CG/CG_FRANC/CG_FRANC_2023_SEPT_ENONCE.pdf,,,
CG,FRANC,2023,SEPT,REP,,exams/CG/CG_FRANC/CG_FRANC_2023_SEPT_REP_ENONCE.pdf,,,
CG,FRANC,2024,ETE,NORMAL,,exams/CG/CG_FRANC/CG_FRANC_2024_ETE_ENONCE.pdf,,,
CG,FRANC,2024,SEPT,NORMAL,,exams/CG/CG_FRANC/CG_FRANC_2024_SEPT_ENONCE.pdf,,,
CG,HISAA,2005,ETE,NORMAL,,exams/CG/CG_HISAA/CG_HISAA_2005_ETE_ENONCE.pdf,,,
CG,HISAA,2007,ETE,NORMAL,,exams/CG/CG_HISAA/CG_HISAA_2007_ETE_ENONCE.pdf,,,
CG,HISAA,2007,SEPT,NORMAL,,exams/CG/CG_HISAA/CG_HISAA_2007_SEPT_ENONCE.pdf,,,
CG,HISAA,2008,ETE,NORMAL,,exams/CG/CG_HISAA/CG_HISAA_2008_ETE_ENONCE.pdf,,,
CG,HISAA,2009,ETE,NORMAL,,exams/CG/CG_HISAA/CG_HISAA_2009_ETE_ENONCE.pdf,,,
CG,HISAA,2010,ETE,NORMAL,,exams/CG/CG_HISAA/CG_HISAA_2010_ETE_ENONCE.pdf,,,
CG,HISAA,2011,ETE,NORMAL,,exams/CG/CG_HISAA/CG_HISAA_2011_ETE_ENONCE.pdf,,,
CG,HISAA,2012,ETE,NORMAL,,exams/CG/CG_HISAA/CG_HISAA_2012_ETE_ENONCE.pdf,,,
CG,HISAA,2012,ETE,REP,,exams/CG/CG_HISAA/CG_HISAA_2012_ETE_REP_ENONCE.pdf,,,
CG,HISAA,2013,ETE,NORMAL,,exams/CG/CG_HISAA/CG_HISAA_2013_ETE_ENONCE.pdf,,,
CG,HISAA,2014,ETE,NORMAL,,exams/CG/CG_HISAA/CG_HISAA_2014_ETE_ENONCE.pdf,,,
CG,HISAA,2014,ETE,REP,,exams/CG/CG_HISAA/CG_HISAA_2014_ETE_REP_ENONCE.pdf,,,
CG,HISAA,2015,ETE,NORMAL,,exams/CG/CG_HISAA/CG_HISAA_2015_ETE_ENONCE.pdf,,,
CG,HISAA,2015,ETE,REP,,exams/CG/CG_HISAA/CG_HISAA_2015_ETE_REP_ENONCE.pdf,,,
CG,HISAA,2016,ETE,NORMAL,,exams/CG/CG_HISAA/CG_HISAA_2016_ETE_ENONCE.pdf,,,
CG,HISAA,2016,ETE,REP,,exams/CG/CG_HISAA/CG_HISAA_2016_ETE_REP_ENONCE.pdf,,,
CG,HISAA,2016,SEPT,NORMAL,,exams/CG/CG_HISAA/CG_HISAA_2016_SEPT_ENONCE.pdf,,,
CG,HISAA,2016,SEPT,REP,,exams/CG/CG_HISAA/CG_HISAA_2016_SEPT_REP_ENONCE.pdf,,,
CG,HISAA,2017,ETE,NORMAL,,exams/CG/CG_HISAA/CG_HISAA_2017_ETE_ENONCE.pdf,,,
CG,HISAA,2018,ETE,NORMAL,,exams/CG/CG_HISAA/CG_HISAA_2018_ETE_ENONCE.pdf,,,
CG,HISAA,2019,ETE,NORMAL,,exams/CG/CG_HISAA/CG_HISAA_2019_ETE_ENONCE.pdf,,,
CG,HISAA,2019,ETE,REP,,exams/CG/CG_HISAA/CG_HISAA_2019_ETE_REP_ENONCE.pdf,,,
CG,HISAA,2019,SEPT,NORMAL,,exams/CG/CG_HISAA/CG_HISAA_2019_SEPT_ENONCE.pdf,,,
CG,HISAA,2019,SEPT,REP,,exams/CG/CG_HISAA/CG_HISAA_2019_SEPT_REP_ENONCE.pdf,,,
CG,HISAA,2020,ETE,NORMAL,,exams/CG/CG_HISAA/CG_HISAA_2020_ETE_ENONCE.pdf,,,
CG,HISAA,2020,SEPT,NORMAL,,exams/CG/CG_HISAA/CG_HISAA_2020_SEPT_ENONCE.pdf,,,
CG,HISAA,2021,ETE,NORMAL,,exams/CG/CG_HISAA/CG_HISAA_2021_ETE_ENONCE.pdf,,,
CG,HISAA,2022,ETE,NORMAL,,exams/CG/CG_HISAA/CG_HISAA_2022_ETE_ENONCE.pdf,,,
CG,HISAA,2022,SEPT,NORMAL,,exams/CG/CG_HISAA/CG_HISAA_2022_SEPT_ENONCE.pdf,,,
CG,HISAA,2023,ETE,NORMAL,,exams/CG/CG_HISAA/CG_HISAA_2023_ETE_ENONCE.pdf,,,
CG,HISAA,2023,ETE,REP,,exams/CG/CG_HISAA/CG_HISAA_2023_ETE_REP_ENONCE.pdf,,,
CG,HISAA,2023,SEPT,NORMAL,,exams/CG/CG_HISAA/CG_HISAA_2023_SEPT_ENONCE.pdf,,,
CG,HISAA,2023,SEPT,REP,,exams/CG/CG_HISAA/CG_HISAA_2023_SEPT_REP_ENONCE.pdf,,,
CG,HISAA,2024,ETE,NORMAL,,exams/CG/CG_HISAA/CG_HISAA_2024_ETE_ENONCE.pdf,,,
CG,HISAA,2024,ETE,REP,,exams/CG/CG_HISAA/CG_HISAA_2024_ETE_REP_ENONCE.pdf,,,
CG,HISAA,2024,SEPT,NORMAL,,exams/CG/CG_HISAA/CG_HISAA_2024_SEPT_ENONCE.pdf,,,
CG,HISTO,2005,ETE,NORMAL,,exams/CG/CG_HISTO/CG_HISTO_2005_ETE_ENONCE.pdf,,,
CG,HISTO,2006,ETE,NORMAL,,exams/CG/CG_HISTO/CG_HISTO_2006_ETE_ENONCE.pdf,,,
CG,HISTO,2006,ETE,REP,,exams/CG/CG_HISTO/CG_HISTO_2006_ETE_REP_ENONCE.pdf,,,
CG,HISTO,2007,ETE,NORMAL,,exams/CG/CG_HISTO/CG_HISTO_2007_ETE_ENONCE.pdf,,,
CG,HISTO,2007,ETE,REP,,exams/CG/CG_HISTO/CG_HISTO_2007_ETE_REP_ENONCE.pdf,,,
CG,HISTO,2008,ETE,NORMAL,,exams/CG/CG_HISTO/CG_HISTO_2008_ETE_ENONCE.pdf,,,
CG,HISTO,2008,ETE,REP,,exams/CG/CG_HISTO/CG_HISTO_2008_ETE_REP_ENONCE.pdf,,,
CG,HISTO,2009,ETE,NORMAL,,exams/CG/CG_HISTO/CG_HISTO_2009_ETE_ENONCE.pdf,,,
CG,HISTO,2010,ETE,NORMAL,,exams/CG/CG_HISTO/CG_HISTO_2010_ETE_ENONCE.pdf,,,
CG,HISTO,2011,ETE,NORMAL,,exams/CG/CG_HISTO/CG_HISTO_2011_ETE_ENONCE.pdf,,,
CG,HISTO,2012,ETE,NORMAL,,exams/CG/CG_HISTO/CG_HISTO_2012_ETE_ENONCE.pdf,,,
CG,HISTO,2012,ETE,REP,,exams/CG/CG_HISTO/CG_HISTO_2012_ETE_REP_ENONCE.pdf,,,
CG,HISTO,2013,ETE,NORMAL,,exams/CG/CG_HISTO/CG_HISTO_2013_ETE_ENONCE.pdf,,,
CG,HISTO,2014,ETE,NORMAL,,exams/CG/CG_HISTO/CG_HISTO_2014_ETE_ENONCE.pdf,,,
CG,HISTO,2015,ETE,NORMAL,,exams/CG/CG_HISTO/CG_HISTO_2015_ETE_ENONCE.pdf,,,
CG,HISTO,2015,ETE,REP,,exams/CG/CG_HISTO/CG_HISTO_2015_ETE_REP_ENONCE.pdf,,,
CG,HISTO,2016,ETE,NORMAL,,exams/CG/CG_HISTO/CG_HISTO_2016_ETE_ENONCE.pdf,exams/CG/CG_HISTO/CG_HISTO_2016_ETE_CORRIGE.pdf,,
CG,HISTO,2016,ETE,REP,,exams/CG/CG_HISTO/CG_HISTO_2016_ETE_REP_ENONCE.pdf,,,
CG,HISTO,2016,SEPT,NORMAL,,exams/CG/CG_HISTO/CG_HISTO_2016_SEPT_ENONCE.pdf,,,
CG,HISTO,2017,ETE,NORMAL,,exams/CG/CG_HISTO/CG_HISTO_2017_ETE_ENONCE.pdf,exams/CG/CG_HISTO/CG_HISTO_2017_ETE_CORRIGE.pdf,,
CG,HISTO,2018,ETE,NORMAL,,exams/CG/CG_HISTO/CG_HISTO_2018_ETE_ENONCE.pdf,,,
CG,HISTO,2020,ETE,NORMAL,,exams/CG/CG_HISTO/CG_HISTO_2020_ETE_ENONCE.pdf,,,
CG,HISTO,2020,SEPT,NORMAL,,exams/CG/CG_HISTO/CG_HISTO_2020_SEPT_ENONCE.pdf,,,
CG,HISTO,2021,ETE,NORMAL,,exams/CG/CG_HISTO/CG_HISTO_2021_ETE_ENONCE.pdf,,,
CG,HISTO,2022,ETE,NORMAL,,exams/CG/CG_HISTO/CG_HISTO_2022_ETE_ENONCE.pdf,,,
CG,HISTO,2022,SEPT,NORMAL,,exams/CG/CG_HISTO/CG_HISTO_2022_SEPT_ENONCE.pdf,,,
CG,LATIN,2005,ETE,NORMAL,,exams/CG/CG_LATIN/CG_LATIN_2005_ETE_ENONCE.pdf,exams/CG/CG_LATIN/CG_LATIN_2005_ETE_CORRIGE.pdf,,
CG,LATIN,2006,ETE,NORMAL,,exams/CG/CG_LATIN/CG_LATIN_2006_ETE_ENONCE.pdf,,,
CG,LATIN,2007,ETE,NORMAL,,exams/CG/CG_LATIN/CG_LATIN_2007_ETE_ENONCE.pdf,,,
CG,LATIN,2007,SEPT,NORMAL,,exams/CG/CG_LATIN/CG_LATIN_2007_SEPT_ENONCE.pdf,,,
CG,LATIN,2009,ETE,NORMAL,,exams/CG/CG_LATIN/CG_LATIN_2009_ETE_ENONCE.pdf,,,
CG,LATIN,2010,ETE,NORMAL,,exams/CG/CG_LATIN/CG_LATIN_2010_ETE_ENONCE.pdf,,,
CG,LATIN,2011,ETE,NORMAL,,exams/CG/CG_LATIN/CG_LATIN_2011_ETE_ENONCE.pdf,,,
CG,LATIN,2012,ETE,NORMAL,,exams/CG/CG_LATIN/CG_LATIN_2012_ETE_ENONCE.pdf,,,
CG,LATIN,2013,ETE,NORMAL,,exams/CG/CG_LATIN/CG_LATIN_2013_ETE_ENONCE.pdf,,,
CG,LATIN,2014,ETE,NORMAL,,exams/CG/CG_LATIN/CG_LATIN_2014_ETE_ENONCE.pdf,,,
CG,LATIN,2015,ETE,NORMAL,,exams/CG/CG_LATIN/CG_LATIN_2015_ETE_ENONCE.pdf,,,
CG,LATIN,2016,ETE,NORMAL,,exams/CG/CG_LATIN/CG_LATIN_2016_ETE_ENONCE.pdf,,,
CG,LATIN,2017,ETE,NORMAL,,exams/CG/CG_LATIN/CG_LATIN_2017_ETE_ENONCE.pdf,,,
CG,LATIN,2018,ETE,NORMAL,,exams/CG/CG_LATIN/CG_LATIN_2018_ETE_ENONCE.pdf,,,
CG,LATIN,2019,ETE,NORMAL,,exams/CG/CG_LATIN/CG_LATIN_2019_ETE_ENONCE.pdf,,,
CG,LATIN,2020,ETE,NORMAL,,exams/CG/CG_LATIN/CG_LATIN_2020_ETE_ENONCE.pdf,,,
CG,LATIN,2021,ETE,NORMAL,,exams/CG/CG_LATIN/CG_LATIN_2021_ETE_ENONCE.pdf,,,
CG,LATIN,2022,ETE,NORMAL,,exams/CG/CG_LATIN/CG_LATIN_2022_ETE_ENONCE.pdf,,,
CG,LATIN,2022,SEPT,NORMAL,,exams/CG/CG_LATIN/CG_LATIN_2022_SEPT_ENONCE.pdf,,,
CG,LATIN,2023,ETE,NORMAL,,exams/CG/CG_LATIN/CG_LATIN_2023_ETE_ENONCE.pdf,,,
CG,LATIN,2023,SEPT,NORMAL,,exams/CG/CG_LATIN/CG_LATIN_2023_SEPT_ENONCE.pdf,,,
CG,LATIN,2023,SEPT,REP,,exams/CG/CG_LATIN/CG_LATIN_2023_SEPT_REP_ENONCE.pdf,,,
CG,LATIN,2024,ETE,NORMAL,,exams/CG/CG_LATIN/CG_LATIN_2024_ETE_ENONCE.pdf,,,
CG,LATIN,2024,ETE,REP,,exams/CG/CG_LATIN/CG_LATIN_2024_ETE_REP_ENONCE.pdf,,,
CG,MATHE,2005,ETE,NORMAL,,exams/CG/CG_MATHE/CG_MATHE_2005_ETE_ENONCE.pdf,exams/CG/CG_MATHE/CG_MATHE_2005_ETE_CORRIGE.pdf,,
CG,MATHE,2006,ETE,NORMAL,,exams/CG/CG_MATHE/CG_MATHE_2006_ETE_ENONCE.pdf,exams/CG/CG_MATHE/CG_MATHE_2006_ETE_CORRIGE.pdf,,
CG,MATHE,2006,SEPT,NORMAL,,exams/CG/CG_MATHE/CG_MATHE_2006_SEPT_ENONCE.pdf,,,
CG,MATHE,2007,ETE,NORMAL,,exams/CG/CG_MATHE/CG_MATHE_2007_ETE_ENONCE.pdf,exams/CG/CG_MATHE/CG_MATHE_2007_ETE_CORRIGE.pdf,,
CG,MATHE,2007,ETE,REP,,exams/CG/CG_MATHE/CG_MATHE_2007_ETE_REP_ENONCE.pdf,,,
CG,MATHE,2007,SEPT,NORMAL,,exams/CG/CG_MATHE/CG_MATHE_2007_SEPT_ENONCE.pdf,,,
CG,MATHE,2008,ETE,NORMAL,,exams/CG/CG_MATHE/CG_MATHE_2008_ETE_ENONCE.pdf,,,
CG,MATHE,2008,ETE,REP,,exams/CG/CG_MATHE/CG_MATHE_2008_ETE_REP_ENONCE.pdf,,,
CG,MATHE,2008,SEPT,NORMAL,,exams/CG/CG_MATHE/CG_MATHE_2008_SEPT_ENONCE.pdf,exams/CG/CG_MATHE/CG_MATHE_2008_SEPT_CORRIGE.pdf,,
CG,MATHE,2009,ETE,NORMAL,,exams/CG/CG_MATHE/CG_MATHE_2009_ETE_ENONCE.pdf,exams/CG/CG_MATHE/CG_MATHE_2009_ETE_CORRIGE.pdf,,
CG,MATHE,2009,SEPT,NORMAL,,exams/CG/CG_MATHE/CG_MATHE_2009_SEPT_ENONCE.pdf,exams/CG/CG_MATHE/CG_MATHE_2009_SEPT_CORRIGE.pdf,,
CG,MATHE,2010,ETE,NORMAL,,exams/CG/CG_MATHE/CG_MATHE_2010_ETE_ENONCE.pdf,exams/CG/CG_MATHE/CG_MATHE_2010_ETE_CORRIGE.pdf,,
CG,MATHE,2010,ETE,REP,,exams/CG/CG_MATHE/CG_MATHE_2010_ETE_REP_ENONCE.pdf,exams/CG/CG_MATHE/CG_MATHE_2010_ETE_REP_CORRIGE.pdf,,
CG,MATHE,2010,SEPT,NORMAL,,exams/CG/CG_MATHE/CG_MATHE_2010_SEPT_ENONCE.pdf,exams/CG/CG_MATHE/CG_MATHE_2010_SEPT_CORRIGE.pdf,,
CG,MATHE,2011,ETE,NORMAL,,exams/CG/CG_MATHE/CG_MATHE_2011_ETE_ENONCE.pdf,exams/CG/CG_MATHE/CG_MATHE_2011_ETE_CORRIGE.pdf,,
CG,MATHE,2011,SEPT,NORMAL,,exams/CG/CG_MATHE/CG_MATHE_2011_SEPT_ENONCE.pdf,exams/CG/CG_MATHE/CG_MATHE_2011_SEPT_CORRIGE.pdf,,
CG,MATHE,2012,ETE,NORMAL,,exams/CG/CG_MATHE/CG_MATHE_2012_ETE_ENONCE.pdf,exams/CG/CG_MATHE/CG_MATHE_2012_ETE_CORRIGE.pdf,,
CG,MATHE,2012,ETE,REP,,exams/CG/CG_MATHE/CG_MATHE_2012_ETE_REP_ENONCE.pdf,,,
CG,MATHE,2012,SEPT,NORMAL,,exams/CG/CG_MATHE/CG_MATHE_2012_SEPT_ENONCE.pdf,exams/CG/CG_MATHE/CG_MATHE_2012_SEPT_CORRIGE.pdf,,
CG,MATHE,2013,ETE,NORMAL,,exams/CG/CG_MATHE/CG_MATHE_2013_ETE_ENONCE.pdf,exams/CG/CG_MATHE/CG_MATHE_2013_ETE_CORRIGE.pdf,,
CG,MATHE,2013,SEPT,NORMAL,,exams/CG/CG_MATHE/CG_MATHE_2013_SEPT_ENONCE.pdf,exams/CG/CG_MATHE/CG_MATHE_2013_SEPT_CORRIGE.pdf,,
CG,MATHE,2014,ETE,NORMAL,,exams/CG/CG_MATHE/CG_MATHE_2014_ETE_ENONCE.pdf,exams/CG/CG_MATHE/CG_MATHE_2014_ETE_CORRIGE.pdf,,
CG,MATHE,2014,ETE,REP,,exams/CG/CG_MATHE/CG_MATHE_2014_ETE_REP_ENONCE.pdf,,,
CG,MATHE,2014,SEPT,NORMAL,,exams/CG/CG_MATHE/CG_MATHE_2014_SEPT_ENONCE.pdf,exams/CG/CG_MATHE/CG_MATHE_2014_SEPT_CORRIGE.pdf,,
CG,MATHE,2015,ETE,NORMAL,,exams/CG/CG_MATHE/CG_MATHE_2015_ETE_ENONCE.pdf,exams/CG/CG_MATHE/CG_MATHE_2015_ETE_CORRIGE.pdf,,
CG,MATHE,2015,ETE,REP,,exams/CG/CG_MATHE/CG_MATHE_2015_ETE_REP_ENONCE.pdf,exams/CG/CG_MATHE/CG_MATHE_2015_ETE_REP_CORRIGE.pdf,,
CG,MATHE,2015,SEPT,NORMAL,,exams/CG/CG_MATHE/CG_MATHE_2015_SEPT_ENONCE.pdf,exams/CG/CG_MATHE/CG_MATHE_2015_SEPT_CORRIGE.pdf,,
CG,MATHE,2016,ETE,NORMAL,,exams/CG/CG_MATHE/CG_MATHE_2016_ETE_ENONCE.pdf,exams/CG/CG_MATHE/CG_MATHE_2016_ETE_CORRIGE.pdf,,
CG,MATHE,2016,SEPT,NORMAL,,exams/CG/CG_MATHE/CG_MATHE_2016_SEPT_ENONCE.pdf,exams/CG/CG_MATHE/CG_MATHE_2016_SEPT_CORRIGE.pdf,,
CG,MATHE,2017,ETE,NORMAL,,exams/CG/CG_MATHE/CG_MATHE_2017_ETE_ENONCE.pdf,exams/CG/CG_MATHE/CG_MATHE_2017_ETE_CORRIGE.pdf,,
CG,MATHE,2017,ETE,REP,,exams/CG/CG_MATHE/CG_MATHE_2017_ETE_REP_ENONCE.pdf,exams/CG/CG_MATHE/CG_MATHE_2017_ETE_REP_CORRIGE.pdf,,
CG,MATHE,2017,SEPT,NORMAL,,exams/CG/CG_MATHE/CG_MATHE_2017_SEPT_ENONCE.pdf,exams/CG/CG_MATHE/CG_MATHE_2017_SEPT_CORRIGE.pdf,,
CG,MATHE,2018,ETE,NORMAL,,exams/CG/CG_MATHE/CG_MATHE_2018_ETE_ENONCE.pdf,exams/CG/CG_MATHE/CG_MATHE_2018_ETE_CORRIGE.pdf,,
CG,MATHE,2018,ETE,REP,,exams/CG/CG_MATHE/CG_MATHE_2018_ETE_REP_ENONCE.pdf,exams/CG/CG_MATHE/CG_MATHE_2018_ETE_REP_CORRIGE.pdf,,
CG,MATHE,2018,SEPT,NORMAL,,exams/CG/CG_MATHE/CG_MATHE_2018_SEPT_ENONCE.pdf,exams/CG/CG_MATHE/CG_MATHE_2018_SEPT_CORRIGE.pdf,,
CG,MATHE,2019,ETE,NORMAL,,exams/CG/CG_MATHE/CG_MATHE_2019_ETE_ENONCE.pdf,exams/CG/CG_MATHE/CG_MATHE_2019_ETE_CORRIGE.pdf,,
CG,MATHE,2019,SEPT,NORMAL,,exams/CG/CG_MATHE/CG_MATHE_2019_SEPT_ENONCE.pdf,exams/CG/CG_MATHE/CG_MATHE_2019_SEPT_CORRIGE.pdf,,
CG,MATHE,2020,ETE,NORMAL,,exams/CG/CG_MATHE/CG_MATHE_2020_ETE_ENONCE.pdf,exams/CG/CG_MATHE/CG_MATHE_2020_ETE_CORRIGE.pdf,,
CG,MATHE,2020,SEPT,NORMAL,,exams/CG/CG_MATHE/CG_MATHE_2020_SEPT_ENONCE.pdf,exams/CG/CG_MATHE/CG_MATHE_2020_SEPT_CORRIGE.pdf,,
CG,MATHE,2021,ETE,NORMAL,,exams/CG/CG_MATHE/CG_MATHE_2021_ETE_ENONCE.pdf,exams/CG/CG_MATHE/CG_MATHE_2021_ETE_CORRIGE.pdf,,
CG,MATHE,2021,SEPT,NORMAL,,exams/CG/CG_MATHE/CG_MATHE_2021_SEPT_ENONCE.pdf,exams/CG/CG_MATHE/CG_MATHE_2021_SEPT_CORRIGE.pdf,,
CG,MATHE,2022,ETE,NORMAL,,exams/CG/CG_MATHE/CG_MATHE_2022_ETE_ENONCE.pdf,exams/CG/CG_MATHE/CG_MATHE_2022_ETE_CORRIGE.pdf,,
CG,MATHE,2022,SEPT,NORMAL,,exams/CG/CG_MATHE/CG_MATHE_2022_SEPT_ENONCE.pdf,,,
CG,MATHE,2023,ETE,NORMAL,,exams/CG/CG_MATHE/CG_MATHE_2023_ETE_ENONCE.pdf,exams/CG/CG_MATHE/CG_MATHE_2023_ETE_CORRIGE.pdf,,
CG,MATHE,2023,SEPT,NORMAL,,exams/CG/CG_MATHE/CG_MATHE_2023_SEPT_ENONCE.pdf,exams/CG/CG_MATHE/CG_MATHE_2023_SEPT_CORRIGE.pdf,,
CG,MATHE,2023,SEPT,REP,,,exams/CG/CG_MATHE/CG_MATHE_2023_SEPT_REP_CORRIGE.pdf,,
CG,MATHE,2024,ETE,NORMAL,,exams/CG/CG_MATHE/CG_MATHE_2024_ETE_ENONCE.pdf,exams/CG/CG_MATHE/CG_MATHE_2024_ETE_CORRIGE.pdf,,
CG,MATHE,2024,SEPT,NORMAL,,exams/CG/CG_MATHE/CG_MATHE_2024_SEPT_ENONCE.pdf,exams/CG/CG_MATHE/CG_MATHE_2024_SEPT_CORRIGE.pdf,,
CG,MATHE,2024,SEPT,REP,,exams/CG/CG_MATHE/CG_MATHE_2024_SEPT_REP_ENONCE.pdf,exams/CG/CG_MATHE/CG_MATHE_2024_SEPT_REP_CORRIGE.pdf,,
CG,MATHE,2025,ETE,NORMAL,,exams/CG/CG_MATHE/CG_MATHE_2025_ETE_ENONCE.pdf,exams/CG/CG_MATHE/CG_MATHE_2025_ETE_CORRIGE.pdf,,
CG,MATHE,2025,SEPT,NORMAL,,exams/CG/CG_MATHE/CG_MATHE_2025_SEPT_ENONCE.pdf,exams/CG/CG_MATHE/CG_MATHE_2025_SEPT_CORRIGE.pdf,,
CG,PHILO,2005,ETE,NORMAL,,exams/CG/CG_PHILO/CG_PHILO_2005_ETE_ENONCE.pdf,,,
CG,PHILO,2006,ETE,NORMAL,,exams/CG/CG_PHILO/CG_PHILO_2006_ETE_ENONCE.pdf,,,
CG,PHILO,2006,ETE,REP,,exams/CG/CG_PHILO/CG_PHILO_2006_ETE_REP_ENONCE.pdf,,,
CG,PHILO,2007,ETE,NORMAL,,exams/CG/CG_PHILO/CG_PHILO_2007_ETE_ENONCE.pdf,,,
CG,PHILO,2007,ETE,REP,,exams/CG/CG_PHILO/CG_PHILO_2007_ETE_REP_ENONCE.pdf,,,
CG,PHILO,2007,SEPT,NORMAL,,exams/CG/CG_PHILO/CG_PHILO_2007_SEPT_ENONCE.pdf,,,
CG,PHILO,2007,SEPT,REP,,exams/CG/CG_PHILO/CG_PHILO_2007_SEPT_REP_ENONCE.pdf,,,
CG,PHILO,2008,ETE,NORMAL,,exams/CG/CG_PHILO/CG_PHILO_2008_ETE_ENONCE.pdf,,,
CG,PHILO,2008,ETE,REP,,exams/CG/CG_PHILO/CG_PHILO_2008_ETE_REP_ENONCE.pdf,,,
CG,PHILO,2009,ETE,NORMAL,,exams/CG/CG_PHILO/CG_PHILO_2009_ETE_ENONCE.pdf,,,
CG,PHILO,2010,ETE,NORMAL,,exams/CG/CG_PHILO/CG_PHILO_2010_ETE_ENONCE.pdf,,,
CG,PHILO,2011,ETE,NORMAL,,exams/CG/CG_PHILO/CG_PHILO_2011_ETE_ENONCE.pdf,,,
CG,PHILO,2012,ETE,NORMAL,,exams/CG/CG_PHILO/CG_PHILO_2012_ETE_ENONCE.pdf,,,
CG,PHILO,2012,ETE,REP,,exams/CG/CG_PHILO/CG_PHILO_2012_ETE_REP_ENONCE.pdf,,,
CG,PHILO,2013,ETE,NORMAL,,exams/CG/CG_PHILO/CG_PHILO_2013_ETE_ENONCE.pdf,,,
CG,PHILO,2014,ETE,NORMAL,,exams/CG/CG_PHILO/CG_PHILO_2014_ETE_ENONCE.pdf,,,
CG,PHILO,2015,ETE,NORMAL,,exams/CG/CG_PHILO/CG_PHILO_2015_ETE_ENONCE.pdf,,,
CG,PHILO,2016,ETE,NORMAL,,exams/CG/CG_PHILO/CG_PHILO_2016_ETE_ENONCE.pdf,,,
CG,PHILO,2016,ETE,REP,,exams/CG/CG_PHILO/CG_PHILO_2016_ETE_REP_ENONCE.pdf,,,
CG,PHILO,2016,SEPT,NORMAL,,exams/CG/CG_PHILO/CG_PHILO_2016_SEPT_ENONCE.pdf,,,
CG,PHILO,2017,ETE,NORMAL,,exams/CG/CG_PHILO/CG_PHILO_2017_ETE_ENONCE.pdf,,,
CG,PHILO,2018,ETE,NORMAL,,exams/CG/CG_PHILO/CG_PHILO_2018_ETE_ENONCE.pdf,,,
CG,PHILO,2019,ETE,NORMAL,,exams/CG/CG_PHILO/CG_PHILO_2019_ETE_ENONCE.pdf,,,
CG,PHILO,2019,ETE,REP,,exams/CG/CG_PHILO/CG_PHILO_2019_ETE_REP_ENONCE.pdf,,,
CG,PHILO,2020,ETE,NORMAL,,exams/CG/CG_PHILO/CG_PHILO_2020_ETE_ENONCE.pdf,,,
CG,PHILO,2020,SEPT,NORMAL,,exams/CG/CG_PHILO/CG_PHILO_2020_SEPT_ENONCE.pdf,,,
CG,PHILO,2021,ETE,NORMAL,,exams/CG/CG_PHILO/CG_PHILO_2021_ETE_ENONCE.pdf,,,
CI,ALLEM,2020,ETE,NORMAL,,exams/CI/CI_ALLEM/CI_ALLEM_2020_ETE_ENONCE.pdf,,,
CI,ALLEM,2020,SEPT,NORMAL,,exams/CI/CI_ALLEM/CI_ALLEM_2020_SEPT_ENONCE.pdf,,,
CI,ALLEM,2021,ETE,REP,,exams/CI/CI_ALLEM/CI_ALLEM_2021_ETE_REP_ENONCE.pdf,,,
CI,ALLEM,2022,ETE,NORMAL,,exams/CI/CI_ALLEM/CI_ALLEM_2022_ETE_ENONCE.pdf,,,
CI,ALLEM,2022,ETE,REP,,exams/CI/CI_ALLEM/CI_ALLEM_2022_ETE_REP_ENONCE.pdf,,,
CI,ALLEM,2022,SEPT,NORMAL,,exams/CI/CI_ALLEM/CI_ALLEM_2022_SEPT_ENONCE.pdf,,,
CI,ALLEM,2023,ETE,NORMAL,,exams/CI/CI_ALLEM/CI_ALLEM_2023_ETE_ENONCE.pdf,,,
CI,ALLEM,2023,ETE,REP,,exams/CI/CI_ALLEM/CI_ALLEM_2023_ETE_REP_ENONCE.pdf,,,
CI,ALLEM,2023,SEPT,NORMAL,,exams/CI/CI_ALLEM/CI_ALLEM_2023_SEPT_ENONCE.pdf,,,
CI,ALLEM,2023,SEPT,REP,,exams/CI/CI_ALLEM/CI_ALLEM_2023_SEPT_REP_ENONCE.pdf,,,
CI,ALLEM,2024,ETE,NORMAL,,exams/CI/CI_ALLEM/CI_ALLEM_2024_ETE_ENONCE.pdf,,,
CI,ALLEM,2024,ETE,REP,,exams/CI/CI_ALLEM/CI_ALLEM_2024_ETE_REP_ENONCE.pdf,,,
CI,ALLEM,2024,SEPT,NORMAL,,exams/CI/CI_ALLEM/CI_ALLEM_2024_SEPT_ENONCE.pdf,,,
CI,ALLEM,2024,SEPT,REP,,exams/CI/CI_ALLEM/CI_ALLEM_2024_SEPT_REP_ENONCE.pdf,,,
CI,AMINF,2020,ETE,NORMAL,,exams/CI/CI_AMINF/CI_AMINF_2020_ETE_ENONCE.pdf,,exams/CI/CI_AMINF/CI_AMINF_2020_ETE_DATA.zip,
CI,AMINF,2021,ETE,NORMAL,,exams/CI/CI_AMINF/CI_AMINF_2021_ETE_ENONCE.pdf,,exams/CI/CI_AMINF/CI_AMINF_2021_ETE_DATA.zip,
CI,AMINF,2022,ETE,NORMAL,,exams/CI/CI_AMINF/CI_AMINF_2022_ETE_ENONCE.pdf,,exams/CI/CI_AMINF/CI_AMINF_2022_ETE_DATA.zip,
CI,AMINF,2023,ETE,NORMAL,,exams/CI/CI_AMINF/CI_AMINF_2023_ETE_ENONCE.pdf,,exams/CI/CI_AMINF/CI_AMINF_2023_ETE_DATA.zip,
CI,AMINF,2024,ETE,NORMAL,,exams/CI/CI_AMINF/CI_AMINF_2024_ETE_ENONCE.pdf,,exams/CI/CI_AMINF/CI_AMINF_2024_ETE_DATA.zip,
CI,AMINF,2024,ETE,REP,,exams/CI/CI_AMINF/CI_AMINF_2024_ETE_REP_ENONCE.pdf,,exams/CI/CI_AMINF/CI_AMINF_2024_ETE_REP_DATA.zip,
CI,AMINF,2024,SEPT,NORMAL,,exams/CI/CI_AMINF/CI_AMINF_2024_SEPT_ENONCE.pdf,,exams/CI/CI_AMINF/CI_AMINF_2024_SEPT_DATA.zip,
CI,AMINF,2025,ETE,NORMAL,,exams/CI/CI_AMINF/CI_AMINF_2025_ETE_ENONCE.pdf,,exams/CI/CI_AMINF/CI_AMINF_2025_ETE_DATA.zip,
CI,ANGLA,2020,ETE,NORMAL,,exams/CI/CI_ANGLA/CI_ANGLA_2020_ETE_ENONCE.pdf,,,
CI,ANGLA,2022,ETE,NORMAL,,exams/CI/CI_ANGLA/CI_ANGLA_2022_ETE_ENONCE.pdf,,,
CI,ANGLA,2022,ETE,REP,,exams/CI/CI_ANGLA/CI_ANGLA_2022_ETE_REP_ENONCE.pdf,,,
CI,ANGLA,2022,SEPT,NORMAL,,exams/CI/CI_ANGLA/CI_ANGLA_2022_SEPT_ENONCE.pdf,,,
CI,ANGLA,2023,ETE,NORMAL,,exams/CI/CI_ANGLA/CI_ANGLA_2023_ETE_ENONCE.pdf,,,
CI,ANGLA,2023,ETE,REP,,exams/CI/CI_ANGLA/CI_ANGLA_2023_ETE_REP_ENONCE.pdf,,,
CI,ANGLA,2023,SEPT,NORMAL,,exams/CI/CI_ANGLA/CI_ANGLA_2023_SEPT_ENONCE.pdf,,,
CI,ANGLA,2023,SEPT,REP,,exams/CI/CI_ANGLA/CI_ANGLA_2023_SEPT_REP_ENONCE.pdf,,,
CI,ANGLA,2024,ETE,NORMAL,,exams/CI/CI_ANGLA/CI_ANGLA_2024_ETE_ENONCE.pdf,,,
CI,ANGLA,2024,ETE,REP,,exams/CI/CI_ANGLA/CI_ANGLA_2024_ETE_REP_ENONCE.pdf,,,
CI,ANGLA,2024,SEPT,NORMAL,,exams/CI/CI_ANGLA/CI_ANGLA_2024_SEPT_ENONCE.pdf,,,
CI,COMME,2020,ETE,NORMAL,,exams/CI/CI_COMME/CI_COMME_2020_ETE_ENONCE.pdf,,,
CI,COMME,2021,ETE,NORMAL,,exams/CI/CI_COMME/CI_COMME_2021_ETE_ENONCE.pdf,,,
CI,COMME,2022,ETE,NORMAL,,exams/CI/CI_COMME/CI_COMME_2022_ETE_ENONCE.pdf,,,
CI,COMME,2023,ETE,NORMAL,,exams/CI/CI_COMME/CI_COMME_2023_ETE_ENONCE.pdf,,,
CI,COMME,2024,ETE,NORMAL,,exams/CI/CI_COMME/CI_COMME_2024_ETE_ENONCE.pdf,,,
CI,COMME,2024,ETE,REP,,exams/CI/CI_COMME/CI_COMME_2024_ETE_REP_ENONCE.pdf,,,
CI,COMME,2025,ETE,NORMAL,,exams/CI/CI_COMME/CI_COMME_2025_ETE_ENONCE.pdf,,,
CI,COMME,2025,SEPT,NORMAL,,exams/CI/CI_COMME/CI_COMME_2025_SEPT_ENONCE.pdf,,,
CI,ECOFI,2020,ETE,NORMAL,,exams/CI/CI_ECOFI/CI_ECOFI_2020_ETE_ENONCE.pdf,,,
CI,ECOFI,2021,ETE,NORMAL,,exams/CI/CI_ECOFI/CI_ECOFI_2021_ETE_ENONCE.pdf,,,
CI,ECOFI,2022,ETE,REP,,exams/CI/CI_ECOFI/CI_ECOFI_2022_ETE_REP_ENONCE.pdf,,,
CI,ECOFI,2022,SEPT,NORMAL,,exams/CI/CI_ECOFI/CI_ECOFI_2022_SEPT_ENONCE.pdf,,,
CI,ECOFI,2023,ETE,REP,,exams/CI/CI_ECOFI/CI_ECOFI_2023_ETE_REP_ENONCE.pdf,,,
CI,ECOFI,2024,ETE,NORMAL,,exams/CI/CI_ECOFI/CI_ECOFI_2024_ETE_ENONCE.pdf,,,
CI,ECOFI,2024,ETE,REP,,exams/CI/CI_ECOFI/CI_ECOFI_2024_ETE_REP_ENONCE.pdf,,,
CI,ECOFI,2024,SEPT,NORMAL,,exams/CI/CI_ECOFI/CI_ECOFI_2024_SEPT_ENONCE.pdf,,,
CI,ECOFI,2025,ETE,NORMAL,,exams/CI/CI_ECOFI/CI_ECOFI_2025_ETE_ENONCE.pdf,,,
CI,ECOFI,2025,SEPT,NORMAL,,exams/CI/CI_ECOFI/CI_ECOFI_2025_SEPT_ENONCE.pdf,,,
CI,FRANC,2020,ETE,NORMAL,,exams/CI/CI_FRANC/CI_FRANC_2020_ETE_ENONCE.pdf,,,
CI,FRANC,2022,ETE,NORMAL,,exams/CI/CI_FRANC/CI_FRANC_2022_ETE_ENONCE.pdf,,,
CI,FRANC,2022,ETE,REP,,exams/CI/CI_FRANC/CI_FRANC_2022_ETE_REP_ENONCE.pdf,,,
CI,FRANC,2022,SEPT,NORMAL,,exams/CI/CI_FRANC/CI_FRANC_2022_SEPT_ENONCE.pdf,,,
CI,FRANC,2023,ETE,NORMAL,,exams/CI/CI_FRANC/CI_FRANC_2023_ETE_ENONCE.pdf,,,
CI,FRANC,2023,ETE,REP,,exams/CI/CI_FRANC/CI_FRANC_2023_ETE_REP_ENONCE.pdf,,,
CI,FRANC,2023,SEPT,NORMAL,,exams/CI/CI_FRANC/CI_FRANC_2023_SEPT_ENONCE.pdf,,,
CI,FRANC,2023,SEPT,REP,,exams/CI/CI_FRANC/CI_FRANC_2023_SEPT_REP_ENONCE.pdf,,,
CI,FRANC,2024,ETE,NORMAL,,exams/CI/CI_FRANC/CI_FRANC_2024_ETE_ENONCE.pdf,,,
CI,FRANC,2024,SEPT,NORMAL,,exams/CI/CI_FRANC/CI_FRANC_2024_SEPT_ENONCE.pdf,,,
CI,LATIN,2005,ETE,NORMAL,,exams/CI/CI_LATIN/CI_LATIN_2005_ETE_ENONCE.pdf,exams/CI/CI_LATIN/CI_LATIN_2005_ETE_CORRIGE.pdf,,
CI,LATIN,2006,ETE,NORMAL,,exams/CI/CI_LATIN/CI_LATIN_2006_ETE_ENONCE.pdf,,,
CI,LATIN,2007,ETE,NORMAL,,exams/CI/CI_LATIN/CI_LATIN_2007_ETE_ENONCE.pdf,,,
CI,LATIN,2007,SEPT,NORMAL,,exams/CI/CI_LATIN/CI_LATIN_2007_SEPT_ENONCE.pdf,,,
CI,LATIN,2009,ETE,NORMAL,,exams/CI/CI_LATIN/CI_LATIN_2009_ETE_ENONCE.pdf,,,
CI,LATIN,2010,ETE,NORMAL,,exams/CI/CI_LATIN/CI_LATIN_2010_ETE_ENONCE.pdf,,,
CI,LATIN,2011,ETE,NORMAL,,exams/CI/CI_LATIN/CI_LATIN_2011_ETE_ENONCE.pdf,,,
CI,LATIN,2012,ETE,NORMAL,,exams/CI/CI_LATIN/CI_LATIN_2012_ETE_ENONCE.pdf,,,
CI,LATIN,2013,ETE,NORMAL,,exams/CI/CI_LATIN/CI_LATIN_2013_ETE_ENONCE.pdf,,,
CI,LATIN,2014,ETE,NORMAL,,exams/CI/CI_LATIN/CI_LATIN_2014_ETE_ENONCE.pdf,,,
CI,LATIN,2015,ETE,NORMAL,,exams/CI/CI_LATIN/CI_LATIN_2015_ETE_ENONCE.pdf,,,
CI,LATIN,2016,ETE,NORMAL,,exams/CI/CI_LATIN/CI_LATIN_2016_ETE_ENONCE.pdf,,,
CI,LATIN,2017,ETE,NORMAL,,exams/CI/CI_LATIN/CI_LATIN_2017_ETE_ENONCE.pdf,,,
CI,LATIN,2018,ETE,NORMAL,,exams/CI/CI_LATIN/CI_LATIN_2018_ETE_ENONCE.pdf,,,
CI,LATIN,2019,ETE,NORMAL,,exams/CI/CI_LATIN/CI_LATIN_2019_ETE_ENONCE.pdf,,,
CI,LATIN,2020,ETE,NORMAL,,exams/CI/CI_LATIN/CI_LATIN_2020_ETE_ENONCE.pdf,,,
CI,LATIN,2021,ETE,NORMAL,,exams/CI/CI_LATIN/CI_LATIN_2021_ETE_ENONCE.pdf,,,
CI,LATIN,2022,ETE,NORMAL,,exams/CI/CI_LATIN/CI_LATIN_2022_ETE_ENONCE.pdf,,,
CI,LATIN,2022,SEPT,NORMAL,,exams/CI/CI_LATIN/CI_LATIN_2022_SEPT_ENONCE.pdf,,,
CI,LATIN,2023,ETE,NORMAL,,exams/CI/CI_LATIN/CI_LATIN_2023_ETE_ENONCE.pdf,,,
CI,LATIN,2023,SEPT,NORMAL,,exams/CI/CI_LATIN/CI_LATIN_2023_SEPT_ENONCE.pdf,,,
CI,LATIN,2023,SEPT,REP,,exams/CI/CI_LATIN/CI_LATIN_2023_SEPT_REP_ENONCE.pdf,,,
CI,LATIN,2024,ETE,NORMAL,,exams/CI/CI_LATIN/CI_LATIN_2024_ETE_ENONCE.pdf,,,
CI,LATIN,2024,ETE,REP,,exams/CI/CI_LATIN/CI_LATIN_2024_ETE_REP_ENONCE.pdf,,,
CI,MATH1,2020,SEPT,NORMAL,,exams/CI/CI_MATH1/CI_MATH1_2020_SEPT_ENONCE.pdf,,,
CI,MATH1,2021,ETE,NORMAL,,exams/CI/CI_MATH1/CI_MATH1_2021_ETE_ENONCE.pdf,,,
CI,MATH1,2021,SEPT,NORMAL,,exams/CI/CI_MATH1/CI_MATH1_2021_SEPT_ENONCE.pdf,,,
CI,MATH1,2022,ETE,NORMAL,,exams/CI/CI_MATH1/CI_MATH1_2022_ETE_ENONCE.pdf,,,
CI,MATH1,2023,ETE,NORMAL,,exams/CI/CI_MATH1/CI_MATH1_2023_ETE_ENONCE.pdf,,,
CI,MATH1,2023,ETE,REP,,exams/CI/CI_MATH1/CI_MATH1_2023_ETE_REP_ENONCE.pdf,,,
CI,MATH1,2023,SEPT,NORMAL,,exams/CI/CI_MATH1/CI_MATH1_2023_SEPT_ENONCE.pdf,,,
CI,MATH1,2024,ETE,NORMAL,,exams/CI/CI_MATH1/CI_MATH1_2024_ETE_ENONCE.pdf,,,
CI,MATH1,2025,ETE,NORMAL,,exams/CI/CI_MATH1/CI_MATH1_2025_ETE_ENONCE.pdf,exams/CI/CI_MATH1/CI_MATH1_2025_ETE_CORRIGE.pdf,,
CI,MATH1,2025,SEPT,NORMAL,,exams/CI/CI_MATH1/CI_MATH1_2025_SEPT_ENONCE.pdf,exams/CI/CI_MATH1/CI_MATH1_2025_SEPT_CORRIGE.pdf,,
CI,MATH2,2020,ETE,NORMAL,,exams/CI/CI_MATH2/CI_MATH2_2020_ETE_ENONCE.pdf,,,
CI,MATH2,2020,ETE,REP,,exams/CI/CI_MATH2/CI_MATH2_2020_ETE_REP_ENONCE.pdf,,,
CI,MATH2,2020,SEPT,NORMAL,,exams/CI/CI_MATH2/CI_MATH2_2020_SEPT_ENONCE.pdf,,,
CI,MATH2,2021,ETE,NORMAL,,exams/CI/CI_MATH2/CI_MATH2_2021_ETE_ENONCE.pdf,,,
CI,MATH2,2021,SEPT,NORMAL,,exams/CI/CI_MATH2/CI_MATH2_2021_SEPT_ENONCE.pdf,,,
CI,MATH2,2022,ETE,NORMAL,,exams/CI/CI_MATH2/CI_MATH2_2022_ETE_ENONCE.pdf,,,
CI,MATH2,2022,SEPT,NORMAL,,exams/CI/CI_MATH2/CI_MATH2_2022_SEPT_ENONCE.pdf,,,
CI,MATH2,2023,ETE,NORMAL,,exams/CI/CI_MATH2/CI_MATH2_2023_ETE_ENONCE.pdf,,,
CI,MATH2,2023,SEPT,NORMAL,,exams/CI/CI_MATH2/CI_MATH2_2023_SEPT_ENONCE.pdf,,,
CI,MATH2,2025,ETE,NORMAL,,exams/CI/CI_MATH2/CI_MATH2_2025_ETE_ENONCE.pdf,exams/CI/CI_MATH2/CI_MATH2_2025_ETE_CORRIGE.pdf,,
CI,MATH2,2025,ETE,REP,,exams/CI/CI_MATH2/CI_MATH2_2025_ETE_REP_ENONCE.pdf,exams/CI/CI_MATH2/CI_MATH2_2025_ETE_REP_CORRIGE.pdf,,
CI,MATH2,2025,SEPT,NORMAL,,exams/CI/CI_MATH2/CI_MATH2_2025_SEPT_ENONCE.pdf,exams/CI/CI_MATH2/CI_MATH2_2025_SEPT_CORRIGE.pdf,,
CI,PHILO,2020,ETE,NORMAL,,exams/CI/CI_PHILO/CI_PHILO_2020_ETE_ENONCE.pdf,,,
CI,PHILO,2021,ETE,NORMAL,,exams/CI/CI_PHILO/CI_PHILO_2021_ETE_ENONCE.pdf,,,
CI,PHILO,2022,ETE,NORMAL,,exams/CI/CI_PHILO/CI_PHILO_2022_ETE_ENONCE.pdf,,,
CI,PHYSI,2020,ETE,NORMAL,,exams/CI/CI_PHYSI/CI_PHYSI_2020_ETE_ENONCE.pdf,,,
CI,PHYSI,2020,SEPT,NORMAL,,exams/CI/CI_PHYSI/CI_PHYSI_2020_SEPT_ENONCE.pdf,,,
CI,PHYSI,2021,ETE,NORMAL,,exams/CI/CI_PHYSI/CI_PHYSI_2021_ETE_ENONCE.pdf,,,
CI,PHYSI,2021,SEPT,NORMAL,,exams/CI/CI_PHYSI/CI_PHYSI_2021_SEPT_ENONCE.pdf,,,
CI,PHYSI,2022,ETE,NORMAL,,exams/CI/CI_PHYSI/CI_PHYSI_2022_ETE_ENONCE.pdf,,,
CI,PHYSI,2022,SEPT,NORMAL,,exams/CI/CI_PHYSI/CI_PHYSI_2022_SEPT_ENONCE.pdf,,,
CI,PHYSI,2023,ETE,NORMAL,,exams/CI/CI_PHYSI/CI_PHYSI_2023_ETE_ENONCE.pdf,,,
CI,PHYSI,2023,ETE,REP,,exams/CI/CI_PHYSI/CI_PHYSI_2023_ETE_REP_ENONCE.pdf,,,
CI,PHYSI,2024,ETE,NORMAL,,exams/CI/CI_PHYSI/CI_PHYSI_2024_ETE_ENONCE.pdf,,,
CI,PHYSI,2024,ETE,REP,,exams/CI/CI_PHYSI/CI_PHYSI_2024_ETE_REP_ENONCE.pdf,,,
CI,PHYSI,2024,SEPT,NORMAL,,exams/CI/CI_PHYSI/CI_PHYSI_2024_SEPT_ENONCE.pdf,,,
CI,PHYSI,2025,ETE,NORMAL,,exams/CI/CI_PHYSI/CI_PHYSI_2025_ETE_ENONCE.pdf,,,
CI,PHYSI,2025,SEPT,NORMAL,,exams/CI/CI_PHYSI/CI_PHYSI_2025_SEPT_ENONCE.pdf,exams/CI/CI_PHYSI/CI_PHYSI_2025_SEPT_CORRIGE.pdf,,
CI,SCIPR,2020,ETE,NORMAL,,exams/CI/CI_SCIPR/CI_SCIPR_2020_ETE_ENONCE.pdf,,exams/CI/CI_SCIPR/CI_SCIPR_2020_ETE_DATA.zip,
CI,SCIPR,2020,SEPT,NORMAL,,exams/CI/CI_SCIPR/CI_SCIPR_2020_SEPT_ENONCE.pdf,,exams/CI/CI_SCIPR/CI_SCIPR_2020_SEPT_DATA.zip,
CI,SCIPR,2021,ETE,NORMAL,,exams/CI/CI_SCIPR/CI_SCIPR_2021_ETE_ENONCE.pdf,,exams/CI/CI_SCIPR/CI_SCIPR_2021_ETE_DATA.zip,
CI,SCIPR,2021,SEPT,NORMAL,,exams/CI/CI_SCIPR/CI_SCIPR_2021_SEPT_ENONCE.pdf,,exams/CI/CI_SCIPR/CI_SCIPR_2021_SEPT_DATA.zip,
CI,SCIPR,2022,ETE,NORMAL,,exams/CI/CI_SCIPR/CI_SCIPR_2022_ETE_ENONCE.pdf,,exams/CI/CI_SCIPR/CI_SCIPR_2022_ETE_DATA.zip,exams/CI/CI_SCIPR/CI_SCIPR_2022_ETE_ORAL.pdf
CI,SCIPR,2023,ETE,NORMAL,,exams/CI/CI_SCIPR/CI_SCIPR_2023_ETE_ENONCE.pdf,,exams/CI/CI_SCIPR/CI_SCIPR_2023_ETE_DATA.zip,
CI,SCIPR,2023,ETE,REP,,exams/CI/CI_SCIPR/CI_SCIPR_2023_ETE_REP_ENONCE.pdf,,exams/CI/CI_SCIPR/CI_SCIPR_2023_ETE_REP_DATA.zip,
CI,SCIPR,2024,ETE,NORMAL,,exams/CI/CI_SCIPR/CI_SCIPR_2024_ETE_ENONCE.pdf,,exams/CI/CI_SCIPR/CI_SCIPR_2024_ETE_DATA.zip,
CI,SCIPR,2024,ETE,REP,,exams/CI/CI_SCIPR/CI_SCIPR_2024_ETE_REP_ENONCE.pdf,,exams/CI/CI_SCIPR/CI_SCIPR_2024_ETE_REP_DATA.zip,
CI,SCIPR,2024,SEPT,NORMAL,,exams/CI/CI_SCIPR/CI_SCIPR_2024_SEPT_ENONCE.pdf,,exams/CI/CI_SCIPR/CI_SCIPR_2024_SEPT_DATA.zip,
CI,SCIPR,2025,ETE,NORMAL,,exams/CI/CI_SCIPR/CI_SCIPR_2025_ETE_ENONCE.pdf,,exams/CI/CI_SCIPR/CI_SCIPR_2025_ETE_DATA.zip,
