Id,ParentId,Title,CombinedTitle
1920,,ESC,ESC
1921,1920,2005,ESC/2005
1922,1921,A1,ESC/2005/A1
6718,1922,4LAVI_A1_ES.pdf,ESC/2005/A1/4LAVI_A1_ES.pdf
6719,1922,4LAVI_A1_IT.pdf,ESC/2005/A1/4LAVI_A1_IT.pdf
6720,1922,ALLEM_A1_DE.pdf,ESC/2005/A1/ALLEM_A1_DE.pdf
6721,1922,ANGL_A1_ANGL.pdf,ESC/2005/A1/ANGL_A1_ANGL.pdf
6722,1922,ECONO_A1_FR.pdf,ESC/2005/A1/ECONO_A1_FR.pdf
6723,1922,FRANC_A1_FR.pdf,ESC/2005/A1/FRANC_A1_FR.pdf
6724,1922,HISTO_A1_FR.pdf,ESC/2005/A1/HISTO_A1_FR.pdf
6725,1922,LATIN_A1_LAT.pdf,ESC/2005/A1/LATIN_A1_LAT.pdf
6726,1922,PHILO_A1_DE_FR.pdf,ESC/2005/A1/PHILO_A1_DE_FR.pdf
1923,1921,A2,ESC/2005/A2
6708,1923,ALLEM_A2_DE.pdf,ESC/2005/A2/ALLEM_A2_DE.pdf
6709,1923,ANGLA_A2_ANGL.pdf,ESC/2005/A2/ANGLA_A2_ANGL.pdf
6710,1923,ECOPO_A2_FR.pdf,ESC/2005/A2/ECOPO_A2_FR.pdf
6711,1923,ECOSO_A2_FR.pdf,ESC/2005/A2/ECOSO_A2_FR.pdf
6712,1923,ECOST_A2_FR.pdf,ESC/2005/A2/ECOST_A2_FR.pdf
6713,1923,GEOGR_A2_FR.pdf,ESC/2005/A2/GEOGR_A2_FR.pdf
6714,1923,HISTO_A2_FR.pdf,ESC/2005/A2/HISTO_A2_FR.pdf
6715,1923,LATIN_A2_LAT.pdf,ESC/2005/A2/LATIN_A2_LAT.pdf
6716,1923,MATHE_A2_FR.pdf,ESC/2005/A2/MATHE_A2_FR.pdf
6717,1923,PHILO_A2_DE_FR.pdf,ESC/2005/A2/PHILO_A2_DE_FR.pdf
1924,1921,B,ESC/2005/B
6698,1924,ALLEM_B_DE.pdf,ESC/2005/B/ALLEM_B_DE.pdf
6699,1924,ANGLA_B_ANGL.pdf,ESC/2005/B/ANGLA_B_ANGL.pdf
6700,1924,CHIMI_B_FR.pdf,ESC/2005/B/CHIMI_B_FR.pdf
6701,1924,ECONO_B_FR.pdf,ESC/2005/B/ECONO_B_FR.pdf
6702,1924,FRANC_B_FR.pdf,ESC/2005/B/FRANC_B_FR.pdf
6703,1924,HISTO_B_FR.pdf,ESC/2005/B/HISTO_B_FR.pdf
6704,1924,MATH1_B_FR.pdf,ESC/2005/B/MATH1_B_FR.pdf
6705,1924,MATH2_B_FR.pdf,ESC/2005/B/MATH2_B_FR.pdf
6706,1924,PHILO_B_DE_FR.pdf,ESC/2005/B/PHILO_B_DE_FR.pdf
6707,1924,PHYSI_B_FR.pdf,ESC/2005/B/PHYSI_B_FR.pdf
1925,1921,C,ESC/2005/C
6686,1925,ALLEM_C_DE.pdf,ESC/2005/C/ALLEM_C_DE.pdf
6687,1925,ANGLA_C_ANGL.pdf,ESC/2005/C/ANGLA_C_ANGL.pdf
6688,1925,BIOLO_C_FR.pdf,ESC/2005/C/BIOLO_C_FR.pdf
6689,1925,CHIMI_C_FR.pdf,ESC/2005/C/CHIMI_C_FR.pdf
6690,1925,ECONO_C_FR.pdf,ESC/2005/C/ECONO_C_FR.pdf
6691,1925,FRANC_C_FR.pdf,ESC/2005/C/FRANC_C_FR.pdf
6692,1925,HISTO_C_FR.pdf,ESC/2005/C/HISTO_C_FR.pdf
6693,1925,LATIN_C_LAT.pdf,ESC/2005/C/LATIN_C_LAT.pdf
6694,1925,MATH1_C_FR.pdf,ESC/2005/C/MATH1_C_FR.pdf
6695,1925,MATH2_C_FR.pdf,ESC/2005/C/MATH2_C_FR.pdf
6696,1925,PHILO_C_DE_FR.pdf,ESC/2005/C/PHILO_C_DE_FR.pdf
6697,1925,PHYSI_C_FR.pdf,ESC/2005/C/PHYSI_C_FR.pdf
1926,1921,D,ESC/2005/D
6675,1926,ALLEM_D_DE.pdf,ESC/2005/D/ALLEM_D_DE.pdf
6676,1926,ANGLA_D_ANGL.pdf,ESC/2005/D/ANGLA_D_ANGL.pdf
6677,1926,ECOPO_D_FR.pdf,ESC/2005/D/ECOPO_D_FR.pdf
6678,1926,ECOSO_D_FR.pdf,ESC/2005/D/ECOSO_D_FR.pdf
6679,1926,ECOST_D_FR.pdf,ESC/2005/D/ECOST_D_FR.pdf
6680,1926,FRANC_D_FR.pdf,ESC/2005/D/FRANC_D_FR.pdf
6681,1926,HISTO_D_FR.pdf,ESC/2005/D/HISTO_D_FR.pdf
6682,1926,LATIN_D_LAT.pdf,ESC/2005/D/LATIN_D_LAT.pdf
6683,1926,MATH1_D_FR.pdf,ESC/2005/D/MATH1_D_FR.pdf
6684,1926,MATH2_D_FR.pdf,ESC/2005/D/MATH2_D_FR.pdf
6685,1926,PHILO_D_DE_FR.pdf,ESC/2005/D/PHILO_D_DE_FR.pdf
1927,1921,E,ESC/2005/E
6663,1927,ALLEM_E_DE.pdf,ESC/2005/E/ALLEM_E_DE.pdf
6664,1927,ANGLA_E_ANGL.pdf,ESC/2005/E/ANGLA_E_ANGL.pdf
6665,1927,ARPLA_E_FR.pdf,ESC/2005/E/ARPLA_E_FR.pdf
6666,1927,ECONO_E_FR.pdf,ESC/2005/E/ECONO_E_FR.pdf
6667,1927,EDA21_E_FR.pdf,ESC/2005/E/EDA21_E_FR.pdf
6668,1927,EDAR1_E_FR.pdf,ESC/2005/E/EDAR1_E_FR.pdf
6669,1927,FRANC_E_FR.pdf,ESC/2005/E/FRANC_E_FR.pdf
6670,1927,HISTO_E_FR.pdf,ESC/2005/E/HISTO_E_FR.pdf
6671,1927,LATIN_E_LAT.pdf,ESC/2005/E/LATIN_E_LAT.pdf
6672,1927,MATHE_E_FR.pdf,ESC/2005/E/MATHE_E_FR.pdf
6673,1927,MUHIS_E_DE.pdf,ESC/2005/E/MUHIS_E_DE.pdf
6674,1927,PHILO_E_DE_FR.pdf,ESC/2005/E/PHILO_E_DE_FR.pdf
1928,1921,F,ESC/2005/F
6651,1928,ALLEM_F_DE.pdf,ESC/2005/F/ALLEM_F_DE.pdf
6652,1928,ANGLA_F_ANGL.pdf,ESC/2005/F/ANGLA_F_ANGL.pdf
6653,1928,ECONO_F_FR.pdf,ESC/2005/F/ECONO_F_FR.pdf
6654,1928,EDMU1_ANALYSE_F_DE.pdf,ESC/2005/F/EDMU1_ANALYSE_F_DE.pdf
6655,1928,EDMU1_F_DE.pdf,ESC/2005/F/EDMU1_F_DE.pdf
6656,1928,FRANC_F_FR.pdf,ESC/2005/F/FRANC_F_FR.pdf
6657,1928,HISTO_F_FR.pdf,ESC/2005/F/HISTO_F_FR.pdf
6658,1928,LATIN_F_LAT.pdf,ESC/2005/F/LATIN_F_LAT.pdf
6659,1928,MATHE_F_FR.pdf,ESC/2005/F/MATHE_F_FR.pdf
6660,1928,MUHIS_F_DE.pdf,ESC/2005/F/MUHIS_F_DE.pdf
6661,1928,PHILO_F_DE_FR.pdf,ESC/2005/F/PHILO_F_DE_FR.pdf
6662,1928,PHYSI_F_FR.pdf,ESC/2005/F/PHYSI_F_FR.pdf
1929,1920,2006,ESC/2006
1930,1929,A,ESC/2006/A
6621,1930,"ALLEM-1CA DE (juin 2006), analyse de texte.pdf","ESC/2006/A/ALLEM-1CA DE (juin 2006), analyse de texte.pdf"
6622,1930,"ALLEM-1CA DE (juin 2006), dissertation.pdf","ESC/2006/A/ALLEM-1CA DE (juin 2006), dissertation.pdf"
6623,1930,"ALLEM-1MA DE (juin 2006), analyse de texte.pdf","ESC/2006/A/ALLEM-1MA DE (juin 2006), analyse de texte.pdf"
6624,1930,"ALLEM-1MA DE (juin 2006), dissertation.pdf","ESC/2006/A/ALLEM-1MA DE (juin 2006), dissertation.pdf"
6625,1930,"ANGLA-1CA EN (juin 2006), texte connu.pdf","ESC/2006/A/ANGLA-1CA EN (juin 2006), texte connu.pdf"
6626,1930,"ANGLA-1CA EN (juin 2006), texte inconnu.pdf","ESC/2006/A/ANGLA-1CA EN (juin 2006), texte inconnu.pdf"
6627,1930,"ANGLA-1CA EN (repêchage 2006), texte connu.pdf","ESC/2006/A/ANGLA-1CA EN (repêchage 2006), texte connu.pdf"
6628,1930,"ANGLA-1MA EN (juin 2006), texte connu.pdf","ESC/2006/A/ANGLA-1MA EN (juin 2006), texte connu.pdf"
6629,1930,"ANGLA-1MA EN (juin 2006), texte inconnu.pdf","ESC/2006/A/ANGLA-1MA EN (juin 2006), texte inconnu.pdf"
6630,1930,"ANGLA-1MA EN (repêchage 2006), texte connu.pdf","ESC/2006/A/ANGLA-1MA EN (repêchage 2006), texte connu.pdf"
6631,1930,ECOGEN - 1ABC (juin 2006).pdf,ESC/2006/A/ECOGEN - 1ABC (juin 2006).pdf
6632,1930,ECOGEN - 1ABC (septembre 2006).pdf,ESC/2006/A/ECOGEN - 1ABC (septembre 2006).pdf
6633,1930,"FRANC-1CA FR (juin 2006), analyse texte inconnu.pdf","ESC/2006/A/FRANC-1CA FR (juin 2006), analyse texte inconnu.pdf"
6634,1930,"FRANC-1CA FR (juin 2006), dissertation.pdf","ESC/2006/A/FRANC-1CA FR (juin 2006), dissertation.pdf"
6635,1930,"FRANC-1CA FR (repêchage 2006), dissertation.pdf","ESC/2006/A/FRANC-1CA FR (repêchage 2006), dissertation.pdf"
6636,1930,"FRANC-1MA FR (juin 2006), analyse texte inconnu.pdf","ESC/2006/A/FRANC-1MA FR (juin 2006), analyse texte inconnu.pdf"
6637,1930,"FRANC-1MA FR (juin 2006), dissertation.pdf","ESC/2006/A/FRANC-1MA FR (juin 2006), dissertation.pdf"
6638,1930,"FRANC-1MA FR (repêchage 2006), dissertation.pdf","ESC/2006/A/FRANC-1MA FR (repêchage 2006), dissertation.pdf"
6639,1930,HISTO-1CA FR (juin 2006).pdf,ESC/2006/A/HISTO-1CA FR (juin 2006).pdf
6640,1930,HISTO-1CA FR (repêchage 2006).pdf,ESC/2006/A/HISTO-1CA FR (repêchage 2006).pdf
6641,1930,HISTO-1MA FR (juin 2006).pdf,ESC/2006/A/HISTO-1MA FR (juin 2006).pdf
6642,1930,HISTO-1MA FR (repêchage 2006).pdf,ESC/2006/A/HISTO-1MA FR (repêchage 2006).pdf
6643,1930,OESPA-1CA ES (juin 2006).pdf,ESC/2006/A/OESPA-1CA ES (juin 2006).pdf
6644,1930,OESPA-1MA ES (juin 2006).pdf,ESC/2006/A/OESPA-1MA ES (juin 2006).pdf
6645,1930,OITAL-1CA IT (juin 2006).pdf,ESC/2006/A/OITAL-1CA IT (juin 2006).pdf
6646,1930,OITAL-1MA IT (juin 2006).pdf,ESC/2006/A/OITAL-1MA IT (juin 2006).pdf
6647,1930,"PHILO-1CA FR,DE (juin 2006).pdf","ESC/2006/A/PHILO-1CA FR,DE (juin 2006).pdf"
6648,1930,"PHILO-1CA FR,DE (repêchage 2006).pdf","ESC/2006/A/PHILO-1CA FR,DE (repêchage 2006).pdf"
6649,1930,"PHILO-1MA FR,DE (juin 2006).pdf","ESC/2006/A/PHILO-1MA FR,DE (juin 2006).pdf"
6650,1930,"PHILO-1MA FR,DE (repêchage 2006).pdf","ESC/2006/A/PHILO-1MA FR,DE (repêchage 2006).pdf"
1931,1929,B,ESC/2006/B
6600,1931,ALLEM-1CB DE (juin 2006).pdf,ESC/2006/B/ALLEM-1CB DE (juin 2006).pdf
6601,1931,ALLEM-1MB DE (juin 2006).pdf,ESC/2006/B/ALLEM-1MB DE (juin 2006).pdf
6602,1931,CHIMIE - 1BC (juin 2006).pdf,ESC/2006/B/CHIMIE - 1BC (juin 2006).pdf
6603,1931,CHIMIE - 1BC (septembre 2006).pdf,ESC/2006/B/CHIMIE - 1BC (septembre 2006).pdf
6604,1931,ECOGEN - 1ABC (juin 2006).pdf,ESC/2006/B/ECOGEN - 1ABC (juin 2006).pdf
6605,1931,ECOGEN - 1ABC (septembre 2006).pdf,ESC/2006/B/ECOGEN - 1ABC (septembre 2006).pdf
6606,1931,FRANC-1CB FR (juin 2006).pdf,ESC/2006/B/FRANC-1CB FR (juin 2006).pdf
6607,1931,FRANC-1MB FR (juin 2006).pdf,ESC/2006/B/FRANC-1MB FR (juin 2006).pdf
6608,1931,HISTO-1CB FR (juin 2006).pdf,ESC/2006/B/HISTO-1CB FR (juin 2006).pdf
6609,1931,HISTO-1CB FR (repêchage 2006).pdf,ESC/2006/B/HISTO-1CB FR (repêchage 2006).pdf
6610,1931,HISTO-1MB FR (juin 2006).pdf,ESC/2006/B/HISTO-1MB FR (juin 2006).pdf
6611,1931,HISTO-1MB FR (repechage 2006).pdf,ESC/2006/B/HISTO-1MB FR (repechage 2006).pdf
6612,1931,LATIN-1CB FR (juin 2006).pdf,ESC/2006/B/LATIN-1CB FR (juin 2006).pdf
6613,1931,MATHEI - 1B (juin 2006).pdf,ESC/2006/B/MATHEI - 1B (juin 2006).pdf
6614,1931,MATHEI - 1B (septembre 2006).pdf,ESC/2006/B/MATHEI - 1B (septembre 2006).pdf
6615,1931,MATHEII - 1B (juin 2006).pdf,ESC/2006/B/MATHEII - 1B (juin 2006).pdf
6616,1931,MATHEII - 1B (septembre 2006).pdf,ESC/2006/B/MATHEII - 1B (septembre 2006).pdf
6617,1931,"PHILO-1CB DE,FR (juin 2006).pdf","ESC/2006/B/PHILO-1CB DE,FR (juin 2006).pdf"
6618,1931,"PHILO-1MB DE,FR (juin 2006).pdf","ESC/2006/B/PHILO-1MB DE,FR (juin 2006).pdf"
6619,1931,"PHILO-1MB FR,DE (repechage 2006).pdf","ESC/2006/B/PHILO-1MB FR,DE (repechage 2006).pdf"
6620,1931,"Physique B,C juin.pdf","ESC/2006/B/Physique B,C juin.pdf"
1932,1929,C,ESC/2006/C
6578,1932,160846-MATHEII - 1CD (septembre 2006).pdf,ESC/2006/C/160846-MATHEII - 1CD (septembre 2006).pdf
6579,1932,ALLEM-1CC DE (juin 2006).pdf,ESC/2006/C/ALLEM-1CC DE (juin 2006).pdf
6580,1932,ALLEM-1MC DE (juin 2006).pdf,ESC/2006/C/ALLEM-1MC DE (juin 2006).pdf
6581,1932,BIOLO - 1C (septembre 2006).pdf,ESC/2006/C/BIOLO - 1C (septembre 2006).pdf
6582,1932,CHIMIE - 1BC (juin 2006).pdf,ESC/2006/C/CHIMIE - 1BC (juin 2006).pdf
6583,1932,CHIMIE - 1BC (septembre 2006).pdf,ESC/2006/C/CHIMIE - 1BC (septembre 2006).pdf
6584,1932,ECOGEN - 1ABC (juin 2006).pdf,ESC/2006/C/ECOGEN - 1ABC (juin 2006).pdf
6585,1932,ECOGEN - 1ABC (septembre 2006).pdf,ESC/2006/C/ECOGEN - 1ABC (septembre 2006).pdf
6586,1932,FRANC-1CC FR (juin 2006).pdf,ESC/2006/C/FRANC-1CC FR (juin 2006).pdf
6587,1932,FRANC-1MC FR (juin 2006).pdf,ESC/2006/C/FRANC-1MC FR (juin 2006).pdf
6588,1932,HISTO-1CC FR (juin 2006).pdf,ESC/2006/C/HISTO-1CC FR (juin 2006).pdf
6589,1932,HISTO-1CC FR (repêchage 2006).pdf,ESC/2006/C/HISTO-1CC FR (repêchage 2006).pdf
6590,1932,HISTO-1MC FR (juin 2006).pdf,ESC/2006/C/HISTO-1MC FR (juin 2006).pdf
6591,1932,HISTO-1MC FR (repechage 2006).pdf,ESC/2006/C/HISTO-1MC FR (repechage 2006).pdf
6592,1932,LATIN-1CC FR (juin 2006).pdf,ESC/2006/C/LATIN-1CC FR (juin 2006).pdf
6593,1932,MATHEI - 1C (juin 2006).pdf,ESC/2006/C/MATHEI - 1C (juin 2006).pdf
6594,1932,MATHEI - 1C (septembre 2006).pdf,ESC/2006/C/MATHEI - 1C (septembre 2006).pdf
6595,1932,MATHEII - 1CD (juin 2006).pdf,ESC/2006/C/MATHEII - 1CD (juin 2006).pdf
6596,1932,MATHEII - 1CD (septembre 2006).pdf,ESC/2006/C/MATHEII - 1CD (septembre 2006).pdf
6597,1932,"PHILO-1CC DE,FR (juin 2006).pdf","ESC/2006/C/PHILO-1CC DE,FR (juin 2006).pdf"
6598,1932,"PHILO-1MC DE,FR (juin 2006).pdf","ESC/2006/C/PHILO-1MC DE,FR (juin 2006).pdf"
6599,1932,"Physique B,C juin.pdf","ESC/2006/C/Physique B,C juin.pdf"
1933,1929,D,ESC/2006/D
6549,1933,ALLEM-1CD DE (juin 2006).pdf,ESC/2006/D/ALLEM-1CD DE (juin 2006).pdf
6550,1933,ALLEM-1MD DE (juin 2006).pdf,ESC/2006/D/ALLEM-1MD DE (juin 2006).pdf
6551,1933,ECOPO-1CD FR (juin 2006).pdf,ESC/2006/D/ECOPO-1CD FR (juin 2006).pdf
6552,1933,ECOPO-1MD FR (juin 2006).pdf,ESC/2006/D/ECOPO-1MD FR (juin 2006).pdf
6553,1933,ECOSO-1CD FR (juin 2006).pdf,ESC/2006/D/ECOSO-1CD FR (juin 2006).pdf
6554,1933,ECOSO-1CD FR (septembre 2006).pdf,ESC/2006/D/ECOSO-1CD FR (septembre 2006).pdf
6555,1933,ECOSO-1MD FR (juin 2006).pdf,ESC/2006/D/ECOSO-1MD FR (juin 2006).pdf
6556,1933,ECOSO-1MD FR (septembre 2006).pdf,ESC/2006/D/ECOSO-1MD FR (septembre 2006).pdf
6557,1933,ECOST-1CD FR (juin 2006).pdf,ESC/2006/D/ECOST-1CD FR (juin 2006).pdf
6558,1933,ECOST-1CD FR (septembre 2006).pdf,ESC/2006/D/ECOST-1CD FR (septembre 2006).pdf
6559,1933,ECOST-1MD FR (juin 2006).pdf,ESC/2006/D/ECOST-1MD FR (juin 2006).pdf
6560,1933,ECOST-1MD FR (septembre 2006).pdf,ESC/2006/D/ECOST-1MD FR (septembre 2006).pdf
6561,1933,FRANC-1CD FR (juin 2006).pdf,ESC/2006/D/FRANC-1CD FR (juin 2006).pdf
6562,1933,FRANC-1MD FR (juin 2006).pdf,ESC/2006/D/FRANC-1MD FR (juin 2006).pdf
6563,1933,HISTO-1CD FR (juin 2006).pdf,ESC/2006/D/HISTO-1CD FR (juin 2006).pdf
6564,1933,HISTO-1CD FR (repêchage 2006).pdf,ESC/2006/D/HISTO-1CD FR (repêchage 2006).pdf
6565,1933,HISTO-1MD FR (juin 2006).pdf,ESC/2006/D/HISTO-1MD FR (juin 2006).pdf
6566,1933,HISTO-1MD FR (repechage 2006).pdf,ESC/2006/D/HISTO-1MD FR (repechage 2006).pdf
6567,1933,LATIN-1CD FR (juin 2006).pdf,ESC/2006/D/LATIN-1CD FR (juin 2006).pdf
6568,1933,MATHE-1CD FR (juin 2006).pdf,ESC/2006/D/MATHE-1CD FR (juin 2006).pdf
6569,1933,MATHE-1CD FR (septembre 2006).pdf,ESC/2006/D/MATHE-1CD FR (septembre 2006).pdf
6570,1933,MATHE-1MD FR (juin 2006).pdf,ESC/2006/D/MATHE-1MD FR (juin 2006).pdf
6571,1933,MATHE-1MD FR (septembre 2006).pdf,ESC/2006/D/MATHE-1MD FR (septembre 2006).pdf
6572,1933,MATHEII - 1CD (juin 2006).pdf,ESC/2006/D/MATHEII - 1CD (juin 2006).pdf
6573,1933,MATHEII - 1CD (septembre 2006).pdf,ESC/2006/D/MATHEII - 1CD (septembre 2006).pdf
6574,1933,"PHILO-1CD FR,DE (juin 2006).pdf","ESC/2006/D/PHILO-1CD FR,DE (juin 2006).pdf"
6575,1933,"PHILO-1CD FR,DE (repêchage 2006).pdf","ESC/2006/D/PHILO-1CD FR,DE (repêchage 2006).pdf"
6576,1933,"PHILO-1MD FR,DE (juin 2006).pdf","ESC/2006/D/PHILO-1MD FR,DE (juin 2006).pdf"
6577,1933,"PHILO-1MD FR,DE (repechage 2006).pdf","ESC/2006/D/PHILO-1MD FR,DE (repechage 2006).pdf"
1934,1929,G,ESC/2006/G
6534,1934,ALLEM-1CG DE (juin 2006).pdf,ESC/2006/G/ALLEM-1CG DE (juin 2006).pdf
6535,1934,ECOPO-1CG FR (juin 2006).pdf,ESC/2006/G/ECOPO-1CG FR (juin 2006).pdf
6536,1934,ECOPO-1CG FR (repêchage 2006).pdf,ESC/2006/G/ECOPO-1CG FR (repêchage 2006).pdf
6537,1934,EDART-1CG DE (juin 2006).pdf,ESC/2006/G/EDART-1CG DE (juin 2006).pdf
6538,1934,FRANC-1CG FR (juin 2006).pdf,ESC/2006/G/FRANC-1CG FR (juin 2006).pdf
6539,1934,GEOGR-1CG FR (juin 2006).pdf,ESC/2006/G/GEOGR-1CG FR (juin 2006).pdf
6540,1934,HISTO-1CG FR (juin 2006).pdf,ESC/2006/G/HISTO-1CG FR (juin 2006).pdf
6541,1934,HISTO-1CG FR (repêchage 2006).pdf,ESC/2006/G/HISTO-1CG FR (repêchage 2006).pdf
6542,1934,LATIN-1CG FR (juin 2006).pdf,ESC/2006/G/LATIN-1CG FR (juin 2006).pdf
6543,1934,MATHE-1CG FR (juin 2006).pdf,ESC/2006/G/MATHE-1CG FR (juin 2006).pdf
6544,1934,MATHE-1CG FR (septembre 2006).pdf,ESC/2006/G/MATHE-1CG FR (septembre 2006).pdf
6545,1934,"PHILO-1CG FR,DE (juin 2006).pdf","ESC/2006/G/PHILO-1CG FR,DE (juin 2006).pdf"
6546,1934,"PHILO-1CG FR,DE (repêchage 2006).pdf","ESC/2006/G/PHILO-1CG FR,DE (repêchage 2006).pdf"
6547,1934,SCSOC-1CG FR (juin 2006).pdf,ESC/2006/G/SCSOC-1CG FR (juin 2006).pdf
6548,1934,SCSOC-1CG FR (repêchage 2006).pdf,ESC/2006/G/SCSOC-1CG FR (repêchage 2006).pdf
1935,1920,2007,ESC/2007
1936,1935,A,ESC/2007/A
6499,1936,ALLEM_1CA_DE (juin 2007) analyse de texte.PDF,ESC/2007/A/ALLEM_1CA_DE (juin 2007) analyse de texte.PDF
6500,1936,ALLEM_1CA_DE (juin 2007) dissertation.pdf,ESC/2007/A/ALLEM_1CA_DE (juin 2007) dissertation.pdf
6501,1936,ALLEM_1CA_DE (repêchage 2007) dissertation.PDF,ESC/2007/A/ALLEM_1CA_DE (repêchage 2007) dissertation.PDF
6502,1936,ALLEM_1MA_DE (juin 2007) analyse de texte.PDF,ESC/2007/A/ALLEM_1MA_DE (juin 2007) analyse de texte.PDF
6503,1936,ALLEM_1MA_DE (repêchage 2007) dissertation.PDF,ESC/2007/A/ALLEM_1MA_DE (repêchage 2007) dissertation.PDF
6504,1936,ALLEM_1MA_DE(juin 2007)dissertation.pdf,ESC/2007/A/ALLEM_1MA_DE(juin 2007)dissertation.pdf
6505,1936,ANGLA_1CA_EN (juin 2007) texte connu.PDF,ESC/2007/A/ANGLA_1CA_EN (juin 2007) texte connu.PDF
6506,1936,ANGLA_1CA_EN (juin 2007) texte inconnu.PDF,ESC/2007/A/ANGLA_1CA_EN (juin 2007) texte inconnu.PDF
6507,1936,ANGLA_1CA_EN (repêchage 2007) texte connu.PDF,ESC/2007/A/ANGLA_1CA_EN (repêchage 2007) texte connu.PDF
6508,1936,ANGLA_1CA_EN (repêchage 2007) texte inconnu.PDF,ESC/2007/A/ANGLA_1CA_EN (repêchage 2007) texte inconnu.PDF
6509,1936,ANGLA_1MA_EN (juin 2007) texte connu.PDF,ESC/2007/A/ANGLA_1MA_EN (juin 2007) texte connu.PDF
6510,1936,ANGLA_1MA_EN (juin 2007) texte inconnu.PDF,ESC/2007/A/ANGLA_1MA_EN (juin 2007) texte inconnu.PDF
6511,1936,ANGLA_1MA_EN (repêchage 2007) texte connu.PDF,ESC/2007/A/ANGLA_1MA_EN (repêchage 2007) texte connu.PDF
6512,1936,ANGLA_1MA_EN (repêchage 2007) texte inconnu.PDF,ESC/2007/A/ANGLA_1MA_EN (repêchage 2007) texte inconnu.PDF
6513,1936,ECOGE_1CA_FR (juin 2007).PDF,ESC/2007/A/ECOGE_1CA_FR (juin 2007).PDF
6514,1936,ECOGE_1MA_FR (juin 2007).PDF,ESC/2007/A/ECOGE_1MA_FR (juin 2007).PDF
6515,1936,FRANC_1CA_FR (juin 2007) dissertation.pdf,ESC/2007/A/FRANC_1CA_FR (juin 2007) dissertation.pdf
6516,1936,FRANC_1CA_FR (juin 2007) texte inconnu.PDF,ESC/2007/A/FRANC_1CA_FR (juin 2007) texte inconnu.PDF
6517,1936,FRANC_1CA_FR (repêchage 2007) texte inconnu.PDF,ESC/2007/A/FRANC_1CA_FR (repêchage 2007) texte inconnu.PDF
6518,1936,FRANC_1MA_FR (juin 2007) dissertation.pdf,ESC/2007/A/FRANC_1MA_FR (juin 2007) dissertation.pdf
6519,1936,FRANC_1MA_FR (juin 2007) texte inconnu.PDF,ESC/2007/A/FRANC_1MA_FR (juin 2007) texte inconnu.PDF
6520,1936,FRANC_1MA_FR (repêchage 2007) texte inconnu.PDF,ESC/2007/A/FRANC_1MA_FR (repêchage 2007) texte inconnu.PDF
6521,1936,HISTO_1CA_FR (juin 2007).PDF,ESC/2007/A/HISTO_1CA_FR (juin 2007).PDF
6522,1936,HISTO_1CA_FR (repêchage 2007).PDF,ESC/2007/A/HISTO_1CA_FR (repêchage 2007).PDF
6523,1936,HISTO_1MA_FR (juin 2007).PDF,ESC/2007/A/HISTO_1MA_FR (juin 2007).PDF
6524,1936,HISTO_1MA_FR (repêchage 2007).PDF,ESC/2007/A/HISTO_1MA_FR (repêchage 2007).PDF
6525,1936,LATIN_1CA_LA (juin 2007) .PDF,ESC/2007/A/LATIN_1CA_LA (juin 2007) .PDF
6526,1936,OESPA_1CA_ES (juin 2007).PDF,ESC/2007/A/OESPA_1CA_ES (juin 2007).PDF
6527,1936,OESPA_1MA_ES (juin 2007).PDF,ESC/2007/A/OESPA_1MA_ES (juin 2007).PDF
6528,1936,OITAL_1CA_IT (juin 2007).PDF,ESC/2007/A/OITAL_1CA_IT (juin 2007).PDF
6529,1936,OITAL_1MA_IT (juin 2007).PDF,ESC/2007/A/OITAL_1MA_IT (juin 2007).PDF
6530,1936,"PHILO_1CA_FR,DE (juin 2007).PDF","ESC/2007/A/PHILO_1CA_FR,DE (juin 2007).PDF"
6531,1936,"PHILO_1CA_FR,DE (repêchage 2007).PDF","ESC/2007/A/PHILO_1CA_FR,DE (repêchage 2007).PDF"
6532,1936,"PHILO_1MA_FR,DE (juin 2007).PDF","ESC/2007/A/PHILO_1MA_FR,DE (juin 2007).PDF"
6533,1936,"PHILO_1MA_FR,DE (repêchage 2007).PDF","ESC/2007/A/PHILO_1MA_FR,DE (repêchage 2007).PDF"
1937,1935,A1,ESC/2007/A1
6486,1937,Allemand A (Dissertation littéraire) Examen septembre 2007.pdf,ESC/2007/A1/Allemand A (Dissertation littéraire) Examen septembre 2007.pdf
6487,1937,Allemand A Examen septembre 2007.pdf,ESC/2007/A1/Allemand A Examen septembre 2007.pdf
6488,1937,Anglais A (Texte inconnu) Examen septembre 2007.pdf,ESC/2007/A1/Anglais A (Texte inconnu) Examen septembre 2007.pdf
6489,1937,Anglais A (Textes connus) Examen septembre 2007.pdf,ESC/2007/A1/Anglais A (Textes connus) Examen septembre 2007.pdf
6490,1937,Espagnol A Examen septembre 2007.pdf,ESC/2007/A1/Espagnol A Examen septembre 2007.pdf
6491,1937,"Examen de fin d'études Economie générale A, B & C.pdf","ESC/2007/A1/Examen de fin d'études Economie générale A, B & C.pdf"
6492,1937,Français (Analyse de texte) A Examen septembre 2007.pdf,ESC/2007/A1/Français (Analyse de texte) A Examen septembre 2007.pdf
6493,1937,Français A (Dissertation littéraire) Examen septembre 2007.pdf,ESC/2007/A1/Français A (Dissertation littéraire) Examen septembre 2007.pdf
6494,1937,Histoire ABCDG Examen septembre 2007.pdf,ESC/2007/A1/Histoire ABCDG Examen septembre 2007.pdf
6495,1937,Italien A Examen septembre 2007.pdf,ESC/2007/A1/Italien A Examen septembre 2007.pdf
6496,1937,Latin A-G Examen septembre 2007.pdf,ESC/2007/A1/Latin A-G Examen septembre 2007.pdf
6497,1937,Philosophie ADG Examen septembre 2007.pdf,ESC/2007/A1/Philosophie ADG Examen septembre 2007.pdf
6498,1937,Philosophie ADG Examen septembre Réserve 2007.pdf,ESC/2007/A1/Philosophie ADG Examen septembre Réserve 2007.pdf
1938,1935,A2,ESC/2007/A2
6473,1938,Allemand A (Dissertation littéraire) Examen septembre 2007.pdf,ESC/2007/A2/Allemand A (Dissertation littéraire) Examen septembre 2007.pdf
6474,1938,Allemand A Examen septembre 2007.pdf,ESC/2007/A2/Allemand A Examen septembre 2007.pdf
6475,1938,Anglais A (Texte inconnu) Examen septembre 2007.pdf,ESC/2007/A2/Anglais A (Texte inconnu) Examen septembre 2007.pdf
6476,1938,Anglais A (Textes connus) Examen septembre 2007.pdf,ESC/2007/A2/Anglais A (Textes connus) Examen septembre 2007.pdf
6477,1938,Espagnol A Examen septembre 2007.pdf,ESC/2007/A2/Espagnol A Examen septembre 2007.pdf
6478,1938,"Examen de fin d'études Economie générale A, B & C.pdf","ESC/2007/A2/Examen de fin d'études Economie générale A, B & C.pdf"
6479,1938,Français (Analyse de texte) A Examen septembre 2007.pdf,ESC/2007/A2/Français (Analyse de texte) A Examen septembre 2007.pdf
6480,1938,Français A (Dissertation littéraire) Examen septembre 2007.pdf,ESC/2007/A2/Français A (Dissertation littéraire) Examen septembre 2007.pdf
6481,1938,Histoire ABCDG Examen septembre 2007.pdf,ESC/2007/A2/Histoire ABCDG Examen septembre 2007.pdf
6482,1938,Italien A Examen septembre 2007.pdf,ESC/2007/A2/Italien A Examen septembre 2007.pdf
6483,1938,Latin A-G Examen septembre 2007.pdf,ESC/2007/A2/Latin A-G Examen septembre 2007.pdf
6484,1938,Philosophie ADG Examen septembre 2007.pdf,ESC/2007/A2/Philosophie ADG Examen septembre 2007.pdf
6485,1938,Philosophie ADG Examen septembre Réserve 2007.pdf,ESC/2007/A2/Philosophie ADG Examen septembre Réserve 2007.pdf
1939,1935,B,ESC/2007/B
6427,1939,ALLEM_1CB_DE (juin 2007).PDF,ESC/2007/B/ALLEM_1CB_DE (juin 2007).PDF
6428,1939,ALLEM_1CB_DE (repêchage 2007).PDF,ESC/2007/B/ALLEM_1CB_DE (repêchage 2007).PDF
6429,1939,ALLEM_1MB_DE (juin 2007).PDF,ESC/2007/B/ALLEM_1MB_DE (juin 2007).PDF
6430,1939,ALLEM_1MB_DE (repêchage 2007).PDF,ESC/2007/B/ALLEM_1MB_DE (repêchage 2007).PDF
6426,1939,Allemand BCDEFG Examen septembre 2007.pdf,ESC/2007/B/Allemand BCDEFG Examen septembre 2007.pdf
6432,1939,ANGLA_1CB_(juin 2007).PDF,ESC/2007/B/ANGLA_1CB_(juin 2007).PDF
6433,1939,ANGLA_1MB_(juin 2007).PDF,ESC/2007/B/ANGLA_1MB_(juin 2007).PDF
6431,1939,Anglais B-G Examen septembre 2007.pdf,ESC/2007/B/Anglais B-G Examen septembre 2007.pdf
6434,1939,CHIMI_1CB_FR (juin 2007).PDF,ESC/2007/B/CHIMI_1CB_FR (juin 2007).PDF
6435,1939,CHIMI_1CB_FR (repêchage 2007).PDF,ESC/2007/B/CHIMI_1CB_FR (repêchage 2007).PDF
6436,1939,CHIMI_1MB_FR (juin 2007).PDF,ESC/2007/B/CHIMI_1MB_FR (juin 2007).PDF
6437,1939,CHIMI_1MB_FR (repêchage 2007).PDF,ESC/2007/B/CHIMI_1MB_FR (repêchage 2007).PDF
6438,1939,ECOGE_1CB_FR (juin 2007).PDF,ESC/2007/B/ECOGE_1CB_FR (juin 2007).PDF
6439,1939,ECOGE_1MB_FR (juin 2007).PDF,ESC/2007/B/ECOGE_1MB_FR (juin 2007).PDF
6440,1939,Examen de fin d'études Chimie BC.pdf,ESC/2007/B/Examen de fin d'études Chimie BC.pdf
6441,1939,"Examen de fin d'études Economie générale A, B & C.pdf","ESC/2007/B/Examen de fin d'études Economie générale A, B & C.pdf"
6442,1939,Examen de fin d'études Français B-G.pdf,ESC/2007/B/Examen de fin d'études Français B-G.pdf
6443,1939,Examen de fin d'études Informatique B partie pratique.pdf,ESC/2007/B/Examen de fin d'études Informatique B partie pratique.pdf
6444,1939,Examen de fin d'études Informatique B partie théorique.pdf,ESC/2007/B/Examen de fin d'études Informatique B partie théorique.pdf
6445,1939,Examen de fin d'études Math II sec. B.pdf,ESC/2007/B/Examen de fin d'études Math II sec. B.pdf
6446,1939,Examen de fin d'études Mathématiques I sec. B.pdf,ESC/2007/B/Examen de fin d'études Mathématiques I sec. B.pdf
6447,1939,Examen de fin d'études Physique BC.pdf,ESC/2007/B/Examen de fin d'études Physique BC.pdf
6448,1939,FRANC_1CB_FR (juin 2007).PDF,ESC/2007/B/FRANC_1CB_FR (juin 2007).PDF
6449,1939,FRANC_1CB_FR (repêchage 2007).PDF,ESC/2007/B/FRANC_1CB_FR (repêchage 2007).PDF
6450,1939,FRANC_1MB_FR (juin 2007).PDF,ESC/2007/B/FRANC_1MB_FR (juin 2007).PDF
6451,1939,FRANC_1MB_FR (repêchage 2007).PDF,ESC/2007/B/FRANC_1MB_FR (repêchage 2007).PDF
6453,1939,HISTO_1CB_FR (juin 2007).PDF,ESC/2007/B/HISTO_1CB_FR (juin 2007).PDF
6454,1939,HISTO_1CB_FR (repêchage 2007).PDF,ESC/2007/B/HISTO_1CB_FR (repêchage 2007).PDF
6455,1939,HISTO_1MB_FR (juin 2007).PDF,ESC/2007/B/HISTO_1MB_FR (juin 2007).PDF
6456,1939,HISTO_1MB_FR (repêchage 2007).PDF,ESC/2007/B/HISTO_1MB_FR (repêchage 2007).PDF
6452,1939,Histoire ABCDG Examen septembre 2007.pdf,ESC/2007/B/Histoire ABCDG Examen septembre 2007.pdf
6457,1939,INFOR_1CB_FR (juin 2007).PDF,ESC/2007/B/INFOR_1CB_FR (juin 2007).PDF
6458,1939,INFOR_1MB_FR (juin 2007).PDF,ESC/2007/B/INFOR_1MB_FR (juin 2007).PDF
6459,1939,Latin A-G Examen septembre 2007.pdf,ESC/2007/B/Latin A-G Examen septembre 2007.pdf
6460,1939,LATIN_1CB_LA (juin 2007) .PDF,ESC/2007/B/LATIN_1CB_LA (juin 2007) .PDF
6461,1939,MATH1_1CB_FR (juin 2007).PDF,ESC/2007/B/MATH1_1CB_FR (juin 2007).PDF
6462,1939,MATH1_1MB_FR (juin 2007).PDF,ESC/2007/B/MATH1_1MB_FR (juin 2007).PDF
6463,1939,MATH2_1CB_FR (juin 2007).PDF,ESC/2007/B/MATH2_1CB_FR (juin 2007).PDF
6464,1939,MATH2_1MB_FR (juin 2007).PDF,ESC/2007/B/MATH2_1MB_FR (juin 2007).PDF
6465,1939,"PHILO_1CB_FR,DE (juin 2007).PDF","ESC/2007/B/PHILO_1CB_FR,DE (juin 2007).PDF"
6466,1939,"PHILO_1CB_FR,DE (repêchage 2007).PDF","ESC/2007/B/PHILO_1CB_FR,DE (repêchage 2007).PDF"
6467,1939,"PHILO_1MB_FR,DE (juin 2007).PDF","ESC/2007/B/PHILO_1MB_FR,DE (juin 2007).PDF"
6468,1939,"PHILO_1MB_FR,DE (repêchage 2007).PDF","ESC/2007/B/PHILO_1MB_FR,DE (repêchage 2007).PDF"
6469,1939,PHYSI_1CB_FR (juin 2007).PDF,ESC/2007/B/PHYSI_1CB_FR (juin 2007).PDF
6470,1939,PHYSI_1CB_FR (repêchage 2007).PDF,ESC/2007/B/PHYSI_1CB_FR (repêchage 2007).PDF
6471,1939,PHYSI_1MB_FR (juin 2007).PDF,ESC/2007/B/PHYSI_1MB_FR (juin 2007).PDF
6472,1939,PHYSI_1MB_FR (repêchage 2007).PDF,ESC/2007/B/PHYSI_1MB_FR (repêchage 2007).PDF
1940,1935,C,ESC/2007/C
6380,1940,ALLEM_1CC_DE (juin 2007).PDF,ESC/2007/C/ALLEM_1CC_DE (juin 2007).PDF
6381,1940,ALLEM_1CC_DE (repêchage 2007).PDF,ESC/2007/C/ALLEM_1CC_DE (repêchage 2007).PDF
6382,1940,ALLEM_1MC_DE (juin 2007).PDF,ESC/2007/C/ALLEM_1MC_DE (juin 2007).PDF
6383,1940,ALLEM_1MC_DE (repêchage 2007).PDF,ESC/2007/C/ALLEM_1MC_DE (repêchage 2007).PDF
6379,1940,Allemand BCDEFG Examen septembre 2007.pdf,ESC/2007/C/Allemand BCDEFG Examen septembre 2007.pdf
6385,1940,ANGLA_1CC_(juin 2007).PDF,ESC/2007/C/ANGLA_1CC_(juin 2007).PDF
6386,1940,ANGLA_1MC_(juin 2007).PDF,ESC/2007/C/ANGLA_1MC_(juin 2007).PDF
6384,1940,Anglais B-G Examen septembre 2007.pdf,ESC/2007/C/Anglais B-G Examen septembre 2007.pdf
6387,1940,BIOLO_1CC_FR (juin 2007).PDF,ESC/2007/C/BIOLO_1CC_FR (juin 2007).PDF
6388,1940,BIOLO_1MC_FR (juin 2007).PDF,ESC/2007/C/BIOLO_1MC_FR (juin 2007).PDF
6389,1940,CHIMI_1CC_FR (juin 2007).PDF,ESC/2007/C/CHIMI_1CC_FR (juin 2007).PDF
6390,1940,CHIMI_1CC_FR (repêchage 2007).PDF,ESC/2007/C/CHIMI_1CC_FR (repêchage 2007).PDF
6391,1940,CHIMI_1MC_FR (juin 2007).PDF,ESC/2007/C/CHIMI_1MC_FR (juin 2007).PDF
6392,1940,CHIMI_1MC_FR (repêchage 2007).PDF,ESC/2007/C/CHIMI_1MC_FR (repêchage 2007).PDF
6393,1940,ECOGE_1CC_FR (juin 2007).PDF,ESC/2007/C/ECOGE_1CC_FR (juin 2007).PDF
6394,1940,ECOGE_1MC_FR (juin 2007).PDF,ESC/2007/C/ECOGE_1MC_FR (juin 2007).PDF
6395,1940,Examen de fin d'études Biologie C.pdf,ESC/2007/C/Examen de fin d'études Biologie C.pdf
6396,1940,Examen de fin d'études Chimie BC.pdf,ESC/2007/C/Examen de fin d'études Chimie BC.pdf
6397,1940,"Examen de fin d'études Economie générale A, B & C.pdf","ESC/2007/C/Examen de fin d'études Economie générale A, B & C.pdf"
6398,1940,Examen de fin d'études Français B-G.pdf,ESC/2007/C/Examen de fin d'études Français B-G.pdf
6399,1940,Examen de fin d'études Mathématiques I sec. C.pdf,ESC/2007/C/Examen de fin d'études Mathématiques I sec. C.pdf
6400,1940,Examen de fin d'études Mathématiques II sec. C et D.pdf,ESC/2007/C/Examen de fin d'études Mathématiques II sec. C et D.pdf
6401,1940,Examen de fin d'études Physique BC.pdf,ESC/2007/C/Examen de fin d'études Physique BC.pdf
6402,1940,FRANC_1CC_FR (juin 2007).PDF,ESC/2007/C/FRANC_1CC_FR (juin 2007).PDF
6403,1940,FRANC_1CC_FR (repêchage 2007).PDF,ESC/2007/C/FRANC_1CC_FR (repêchage 2007).PDF
6404,1940,FRANC_1MC_FR (juin 2007).PDF,ESC/2007/C/FRANC_1MC_FR (juin 2007).PDF
6405,1940,FRANC_1MC_FR (repêchage 2007).PDF,ESC/2007/C/FRANC_1MC_FR (repêchage 2007).PDF
6406,1940,HISTO_1CC_FR (juin 2007).PDF,ESC/2007/C/HISTO_1CC_FR (juin 2007).PDF
6407,1940,HISTO_1CC_FR (repêchage 2007).PDF,ESC/2007/C/HISTO_1CC_FR (repêchage 2007).PDF
6408,1940,HISTO_1MC_FR (juin 2007).PDF,ESC/2007/C/HISTO_1MC_FR (juin 2007).PDF
6409,1940,HISTO_1MC_FR (repêchage 2007).PDF,ESC/2007/C/HISTO_1MC_FR (repêchage 2007).PDF
6410,1940,LATIN_1CC_LA (juin 2007).PDF,ESC/2007/C/LATIN_1CC_LA (juin 2007).PDF
6411,1940,MATH1_1CC_FR (juin 2007).PDF,ESC/2007/C/MATH1_1CC_FR (juin 2007).PDF
6412,1940,MATH1_1MC_FR (juin 2007).PDF,ESC/2007/C/MATH1_1MC_FR (juin 2007).PDF
6413,1940,MATH2_1CC_FR (juin 2007).PDF,ESC/2007/C/MATH2_1CC_FR (juin 2007).PDF
6414,1940,MATH2_1CC_FR (repêchages 2007).PDF,ESC/2007/C/MATH2_1CC_FR (repêchages 2007).PDF
6415,1940,MATH2_1MC_FR (juin 2007).PDF,ESC/2007/C/MATH2_1MC_FR (juin 2007).PDF
6416,1940,MATH2_1MC_FR (repêchages 2007).PDF,ESC/2007/C/MATH2_1MC_FR (repêchages 2007).PDF
6417,1940,"PHILO_1CC_FR,DE (juin 2007).PDF","ESC/2007/C/PHILO_1CC_FR,DE (juin 2007).PDF"
6418,1940,"PHILO_1CC_FR,DE (repêchage 2007).PDF","ESC/2007/C/PHILO_1CC_FR,DE (repêchage 2007).PDF"
6419,1940,"PHILO_1MC_FR,DE (juin 2007).PDF","ESC/2007/C/PHILO_1MC_FR,DE (juin 2007).PDF"
6420,1940,"PHILO_1MC_FR,DE (repêchage 2007).PDF","ESC/2007/C/PHILO_1MC_FR,DE (repêchage 2007).PDF"
6421,1940,PHYSI_1CC_FR (juin 2007).PDF,ESC/2007/C/PHYSI_1CC_FR (juin 2007).PDF
6422,1940,PHYSI_1CC_FR (repêchage 2007).PDF,ESC/2007/C/PHYSI_1CC_FR (repêchage 2007).PDF
6423,1940,PHYSI_1MC_FR (juin 2007).PDF,ESC/2007/C/PHYSI_1MC_FR (juin 2007).PDF
6424,1940,PHYSI_1MC_FR (repêchage 2007).PDF,ESC/2007/C/PHYSI_1MC_FR (repêchage 2007).PDF
6425,1940,Questionnaires_1C (septembre 2007).zip,ESC/2007/C/Questionnaires_1C (septembre 2007).zip
1941,1935,D,ESC/2007/D
6341,1941,ALLEM_1CD_DE (juin 2007).PDF,ESC/2007/D/ALLEM_1CD_DE (juin 2007).PDF
6342,1941,ALLEM_1CD_DE (repêchage 2007).PDF,ESC/2007/D/ALLEM_1CD_DE (repêchage 2007).PDF
6343,1941,ALLEM_1MD_DE (juin 2007).PDF,ESC/2007/D/ALLEM_1MD_DE (juin 2007).PDF
6344,1941,ALLEM_1MD_DE (repêchage 2007).PDF,ESC/2007/D/ALLEM_1MD_DE (repêchage 2007).PDF
6345,1941,ANGLA_1CD_(juin 2007).PDF,ESC/2007/D/ANGLA_1CD_(juin 2007).PDF
6346,1941,ANGLA_1MD_(juin 2007).PDF,ESC/2007/D/ANGLA_1MD_(juin 2007).PDF
6347,1941,ECOPO_1CD_FR (juin 2007).PDF,ESC/2007/D/ECOPO_1CD_FR (juin 2007).PDF
6348,1941,ECOPO_1MD_FR (juin 2007).PDF,ESC/2007/D/ECOPO_1MD_FR (juin 2007).PDF
6349,1941,ECOST_1CD_FR (juin 2007).PDF,ESC/2007/D/ECOST_1CD_FR (juin 2007).PDF
6350,1941,ECOST_1CD_FR (repêchage 2007).PDF,ESC/2007/D/ECOST_1CD_FR (repêchage 2007).PDF
6351,1941,ECOST_1MD_FR (juin 2007).PDF,ESC/2007/D/ECOST_1MD_FR (juin 2007).PDF
6352,1941,ECOST_1MD_FR (repêchage 2007).PDF,ESC/2007/D/ECOST_1MD_FR (repêchage 2007).PDF
6353,1941,FRANC_1CD_FR (juin 2007).PDF,ESC/2007/D/FRANC_1CD_FR (juin 2007).PDF
6354,1941,FRANC_1CD_FR (repêchage 2007).PDF,ESC/2007/D/FRANC_1CD_FR (repêchage 2007).PDF
6355,1941,FRANC_1MD_FR (juin 2007).PDF,ESC/2007/D/FRANC_1MD_FR (juin 2007).PDF
6356,1941,FRANC_1MD_FR (repêchage 2007).PDF,ESC/2007/D/FRANC_1MD_FR (repêchage 2007).PDF
6357,1941,HISTO_1CD_FR (juin 2007).PDF,ESC/2007/D/HISTO_1CD_FR (juin 2007).PDF
6358,1941,HISTO_1CD_FR (repêchage 2007).PDF,ESC/2007/D/HISTO_1CD_FR (repêchage 2007).PDF
6359,1941,HISTO_1MD_FR (juin 2007).PDF,ESC/2007/D/HISTO_1MD_FR (juin 2007).PDF
6360,1941,HISTO_1MD_FR (repêchage 2007).PDF,ESC/2007/D/HISTO_1MD_FR (repêchage 2007).PDF
6361,1941,LATIN_1CD_LA (juin 2007).PDF,ESC/2007/D/LATIN_1CD_LA (juin 2007).PDF
6362,1941,MATH1_1CD_FR (juin 2007) .PDF,ESC/2007/D/MATH1_1CD_FR (juin 2007) .PDF
6363,1941,MATH1_1CD_FR (repêchage 2007).PDF,ESC/2007/D/MATH1_1CD_FR (repêchage 2007).PDF
6364,1941,MATH1_1MD_FR (juin 2007).PDF,ESC/2007/D/MATH1_1MD_FR (juin 2007).PDF
6365,1941,MATH1_1MD_FR (repêchage 2007).PDF,ESC/2007/D/MATH1_1MD_FR (repêchage 2007).PDF
6366,1941,MATH2_1CD_FR (juin 2007).PDF,ESC/2007/D/MATH2_1CD_FR (juin 2007).PDF
6367,1941,MATH2_1CD_FR (repêchages 2007).PDF,ESC/2007/D/MATH2_1CD_FR (repêchages 2007).PDF
6368,1941,MATH2_1MD_FR (juin 2007).PDF,ESC/2007/D/MATH2_1MD_FR (juin 2007).PDF
6369,1941,MATH2_1MD_FR (repêchages 2007).PDF,ESC/2007/D/MATH2_1MD_FR (repêchages 2007).PDF
6370,1941,"PHILO_1CD_FR,DE (juin 2007).PDF","ESC/2007/D/PHILO_1CD_FR,DE (juin 2007).PDF"
6371,1941,"PHILO_1CD_FR,DE (repêchage 2007).PDF","ESC/2007/D/PHILO_1CD_FR,DE (repêchage 2007).PDF"
6372,1941,"PHILO_1MD_FR,DE (juin 2007).PDF","ESC/2007/D/PHILO_1MD_FR,DE (juin 2007).PDF"
6373,1941,"PHILO_1MD_FR,DE (repêchage 2007).PDF","ESC/2007/D/PHILO_1MD_FR,DE (repêchage 2007).PDF"
6374,1941,Questionnaires_1D (septembre 2007).zip,ESC/2007/D/Questionnaires_1D (septembre 2007).zip
6375,1941,SOCCO_1CD_FR (juin 2007).PDF,ESC/2007/D/SOCCO_1CD_FR (juin 2007).PDF
6376,1941,SOCCO_1CD_FR (repêchage 2007).PDF,ESC/2007/D/SOCCO_1CD_FR (repêchage 2007).PDF
6377,1941,SOCCO_1MD_FR (juin 2007).PDF,ESC/2007/D/SOCCO_1MD_FR (juin 2007).PDF
6378,1941,SOCCO_1MD_FR (repêchage 2007).PDF,ESC/2007/D/SOCCO_1MD_FR (repêchage 2007).PDF
1942,1935,E,ESC/2007/E
6315,1942,ALLEM_1CE_DE (juin 2007).PDF,ESC/2007/E/ALLEM_1CE_DE (juin 2007).PDF
6316,1942,ALLEM_1CE_DE (repêchage 2007).PDF,ESC/2007/E/ALLEM_1CE_DE (repêchage 2007).PDF
6317,1942,ALLEM_1ME_DE (juin 2007).PDF,ESC/2007/E/ALLEM_1ME_DE (juin 2007).PDF
6318,1942,ALLEM_1ME_DE (repêchage 2007).PDF,ESC/2007/E/ALLEM_1ME_DE (repêchage 2007).PDF
6319,1942,ANGLA_1CE_(juin 2007).PDF,ESC/2007/E/ANGLA_1CE_(juin 2007).PDF
6320,1942,ANGLA_1ME_(juin 2007).PDF,ESC/2007/E/ANGLA_1ME_(juin 2007).PDF
6321,1942,ARPLA_1CE_FR (juin 2007) projet.PDF,ESC/2007/E/ARPLA_1CE_FR (juin 2007) projet.PDF
6322,1942,ARPLA_1ME_FR (juin 2007) projet.PDF,ESC/2007/E/ARPLA_1ME_FR (juin 2007) projet.PDF
6323,1942,EDAR2_1CE_FR (juin 2007).PDF,ESC/2007/E/EDAR2_1CE_FR (juin 2007).PDF
6324,1942,EDAR2_1ME_FR (juin 2007).PDF,ESC/2007/E/EDAR2_1ME_FR (juin 2007).PDF
6325,1942,EDAR3_1CE_DE (juin 2007) histoire de l'art.PDF,ESC/2007/E/EDAR3_1CE_DE (juin 2007) histoire de l'art.PDF
6326,1942,EDAR3_1ME_DE (juin 2007) histoire de l'art.PDF,ESC/2007/E/EDAR3_1ME_DE (juin 2007) histoire de l'art.PDF
6327,1942,FRANC_1CE_FR (juin 2007).PDF,ESC/2007/E/FRANC_1CE_FR (juin 2007).PDF
6328,1942,FRANC_1CE_FR (repêchage 2007).PDF,ESC/2007/E/FRANC_1CE_FR (repêchage 2007).PDF
6329,1942,FRANC_1ME_FR (juin 2007).PDF,ESC/2007/E/FRANC_1ME_FR (juin 2007).PDF
6330,1942,FRANC_1ME_FR (repêchage 2007).PDF,ESC/2007/E/FRANC_1ME_FR (repêchage 2007).PDF
6331,1942,LATIN_1CE_LA (juin 2007).PDF,ESC/2007/E/LATIN_1CE_LA (juin 2007).PDF
6332,1942,MATHE_1CE_FR (juin 2007).PDF,ESC/2007/E/MATHE_1CE_FR (juin 2007).PDF
6333,1942,MATHE_1CE_FR (repêchage 2007).PDF,ESC/2007/E/MATHE_1CE_FR (repêchage 2007).PDF
6334,1942,MATHE_1ME_FR (juin 2007).PDF,ESC/2007/E/MATHE_1ME_FR (juin 2007).PDF
6335,1942,MATHE_1ME_FR (repêchage 2007).PDF,ESC/2007/E/MATHE_1ME_FR (repêchage 2007).PDF
6336,1942,MUHIS_1CE_DE (juin 2007).PDF,ESC/2007/E/MUHIS_1CE_DE (juin 2007).PDF
6337,1942,MUHIS_1ME_DE (juin 2007).PDF,ESC/2007/E/MUHIS_1ME_DE (juin 2007).PDF
6338,1942,"PHILO_1CE_FR,DE (juin 2007).PDF","ESC/2007/E/PHILO_1CE_FR,DE (juin 2007).PDF"
6339,1942,"PHILO_1ME_FR,DE (juin 2007).PDF","ESC/2007/E/PHILO_1ME_FR,DE (juin 2007).PDF"
6340,1942,Questionnaires_1E (septembre 2007).zip,ESC/2007/E/Questionnaires_1E (septembre 2007).zip
1943,1935,F,ESC/2007/F
6288,1943,ALLEM_1CF_DE (juin 2007).PDF,ESC/2007/F/ALLEM_1CF_DE (juin 2007).PDF
6289,1943,ALLEM_1CF_DE (repêchage 2007).PDF,ESC/2007/F/ALLEM_1CF_DE (repêchage 2007).PDF
6290,1943,ALLEM_1MF_DE (juin 2007).PDF,ESC/2007/F/ALLEM_1MF_DE (juin 2007).PDF
6291,1943,ALLEM_1MF_DE (repêchage 2007).PDF,ESC/2007/F/ALLEM_1MF_DE (repêchage 2007).PDF
6292,1943,ANGLA_1CF_(juin 2007).PDF,ESC/2007/F/ANGLA_1CF_(juin 2007).PDF
6293,1943,ANGLA_1MF_(juin 2007).PDF,ESC/2007/F/ANGLA_1MF_(juin 2007).PDF
6294,1943,EDART_1CF_DE (juin 2007).PDF,ESC/2007/F/EDART_1CF_DE (juin 2007).PDF
6295,1943,EDART_1CF_DE (repêchage 2007).PDF,ESC/2007/F/EDART_1CF_DE (repêchage 2007).PDF
6296,1943,EDART_1MF_DE (juin 2007).PDF,ESC/2007/F/EDART_1MF_DE (juin 2007).PDF
6297,1943,EDART_1MF_DE (repêchage 2007).PDF,ESC/2007/F/EDART_1MF_DE (repêchage 2007).PDF
6298,1943,EDMU1_1CF_DE (juin 2007) analyse musicale.PDF,ESC/2007/F/EDMU1_1CF_DE (juin 2007) analyse musicale.PDF
6299,1943,EDMU1_1CF_DE (juin 2007) théorie.PDF,ESC/2007/F/EDMU1_1CF_DE (juin 2007) théorie.PDF
6300,1943,EDMU1_1MF_DE (juin 2007) analyse musicale.PDF,ESC/2007/F/EDMU1_1MF_DE (juin 2007) analyse musicale.PDF
6301,1943,EDMU2_1CF_DE (juin 2007).PDF,ESC/2007/F/EDMU2_1CF_DE (juin 2007).PDF
6302,1943,EDMU2_1MF_DE (juin 2007).PDF,ESC/2007/F/EDMU2_1MF_DE (juin 2007).PDF
6303,1943,FRANC_1CF_FR (juin 2007).PDF,ESC/2007/F/FRANC_1CF_FR (juin 2007).PDF
6304,1943,FRANC_1CF_FR (repêchage 2007).PDF,ESC/2007/F/FRANC_1CF_FR (repêchage 2007).PDF
6305,1943,FRANC_1MF_FR (juin 2007).PDF,ESC/2007/F/FRANC_1MF_FR (juin 2007).PDF
6306,1943,FRANC_1MF_FR (repêchage 2007).PDF,ESC/2007/F/FRANC_1MF_FR (repêchage 2007).PDF
6307,1943,LATIN_1CF_LA (juin 2007).PDF,ESC/2007/F/LATIN_1CF_LA (juin 2007).PDF
6308,1943,MATHE_1CF_FR (juin 2007).PDF,ESC/2007/F/MATHE_1CF_FR (juin 2007).PDF
6309,1943,MATHE_1CF_FR (repêchage 2007).PDF,ESC/2007/F/MATHE_1CF_FR (repêchage 2007).PDF
6310,1943,MATHE_1MF_FR (juin 2007).PDF,ESC/2007/F/MATHE_1MF_FR (juin 2007).PDF
6311,1943,MATHE_1MF_FR (repêchage 2007).PDF,ESC/2007/F/MATHE_1MF_FR (repêchage 2007).PDF
6312,1943,"PHILO_1CF_FR,DE (juin 2007).PDF","ESC/2007/F/PHILO_1CF_FR,DE (juin 2007).PDF"
6313,1943,"PHILO_1MF_FR,DE (juin 2007).PDF","ESC/2007/F/PHILO_1MF_FR,DE (juin 2007).PDF"
6314,1943,Questionnaires_1F (septembre 2007).zip,ESC/2007/F/Questionnaires_1F (septembre 2007).zip
1944,1935,G,ESC/2007/G
6250,1944,ALLEM_1CG_DE (juin 2007).PDF,ESC/2007/G/ALLEM_1CG_DE (juin 2007).PDF
6251,1944,ALLEM_1CG_DE (repêchage 2007).PDF,ESC/2007/G/ALLEM_1CG_DE (repêchage 2007).PDF
6252,1944,ALLEM_1MG_DE (juin 2007).PDF,ESC/2007/G/ALLEM_1MG_DE (juin 2007).PDF
6253,1944,ALLEM_1MG_DE (repêchage 2007).PDF,ESC/2007/G/ALLEM_1MG_DE (repêchage 2007).PDF
6254,1944,ANGLA_1CG_(juin 2007).PDF,ESC/2007/G/ANGLA_1CG_(juin 2007).PDF
6255,1944,ANGLA_1MG_(juin 2007).PDF,ESC/2007/G/ANGLA_1MG_(juin 2007).PDF
6256,1944,ECOPO_1CG_FR (juin 2007).PDF,ESC/2007/G/ECOPO_1CG_FR (juin 2007).PDF
6257,1944,ECOPO_1CG_FR (repêchage 2007).PDF,ESC/2007/G/ECOPO_1CG_FR (repêchage 2007).PDF
6258,1944,ECOPO_1MG_FR (juin 2007).PDF,ESC/2007/G/ECOPO_1MG_FR (juin 2007).PDF
6259,1944,ECOPO_1MG_FR (repêchage 2007).PDF,ESC/2007/G/ECOPO_1MG_FR (repêchage 2007).PDF
6260,1944,EDART_1CG_DE (juin 2007).PDF,ESC/2007/G/EDART_1CG_DE (juin 2007).PDF
6261,1944,EDART_1CG_DE (repêchage 2007).PDF,ESC/2007/G/EDART_1CG_DE (repêchage 2007).PDF
6262,1944,EDART_1MG_DE (juin 2007).PDF,ESC/2007/G/EDART_1MG_DE (juin 2007).PDF
6263,1944,FRANC_1CG_FR (juin 2007).PDF,ESC/2007/G/FRANC_1CG_FR (juin 2007).PDF
6264,1944,FRANC_1CG_FR (repêchage 2007).PDF,ESC/2007/G/FRANC_1CG_FR (repêchage 2007).PDF
6265,1944,FRANC_1MG_FR (juin 2007).PDF,ESC/2007/G/FRANC_1MG_FR (juin 2007).PDF
6266,1944,FRANC_1MG_FR (repêchage 2007).PDF,ESC/2007/G/FRANC_1MG_FR (repêchage 2007).PDF
6267,1944,GEOGR_1CG_FR (juin 2007) .PDF,ESC/2007/G/GEOGR_1CG_FR (juin 2007) .PDF
6268,1944,GEOGR_1CG_FR (repêchage 2007).PDF,ESC/2007/G/GEOGR_1CG_FR (repêchage 2007).PDF
6269,1944,GEOGR_1MG_FR (juin 2007) .PDF,ESC/2007/G/GEOGR_1MG_FR (juin 2007) .PDF
6270,1944,GEOGR_1MG_FR (repêchage 2007).PDF,ESC/2007/G/GEOGR_1MG_FR (repêchage 2007).PDF
6271,1944,HISTO_1CG_FR (juin 2007).PDF,ESC/2007/G/HISTO_1CG_FR (juin 2007).PDF
6272,1944,HISTO_1CG_FR (repêchage 2007).PDF,ESC/2007/G/HISTO_1CG_FR (repêchage 2007).PDF
6273,1944,HISTO_1MG_FR (juin 2007).PDF,ESC/2007/G/HISTO_1MG_FR (juin 2007).PDF
6274,1944,HISTO_1MG_FR (repêchage 2007).PDF,ESC/2007/G/HISTO_1MG_FR (repêchage 2007).PDF
6275,1944,LATIN_1CG_LA (juin 2007).PDF,ESC/2007/G/LATIN_1CG_LA (juin 2007).PDF
6276,1944,MATHE_1CG_FR (juin 2007).PDF,ESC/2007/G/MATHE_1CG_FR (juin 2007).PDF
6277,1944,MATHE_1CG_FR (repêchage 2007).PDF,ESC/2007/G/MATHE_1CG_FR (repêchage 2007).PDF
6278,1944,MATHE_1MG_FR (juin 2007).PDF,ESC/2007/G/MATHE_1MG_FR (juin 2007).PDF
6279,1944,MATHE_1MG_FR (repêchage 2007).PDF,ESC/2007/G/MATHE_1MG_FR (repêchage 2007).PDF
6280,1944,"PHILO_1CG_FR,DE (juin 2007).PDF","ESC/2007/G/PHILO_1CG_FR,DE (juin 2007).PDF"
6281,1944,"PHILO_1CG_FR,DE (repêchage 2007).PDF","ESC/2007/G/PHILO_1CG_FR,DE (repêchage 2007).PDF"
6282,1944,"PHILO_1MG_FR,DE (juin 2007).PDF","ESC/2007/G/PHILO_1MG_FR,DE (juin 2007).PDF"
6283,1944,"PHILO_1MG_FR,DE (repêchage 2007).PDF","ESC/2007/G/PHILO_1MG_FR,DE (repêchage 2007).PDF"
6284,1944,SCSOC_1CG_FR (juin 2007).PDF,ESC/2007/G/SCSOC_1CG_FR (juin 2007).PDF
6285,1944,SCSOC_1CG_FR (repêchage 2007).PDF,ESC/2007/G/SCSOC_1CG_FR (repêchage 2007).PDF
6286,1944,SCSOC_1MG_FR (juin 2007).PDF,ESC/2007/G/SCSOC_1MG_FR (juin 2007).PDF
6287,1944,SCSOC_1MG_FR (repêchage 2007).PDF,ESC/2007/G/SCSOC_1MG_FR (repêchage 2007).PDF
1945,1920,2008,ESC/2008
1946,1945,A,ESC/2008/A
6238,1946,1A_allemand_analyse de texte_allemand.pdf,ESC/2008/A/1A_allemand_analyse de texte_allemand.pdf
6239,1946,1A_allemand_dissertation littéraire bis_allemand.pdf,ESC/2008/A/1A_allemand_dissertation littéraire bis_allemand.pdf
6240,1946,1A_allemand_dissertation littéraire_allemand.pdf,ESC/2008/A/1A_allemand_dissertation littéraire_allemand.pdf
6241,1946,1A_anglais_ texte inconnu bis_anglais.pdf,ESC/2008/A/1A_anglais_ texte inconnu bis_anglais.pdf
6242,1946,1A_anglais_anglais.pdf,ESC/2008/A/1A_anglais_anglais.pdf
6243,1946,1A_anglais_texte inconnu_anglais.pdf,ESC/2008/A/1A_anglais_texte inconnu_anglais.pdf
6244,1946,1A_espangnol_espagnol.pdf,ESC/2008/A/1A_espangnol_espagnol.pdf
6245,1946,1A_français_dissertation littéraire_français.pdf,ESC/2008/A/1A_français_dissertation littéraire_français.pdf
6246,1946,1A_français_français.pdf,ESC/2008/A/1A_français_français.pdf
6247,1946,1A_français_texte inconnu_français.pdf,ESC/2008/A/1A_français_texte inconnu_français.pdf
6248,1946,1A_italien bis_italien.pdf,ESC/2008/A/1A_italien bis_italien.pdf
6249,1946,1A_itlaien_italien.pdf,ESC/2008/A/1A_itlaien_italien.pdf
6234,1946,1A-B-C_économie générale bis_français.pdf,ESC/2008/A/1A-B-C_économie générale bis_français.pdf
6235,1946,1A-B-C_économie générale_français.pdf,ESC/2008/A/1A-B-C_économie générale_français.pdf
6232,1946,1A-B-C-D-G_histoire bis_français.pdf,ESC/2008/A/1A-B-C-D-G_histoire bis_français.pdf
6233,1946,1A-B-C-D-G_histoire_français.pdf,ESC/2008/A/1A-B-C-D-G_histoire_français.pdf
6236,1946,1A-D-G philo_français.pdf,ESC/2008/A/1A-D-G philo_français.pdf
6237,1946,1A-D-G_philosophie_français.pdf,ESC/2008/A/1A-D-G_philosophie_français.pdf
1947,1945,B,ESC/2008/B
6231,1947,1B_juin2008.zip,ESC/2008/B/1B_juin2008.zip
1948,1945,C,ESC/2008/C
6230,1948,1C_juin2008.zip,ESC/2008/C/1C_juin2008.zip
1949,1945,D,ESC/2008/D
6229,1949,1D_juin2008.zip,ESC/2008/D/1D_juin2008.zip
1950,1945,E,ESC/2008/E
6228,1950,1E_juin2008.zip,ESC/2008/E/1E_juin2008.zip
1951,1945,F,ESC/2008/F
6227,1951,1F_juin2008.zip,ESC/2008/F/1F_juin2008.zip
1952,1945,G,ESC/2008/G
6208,1952,1A-B-C-D-G_histoire bis_français.pdf,ESC/2008/G/1A-B-C-D-G_histoire bis_français.pdf
6209,1952,1A-B-C-D-G_histoire_français.pdf,ESC/2008/G/1A-B-C-D-G_histoire_français.pdf
6210,1952,1A-D-G philo_français.pdf,ESC/2008/G/1A-D-G philo_français.pdf
6211,1952,1A-D-G_philosophie_français.pdf,ESC/2008/G/1A-D-G_philosophie_français.pdf
6212,1952,1B-C-D-E-F-G_allemand bis_allemand.pdf,ESC/2008/G/1B-C-D-E-F-G_allemand bis_allemand.pdf
6213,1952,1B-C-D-E-F-G_allemand_allemand.pdf,ESC/2008/G/1B-C-D-E-F-G_allemand_allemand.pdf
6214,1952,1B-G_anglais_anglais.pdf,ESC/2008/G/1B-G_anglais_anglais.pdf
6215,1952,1B-G_français_FRANçais.pdf,ESC/2008/G/1B-G_français_FRANçais.pdf
6217,1952,1e-f-g_mathématiques bis_français.pdf,ESC/2008/G/1e-f-g_mathématiques bis_français.pdf
6216,1952,1E-F-G_mathematiques_français.pdf,ESC/2008/G/1E-F-G_mathematiques_français.pdf
6218,1952,1F-G_éducation artistique_allemand.pdf,ESC/2008/G/1F-G_éducation artistique_allemand.pdf
6219,1952,1F-G_éducation musicale bis_allemand.pdf,ESC/2008/G/1F-G_éducation musicale bis_allemand.pdf
6221,1952,1G_ géographie bis_.pdf,ESC/2008/G/1G_ géographie bis_.pdf
6223,1952,1G_eco pol_français.pdf,ESC/2008/G/1G_eco pol_français.pdf
6222,1952,1G_eco poli_français.pdf,ESC/2008/G/1G_eco poli_français.pdf
6224,1952,1G_géographie_français.pdf,ESC/2008/G/1G_géographie_français.pdf
6220,1952,1G-sciences sociales_français.pdf,ESC/2008/G/1G-sciences sociales_français.pdf
6225,1952,215735-1E-F-G_mathematiques_français.pdf,ESC/2008/G/215735-1E-F-G_mathematiques_français.pdf
6226,1952,215736-1F-G_éducation artistique_allemand.pdf,ESC/2008/G/215736-1F-G_éducation artistique_allemand.pdf
1953,1920,2009,ESC/2009
1954,1953,A,ESC/2009/A
6191,1954,Allemand A_ analyse de texte 2009.pdf,ESC/2009/A/Allemand A_ analyse de texte 2009.pdf
6192,1954,Allemand_dissertation litÇraire 2009.pdf,ESC/2009/A/Allemand_dissertation litÇraire 2009.pdf
6193,1954,Allemand_dissertation litéraire 2009.pdf,ESC/2009/A/Allemand_dissertation litéraire 2009.pdf
6194,1954,Anglais A_texte connu 2009.pdf,ESC/2009/A/Anglais A_texte connu 2009.pdf
6195,1954,Anglais A_texte inconnu 2009.pdf,ESC/2009/A/Anglais A_texte inconnu 2009.pdf
6196,1954,Economie gÇnÇrale ABC 2009.pdf,ESC/2009/A/Economie gÇnÇrale ABC 2009.pdf
6197,1954,Economie générale ABC 2009.pdf,ESC/2009/A/Economie générale ABC 2009.pdf
6198,1954,Espagnol A 2009.pdf,ESC/2009/A/Espagnol A 2009.pdf
6199,1954,Franáais A_analyse de texte 2009.pdf,ESC/2009/A/Franáais A_analyse de texte 2009.pdf
6200,1954,Franáais A_dissertatio littÇraire 2009.pdf,ESC/2009/A/Franáais A_dissertatio littÇraire 2009.pdf
6201,1954,Français A_analyse de texte 2009.pdf,ESC/2009/A/Français A_analyse de texte 2009.pdf
6202,1954,Français A_dissertatio littéraire 2009.pdf,ESC/2009/A/Français A_dissertatio littéraire 2009.pdf
6203,1954,Grec ancien A 2009.pdf,ESC/2009/A/Grec ancien A 2009.pdf
6204,1954,"Histoire A,B,C,D,G 2009.pdf","ESC/2009/A/Histoire A,B,C,D,G 2009.pdf"
6205,1954,Italien A 2009.pdf,ESC/2009/A/Italien A 2009.pdf
6206,1954,Latin ABCDEFG 2009.pdf,ESC/2009/A/Latin ABCDEFG 2009.pdf
6207,1954,"Philosophie A,D,G 2009.pdf","ESC/2009/A/Philosophie A,D,G 2009.pdf"
1955,1953,B,ESC/2009/B
6180,1955,Allemand BCDEFG.pdf,ESC/2009/B/Allemand BCDEFG.pdf
6181,1955,Anglais B-G 2009.pdf,ESC/2009/B/Anglais B-G 2009.pdf
6182,1955,"Chimie B,C 2009.pdf","ESC/2009/B/Chimie B,C 2009.pdf"
6183,1955,Français B-G 20090001.pdf,ESC/2009/B/Français B-G 20090001.pdf
6184,1955,"Histoire A,B,C,D,G 2009.pdf","ESC/2009/B/Histoire A,B,C,D,G 2009.pdf"
6185,1955,Informatique B 2009.pdf,ESC/2009/B/Informatique B 2009.pdf
6186,1955,Latin ABCDEFG 2009.pdf,ESC/2009/B/Latin ABCDEFG 2009.pdf
6187,1955,Mathémathiques I B 2009.pdf,ESC/2009/B/Mathémathiques I B 2009.pdf
6188,1955,Mathématiques II B 2009.pdf,ESC/2009/B/Mathématiques II B 2009.pdf
6189,1955,Philosophie B-C 2009.pdf,ESC/2009/B/Philosophie B-C 2009.pdf
6190,1955,"Physique B,C 2009.pdf","ESC/2009/B/Physique B,C 2009.pdf"
1956,1953,C,ESC/2009/C
6169,1956,Allemand BCDEFG.pdf,ESC/2009/C/Allemand BCDEFG.pdf
6170,1956,Anglais B-G 2009.pdf,ESC/2009/C/Anglais B-G 2009.pdf
6171,1956,Biologie C 2009.pdf,ESC/2009/C/Biologie C 2009.pdf
6172,1956,"Chimie B,C 2009.pdf","ESC/2009/C/Chimie B,C 2009.pdf"
6173,1956,Français B-G 2009.pdf,ESC/2009/C/Français B-G 2009.pdf
6174,1956,"Histoire A,B,C,D,G 2009.pdf","ESC/2009/C/Histoire A,B,C,D,G 2009.pdf"
6175,1956,Latin ABCDEFG 2009.pdf,ESC/2009/C/Latin ABCDEFG 2009.pdf
6177,1956,"Matématiques II C,D 2009.pdf","ESC/2009/C/Matématiques II C,D 2009.pdf"
6176,1956,Mathématiques I C 2009.pdf,ESC/2009/C/Mathématiques I C 2009.pdf
6178,1956,Philosophie B-C 2009.pdf,ESC/2009/C/Philosophie B-C 2009.pdf
6179,1956,"Physique B,C 2009.pdf","ESC/2009/C/Physique B,C 2009.pdf"
1957,1953,D,ESC/2009/D
6158,1957,Allemand BCDEFG.pdf,ESC/2009/D/Allemand BCDEFG.pdf
6159,1957,Anglais B-G 2009.pdf,ESC/2009/D/Anglais B-G 2009.pdf
6160,1957,Economie Politique D 2009.pdf,ESC/2009/D/Economie Politique D 2009.pdf
6161,1957,Français B-G 2009.pdf,ESC/2009/D/Français B-G 2009.pdf
6162,1957,"Histoire A,B,C,D,G 2009.pdf","ESC/2009/D/Histoire A,B,C,D,G 2009.pdf"
6163,1957,Latin ABCDEFG 2009.pdf,ESC/2009/D/Latin ABCDEFG 2009.pdf
6165,1957,"Matématiques II C,D 2009.pdf","ESC/2009/D/Matématiques II C,D 2009.pdf"
6164,1957,Mathématiques I D 2009.pdf,ESC/2009/D/Mathématiques I D 2009.pdf
6166,1957,"Philosophie A,D,G 2009.pdf","ESC/2009/D/Philosophie A,D,G 2009.pdf"
6167,1957,Sociétés commerciales D 2009.pdf,ESC/2009/D/Sociétés commerciales D 2009.pdf
6168,1957,Statistiques et probabilités D 2009.pdf,ESC/2009/D/Statistiques et probabilités D 2009.pdf
1958,1953,E,ESC/2009/E
6148,1958,Allemand BCDEFG.pdf,ESC/2009/E/Allemand BCDEFG.pdf
6149,1958,Anglais B-G 2009.pdf,ESC/2009/E/Anglais B-G 2009.pdf
6152,1958,Education artistique I_Projet.pdf,ESC/2009/E/Education artistique I_Projet.pdf
6151,1958,Education artistique II_Dessin géométrique E 2009.pdf,ESC/2009/E/Education artistique II_Dessin géométrique E 2009.pdf
6150,1958,Education artistique III_Histoire de l'art E 2009.pdf,ESC/2009/E/Education artistique III_Histoire de l'art E 2009.pdf
6153,1958,Français B-G 2009.pdf,ESC/2009/E/Français B-G 2009.pdf
6154,1958,Histoire de la music E 2009.pdf,ESC/2009/E/Histoire de la music E 2009.pdf
6155,1958,Latin ABCDEFG 2009.pdf,ESC/2009/E/Latin ABCDEFG 2009.pdf
6156,1958,"Mathématiques E,F,G 2009.pdf","ESC/2009/E/Mathématiques E,F,G 2009.pdf"
6157,1958,Philosophie EF 2009.pdf,ESC/2009/E/Philosophie EF 2009.pdf
1959,1953,F,ESC/2009/F
6138,1959,Allemand BCDEFG.pdf,ESC/2009/F/Allemand BCDEFG.pdf
6139,1959,Anglais B-G 2009.pdf,ESC/2009/F/Anglais B-G 2009.pdf
6140,1959,"Education artistique F,G 2009.pdf","ESC/2009/F/Education artistique F,G 2009.pdf"
6141,1959,Education musicale I F 2009.pdf,ESC/2009/F/Education musicale I F 2009.pdf
6142,1959,Education musicale II F 2009.pdf,ESC/2009/F/Education musicale II F 2009.pdf
6143,1959,Français B-G 2009.pdf,ESC/2009/F/Français B-G 2009.pdf
6144,1959,Latin ABCDEFG 2009.pdf,ESC/2009/F/Latin ABCDEFG 2009.pdf
6145,1959,"Mathématiques E,F,G 2009.pdf","ESC/2009/F/Mathématiques E,F,G 2009.pdf"
6146,1959,Philosophie EF 2009.pdf,ESC/2009/F/Philosophie EF 2009.pdf
6147,1959,Théorie-analyse harmonique F 2009.pdf,ESC/2009/F/Théorie-analyse harmonique F 2009.pdf
1960,1953,G,ESC/2009/G
6127,1960,Allemand BCDEFG.pdf,ESC/2009/G/Allemand BCDEFG.pdf
6128,1960,Anglais B-G 2009.pdf,ESC/2009/G/Anglais B-G 2009.pdf
6129,1960,Economie politique G 2009.pdf,ESC/2009/G/Economie politique G 2009.pdf
6130,1960,"Education artistique F,G 2009.pdf","ESC/2009/G/Education artistique F,G 2009.pdf"
6131,1960,Français B-G 2009.pdf,ESC/2009/G/Français B-G 2009.pdf
6132,1960,Géographie G 2009.pdf,ESC/2009/G/Géographie G 2009.pdf
6133,1960,"Histoire A,B,C,D,G 2009.pdf","ESC/2009/G/Histoire A,B,C,D,G 2009.pdf"
6134,1960,Latin ABCDEFG 2009.pdf,ESC/2009/G/Latin ABCDEFG 2009.pdf
6135,1960,"Mathématiques E,F,G 2009.pdf","ESC/2009/G/Mathématiques E,F,G 2009.pdf"
6136,1960,"Philosophie A,D,G 2009.pdf","ESC/2009/G/Philosophie A,D,G 2009.pdf"
6137,1960,Sciences sociales G 2009.pdf,ESC/2009/G/Sciences sociales G 2009.pdf
1961,1920,2010,ESC/2010
1962,1961,A,ESC/2010/A
6115,1962,A allemand (analyse de texte).pdf,ESC/2010/A/A allemand (analyse de texte).pdf
6116,1962,A allemand (dissertation littéraire).pdf,ESC/2010/A/A allemand (dissertation littéraire).pdf
6117,1962,A anglais (texte inconnu).pdf,ESC/2010/A/A anglais (texte inconnu).pdf
6118,1962,A espagnol.pdf,ESC/2010/A/A espagnol.pdf
6119,1962,A français (analyse littéraire).pdf,ESC/2010/A/A français (analyse littéraire).pdf
6120,1962,A français (dissertation).pdf,ESC/2010/A/A français (dissertation).pdf
6121,1962,"A,B,C économie générale.pdf","ESC/2010/A/A,B,C économie générale.pdf"
6122,1962,"A,B,C,D,G histoire.pdf","ESC/2010/A/A,B,C,D,G histoire.pdf"
6123,1962,"A,D,G philosophie.pdf","ESC/2010/A/A,D,G philosophie.pdf"
6124,1962,A_anglais__texte_inconnu_.pdf,ESC/2010/A/A_anglais__texte_inconnu_.pdf
6125,1962,A_italien.pdf,ESC/2010/A/A_italien.pdf
6126,1962,TOUTES latin.pdf,ESC/2010/A/TOUTES latin.pdf
1963,1961,B,ESC/2010/B
6102,1963,"A,B,C économie générale.pdf","ESC/2010/B/A,B,C économie générale.pdf"
6103,1963,"A,B,C,D,G histoire.pdf","ESC/2010/B/A,B,C,D,G histoire.pdf"
6104,1963,B informatique.pdf,ESC/2010/B/B informatique.pdf
6105,1963,B mathématiques I.pdf,ESC/2010/B/B mathématiques I.pdf
6106,1963,B mathématiques II.pdf,ESC/2010/B/B mathématiques II.pdf
6107,1963,"B,C chimie.pdf","ESC/2010/B/B,C chimie.pdf"
6108,1963,"B,C philosophie.pdf","ESC/2010/B/B,C philosophie.pdf"
6109,1963,"B,C physique 2.pdf","ESC/2010/B/B,C physique 2.pdf"
6110,1963,"B,C physique.pdf","ESC/2010/B/B,C physique.pdf"
6113,1963,B_C_D_E_F_G_anglais.pdf,ESC/2010/B/B_C_D_E_F_G_anglais.pdf
6111,1963,B-G allemand.pdf,ESC/2010/B/B-G allemand.pdf
6112,1963,"B-G, français.pdf","ESC/2010/B/B-G, français.pdf"
6114,1963,TOUTES latin.pdf,ESC/2010/B/TOUTES latin.pdf
1964,1961,C,ESC/2010/C
6089,1964,"A,B,C économie générale.pdf","ESC/2010/C/A,B,C économie générale.pdf"
6090,1964,"A,B,C,D,G histoire.pdf","ESC/2010/C/A,B,C,D,G histoire.pdf"
6091,1964,"B,C chimie.pdf","ESC/2010/C/B,C chimie.pdf"
6092,1964,"B,C philosophie.pdf","ESC/2010/C/B,C philosophie.pdf"
6093,1964,"B,C physique 2.pdf","ESC/2010/C/B,C physique 2.pdf"
6094,1964,"B,C physique.pdf","ESC/2010/C/B,C physique.pdf"
6097,1964,B_C_D_E_F_G_anglais.pdf,ESC/2010/C/B_C_D_E_F_G_anglais.pdf
6095,1964,B-G allemand.pdf,ESC/2010/C/B-G allemand.pdf
6096,1964,"B-G, français.pdf","ESC/2010/C/B-G, français.pdf"
6098,1964,C biologie.pdf,ESC/2010/C/C biologie.pdf
6099,1964,C mathématiques I.pdf,ESC/2010/C/C mathématiques I.pdf
6100,1964,"C,D mathématiques II.pdf","ESC/2010/C/C,D mathématiques II.pdf"
6101,1964,TOUTES latin.pdf,ESC/2010/C/TOUTES latin.pdf
1965,1961,D,ESC/2010/D
6079,1965,"A,B,C,D,G histoire.pdf","ESC/2010/D/A,B,C,D,G histoire.pdf"
6080,1965,"A,D,G philosophie.pdf","ESC/2010/D/A,D,G philosophie.pdf"
6083,1965,B_C_D_E_F_G_anglais.pdf,ESC/2010/D/B_C_D_E_F_G_anglais.pdf
6081,1965,B-G allemand.pdf,ESC/2010/D/B-G allemand.pdf
6082,1965,"B-G, français.pdf","ESC/2010/D/B-G, français.pdf"
6085,1965,D économie de gestion-sociétés commerciales.pdf,ESC/2010/D/D économie de gestion-sociétés commerciales.pdf
6086,1965,D économie politique.pdf,ESC/2010/D/D économie politique.pdf
6084,1965,D mathématiques I.pdf,ESC/2010/D/D mathématiques I.pdf
6087,1965,D_statistiques_et_probabiltÃ©s.pdf,ESC/2010/D/D_statistiques_et_probabiltÃ©s.pdf
6088,1965,TOUTES latin.pdf,ESC/2010/D/TOUTES latin.pdf
1966,1961,E,ESC/2010/E
6071,1966,B_C_D_E_F_G_anglais.pdf,ESC/2010/E/B_C_D_E_F_G_anglais.pdf
6069,1966,B-G allemand.pdf,ESC/2010/E/B-G allemand.pdf
6070,1966,"B-G, français.pdf","ESC/2010/E/B-G, français.pdf"
6073,1966,E éducation artistique II.pdf,ESC/2010/E/E éducation artistique II.pdf
6072,1966,E histoire de la musique.pdf,ESC/2010/E/E histoire de la musique.pdf
6074,1966,"E,F philosophie.pdf","ESC/2010/E/E,F philosophie.pdf"
6075,1966,"E,F,G mathématiques.pdf","ESC/2010/E/E,F,G mathématiques.pdf"
6077,1966,E_Ã©ducation_artistique_III___Histoire_de_l'Art_0001.pdf,ESC/2010/E/E_Ã©ducation_artistique_III___Histoire_de_l'Art_0001.pdf
6076,1966,E_arts_plastiques.pdf,ESC/2010/E/E_arts_plastiques.pdf
6078,1966,TOUTES latin.pdf,ESC/2010/E/TOUTES latin.pdf
1967,1961,F,ESC/2010/F
6061,1967,B_C_D_E_F_G_anglais.pdf,ESC/2010/F/B_C_D_E_F_G_anglais.pdf
6059,1967,B-G allemand.pdf,ESC/2010/F/B-G allemand.pdf
6060,1967,"B-G, français.pdf","ESC/2010/F/B-G, français.pdf"
6062,1967,"E,F philosophie.pdf","ESC/2010/F/E,F philosophie.pdf"
6063,1967,"E,F,G mathématiques.pdf","ESC/2010/F/E,F,G mathématiques.pdf"
6064,1967,F éducation musicale (analyse).pdf,ESC/2010/F/F éducation musicale (analyse).pdf
6065,1967,F éducation musicale I (théorie générale)0001.pdf,ESC/2010/F/F éducation musicale I (théorie générale)0001.pdf
6066,1967,F éducation musicale II.pdf,ESC/2010/F/F éducation musicale II.pdf
6067,1967,F_G_Ã©ducation_artistique.pdf,ESC/2010/F/F_G_Ã©ducation_artistique.pdf
6068,1967,TOUTES latin.pdf,ESC/2010/F/TOUTES latin.pdf
1968,1961,G,ESC/2010/G
6048,1968,"A,B,C,D,G histoire.pdf","ESC/2010/G/A,B,C,D,G histoire.pdf"
6049,1968,"A,D,G philosophie.pdf","ESC/2010/G/A,D,G philosophie.pdf"
6052,1968,B_C_D_E_F_G_anglais.pdf,ESC/2010/G/B_C_D_E_F_G_anglais.pdf
6050,1968,B-G allemand.pdf,ESC/2010/G/B-G allemand.pdf
6051,1968,"B-G, français.pdf","ESC/2010/G/B-G, français.pdf"
6053,1968,"E,F,G mathématiques.pdf","ESC/2010/G/E,F,G mathématiques.pdf"
6054,1968,F_G_Ã©ducation_artistique.pdf,ESC/2010/G/F_G_Ã©ducation_artistique.pdf
6055,1968,G géographie.pdf,ESC/2010/G/G géographie.pdf
6056,1968,G sciences sociales.pdf,ESC/2010/G/G sciences sociales.pdf
6057,1968,G_Ã©conomie_politique.pdf,ESC/2010/G/G_Ã©conomie_politique.pdf
6058,1968,TOUTES latin.pdf,ESC/2010/G/TOUTES latin.pdf
1969,1920,2011,ESC/2011
1970,1969,A,ESC/2011/A
6036,1970,ALLEMAND_(TEXTANALYSE)_A_JUIN_ECRIT.pdf,ESC/2011/A/ALLEMAND_(TEXTANALYSE)_A_JUIN_ECRIT.pdf
6037,1970,ALLEMAND_DISSERTATION_A_JUIN_ECRIT.pdf,ESC/2011/A/ALLEMAND_DISSERTATION_A_JUIN_ECRIT.pdf
6038,1970,ANGLAIS_(TEXTE_INCONNU)_A_JUIN_ECRIT.pdf,ESC/2011/A/ANGLAIS_(TEXTE_INCONNU)_A_JUIN_ECRIT.pdf
6039,1970,ANGLAIS_A_JUIN_ECRIT.pdf,ESC/2011/A/ANGLAIS_A_JUIN_ECRIT.pdf
6040,1970,"ECONOMIE_GENERALE_A,B,C_JUIN.pdf","ESC/2011/A/ECONOMIE_GENERALE_A,B,C_JUIN.pdf"
6041,1970,ESPAGNOL_A_JUIN_ECRIT.pdf,ESC/2011/A/ESPAGNOL_A_JUIN_ECRIT.pdf
6042,1970,FRANCAIS_A_JUIN_ECRIT.pdf,ESC/2011/A/FRANCAIS_A_JUIN_ECRIT.pdf
6043,1970,FRANCAIS_TEXTE_INCONNU_A_JUIN_ECRIT.pdf,ESC/2011/A/FRANCAIS_TEXTE_INCONNU_A_JUIN_ECRIT.pdf
6044,1970,"HISTOIRE_A,B,C,D,G_JUIN.pdf","ESC/2011/A/HISTOIRE_A,B,C,D,G_JUIN.pdf"
6045,1970,ITALIEN_A_JUIN_ECRIT.pdf,ESC/2011/A/ITALIEN_A_JUIN_ECRIT.pdf
6046,1970,"LATIN_A,B,C,D,E,F,G_JUIN.pdf","ESC/2011/A/LATIN_A,B,C,D,E,F,G_JUIN.pdf"
6047,1970,"Philosophie A, D, G Ex. de fin d'études ES juin 20110001.pdf","ESC/2011/A/Philosophie A, D, G Ex. de fin d'études ES juin 20110001.pdf"
1971,1969,B,ESC/2011/B
6023,1971,"ALLEMAND_B,C,D,E,F,G_JUIN_ECRIT.pdf","ESC/2011/B/ALLEMAND_B,C,D,E,F,G_JUIN_ECRIT.pdf"
6024,1971,"ANGLAIS_B,C,D,E,F,G_JUIN_ECRIT.pdf","ESC/2011/B/ANGLAIS_B,C,D,E,F,G_JUIN_ECRIT.pdf"
6025,1971,"CHIMIE_B,C_JUIN.pdf","ESC/2011/B/CHIMIE_B,C_JUIN.pdf"
6026,1971,"ECONOMIE_GENERALE_A,B,C_JUIN.pdf","ESC/2011/B/ECONOMIE_GENERALE_A,B,C_JUIN.pdf"
6027,1971,"FRANCAIS_B,C,D,E,F,G_JUIN_ECRIT.pdf","ESC/2011/B/FRANCAIS_B,C,D,E,F,G_JUIN_ECRIT.pdf"
6028,1971,"HISTOIRE_A,B,C,D,G_JUIN.pdf","ESC/2011/B/HISTOIRE_A,B,C,D,G_JUIN.pdf"
6029,1971,INFORMATIQUE_(PRATIQUE)_B_JUIN.pdf,ESC/2011/B/INFORMATIQUE_(PRATIQUE)_B_JUIN.pdf
6030,1971,INFORMATIQUE_(THEORIE)_B_JUIN.pdf,ESC/2011/B/INFORMATIQUE_(THEORIE)_B_JUIN.pdf
6031,1971,"LATIN_A,B,C,D,E,F,G_JUIN.pdf","ESC/2011/B/LATIN_A,B,C,D,E,F,G_JUIN.pdf"
6033,1971,MATHEMATIQUES_I_B_JUIN.pdf,ESC/2011/B/MATHEMATIQUES_I_B_JUIN.pdf
6032,1971,MATHEMATIQUES_II_B_JUIN.pdf,ESC/2011/B/MATHEMATIQUES_II_B_JUIN.pdf
6034,1971,"PHILOSOPHIE_B,C_JUIN.pdf","ESC/2011/B/PHILOSOPHIE_B,C_JUIN.pdf"
6035,1971,"PHYSIQUE_B,C_JUIN.pdf","ESC/2011/B/PHYSIQUE_B,C_JUIN.pdf"
1972,1969,C,ESC/2011/C
6011,1972,"ALLEMAND_B,C,D,E,F,G_JUIN_ECRIT.pdf","ESC/2011/C/ALLEMAND_B,C,D,E,F,G_JUIN_ECRIT.pdf"
6012,1972,"ANGLAIS_B,C,D,E,F,G_JUIN_ECRIT.pdf","ESC/2011/C/ANGLAIS_B,C,D,E,F,G_JUIN_ECRIT.pdf"
6013,1972,BIOLOGIE_C_JUIN.pdf,ESC/2011/C/BIOLOGIE_C_JUIN.pdf
6014,1972,"CHIMIE_B,C_JUIN.pdf","ESC/2011/C/CHIMIE_B,C_JUIN.pdf"
6015,1972,"ECONOMIE_GENERALE_A,B,C_JUIN.pdf","ESC/2011/C/ECONOMIE_GENERALE_A,B,C_JUIN.pdf"
6016,1972,"FRANCAIS_B,C,D,E,F,G_JUIN_ECRIT.pdf","ESC/2011/C/FRANCAIS_B,C,D,E,F,G_JUIN_ECRIT.pdf"
6017,1972,"HISTOIRE_A,B,C,D,G_JUIN.pdf","ESC/2011/C/HISTOIRE_A,B,C,D,G_JUIN.pdf"
6018,1972,"LATIN_A,B,C,D,E,F,G_JUIN.pdf","ESC/2011/C/LATIN_A,B,C,D,E,F,G_JUIN.pdf"
6020,1972,MATHEMATIQUES_I_C_JUIN.pdf,ESC/2011/C/MATHEMATIQUES_I_C_JUIN.pdf
6019,1972,"MATHEMATIQUES_II_C,D_JUIN.pdf","ESC/2011/C/MATHEMATIQUES_II_C,D_JUIN.pdf"
6021,1972,"PHILOSOPHIE_B,C_JUIN.pdf","ESC/2011/C/PHILOSOPHIE_B,C_JUIN.pdf"
6022,1972,"PHYSIQUE_B,C_JUIN.pdf","ESC/2011/C/PHYSIQUE_B,C_JUIN.pdf"
1973,1969,D,ESC/2011/D
6000,1973,"ALLEMAND_B,C,D,E,F,G_JUIN_ECRIT.pdf","ESC/2011/D/ALLEMAND_B,C,D,E,F,G_JUIN_ECRIT.pdf"
6001,1973,"ANGLAIS_B,C,D,E,F,G_JUIN_ECRIT.pdf","ESC/2011/D/ANGLAIS_B,C,D,E,F,G_JUIN_ECRIT.pdf"
6002,1973,Eco. de gestion-soc. comm. D Ex. de fin d'étud. ES juin 2011.pdf,ESC/2011/D/Eco. de gestion-soc. comm. D Ex. de fin d'étud. ES juin 2011.pdf
6003,1973,Economie politique  D Ex. de fin d'études ES juin 20110001.pdf,ESC/2011/D/Economie politique  D Ex. de fin d'études ES juin 20110001.pdf
6004,1973,"FRANCAIS_B,C,D,E,F,G_JUIN_ECRIT.pdf","ESC/2011/D/FRANCAIS_B,C,D,E,F,G_JUIN_ECRIT.pdf"
6005,1973,"HISTOIRE_A,B,C,D,G_JUIN.pdf","ESC/2011/D/HISTOIRE_A,B,C,D,G_JUIN.pdf"
6006,1973,"LATIN_A,B,C,D,E,F,G_JUIN.pdf","ESC/2011/D/LATIN_A,B,C,D,E,F,G_JUIN.pdf"
6008,1973,Mathématiques I D Ex. de fin d'études juin 20110001.pdf,ESC/2011/D/Mathématiques I D Ex. de fin d'études juin 20110001.pdf
6007,1973,"MATHEMATIQUES_II_C,D_JUIN.pdf","ESC/2011/D/MATHEMATIQUES_II_C,D_JUIN.pdf"
6009,1973,"Philosophie A, D, G Ex. de fin d'études ES juin 20110001.pdf","ESC/2011/D/Philosophie A, D, G Ex. de fin d'études ES juin 20110001.pdf"
6010,1973,Statistiques et probabilité D Ex. de fin d'études juin 20110001.pdf,ESC/2011/D/Statistiques et probabilité D Ex. de fin d'études juin 20110001.pdf
1974,1969,E,ESC/2011/E
5990,1974,"ALLEMAND_B,C,D,E,F,G_JUIN_ECRIT.pdf","ESC/2011/E/ALLEMAND_B,C,D,E,F,G_JUIN_ECRIT.pdf"
5991,1974,"ANGLAIS_B,C,D,E,F,G_JUIN_ECRIT.pdf","ESC/2011/E/ANGLAIS_B,C,D,E,F,G_JUIN_ECRIT.pdf"
5993,1974,EDUCATION_ARTISTIQUE_I_E_JUIN.pdf,ESC/2011/E/EDUCATION_ARTISTIQUE_I_E_JUIN.pdf
5992,1974,EDUCATION_ARTISTIQUE_II_JUIN.pdf,ESC/2011/E/EDUCATION_ARTISTIQUE_II_JUIN.pdf
5994,1974,EDUCATION_MUSICALE_E_JUIN.pdf,ESC/2011/E/EDUCATION_MUSICALE_E_JUIN.pdf
5995,1974,"FRANCAIS_B,C,D,E,F,G_JUIN_ECRIT.pdf","ESC/2011/E/FRANCAIS_B,C,D,E,F,G_JUIN_ECRIT.pdf"
5996,1974,HISTOIRE_ET_TECHNIQUES_DES_ARTS_PLASTIQUES_E_JUIN.pdf,ESC/2011/E/HISTOIRE_ET_TECHNIQUES_DES_ARTS_PLASTIQUES_E_JUIN.pdf
5997,1974,"LATIN_A,B,C,D,E,F,G_JUIN.pdf","ESC/2011/E/LATIN_A,B,C,D,E,F,G_JUIN.pdf"
5998,1974,"MATHEMATIQUES_E,F,G_JUIN.pdf","ESC/2011/E/MATHEMATIQUES_E,F,G_JUIN.pdf"
5999,1974,"PHILOSOPHIE_E,F_JUIN.pdf","ESC/2011/E/PHILOSOPHIE_E,F_JUIN.pdf"
1975,1969,F,ESC/2011/F
5980,1975,"ALLEMAND_B,C,D,E,F,G_JUIN_ECRIT.pdf","ESC/2011/F/ALLEMAND_B,C,D,E,F,G_JUIN_ECRIT.pdf"
5981,1975,"ANGLAIS_B,C,D,E,F,G_JUIN_ECRIT.pdf","ESC/2011/F/ANGLAIS_B,C,D,E,F,G_JUIN_ECRIT.pdf"
5982,1975,"EDUCATION_ARISTIQUE_F,G_JUIN.pdf","ESC/2011/F/EDUCATION_ARISTIQUE_F,G_JUIN.pdf"
5983,1975,EDUCATION_MUSICALE_I(ANALYSE)_F_JUIN.pdf,ESC/2011/F/EDUCATION_MUSICALE_I(ANALYSE)_F_JUIN.pdf
5984,1975,EDUCATION_MUSICALE_I(THEORIE)_F_JUIN0001.pdf,ESC/2011/F/EDUCATION_MUSICALE_I(THEORIE)_F_JUIN0001.pdf
5985,1975,EDUCATION_MUSICALE_II_F_JUIN.pdf,ESC/2011/F/EDUCATION_MUSICALE_II_F_JUIN.pdf
5986,1975,"FRANCAIS_B,C,D,E,F,G_JUIN_ECRIT.pdf","ESC/2011/F/FRANCAIS_B,C,D,E,F,G_JUIN_ECRIT.pdf"
5987,1975,"LATIN_A,B,C,D,E,F,G_JUIN.pdf","ESC/2011/F/LATIN_A,B,C,D,E,F,G_JUIN.pdf"
5988,1975,"MATHEMATIQUES_E,F,G_JUIN.pdf","ESC/2011/F/MATHEMATIQUES_E,F,G_JUIN.pdf"
5989,1975,"PHILOSOPHIE_E,F_JUIN.pdf","ESC/2011/F/PHILOSOPHIE_E,F_JUIN.pdf"
1976,1969,G,ESC/2011/G
5969,1976,"ALLEMAND_B,C,D,E,F,G_JUIN_ECRIT.pdf","ESC/2011/G/ALLEMAND_B,C,D,E,F,G_JUIN_ECRIT.pdf"
5970,1976,"ANGLAIS_B,C,D,E,F,G_JUIN_ECRIT.pdf","ESC/2011/G/ANGLAIS_B,C,D,E,F,G_JUIN_ECRIT.pdf"
5971,1976,ECONOMIE_POLITIQUE_G_JUIN.pdf,ESC/2011/G/ECONOMIE_POLITIQUE_G_JUIN.pdf
5972,1976,"EDUCATION_ARISTIQUE_F,G_JUIN.pdf","ESC/2011/G/EDUCATION_ARISTIQUE_F,G_JUIN.pdf"
5973,1976,"FRANCAIS_B,C,D,E,F,G_JUIN_ECRIT.pdf","ESC/2011/G/FRANCAIS_B,C,D,E,F,G_JUIN_ECRIT.pdf"
5974,1976,GEOGRAPHIE_G_JUIN.pdf,ESC/2011/G/GEOGRAPHIE_G_JUIN.pdf
5975,1976,"HISTOIRE_A,B,C,D,G_JUIN.pdf","ESC/2011/G/HISTOIRE_A,B,C,D,G_JUIN.pdf"
5976,1976,"LATIN_A,B,C,D,E,F,G_JUIN.pdf","ESC/2011/G/LATIN_A,B,C,D,E,F,G_JUIN.pdf"
5977,1976,"MATHEMATIQUES_E,F,G_JUIN.pdf","ESC/2011/G/MATHEMATIQUES_E,F,G_JUIN.pdf"
5978,1976,"Philosophie A, D, G Ex. de fin d'études ES juin 20110001.pdf","ESC/2011/G/Philosophie A, D, G Ex. de fin d'études ES juin 20110001.pdf"
5979,1976,SCIENCES_SOCIALES_G_JUIN.pdf,ESC/2011/G/SCIENCES_SOCIALES_G_JUIN.pdf
1977,1920,2012,ESC/2012
1978,1977,1 A,ESC/2012/1 A
5952,1978,1A_Allemand Analyse de texte_2012.pdf,ESC/2012/1 A/1A_Allemand Analyse de texte_2012.pdf
5953,1978,1A_Allemand Analyse de texte_Repêchage_2012.pdf,ESC/2012/1 A/1A_Allemand Analyse de texte_Repêchage_2012.pdf
5954,1978,1A_Allemand_2012.pdf,ESC/2012/1 A/1A_Allemand_2012.pdf
5955,1978,1A_Allemand_Repêchage_2012.pdf,ESC/2012/1 A/1A_Allemand_Repêchage_2012.pdf
5956,1978,1A_Anglais tete inconnu_2012.pdf,ESC/2012/1 A/1A_Anglais tete inconnu_2012.pdf
5957,1978,1A_Anglais texte inconnu_Repêchage_2012.pdf,ESC/2012/1 A/1A_Anglais texte inconnu_Repêchage_2012.pdf
5958,1978,1A_Anglais textes connus_2012.pdf,ESC/2012/1 A/1A_Anglais textes connus_2012.pdf
5959,1978,1A_Economie_2012.pdf,ESC/2012/1 A/1A_Economie_2012.pdf
5960,1978,1A_Espagnol_2012.pdf,ESC/2012/1 A/1A_Espagnol_2012.pdf
5961,1978,1A_Français dissertation littéraire_2012.pdf,ESC/2012/1 A/1A_Français dissertation littéraire_2012.pdf
5962,1978,1A_Français texte inconnu_2012.pdf,ESC/2012/1 A/1A_Français texte inconnu_2012.pdf
5963,1978,1A_Histoire_2012.pdf,ESC/2012/1 A/1A_Histoire_2012.pdf
5964,1978,1A_Histoire_Repêchage_2012.pdf,ESC/2012/1 A/1A_Histoire_Repêchage_2012.pdf
5965,1978,1A_Italien_2012.pdf,ESC/2012/1 A/1A_Italien_2012.pdf
5966,1978,1A_Latin_2012.pdf,ESC/2012/1 A/1A_Latin_2012.pdf
5967,1978,1A_Philosophie_2012.pdf,ESC/2012/1 A/1A_Philosophie_2012.pdf
5968,1978,1A_Philosophie_Repêchage_2012.pdf,ESC/2012/1 A/1A_Philosophie_Repêchage_2012.pdf
1979,1977,1 B,ESC/2012/1 B
5935,1979,1B_Allemand_2012.pdf,ESC/2012/1 B/1B_Allemand_2012.pdf
5936,1979,1B_Anglais_2012.pdf,ESC/2012/1 B/1B_Anglais_2012.pdf
5937,1979,1B_Chimie_2012.pdf,ESC/2012/1 B/1B_Chimie_2012.pdf
5938,1979,1B_Chimie_Repêchage_2012.pdf,ESC/2012/1 B/1B_Chimie_Repêchage_2012.pdf
5939,1979,1B_Economie_2012.pdf,ESC/2012/1 B/1B_Economie_2012.pdf
5940,1979,1B_Français_2012.pdf,ESC/2012/1 B/1B_Français_2012.pdf
5941,1979,1B_Français_repêchage_2012.pdf,ESC/2012/1 B/1B_Français_repêchage_2012.pdf
5942,1979,1B_Histoire_2012.pdf,ESC/2012/1 B/1B_Histoire_2012.pdf
5943,1979,1B_Histoire_Repêchage_2012.pdf,ESC/2012/1 B/1B_Histoire_Repêchage_2012.pdf
5944,1979,1B_Informatique_Pratique et Théorie_2012.pdf,ESC/2012/1 B/1B_Informatique_Pratique et Théorie_2012.pdf
5945,1979,1B_Latin_2012.pdf,ESC/2012/1 B/1B_Latin_2012.pdf
5948,1979,1B_Mathématiques I_2012.pdf,ESC/2012/1 B/1B_Mathématiques I_2012.pdf
5946,1979,1B_Mathématiques II_Ecrit+V200.pdf,ESC/2012/1 B/1B_Mathématiques II_Ecrit+V200.pdf
5947,1979,1B_Mathématiques II_Ecrit+V200_2012.pdf,ESC/2012/1 B/1B_Mathématiques II_Ecrit+V200_2012.pdf
5949,1979,1B_Philosophie_2012.pdf,ESC/2012/1 B/1B_Philosophie_2012.pdf
5950,1979,1B_Physique_2012.pdf,ESC/2012/1 B/1B_Physique_2012.pdf
5951,1979,1B_Physique_Repêchage_2012.pdf,ESC/2012/1 B/1B_Physique_Repêchage_2012.pdf
1980,1977,1 C,ESC/2012/1 C
5917,1980,1C_Allemand_2012.pdf,ESC/2012/1 C/1C_Allemand_2012.pdf
5918,1980,1C_Anglais_2012.pdf,ESC/2012/1 C/1C_Anglais_2012.pdf
5919,1980,1C_Biologie_2012.pdf,ESC/2012/1 C/1C_Biologie_2012.pdf
5920,1980,1C_Chimie_2012.pdf,ESC/2012/1 C/1C_Chimie_2012.pdf
5921,1980,1C_Chimie_Repêchage_2012.pdf,ESC/2012/1 C/1C_Chimie_Repêchage_2012.pdf
5922,1980,1C_Economie_2012.pdf,ESC/2012/1 C/1C_Economie_2012.pdf
5923,1980,1C_Français_2012.pdf,ESC/2012/1 C/1C_Français_2012.pdf
5924,1980,1C_Français_repêchage_2012.pdf,ESC/2012/1 C/1C_Français_repêchage_2012.pdf
5925,1980,1C_Histoire_2012.pdf,ESC/2012/1 C/1C_Histoire_2012.pdf
5926,1980,1C_Histoire_Repêchage_2012.pdf,ESC/2012/1 C/1C_Histoire_Repêchage_2012.pdf
5927,1980,1C_Latin_2012.pdf,ESC/2012/1 C/1C_Latin_2012.pdf
5930,1980,1C_Mathématiques I_2012.pdf,ESC/2012/1 C/1C_Mathématiques I_2012.pdf
5931,1980,1C_Mathématiques I_Repêchage_2012.pdf,ESC/2012/1 C/1C_Mathématiques I_Repêchage_2012.pdf
5928,1980,1C_Mathématiques II_Prob solv_2012.pdf,ESC/2012/1 C/1C_Mathématiques II_Prob solv_2012.pdf
5929,1980,1C_Mathématiques II_Ques classique_2012.pdf,ESC/2012/1 C/1C_Mathématiques II_Ques classique_2012.pdf
5932,1980,1C_Philosophie_2012.pdf,ESC/2012/1 C/1C_Philosophie_2012.pdf
5933,1980,1C_Physique_2012.pdf,ESC/2012/1 C/1C_Physique_2012.pdf
5934,1980,1C_Physique_Repêchage_2012.pdf,ESC/2012/1 C/1C_Physique_Repêchage_2012.pdf
1981,1977,1 D,ESC/2012/1 D
5902,1981,1D_Allemand_2012.pdf,ESC/2012/1 D/1D_Allemand_2012.pdf
5903,1981,1D_Anglais_2012.pdf,ESC/2012/1 D/1D_Anglais_2012.pdf
5904,1981,1D_Economie de gestion Statistique et probalités_2012.pdf,ESC/2012/1 D/1D_Economie de gestion Statistique et probalités_2012.pdf
5905,1981,1D_Economie politiue_2012.pdf,ESC/2012/1 D/1D_Economie politiue_2012.pdf
5906,1981,1D_Français_2012.pdf,ESC/2012/1 D/1D_Français_2012.pdf
5907,1981,1D_Français_repêchage_2012.pdf,ESC/2012/1 D/1D_Français_repêchage_2012.pdf
5908,1981,1D_Histoire_2012.pdf,ESC/2012/1 D/1D_Histoire_2012.pdf
5909,1981,1D_Histoire_Repêchage_2012.pdf,ESC/2012/1 D/1D_Histoire_Repêchage_2012.pdf
5910,1981,1D_Latin_2012.pdf,ESC/2012/1 D/1D_Latin_2012.pdf
5913,1981,1D_Mathématiques I_2012.pdf,ESC/2012/1 D/1D_Mathématiques I_2012.pdf
5911,1981,1D_Mathématiques II_Prob solv_2012.pdf,ESC/2012/1 D/1D_Mathématiques II_Prob solv_2012.pdf
5912,1981,1D_Mathématiques II_Ques classique_2012.pdf,ESC/2012/1 D/1D_Mathématiques II_Ques classique_2012.pdf
5914,1981,1D_Philosophie_2012.pdf,ESC/2012/1 D/1D_Philosophie_2012.pdf
5915,1981,1D_Philosophie_Repêchage_2012.pdf,ESC/2012/1 D/1D_Philosophie_Repêchage_2012.pdf
5916,1981,1D_Sociétés commerciales_2012.pdf,ESC/2012/1 D/1D_Sociétés commerciales_2012.pdf
1982,1977,1 E,ESC/2012/1 E
5888,1982,1E_Allemand_2012.pdf,ESC/2012/1 E/1E_Allemand_2012.pdf
5889,1982,1E_Anglais_2012.pdf,ESC/2012/1 E/1E_Anglais_2012.pdf
5893,1982,1E_Education artistique I_2012.pdf,ESC/2012/1 E/1E_Education artistique I_2012.pdf
5891,1982,1E_Education Artistique II_Dessin géométrique_2012.pdf,ESC/2012/1 E/1E_Education Artistique II_Dessin géométrique_2012.pdf
5892,1982,1E_Education Artistique II_Dessin géométrique_Repêchage_2012.pdf,ESC/2012/1 E/1E_Education Artistique II_Dessin géométrique_Repêchage_2012.pdf
5890,1982,1E_Education Artistique III_Histoire et Techniques des Arts plastiques_2012.pdf,ESC/2012/1 E/1E_Education Artistique III_Histoire et Techniques des Arts plastiques_2012.pdf
5894,1982,1E_Français_2012.pdf,ESC/2012/1 E/1E_Français_2012.pdf
5895,1982,1E_Français_repêchage_2012.pdf,ESC/2012/1 E/1E_Français_repêchage_2012.pdf
5896,1982,1E_Histoire de la musique_2012.pdf,ESC/2012/1 E/1E_Histoire de la musique_2012.pdf
5897,1982,1E_Histoire de la musique_Repêchage_2012.pdf,ESC/2012/1 E/1E_Histoire de la musique_Repêchage_2012.pdf
5898,1982,1E_Latin_2012.pdf,ESC/2012/1 E/1E_Latin_2012.pdf
5899,1982,1E_Mathématiques_2012.pdf,ESC/2012/1 E/1E_Mathématiques_2012.pdf
5900,1982,1E_Mathématiques_Repêchge_2012.pdf,ESC/2012/1 E/1E_Mathématiques_Repêchge_2012.pdf
5901,1982,1E_Philosophie_2012.pdf,ESC/2012/1 E/1E_Philosophie_2012.pdf
1983,1977,1 F,ESC/2012/1 F
5875,1983,1F_Allemand_2012.pdf,ESC/2012/1 F/1F_Allemand_2012.pdf
5876,1983,1F_Anglais_2012.pdf,ESC/2012/1 F/1F_Anglais_2012.pdf
5877,1983,1F_Education Artistique_2012.pdf,ESC/2012/1 F/1F_Education Artistique_2012.pdf
5878,1983,1F_Education Artistique_Repêchage_2012.pdf,ESC/2012/1 F/1F_Education Artistique_Repêchage_2012.pdf
5879,1983,1F_Education musicale I Analyse_2012.pdf,ESC/2012/1 F/1F_Education musicale I Analyse_2012.pdf
5880,1983,1F_Education musicale I Théorie_2012.pdf,ESC/2012/1 F/1F_Education musicale I Théorie_2012.pdf
5881,1983,1F_Education musicale II_2012.pdf,ESC/2012/1 F/1F_Education musicale II_2012.pdf
5882,1983,1F_Français_2012.pdf,ESC/2012/1 F/1F_Français_2012.pdf
5883,1983,1F_Français_repêchage_2012.pdf,ESC/2012/1 F/1F_Français_repêchage_2012.pdf
5884,1983,1F_Latin_2012.pdf,ESC/2012/1 F/1F_Latin_2012.pdf
5885,1983,1F_Mathématiques_2012.pdf,ESC/2012/1 F/1F_Mathématiques_2012.pdf
5886,1983,1F_Mathématiques_Repêchge_2012.pdf,ESC/2012/1 F/1F_Mathématiques_Repêchge_2012.pdf
5887,1983,1F_Philosophie_2012.pdf,ESC/2012/1 F/1F_Philosophie_2012.pdf
1984,1977,1 G,ESC/2012/1 G
5856,1984,1G_Allemand_2012.pdf,ESC/2012/1 G/1G_Allemand_2012.pdf
5857,1984,1G_Anglais_2012.pdf,ESC/2012/1 G/1G_Anglais_2012.pdf
5858,1984,1G_Economie politique_2012.pdf,ESC/2012/1 G/1G_Economie politique_2012.pdf
5859,1984,1G_Economie politique_Repêchage_2012.pdf,ESC/2012/1 G/1G_Economie politique_Repêchage_2012.pdf
5860,1984,1G_Education Artistique_2012.pdf,ESC/2012/1 G/1G_Education Artistique_2012.pdf
5861,1984,1G_Education Artistique_Repêchage_2012.pdf,ESC/2012/1 G/1G_Education Artistique_Repêchage_2012.pdf
5862,1984,1G_Français_2012.pdf,ESC/2012/1 G/1G_Français_2012.pdf
5863,1984,1G_Français_repêchage_2012.pdf,ESC/2012/1 G/1G_Français_repêchage_2012.pdf
5864,1984,1G_Géographie_2012.pdf,ESC/2012/1 G/1G_Géographie_2012.pdf
5865,1984,1G_Géographie_Repêchage_2012.pdf,ESC/2012/1 G/1G_Géographie_Repêchage_2012.pdf
5866,1984,1G_Histoire_2012.pdf,ESC/2012/1 G/1G_Histoire_2012.pdf
5867,1984,1G_Histoire_Repêchage_2012.pdf,ESC/2012/1 G/1G_Histoire_Repêchage_2012.pdf
5868,1984,1G_Latin_2012.pdf,ESC/2012/1 G/1G_Latin_2012.pdf
5869,1984,1G_Mathématiques_2012.pdf,ESC/2012/1 G/1G_Mathématiques_2012.pdf
5870,1984,1G_Mathématiques_Repêchge_2012.pdf,ESC/2012/1 G/1G_Mathématiques_Repêchge_2012.pdf
5871,1984,1G_Philosophie_2012.pdf,ESC/2012/1 G/1G_Philosophie_2012.pdf
5872,1984,1G_Philosophie_Repêchage_2012.pdf,ESC/2012/1 G/1G_Philosophie_Repêchage_2012.pdf
5874,1984,1G_Sciences sociale_Repêchage_2012.pdf,ESC/2012/1 G/1G_Sciences sociale_Repêchage_2012.pdf
5873,1984,1G_Sciences Sociales_2012.pdf,ESC/2012/1 G/1G_Sciences Sociales_2012.pdf
1985,1920,2013,ESC/2013
1986,1985,A,ESC/2013/A
5842,1986,ALLEM1_juin2013.pdf,ESC/2013/A/ALLEM1_juin2013.pdf
5843,1986,ALLEM2_juin2013.pdf,ESC/2013/A/ALLEM2_juin2013.pdf
5846,1986,ANGLA_TI_juin2013.pdf,ESC/2013/A/ANGLA_TI_juin2013.pdf
5844,1986,ANGLA1_juin2013.pdf,ESC/2013/A/ANGLA1_juin2013.pdf
5845,1986,ANGLA2_juin2013.pdf,ESC/2013/A/ANGLA2_juin2013.pdf
5848,1986,ECOGEN_juin2013.pdf,ESC/2013/A/ECOGEN_juin2013.pdf
5847,1986,ECOGEN2_juin2013.pdf,ESC/2013/A/ECOGEN2_juin2013.pdf
5849,1986,ESPAG_juin2013.pdf,ESC/2013/A/ESPAG_juin2013.pdf
5850,1986,FRANC1_juin2013.pdf,ESC/2013/A/FRANC1_juin2013.pdf
5851,1986,FRANC2_juin2013.pdf,ESC/2013/A/FRANC2_juin2013.pdf
5852,1986,FRANC3_juin2013.pdf,ESC/2013/A/FRANC3_juin2013.pdf
5853,1986,ITALI_juin2013.pdf,ESC/2013/A/ITALI_juin2013.pdf
5854,1986,LATIN_juin2013.pdf,ESC/2013/A/LATIN_juin2013.pdf
5855,1986,PHILO_juin2013.pdf,ESC/2013/A/PHILO_juin2013.pdf
10432,1986,Thumbs.db,ESC/2013/A/Thumbs.db
1987,1985,B,ESC/2013/B
5826,1987,ALLEM_juin2013.pdf,ESC/2013/B/ALLEM_juin2013.pdf
5825,1987,ALLEM2_juin2013.pdf,ESC/2013/B/ALLEM2_juin2013.pdf
5828,1987,ANGLA_juin2013.pdf,ESC/2013/B/ANGLA_juin2013.pdf
5827,1987,ANGLA2_juin2013.pdf,ESC/2013/B/ANGLA2_juin2013.pdf
5830,1987,CHIMI_juin2013.pdf,ESC/2013/B/CHIMI_juin2013.pdf
5829,1987,CHIMI2_juin2013.pdf,ESC/2013/B/CHIMI2_juin2013.pdf
5832,1987,ECOGEN_juin2013.pdf,ESC/2013/B/ECOGEN_juin2013.pdf
5831,1987,ECOGEN2_juin2013.pdf,ESC/2013/B/ECOGEN2_juin2013.pdf
5833,1987,FRANC_juin2013.pdf,ESC/2013/B/FRANC_juin2013.pdf
5834,1987,INFOR_juin2013.pdf,ESC/2013/B/INFOR_juin2013.pdf
5835,1987,LATIN_juin2013.pdf,ESC/2013/B/LATIN_juin2013.pdf
5836,1987,MATHE1_juin2013.pdf,ESC/2013/B/MATHE1_juin2013.pdf
5837,1987,MATHE2_juin2013.pdf,ESC/2013/B/MATHE2_juin2013.pdf
5839,1987,PHILO_juin2013.pdf,ESC/2013/B/PHILO_juin2013.pdf
5838,1987,PHILO2_juin2013.pdf,ESC/2013/B/PHILO2_juin2013.pdf
5840,1987,PHYSI_juin2013.pdf,ESC/2013/B/PHYSI_juin2013.pdf
5841,1987,STAPR_juin2013.pdf,ESC/2013/B/STAPR_juin2013.pdf
10431,1987,Thumbs.db,ESC/2013/B/Thumbs.db
1988,1985,C,ESC/2013/C
5809,1988,ALLEM_juin2013.pdf,ESC/2013/C/ALLEM_juin2013.pdf
5808,1988,ALLEM2_juin2013.pdf,ESC/2013/C/ALLEM2_juin2013.pdf
5811,1988,ANGLA_juin2013.pdf,ESC/2013/C/ANGLA_juin2013.pdf
5810,1988,ANGLA2_juin2013.pdf,ESC/2013/C/ANGLA2_juin2013.pdf
5812,1988,BIOLO_juin2013.pdf,ESC/2013/C/BIOLO_juin2013.pdf
5814,1988,CHIMI_juin2013.pdf,ESC/2013/C/CHIMI_juin2013.pdf
5813,1988,CHIMI2_juin2013.pdf,ESC/2013/C/CHIMI2_juin2013.pdf
5816,1988,ECOGEN_juin2013.pdf,ESC/2013/C/ECOGEN_juin2013.pdf
5815,1988,ECOGEN2_juin2013.pdf,ESC/2013/C/ECOGEN2_juin2013.pdf
5817,1988,FRANC_juin2013.pdf,ESC/2013/C/FRANC_juin2013.pdf
5818,1988,LATIN_juin2013.pdf,ESC/2013/C/LATIN_juin2013.pdf
5819,1988,MATHE1_juin2013.pdf,ESC/2013/C/MATHE1_juin2013.pdf
5821,1988,MATHE2_juin2013.pdf,ESC/2013/C/MATHE2_juin2013.pdf
5820,1988,MATHE2'_juin2013.pdf,ESC/2013/C/MATHE2'_juin2013.pdf
5823,1988,PHILO_juin2013.pdf,ESC/2013/C/PHILO_juin2013.pdf
5822,1988,PHILO2_juin2013.pdf,ESC/2013/C/PHILO2_juin2013.pdf
5824,1988,PHYSI_juin2013.pdf,ESC/2013/C/PHYSI_juin2013.pdf
10430,1988,Thumbs.db,ESC/2013/C/Thumbs.db
1989,1985,D,ESC/2013/D
5793,1989,ALLEM_juin2013.pdf,ESC/2013/D/ALLEM_juin2013.pdf
5792,1989,ALLEM2_juin2013.pdf,ESC/2013/D/ALLEM2_juin2013.pdf
5795,1989,ANGLA_juin2013.pdf,ESC/2013/D/ANGLA_juin2013.pdf
5794,1989,ANGLA2_juin2013.pdf,ESC/2013/D/ANGLA2_juin2013.pdf
5796,1989,ECOGES2_juin2013.pdf,ESC/2013/D/ECOGES2_juin2013.pdf
5799,1989,ECOPOL_juin2013.pdf,ESC/2013/D/ECOPOL_juin2013.pdf
5797,1989,ECOPOL2_juin2013.pdf,ESC/2013/D/ECOPOL2_juin2013.pdf
5798,1989,ECOPOL3_juin2013.pdf,ESC/2013/D/ECOPOL3_juin2013.pdf
5800,1989,FRANC_juin2013.pdf,ESC/2013/D/FRANC_juin2013.pdf
5801,1989,LATIN_juin2013.pdf,ESC/2013/D/LATIN_juin2013.pdf
5802,1989,MATHE1_juin2013.pdf,ESC/2013/D/MATHE1_juin2013.pdf
5804,1989,MATHE2_juin2013.pdf,ESC/2013/D/MATHE2_juin2013.pdf
5803,1989,MATHE2'_juin2013.pdf,ESC/2013/D/MATHE2'_juin2013.pdf
5805,1989,PHILO_juin2013.pdf,ESC/2013/D/PHILO_juin2013.pdf
5806,1989,sociétésgenerales_juin2013.pdf,ESC/2013/D/sociétésgenerales_juin2013.pdf
5807,1989,STAPR_juin2013.pdf,ESC/2013/D/STAPR_juin2013.pdf
1990,1985,E,ESC/2013/E
5780,1990,ALLEM_juin2013.pdf,ESC/2013/E/ALLEM_juin2013.pdf
5779,1990,ALLEM2_juin2013.pdf,ESC/2013/E/ALLEM2_juin2013.pdf
5782,1990,ANGLA_juin2013.pdf,ESC/2013/E/ANGLA_juin2013.pdf
5781,1990,ANGLA2_juin2013.pdf,ESC/2013/E/ANGLA2_juin2013.pdf
5783,1990,EDAR1_juin2013.pdf,ESC/2013/E/EDAR1_juin2013.pdf
5784,1990,EDAR2_juin2013.pdf,ESC/2013/E/EDAR2_juin2013.pdf
5785,1990,EDAR3_juin2013.pdf,ESC/2013/E/EDAR3_juin2013.pdf
5786,1990,EDMUS1_juin2013.pdf,ESC/2013/E/EDMUS1_juin2013.pdf
5787,1990,EDMUS2_juin2013.pdf,ESC/2013/E/EDMUS2_juin2013.pdf
5788,1990,FRANC_juin2013.pdf,ESC/2013/E/FRANC_juin2013.pdf
5789,1990,LATIN_juin2013.pdf,ESC/2013/E/LATIN_juin2013.pdf
5790,1990,MATHE_juin2013.pdf,ESC/2013/E/MATHE_juin2013.pdf
5791,1990,PHILO_juin2013.pdf,ESC/2013/E/PHILO_juin2013.pdf
1991,1985,F,ESC/2013/F
5769,1991,ALLEM_juin2013.pdf,ESC/2013/F/ALLEM_juin2013.pdf
5768,1991,ALLEM2_juin2013.pdf,ESC/2013/F/ALLEM2_juin2013.pdf
5771,1991,ANGLA_juin2013.pdf,ESC/2013/F/ANGLA_juin2013.pdf
5770,1991,ANGLA2_juin2013.pdf,ESC/2013/F/ANGLA2_juin2013.pdf
5772,1991,EDMU1_AN_juin2013.pdf,ESC/2013/F/EDMU1_AN_juin2013.pdf
5773,1991,EDMU1_TH_juin2013.pdf,ESC/2013/F/EDMU1_TH_juin2013.pdf
5774,1991,EDMU2_juin2013.pdf,ESC/2013/F/EDMU2_juin2013.pdf
5775,1991,FRANC_juin2013.pdf,ESC/2013/F/FRANC_juin2013.pdf
5776,1991,LATIN_juin2013.pdf,ESC/2013/F/LATIN_juin2013.pdf
5777,1991,MATHE_juin2013.pdf,ESC/2013/F/MATHE_juin2013.pdf
5778,1991,PHILO_juin2013.pdf,ESC/2013/F/PHILO_juin2013.pdf
10429,1991,Thumbs.db,ESC/2013/F/Thumbs.db
1992,1985,G,ESC/2013/G
5756,1992,ALLEM_juin2013.pdf,ESC/2013/G/ALLEM_juin2013.pdf
5755,1992,ALLEM2_juin2013.pdf,ESC/2013/G/ALLEM2_juin2013.pdf
5758,1992,ANGLA_juin2013.pdf,ESC/2013/G/ANGLA_juin2013.pdf
5757,1992,ANGLA2_juin2013.pdf,ESC/2013/G/ANGLA2_juin2013.pdf
5759,1992,ECOPOL_juin2013.pdf,ESC/2013/G/ECOPOL_juin2013.pdf
5760,1992,EDUAR_juin2013.pdf,ESC/2013/G/EDUAR_juin2013.pdf
5761,1992,FRANC_juin2013.pdf,ESC/2013/G/FRANC_juin2013.pdf
5762,1992,GEOGR_juin2013.pdf,ESC/2013/G/GEOGR_juin2013.pdf
5763,1992,HISTO_juin2013.pdf,ESC/2013/G/HISTO_juin2013.pdf
5764,1992,LATIN_juin2013.pdf,ESC/2013/G/LATIN_juin2013.pdf
5765,1992,MATHE_juin2013.pdf,ESC/2013/G/MATHE_juin2013.pdf
5766,1992,PHILO_juin2013.pdf,ESC/2013/G/PHILO_juin2013.pdf
5767,1992,SCISO_juin2013.pdf,ESC/2013/G/SCISO_juin2013.pdf
4553,1920,2014,ESC/2014
4554,4553,A,ESC/2014/A
16758,4554,1_A_ALLEM.ANALYTEXT_JUIN2014.pdf,ESC/2014/A/1_A_ALLEM.ANALYTEXT_JUIN2014.pdf
16759,4554,1_A_ALLEM.ANALYTEXT_REPJUIN2014.pdf,ESC/2014/A/1_A_ALLEM.ANALYTEXT_REPJUIN2014.pdf
16760,4554,1_A_ALLEM.DISSERT_JUIN2014.pdf,ESC/2014/A/1_A_ALLEM.DISSERT_JUIN2014.pdf
16761,4554,1_A_ANGL.TEXTCONNU_JUIN2014.pdf,ESC/2014/A/1_A_ANGL.TEXTCONNU_JUIN2014.pdf
16762,4554,1_A_ANGL.TEXTINCONNU_JUIN2014.pdf,ESC/2014/A/1_A_ANGL.TEXTINCONNU_JUIN2014.pdf
16763,4554,1_A_B_C_D_G_HIST_JUIN20140001.pdf,ESC/2014/A/1_A_B_C_D_G_HIST_JUIN20140001.pdf
16764,4554,1_A_B_C_D_G_HIST_REPJUIN20140001.pdf,ESC/2014/A/1_A_B_C_D_G_HIST_REPJUIN20140001.pdf
16765,4554,1_A_B_C_ECO_REPJUIN.pdf,ESC/2014/A/1_A_B_C_ECO_REPJUIN.pdf
16766,4554,1_A_B_C_ECO_REPJUIN20140001.pdf,ESC/2014/A/1_A_B_C_ECO_REPJUIN20140001.pdf
16767,4554,1_A_D_G_PHILO_REPJUIN20140001.pdf,ESC/2014/A/1_A_D_G_PHILO_REPJUIN20140001.pdf
16768,4554,1_A_ECO_JUIN.pdf,ESC/2014/A/1_A_ECO_JUIN.pdf
16769,4554,1_A_ECO_JUIN20140001.pdf,ESC/2014/A/1_A_ECO_JUIN20140001.pdf
16770,4554,1_A_ESPAG_JUIN2014.pdf,ESC/2014/A/1_A_ESPAG_JUIN2014.pdf
16771,4554,1_A_ESPAG_REPJUIN2014.pdf,ESC/2014/A/1_A_ESPAG_REPJUIN2014.pdf
16773,4554,1_A_FRANC.DISSER_REPJUIN2014.pdf,ESC/2014/A/1_A_FRANC.DISSER_REPJUIN2014.pdf
16772,4554,1_A_FRANC.DISSERT_JUIN2014.pdf,ESC/2014/A/1_A_FRANC.DISSERT_JUIN2014.pdf
16774,4554,1_A_FRANC.TEXTINCONNU_JUIN2014.pdf,ESC/2014/A/1_A_FRANC.TEXTINCONNU_JUIN2014.pdf
16775,4554,1_A_GRECANC_JUIN2014.pdf,ESC/2014/A/1_A_GRECANC_JUIN2014.pdf
16776,4554,1_A_ITAL_JUIN2014.pdf,ESC/2014/A/1_A_ITAL_JUIN2014.pdf
16777,4554,1_LATIN_JUIN2014.pdf,ESC/2014/A/1_LATIN_JUIN2014.pdf
4555,4553,B,ESC/2014/B
16727,4555,1_A_B_C_D_G_HIST_JUIN20140001.pdf,ESC/2014/B/1_A_B_C_D_G_HIST_JUIN20140001.pdf
16728,4555,1_A_B_C_D_G_HIST_REPJUIN20140001.pdf,ESC/2014/B/1_A_B_C_D_G_HIST_REPJUIN20140001.pdf
16729,4555,1_A_B_C_ECO_JUIN.pdf,ESC/2014/B/1_A_B_C_ECO_JUIN.pdf
16730,4555,1_A_B_C_ECO_REPJUIN.pdf,ESC/2014/B/1_A_B_C_ECO_REPJUIN.pdf
16731,4555,1_A_B_C_ECO_REPJUIN20140001.pdf,ESC/2014/B/1_A_B_C_ECO_REPJUIN20140001.pdf
16732,4555,1_B_C_CHIM_JUIN.pdf,ESC/2014/B/1_B_C_CHIM_JUIN.pdf
16733,4555,1_B_C_CHIM_JUIN20140001.pdf,ESC/2014/B/1_B_C_CHIM_JUIN20140001.pdf
16734,4555,1_B_C_CHIM_REPJUIN.pdf,ESC/2014/B/1_B_C_CHIM_REPJUIN.pdf
16735,4555,1_B_C_CHIM_REPJUIN20140001.pdf,ESC/2014/B/1_B_C_CHIM_REPJUIN20140001.pdf
16736,4555,1_B_C_D_E_F_G_ALLEM_JUIN2014.pdf,ESC/2014/B/1_B_C_D_E_F_G_ALLEM_JUIN2014.pdf
16737,4555,1_B_C_D_E_F_G_ANGL_JUIN2014.pdf,ESC/2014/B/1_B_C_D_E_F_G_ANGL_JUIN2014.pdf
16738,4555,1_B_C_D_E_F_G_FRANC_JUIN20140001.pdf,ESC/2014/B/1_B_C_D_E_F_G_FRANC_JUIN20140001.pdf
16739,4555,1_B_C_D_E_F_G_FRANC_REPJUIN20140001.pdf,ESC/2014/B/1_B_C_D_E_F_G_FRANC_REPJUIN20140001.pdf
16740,4555,1_B_C_E_F_FRANC.ORAL_JUIN20140001.pdf,ESC/2014/B/1_B_C_E_F_FRANC.ORAL_JUIN20140001.pdf
16741,4555,1_B_C_PHILO_JUIN.pdf,ESC/2014/B/1_B_C_PHILO_JUIN.pdf
16742,4555,1_B_C_PHILO_JUIN20140001.pdf,ESC/2014/B/1_B_C_PHILO_JUIN20140001.pdf
16743,4555,1_B_C_PHYS_JUIN.pdf,ESC/2014/B/1_B_C_PHYS_JUIN.pdf
16744,4555,1_B_C_PHYS_JUIN20140001.pdf,ESC/2014/B/1_B_C_PHYS_JUIN20140001.pdf
16745,4555,1_B_C_PHYS_REPJUIN.pdf,ESC/2014/B/1_B_C_PHYS_REPJUIN.pdf
16746,4555,1_B_C_PHYS_REPJUIN20140001.pdf,ESC/2014/B/1_B_C_PHYS_REPJUIN20140001.pdf
16747,4555,1_B_INFO.PR_JUIN.pdf,ESC/2014/B/1_B_INFO.PR_JUIN.pdf
16748,4555,1_B_INFO.PR_JUIN20140001.pdf,ESC/2014/B/1_B_INFO.PR_JUIN20140001.pdf
16749,4555,1_B_INFO.TH_JUIN.pdf,ESC/2014/B/1_B_INFO.TH_JUIN.pdf
16750,4555,1_B_INFO.TH_JUIN20140001.pdf,ESC/2014/B/1_B_INFO.TH_JUIN20140001.pdf
16751,4555,1_B_MATH1_JUIN.pdf,ESC/2014/B/1_B_MATH1_JUIN.pdf
16752,4555,1_B_MATH1_JUIN20140001.pdf,ESC/2014/B/1_B_MATH1_JUIN20140001.pdf
16753,4555,1_B_MATH1_REPJUIN.pdf,ESC/2014/B/1_B_MATH1_REPJUIN.pdf
16754,4555,1_B_MATH1_REPJUIN20140001.pdf,ESC/2014/B/1_B_MATH1_REPJUIN20140001.pdf
16755,4555,1_B_MATH2_JUIN.pdf,ESC/2014/B/1_B_MATH2_JUIN.pdf
16756,4555,1_B_MATH2_JUIN20140001.pdf,ESC/2014/B/1_B_MATH2_JUIN20140001.pdf
16757,4555,1_LATIN_JUIN2014.pdf,ESC/2014/B/1_LATIN_JUIN2014.pdf
4556,4553,C,ESC/2014/C
16699,4556,1_A_B_C_D_G_HIST_JUIN20140001.pdf,ESC/2014/C/1_A_B_C_D_G_HIST_JUIN20140001.pdf
16700,4556,1_A_B_C_D_G_HIST_REPJUIN20140001.pdf,ESC/2014/C/1_A_B_C_D_G_HIST_REPJUIN20140001.pdf
16701,4556,1_A_B_C_ECO_JUIN.pdf,ESC/2014/C/1_A_B_C_ECO_JUIN.pdf
16702,4556,1_A_B_C_ECO_REPJUIN.pdf,ESC/2014/C/1_A_B_C_ECO_REPJUIN.pdf
16703,4556,1_A_B_C_ECO_REPJUIN20140001.pdf,ESC/2014/C/1_A_B_C_ECO_REPJUIN20140001.pdf
16704,4556,1_B_C_CHIM_JUIN.pdf,ESC/2014/C/1_B_C_CHIM_JUIN.pdf
16705,4556,1_B_C_CHIM_JUIN20140001.pdf,ESC/2014/C/1_B_C_CHIM_JUIN20140001.pdf
16706,4556,1_B_C_CHIM_REPJUIN.pdf,ESC/2014/C/1_B_C_CHIM_REPJUIN.pdf
16707,4556,1_B_C_CHIM_REPJUIN20140001.pdf,ESC/2014/C/1_B_C_CHIM_REPJUIN20140001.pdf
16708,4556,1_B_C_D_E_F_G_ALLEM_JUIN2014.pdf,ESC/2014/C/1_B_C_D_E_F_G_ALLEM_JUIN2014.pdf
16709,4556,1_B_C_D_E_F_G_ANGL_JUIN2014.pdf,ESC/2014/C/1_B_C_D_E_F_G_ANGL_JUIN2014.pdf
16710,4556,1_B_C_D_E_F_G_FRANC_JUIN20140001.pdf,ESC/2014/C/1_B_C_D_E_F_G_FRANC_JUIN20140001.pdf
16711,4556,1_B_C_D_E_F_G_FRANC_REPJUIN20140001.pdf,ESC/2014/C/1_B_C_D_E_F_G_FRANC_REPJUIN20140001.pdf
16712,4556,1_B_C_E_F_FRANC.ORAL_JUIN20140001.pdf,ESC/2014/C/1_B_C_E_F_FRANC.ORAL_JUIN20140001.pdf
16713,4556,1_B_C_PHILO_JUIN.pdf,ESC/2014/C/1_B_C_PHILO_JUIN.pdf
16714,4556,1_B_C_PHILO_JUIN20140001.pdf,ESC/2014/C/1_B_C_PHILO_JUIN20140001.pdf
16715,4556,1_B_C_PHYS_JUIN.pdf,ESC/2014/C/1_B_C_PHYS_JUIN.pdf
16716,4556,1_B_C_PHYS_JUIN20140001.pdf,ESC/2014/C/1_B_C_PHYS_JUIN20140001.pdf
16717,4556,1_B_C_PHYS_REPJUIN.pdf,ESC/2014/C/1_B_C_PHYS_REPJUIN.pdf
16718,4556,1_B_C_PHYS_REPJUIN20140001.pdf,ESC/2014/C/1_B_C_PHYS_REPJUIN20140001.pdf
16721,4556,1_C_BIO_JUIN.pdf,ESC/2014/C/1_C_BIO_JUIN.pdf
16722,4556,1_C_BIO_JUIN20140001.pdf,ESC/2014/C/1_C_BIO_JUIN20140001.pdf
16723,4556,1_C_D_MATH2_JUIN2014.pdf,ESC/2014/C/1_C_D_MATH2_JUIN2014.pdf
16724,4556,1_C_MATH1_JUIN.pdf,ESC/2014/C/1_C_MATH1_JUIN.pdf
16725,4556,1_C_MATH1_JUIN20140001.pdf,ESC/2014/C/1_C_MATH1_JUIN20140001.pdf
16719,4556,1_C1_MATH1_REPJUIN.pdf,ESC/2014/C/1_C1_MATH1_REPJUIN.pdf
16720,4556,1_C1_MATH1_REPJUIN20140001.pdf,ESC/2014/C/1_C1_MATH1_REPJUIN20140001.pdf
16726,4556,1_LATIN_JUIN2014.pdf,ESC/2014/C/1_LATIN_JUIN2014.pdf
4557,4553,D,ESC/2014/D
16685,4557,1_A_B_C_D_G_HIST_JUIN20140001.pdf,ESC/2014/D/1_A_B_C_D_G_HIST_JUIN20140001.pdf
16686,4557,1_A_B_C_D_G_HIST_REPJUIN20140001.pdf,ESC/2014/D/1_A_B_C_D_G_HIST_REPJUIN20140001.pdf
16687,4557,1_A_D_G_PHILO_REPJUIN20140001.pdf,ESC/2014/D/1_A_D_G_PHILO_REPJUIN20140001.pdf
16688,4557,1_B_C_D_E_F_G_ALLEM_JUIN2014.pdf,ESC/2014/D/1_B_C_D_E_F_G_ALLEM_JUIN2014.pdf
16689,4557,1_B_C_D_E_F_G_ANGL_JUIN2014.pdf,ESC/2014/D/1_B_C_D_E_F_G_ANGL_JUIN2014.pdf
16690,4557,1_B_C_D_E_F_G_FRANC_JUIN20140001.pdf,ESC/2014/D/1_B_C_D_E_F_G_FRANC_JUIN20140001.pdf
16691,4557,1_B_C_D_E_F_G_FRANC_REPJUIN20140001.pdf,ESC/2014/D/1_B_C_D_E_F_G_FRANC_REPJUIN20140001.pdf
16692,4557,1_C_D_MATH2_JUIN2014.pdf,ESC/2014/D/1_C_D_MATH2_JUIN2014.pdf
16693,4557,1_D_ECOGE.SOCCOM_JUIN2014.pdf,ESC/2014/D/1_D_ECOGE.SOCCOM_JUIN2014.pdf
16694,4557,1_D_ECOGE.STAT.PROBA_JUIN2014.pdf,ESC/2014/D/1_D_ECOGE.STAT.PROBA_JUIN2014.pdf
16695,4557,1_D_ECOPOL_JUIN2014.pdf,ESC/2014/D/1_D_ECOPOL_JUIN2014.pdf
16696,4557,1_D_G_FRANC.ORAL_JUIN20140001.pdf,ESC/2014/D/1_D_G_FRANC.ORAL_JUIN20140001.pdf
16697,4557,1_D_MATH1_JUIN2014.pdf,ESC/2014/D/1_D_MATH1_JUIN2014.pdf
16698,4557,1_LATIN_JUIN2014.pdf,ESC/2014/D/1_LATIN_JUIN2014.pdf
4558,4553,E,ESC/2014/E
16669,4558,1_B_C_D_E_F_G_ALLEM_JUIN2014.pdf,ESC/2014/E/1_B_C_D_E_F_G_ALLEM_JUIN2014.pdf
16670,4558,1_B_C_D_E_F_G_ANGL_JUIN2014.pdf,ESC/2014/E/1_B_C_D_E_F_G_ANGL_JUIN2014.pdf
16671,4558,1_B_C_D_E_F_G_FRANC_JUIN20140001.pdf,ESC/2014/E/1_B_C_D_E_F_G_FRANC_JUIN20140001.pdf
16672,4558,1_B_C_D_E_F_G_FRANC_REPJUIN20140001.pdf,ESC/2014/E/1_B_C_D_E_F_G_FRANC_REPJUIN20140001.pdf
16673,4558,1_B_C_E_F_FRANC.ORAL_JUIN20140001.pdf,ESC/2014/E/1_B_C_E_F_FRANC.ORAL_JUIN20140001.pdf
16674,4558,1_E_EDUCART1_JUIN2014.pdf,ESC/2014/E/1_E_EDUCART1_JUIN2014.pdf
16675,4558,1_E_EDUCART2_JUIN2014.pdf,ESC/2014/E/1_E_EDUCART2_JUIN2014.pdf
16676,4558,1_E_EDUCART2_REPJUIN2014.pdf,ESC/2014/E/1_E_EDUCART2_REPJUIN2014.pdf
16677,4558,1_E_EDUCART3_JUIN2014.pdf,ESC/2014/E/1_E_EDUCART3_JUIN2014.pdf
16678,4558,1_E_EDUCART3_REPJUIN2014pdf.pdf,ESC/2014/E/1_E_EDUCART3_REPJUIN2014pdf.pdf
16679,4558,1_E_F_G_MATHE_JUIN20140001.pdf,ESC/2014/E/1_E_F_G_MATHE_JUIN20140001.pdf
16680,4558,1_E_F_G_MATHE_REPJUIN20140001.pdf,ESC/2014/E/1_E_F_G_MATHE_REPJUIN20140001.pdf
16681,4558,1_E_F_PHILO_JUIN2014.pdf,ESC/2014/E/1_E_F_PHILO_JUIN2014.pdf
16682,4558,1_E_HISTMUS_JUIN2014.pdf,ESC/2014/E/1_E_HISTMUS_JUIN2014.pdf
16683,4558,1_E_HISTMUS_REPJUIN2014.pdf,ESC/2014/E/1_E_HISTMUS_REPJUIN2014.pdf
16684,4558,1_LATIN_JUIN2014.pdf,ESC/2014/E/1_LATIN_JUIN2014.pdf
4559,4553,F,ESC/2014/F
16656,4559,1_B_C_D_E_F_G_ALLEM_JUIN2014.pdf,ESC/2014/F/1_B_C_D_E_F_G_ALLEM_JUIN2014.pdf
16657,4559,1_B_C_D_E_F_G_ANGL_JUIN2014.pdf,ESC/2014/F/1_B_C_D_E_F_G_ANGL_JUIN2014.pdf
16658,4559,1_B_C_D_E_F_G_FRANC_JUIN20140001.pdf,ESC/2014/F/1_B_C_D_E_F_G_FRANC_JUIN20140001.pdf
16659,4559,1_B_C_D_E_F_G_FRANC_REPJUIN20140001.pdf,ESC/2014/F/1_B_C_D_E_F_G_FRANC_REPJUIN20140001.pdf
16660,4559,1_B_C_E_F_FRANC.ORAL_JUIN20140001.pdf,ESC/2014/F/1_B_C_E_F_FRANC.ORAL_JUIN20140001.pdf
16661,4559,1_E_F_G_MATHE_JUIN20140001.pdf,ESC/2014/F/1_E_F_G_MATHE_JUIN20140001.pdf
16662,4559,1_E_F_G_MATHE_REPJUIN20140001.pdf,ESC/2014/F/1_E_F_G_MATHE_REPJUIN20140001.pdf
16663,4559,1_F_EDUCMUS1.ANALY_JUIN2014.pdf,ESC/2014/F/1_F_EDUCMUS1.ANALY_JUIN2014.pdf
16664,4559,1_F_EDUCMUS1.TH_JUIN2014.pdf,ESC/2014/F/1_F_EDUCMUS1.TH_JUIN2014.pdf
16665,4559,1_F_EDUCMUS2_JUIN2014.pdf,ESC/2014/F/1_F_EDUCMUS2_JUIN2014.pdf
16666,4559,1_F_G_EDART_JUIN20140001.pdf,ESC/2014/F/1_F_G_EDART_JUIN20140001.pdf
16667,4559,1_F_G_EDART_REPJUIN20140001.pdf,ESC/2014/F/1_F_G_EDART_REPJUIN20140001.pdf
16668,4559,1_LATIN_JUIN2014.pdf,ESC/2014/F/1_LATIN_JUIN2014.pdf
4560,4553,G,ESC/2014/G
16636,4560,1_A_B_C_D_G_HIST_JUIN20140001.pdf,ESC/2014/G/1_A_B_C_D_G_HIST_JUIN20140001.pdf
16637,4560,1_A_B_C_D_G_HIST_REPJUIN20140001.pdf,ESC/2014/G/1_A_B_C_D_G_HIST_REPJUIN20140001.pdf
16638,4560,1_A_D_G_PHILO_REPJUIN20140001.pdf,ESC/2014/G/1_A_D_G_PHILO_REPJUIN20140001.pdf
16639,4560,1_B_C_D_E_F_G_ALLEM_JUIN2014.pdf,ESC/2014/G/1_B_C_D_E_F_G_ALLEM_JUIN2014.pdf
16640,4560,1_B_C_D_E_F_G_ANGL_JUIN2014.pdf,ESC/2014/G/1_B_C_D_E_F_G_ANGL_JUIN2014.pdf
16641,4560,1_B_C_D_E_F_G_FRANC_JUIN20140001.pdf,ESC/2014/G/1_B_C_D_E_F_G_FRANC_JUIN20140001.pdf
16642,4560,1_B_C_D_E_F_G_FRANC_REPJUIN20140001.pdf,ESC/2014/G/1_B_C_D_E_F_G_FRANC_REPJUIN20140001.pdf
16643,4560,1_D_G_FRANC.ORAL_JUIN20140001.pdf,ESC/2014/G/1_D_G_FRANC.ORAL_JUIN20140001.pdf
16644,4560,1_E_F_G_MATHE_JUIN20140001.pdf,ESC/2014/G/1_E_F_G_MATHE_JUIN20140001.pdf
16645,4560,1_E_F_G_MATHE_REPJUIN20140001.pdf,ESC/2014/G/1_E_F_G_MATHE_REPJUIN20140001.pdf
16646,4560,1_F_G_EDART_JUIN20140001.pdf,ESC/2014/G/1_F_G_EDART_JUIN20140001.pdf
16647,4560,1_F_G_EDART_REPJUIN20140001.pdf,ESC/2014/G/1_F_G_EDART_REPJUIN20140001.pdf
16648,4560,1_G_ECOPOL_JUIN20140001.pdf,ESC/2014/G/1_G_ECOPOL_JUIN20140001.pdf
16649,4560,1_G_ECOPOL_REPJUIN20140001.pdf,ESC/2014/G/1_G_ECOPOL_REPJUIN20140001.pdf
16650,4560,1_G_GEO_JUIN20140001.pdf,ESC/2014/G/1_G_GEO_JUIN20140001.pdf
16651,4560,1_G_GEO_REPJUIN20140001.pdf,ESC/2014/G/1_G_GEO_REPJUIN20140001.pdf
16652,4560,1_G_SCIENSOC_JUIN20140001.pdf,ESC/2014/G/1_G_SCIENSOC_JUIN20140001.pdf
16653,4560,1_G_SCIENSOC_REPJUIN20140001.pdf,ESC/2014/G/1_G_SCIENSOC_REPJUIN20140001.pdf
16654,4560,1_G_SCIESOC.ORAL_JUIN20140001.pdf,ESC/2014/G/1_G_SCIESOC.ORAL_JUIN20140001.pdf
16655,4560,1_LATIN_JUIN2014.pdf,ESC/2014/G/1_LATIN_JUIN2014.pdf
4561,1920,2015,ESC/2015
4562,4561,A,ESC/2015/A
16621,4562,ALLEM (analyse de texte)_A_écrit_juin.pdf,ESC/2015/A/ALLEM (analyse de texte)_A_écrit_juin.pdf
16622,4562,ALLEM_A_écrit_juin.pdf,ESC/2015/A/ALLEM_A_écrit_juin.pdf
16623,4562,ANGLA (texte inconnu)_A_écrit_juin.pdf,ESC/2015/A/ANGLA (texte inconnu)_A_écrit_juin.pdf
16624,4562,ANGLA (textes connus)_A_écrit_juin.pdf,ESC/2015/A/ANGLA (textes connus)_A_écrit_juin.pdf
16625,4562,Economie générale_A-B-C_écrit_juin.pdf,ESC/2015/A/Economie générale_A-B-C_écrit_juin.pdf
16626,4562,Economie générale_A-B-C_écrit_repêchage.pdf,ESC/2015/A/Economie générale_A-B-C_écrit_repêchage.pdf
16627,4562,Espagnol_A_écrit_juin.pdf,ESC/2015/A/Espagnol_A_écrit_juin.pdf
16628,4562,Français (texte inconnu)_A_écrit_juin.pdf,ESC/2015/A/Français (texte inconnu)_A_écrit_juin.pdf
16629,4562,Français-Dissertation littéraire_A_écrit_juin.pdf,ESC/2015/A/Français-Dissertation littéraire_A_écrit_juin.pdf
16630,4562,Histoire_A-B-C-D-G_écrit_juin.pdf,ESC/2015/A/Histoire_A-B-C-D-G_écrit_juin.pdf
16631,4562,Histoire_A-B-C-D-G_écrit_repêchage.pdf,ESC/2015/A/Histoire_A-B-C-D-G_écrit_repêchage.pdf
16632,4562,Italien_A_écrit_juin.pdf,ESC/2015/A/Italien_A_écrit_juin.pdf
16633,4562,Latin_A-B-C-D-E-F-G_écrit_juin.pdf,ESC/2015/A/Latin_A-B-C-D-E-F-G_écrit_juin.pdf
16634,4562,Philosophie_A-D-G_écrit_juin.pdf,ESC/2015/A/Philosophie_A-D-G_écrit_juin.pdf
16635,4562,Philosophie_A-D-G_écrit_repêchage.pdf,ESC/2015/A/Philosophie_A-D-G_écrit_repêchage.pdf
4563,4561,B,ESC/2015/B
16600,4563,ALLEM_B-C-D-E-F-G_écrit_juin.pdf,ESC/2015/B/ALLEM_B-C-D-E-F-G_écrit_juin.pdf
16601,4563,ALLEM_B-C-D-E-F-G_écrit_repêchage.pdf,ESC/2015/B/ALLEM_B-C-D-E-F-G_écrit_repêchage.pdf
16602,4563,ANGLA_B-C-D-E-F-G_écrit_juin.pdf,ESC/2015/B/ANGLA_B-C-D-E-F-G_écrit_juin.pdf
16603,4563,ANGLA_B-C-D-E-F-G_écrit_repêchage.pdf,ESC/2015/B/ANGLA_B-C-D-E-F-G_écrit_repêchage.pdf
16604,4563,CHIMIE_B-C_écrit_juin.pdf,ESC/2015/B/CHIMIE_B-C_écrit_juin.pdf
16605,4563,Chimie_B-C_écrit_repêchage.pdf,ESC/2015/B/Chimie_B-C_écrit_repêchage.pdf
16606,4563,Economie générale_A-B-C_écrit_juin.pdf,ESC/2015/B/Economie générale_A-B-C_écrit_juin.pdf
16607,4563,Economie générale_A-B-C_écrit_repêchage.pdf,ESC/2015/B/Economie générale_A-B-C_écrit_repêchage.pdf
16608,4563,Français_B-C-D-E-F-G_écrit_juin.pdf,ESC/2015/B/Français_B-C-D-E-F-G_écrit_juin.pdf
16609,4563,Français_B-C-D-E-F-G_écrit_repêchage.pdf,ESC/2015/B/Français_B-C-D-E-F-G_écrit_repêchage.pdf
16610,4563,Histoire_A-B-C-D-G_écrit_juin.pdf,ESC/2015/B/Histoire_A-B-C-D-G_écrit_juin.pdf
16611,4563,Histoire_A-B-C-D-G_écrit_repêchage.pdf,ESC/2015/B/Histoire_A-B-C-D-G_écrit_repêchage.pdf
16612,4563,INFO (partie pratique)_B_écrit_juin.pdf,ESC/2015/B/INFO (partie pratique)_B_écrit_juin.pdf
16613,4563,INFO (partie théorique)_B_écrit_juin.pdf,ESC/2015/B/INFO (partie théorique)_B_écrit_juin.pdf
16614,4563,Latin_A-B-C-D-E-F-G_écrit_juin.pdf,ESC/2015/B/Latin_A-B-C-D-E-F-G_écrit_juin.pdf
16615,4563,MATHE 1_B_écrit_juin.pdf,ESC/2015/B/MATHE 1_B_écrit_juin.pdf
16616,4563,MATHE 2_B_écrit_juin.pdf,ESC/2015/B/MATHE 2_B_écrit_juin.pdf
16617,4563,Philosophie_B-C_écrit_juin.pdf,ESC/2015/B/Philosophie_B-C_écrit_juin.pdf
16618,4563,Philosophie_B-C_écrit_repêchage.pdf,ESC/2015/B/Philosophie_B-C_écrit_repêchage.pdf
16619,4563,Physique_B-C_écrit_juin.pdf,ESC/2015/B/Physique_B-C_écrit_juin.pdf
16620,4563,Physique_B-C_écrit_repêchage.pdf,ESC/2015/B/Physique_B-C_écrit_repêchage.pdf
4564,4561,C,ESC/2015/C
16578,4564,ALLEM_B-C-D-E-F-G_écrit_juin.pdf,ESC/2015/C/ALLEM_B-C-D-E-F-G_écrit_juin.pdf
16579,4564,ALLEM_B-C-D-E-F-G_écrit_repêchage.pdf,ESC/2015/C/ALLEM_B-C-D-E-F-G_écrit_repêchage.pdf
16580,4564,ANGLA_B-C-D-E-F-G_écrit_juin.pdf,ESC/2015/C/ANGLA_B-C-D-E-F-G_écrit_juin.pdf
16581,4564,ANGLA_B-C-D-E-F-G_écrit_repêchage.pdf,ESC/2015/C/ANGLA_B-C-D-E-F-G_écrit_repêchage.pdf
16582,4564,Biologie_C_écrit_juin.pdf,ESC/2015/C/Biologie_C_écrit_juin.pdf
16583,4564,CHIMIE_B-C_écrit_juin.pdf,ESC/2015/C/CHIMIE_B-C_écrit_juin.pdf
16584,4564,Chimie_B-C_écrit_repêchage.pdf,ESC/2015/C/Chimie_B-C_écrit_repêchage.pdf
16585,4564,Economie générale_A-B-C_écrit_juin.pdf,ESC/2015/C/Economie générale_A-B-C_écrit_juin.pdf
16586,4564,Economie générale_A-B-C_écrit_repêchage.pdf,ESC/2015/C/Economie générale_A-B-C_écrit_repêchage.pdf
16587,4564,Français_B-C-D-E-F-G_écrit_juin.pdf,ESC/2015/C/Français_B-C-D-E-F-G_écrit_juin.pdf
16588,4564,Français_B-C-D-E-F-G_écrit_repêchage.pdf,ESC/2015/C/Français_B-C-D-E-F-G_écrit_repêchage.pdf
16589,4564,Histoire_A-B-C-D-G_écrit_juin.pdf,ESC/2015/C/Histoire_A-B-C-D-G_écrit_juin.pdf
16590,4564,Histoire_A-B-C-D-G_écrit_repêchage.pdf,ESC/2015/C/Histoire_A-B-C-D-G_écrit_repêchage.pdf
16591,4564,Latin_A-B-C-D-E-F-G_écrit_juin.pdf,ESC/2015/C/Latin_A-B-C-D-E-F-G_écrit_juin.pdf
16592,4564,MATHE 1_C_écrit_juin.pdf,ESC/2015/C/MATHE 1_C_écrit_juin.pdf
16593,4564,MATHE 1_C_écrit_repêchage.pdf,ESC/2015/C/MATHE 1_C_écrit_repêchage.pdf
16594,4564,MATHE 2_C-D_écrit_juin.pdf,ESC/2015/C/MATHE 2_C-D_écrit_juin.pdf
16595,4564,MATHE 2_C-D_écrit_repêchage.pdf,ESC/2015/C/MATHE 2_C-D_écrit_repêchage.pdf
16596,4564,Philosophie_B-C_écrit_juin.pdf,ESC/2015/C/Philosophie_B-C_écrit_juin.pdf
16597,4564,Philosophie_B-C_écrit_repêchage.pdf,ESC/2015/C/Philosophie_B-C_écrit_repêchage.pdf
16598,4564,Physique_B-C_écrit_juin.pdf,ESC/2015/C/Physique_B-C_écrit_juin.pdf
16599,4564,Physique_B-C_écrit_repêchage.pdf,ESC/2015/C/Physique_B-C_écrit_repêchage.pdf
4565,4561,D,ESC/2015/D
16562,4565,ALLEM_B-C-D-E-F-G_écrit_juin.pdf,ESC/2015/D/ALLEM_B-C-D-E-F-G_écrit_juin.pdf
16563,4565,ALLEM_B-C-D-E-F-G_écrit_repêchage.pdf,ESC/2015/D/ALLEM_B-C-D-E-F-G_écrit_repêchage.pdf
16564,4565,ANGLA_B-C-D-E-F-G_écrit_juin.pdf,ESC/2015/D/ANGLA_B-C-D-E-F-G_écrit_juin.pdf
16565,4565,ANGLA_B-C-D-E-F-G_écrit_repêchage.pdf,ESC/2015/D/ANGLA_B-C-D-E-F-G_écrit_repêchage.pdf
16566,4565,Economie de gestion-sociétés commerciales_D_écrit_juin.pdf,ESC/2015/D/Economie de gestion-sociétés commerciales_D_écrit_juin.pdf
16567,4565,Economie politique_D_écrit_juin.pdf,ESC/2015/D/Economie politique_D_écrit_juin.pdf
16568,4565,Français_B-C-D-E-F-G_écrit_juin.pdf,ESC/2015/D/Français_B-C-D-E-F-G_écrit_juin.pdf
16569,4565,Français_B-C-D-E-F-G_écrit_repêchage.pdf,ESC/2015/D/Français_B-C-D-E-F-G_écrit_repêchage.pdf
16570,4565,Histoire_A-B-C-D-G_écrit_juin.pdf,ESC/2015/D/Histoire_A-B-C-D-G_écrit_juin.pdf
16571,4565,Histoire_A-B-C-D-G_écrit_repêchage.pdf,ESC/2015/D/Histoire_A-B-C-D-G_écrit_repêchage.pdf
16572,4565,Latin_A-B-C-D-E-F-G_écrit_juin.pdf,ESC/2015/D/Latin_A-B-C-D-E-F-G_écrit_juin.pdf
16575,4565,Mathé 1_D_écrit_juin.pdf,ESC/2015/D/Mathé 1_D_écrit_juin.pdf
16573,4565,MATHE 2_C-D_écrit_juin.pdf,ESC/2015/D/MATHE 2_C-D_écrit_juin.pdf
16574,4565,MATHE 2_C-D_écrit_repêchage.pdf,ESC/2015/D/MATHE 2_C-D_écrit_repêchage.pdf
16576,4565,Philosophie_A-D-G_écrit_juin.pdf,ESC/2015/D/Philosophie_A-D-G_écrit_juin.pdf
16577,4565,Philosophie_A-D-G_écrit_repêchage.pdf,ESC/2015/D/Philosophie_A-D-G_écrit_repêchage.pdf
4566,4561,E,ESC/2015/E
16548,4566,ALLEM_B-C-D-E-F-G_écrit_juin.pdf,ESC/2015/E/ALLEM_B-C-D-E-F-G_écrit_juin.pdf
16549,4566,ALLEM_B-C-D-E-F-G_écrit_repêchage.pdf,ESC/2015/E/ALLEM_B-C-D-E-F-G_écrit_repêchage.pdf
16550,4566,ANGLA_B-C-D-E-F-G_écrit_juin.pdf,ESC/2015/E/ANGLA_B-C-D-E-F-G_écrit_juin.pdf
16551,4566,ANGLA_B-C-D-E-F-G_écrit_repêchage.pdf,ESC/2015/E/ANGLA_B-C-D-E-F-G_écrit_repêchage.pdf
16552,4566,Education artistique 1_E_écrit_juin.pdf,ESC/2015/E/Education artistique 1_E_écrit_juin.pdf
16553,4566,Français_B-C-D-E-F-G_écrit_juin.pdf,ESC/2015/E/Français_B-C-D-E-F-G_écrit_juin.pdf
16554,4566,Français_B-C-D-E-F-G_écrit_repêchage.pdf,ESC/2015/E/Français_B-C-D-E-F-G_écrit_repêchage.pdf
16555,4566,Histoire de la musique_E_écrit_juin.pdf,ESC/2015/E/Histoire de la musique_E_écrit_juin.pdf
16556,4566,Histoire de la musique_E_écrit_repêchage.pdf,ESC/2015/E/Histoire de la musique_E_écrit_repêchage.pdf
16557,4566,Histoire et techniques des arts plastiques_E_écrit_juin.pdf,ESC/2015/E/Histoire et techniques des arts plastiques_E_écrit_juin.pdf
16558,4566,Latin_A-B-C-D-E-F-G_écrit_juin.pdf,ESC/2015/E/Latin_A-B-C-D-E-F-G_écrit_juin.pdf
16559,4566,MATHE_G-E-F_écrit_juin.pdf,ESC/2015/E/MATHE_G-E-F_écrit_juin.pdf
16560,4566,MATHE_G-E-F_écrit_repêchage.pdf,ESC/2015/E/MATHE_G-E-F_écrit_repêchage.pdf
16561,4566,Philosophie_E-F_écrit_juin.pdf,ESC/2015/E/Philosophie_E-F_écrit_juin.pdf
4567,4561,F,ESC/2015/F
16533,4567,ALLEM_B-C-D-E-F-G_écrit_juin.pdf,ESC/2015/F/ALLEM_B-C-D-E-F-G_écrit_juin.pdf
16534,4567,ALLEM_B-C-D-E-F-G_écrit_repêchage.pdf,ESC/2015/F/ALLEM_B-C-D-E-F-G_écrit_repêchage.pdf
16535,4567,ANGLA_B-C-D-E-F-G_écrit_juin.pdf,ESC/2015/F/ANGLA_B-C-D-E-F-G_écrit_juin.pdf
16536,4567,ANGLA_B-C-D-E-F-G_écrit_repêchage.pdf,ESC/2015/F/ANGLA_B-C-D-E-F-G_écrit_repêchage.pdf
16537,4567,Education Artistique_G-F_écrit_juin.pdf,ESC/2015/F/Education Artistique_G-F_écrit_juin.pdf
16538,4567,Education Artistique_G-F_écrit_repêchage.pdf,ESC/2015/F/Education Artistique_G-F_écrit_repêchage.pdf
16539,4567,Education musicale 1 (analyse)_F_écrit_juin.pdf,ESC/2015/F/Education musicale 1 (analyse)_F_écrit_juin.pdf
16540,4567,Education musicale 1(théorie)_F_écrit_juin.pdf,ESC/2015/F/Education musicale 1(théorie)_F_écrit_juin.pdf
16541,4567,Français_B-C-D-E-F-G_écrit_juin.pdf,ESC/2015/F/Français_B-C-D-E-F-G_écrit_juin.pdf
16542,4567,Français_B-C-D-E-F-G_écrit_repêchage.pdf,ESC/2015/F/Français_B-C-D-E-F-G_écrit_repêchage.pdf
16543,4567,Histoire de la musique-Education musicale 2_F_écrit_juin.pdf,ESC/2015/F/Histoire de la musique-Education musicale 2_F_écrit_juin.pdf
16544,4567,Latin_A-B-C-D-E-F-G_écrit_juin.pdf,ESC/2015/F/Latin_A-B-C-D-E-F-G_écrit_juin.pdf
16545,4567,MATHE_G-E-F_écrit_juin.pdf,ESC/2015/F/MATHE_G-E-F_écrit_juin.pdf
16546,4567,MATHE_G-E-F_écrit_repêchage.pdf,ESC/2015/F/MATHE_G-E-F_écrit_repêchage.pdf
16547,4567,Philosophie_E-F_écrit_juin.pdf,ESC/2015/F/Philosophie_E-F_écrit_juin.pdf
4568,4561,G,ESC/2015/G
16511,4568,ALLEM_B-C-D-E-F-G_écrit_juin.pdf,ESC/2015/G/ALLEM_B-C-D-E-F-G_écrit_juin.pdf
16512,4568,ALLEM_B-C-D-E-F-G_écrit_repêchage.pdf,ESC/2015/G/ALLEM_B-C-D-E-F-G_écrit_repêchage.pdf
16513,4568,ANGLA_B-C-D-E-F-G_écrit_juin.pdf,ESC/2015/G/ANGLA_B-C-D-E-F-G_écrit_juin.pdf
16514,4568,ANGLA_B-C-D-E-F-G_écrit_repêchage.pdf,ESC/2015/G/ANGLA_B-C-D-E-F-G_écrit_repêchage.pdf
16515,4568,Economie politique_G_écrit_juin.pdf,ESC/2015/G/Economie politique_G_écrit_juin.pdf
16516,4568,Economie politique_G_écrit_repêchage.pdf,ESC/2015/G/Economie politique_G_écrit_repêchage.pdf
16517,4568,Education Artistique_G-F_écrit_juin.pdf,ESC/2015/G/Education Artistique_G-F_écrit_juin.pdf
16518,4568,Education Artistique_G-F_écrit_repêchage.pdf,ESC/2015/G/Education Artistique_G-F_écrit_repêchage.pdf
16519,4568,Français_B-C-D-E-F-G_écrit_juin.pdf,ESC/2015/G/Français_B-C-D-E-F-G_écrit_juin.pdf
16520,4568,Français_B-C-D-E-F-G_écrit_repêchage.pdf,ESC/2015/G/Français_B-C-D-E-F-G_écrit_repêchage.pdf
16521,4568,Français_B-G_écrit_juin.pdf,ESC/2015/G/Français_B-G_écrit_juin.pdf
16522,4568,Géographie_G_écrit_juin.pdf,ESC/2015/G/Géographie_G_écrit_juin.pdf
16523,4568,Géographie_G_écrit_repêchage.pdf,ESC/2015/G/Géographie_G_écrit_repêchage.pdf
16524,4568,Histoire_A-B-C-D-G_écrit_juin.pdf,ESC/2015/G/Histoire_A-B-C-D-G_écrit_juin.pdf
16525,4568,Histoire_A-B-C-D-G_écrit_repêchage.pdf,ESC/2015/G/Histoire_A-B-C-D-G_écrit_repêchage.pdf
16526,4568,Latin_A-B-C-D-E-F-G_écrit_juin.pdf,ESC/2015/G/Latin_A-B-C-D-E-F-G_écrit_juin.pdf
16527,4568,MATHE_G-E-F_écrit_juin.pdf,ESC/2015/G/MATHE_G-E-F_écrit_juin.pdf
16528,4568,MATHE_G-E-F_écrit_repêchage.pdf,ESC/2015/G/MATHE_G-E-F_écrit_repêchage.pdf
16529,4568,Philosophie_A-D-G_écrit_juin.pdf,ESC/2015/G/Philosophie_A-D-G_écrit_juin.pdf
16530,4568,Philosophie_A-D-G_écrit_repêchage.pdf,ESC/2015/G/Philosophie_A-D-G_écrit_repêchage.pdf
16531,4568,Sciences sociales_G_écrit_juin.pdf,ESC/2015/G/Sciences sociales_G_écrit_juin.pdf
16532,4568,Sciences sociales_G_écrit_repêchage.pdf,ESC/2015/G/Sciences sociales_G_écrit_repêchage.pdf
4789,1920,2016,ESC/2016
4790,4789,A,ESC/2016/A
22395,4790,ALLEM A _A _écrit_septembre.pdf,ESC/2016/A/ALLEM A _A _écrit_septembre.pdf
20119,4790,ALLEM(analyse de texte)_A_écrit_juin.pdf,ESC/2016/A/ALLEM(analyse de texte)_A_écrit_juin.pdf
20120,4790,ALLEM(analyse de texte)_A_écrit_repêchage.pdf,ESC/2016/A/ALLEM(analyse de texte)_A_écrit_repêchage.pdf
20121,4790,ALLEM(dissertation littéraire)_A_écrit_mai.pdf,ESC/2016/A/ALLEM(dissertation littéraire)_A_écrit_mai.pdf
22398,4790,ALLEM_A _écrit_septembre.pdf,ESC/2016/A/ALLEM_A _écrit_septembre.pdf
20122,4790,ANGLA(texte connu)_A_écrit_mai.pdf,ESC/2016/A/ANGLA(texte connu)_A_écrit_mai.pdf
20123,4790,ANGLA(texte connu)_A_écrit_repêchage.pdf,ESC/2016/A/ANGLA(texte connu)_A_écrit_repêchage.pdf
20124,4790,ANGLA(texte inconnu)_A_écrit_mai.pdf,ESC/2016/A/ANGLA(texte inconnu)_A_écrit_mai.pdf
22396,4790,ECOGE _A _écrit_septembre.pdf,ESC/2016/A/ECOGE _A _écrit_septembre.pdf
20125,4790,ECOGE_A-B-C_écrit_repêchage.pdf,ESC/2016/A/ECOGE_A-B-C_écrit_repêchage.pdf
22402,4790,ESPA _A _écrit_septembre.pdf,ESC/2016/A/ESPA _A _écrit_septembre.pdf
20126,4790,ESPA_A_écrit_mai.pdf,ESC/2016/A/ESPA_A_écrit_mai.pdf
22397,4790,FRANC (diss. Littéraire) _A _écrit_septembre.pdf,ESC/2016/A/FRANC (diss. Littéraire) _A _écrit_septembre.pdf
22399,4790,FRANC (texte inconnu) _A _écrit_septembre.pdf,ESC/2016/A/FRANC (texte inconnu) _A _écrit_septembre.pdf
20127,4790,FRANC(analyse texte inconnu)_A_écrit_mai.pdf,ESC/2016/A/FRANC(analyse texte inconnu)_A_écrit_mai.pdf
20128,4790,FRANC(dissertation littéraire)_A_écrit_juin.pdf,ESC/2016/A/FRANC(dissertation littéraire)_A_écrit_juin.pdf
22401,4790,HISTO_A _écrit_septembre.pdf,ESC/2016/A/HISTO_A _écrit_septembre.pdf
20129,4790,HISTO_A-B-C-D-G_écrit_juin.pdf,ESC/2016/A/HISTO_A-B-C-D-G_écrit_juin.pdf
20130,4790,HISTO_A-B-C-D-G_écrit_repêchage.pdf,ESC/2016/A/HISTO_A-B-C-D-G_écrit_repêchage.pdf
22403,4790,ITAL_A _écrit_septembre.pdf,ESC/2016/A/ITAL_A _écrit_septembre.pdf
20131,4790,ITAL_A_écrit_mai.pdf,ESC/2016/A/ITAL_A_écrit_mai.pdf
20132,4790,LATIN_A-B-C-D-E-F-G_écrit_juin.pdf,ESC/2016/A/LATIN_A-B-C-D-E-F-G_écrit_juin.pdf
22400,4790,PHILO_A _écrit_septembre.pdf,ESC/2016/A/PHILO_A _écrit_septembre.pdf
20133,4790,PHILO_A-D-G_écrit_mai.pdf,ESC/2016/A/PHILO_A-D-G_écrit_mai.pdf
20134,4790,PHILO_A-D-G_écrit_repêchage.pdf,ESC/2016/A/PHILO_A-D-G_écrit_repêchage.pdf
4791,4789,B,ESC/2016/B
20099,4791,ALLEM_B-C-D-E-F-G_écrit_mai.pdf,ESC/2016/B/ALLEM_B-C-D-E-F-G_écrit_mai.pdf
20100,4791,ALLEM_B-C-D-E-F-G_écrit_repêchage.pdf,ESC/2016/B/ALLEM_B-C-D-E-F-G_écrit_repêchage.pdf
22415,4791,ANGLA_B_écrit_septembre.pdf,ESC/2016/B/ANGLA_B_écrit_septembre.pdf
20101,4791,ANGLA_B-C-D-E-F-G_écrit_mai.pdf,ESC/2016/B/ANGLA_B-C-D-E-F-G_écrit_mai.pdf
20102,4791,ANGLA_B-C-D-E-F-G_écrit_repêchage.pdf,ESC/2016/B/ANGLA_B-C-D-E-F-G_écrit_repêchage.pdf
22406,4791,CHIMI_B_écrit_septembre.pdf,ESC/2016/B/CHIMI_B_écrit_septembre.pdf
22405,4791,CHIMI_B_écrit_septembre_rep.pdf,ESC/2016/B/CHIMI_B_écrit_septembre_rep.pdf
20103,4791,CHIMI_B-C_écrit_mai.pdf,ESC/2016/B/CHIMI_B-C_écrit_mai.pdf
20104,4791,CHIMI_B-C_écrit_repêchage.pdf,ESC/2016/B/CHIMI_B-C_écrit_repêchage.pdf
20105,4791,ECOGE_A-B-C_écrit_repêchage.pdf,ESC/2016/B/ECOGE_A-B-C_écrit_repêchage.pdf
22404,4791,ECOGE_B_écrit_septembre.pdf,ESC/2016/B/ECOGE_B_écrit_septembre.pdf
20106,4791,ECOGE_B-C_écrit_mai.pdf,ESC/2016/B/ECOGE_B-C_écrit_mai.pdf
22407,4791,FRANC_B_écrit_septembre.pdf,ESC/2016/B/FRANC_B_écrit_septembre.pdf
20107,4791,FRANC_B-C-D-E-F-G_écrit_mai.pdf,ESC/2016/B/FRANC_B-C-D-E-F-G_écrit_mai.pdf
20108,4791,FRANC_B-C-D-E-F-G_écrit_repêchage.pdf,ESC/2016/B/FRANC_B-C-D-E-F-G_écrit_repêchage.pdf
20109,4791,HISTO_A-B-C-D-G_écrit_juin.pdf,ESC/2016/B/HISTO_A-B-C-D-G_écrit_juin.pdf
20110,4791,HISTO_A-B-C-D-G_écrit_repêchage.pdf,ESC/2016/B/HISTO_A-B-C-D-G_écrit_repêchage.pdf
22414,4791,HISTO_B_écrit_septembre.pdf,ESC/2016/B/HISTO_B_écrit_septembre.pdf
22410,4791,INFO partie pratique_B_écrit_septembre.pdf,ESC/2016/B/INFO partie pratique_B_écrit_septembre.pdf
22411,4791,INFO partie théorique_B_écrit_septembre.pdf,ESC/2016/B/INFO partie théorique_B_écrit_septembre.pdf
20111,4791,INFO_B_écrit_mai.pdf,ESC/2016/B/INFO_B_écrit_mai.pdf
20112,4791,LATIN_A-B-C-D-E-F-G_écrit_juin.pdf,ESC/2016/B/LATIN_A-B-C-D-E-F-G_écrit_juin.pdf
22409,4791,MATHE I_B_écrit_septembre.pdf,ESC/2016/B/MATHE I_B_écrit_septembre.pdf
22412,4791,MATHE II_B_écrit_septembre.pdf,ESC/2016/B/MATHE II_B_écrit_septembre.pdf
20113,4791,MATHE1_B_écrit_mai.pdf,ESC/2016/B/MATHE1_B_écrit_mai.pdf
20114,4791,MATHE2_B_écrit_mai.pdf,ESC/2016/B/MATHE2_B_écrit_mai.pdf
22408,4791,PHILO_B_écrit_septembre.pdf,ESC/2016/B/PHILO_B_écrit_septembre.pdf
20115,4791,PHILO_B-C_écrit_juin.pdf,ESC/2016/B/PHILO_B-C_écrit_juin.pdf
20116,4791,PHILO_B-C_écrit_repêchage.pdf,ESC/2016/B/PHILO_B-C_écrit_repêchage.pdf
22413,4791,PHYSI_B_écrit_septembre).pdf,ESC/2016/B/PHYSI_B_écrit_septembre).pdf
22416,4791,PHYSI_B_écrit_septembre_rep.pdf,ESC/2016/B/PHYSI_B_écrit_septembre_rep.pdf
20117,4791,PHYSI_B-C_écrit_juin.pdf,ESC/2016/B/PHYSI_B-C_écrit_juin.pdf
20118,4791,PHYSI_B-C_écrit_repêchage.pdf,ESC/2016/B/PHYSI_B-C_écrit_repêchage.pdf
4792,4789,C,ESC/2016/C
20077,4792,ALLEM_B-C-D-E-F-G_écrit_mai.pdf,ESC/2016/C/ALLEM_B-C-D-E-F-G_écrit_mai.pdf
20078,4792,ALLEM_B-C-D-E-F-G_écrit_repêchage.pdf,ESC/2016/C/ALLEM_B-C-D-E-F-G_écrit_repêchage.pdf
20079,4792,ANGLA_B-C-D-E-F-G_écrit_mai.pdf,ESC/2016/C/ANGLA_B-C-D-E-F-G_écrit_mai.pdf
20080,4792,ANGLA_B-C-D-E-F-G_écrit_repêchage.pdf,ESC/2016/C/ANGLA_B-C-D-E-F-G_écrit_repêchage.pdf
22426,4792,ANGLA_C_écrit_septembre.pdf,ESC/2016/C/ANGLA_C_écrit_septembre.pdf
20081,4792,BIO_C_écrit_juin.pdf,ESC/2016/C/BIO_C_écrit_juin.pdf
20082,4792,BIO_C_écrit_repêchage.pdf,ESC/2016/C/BIO_C_écrit_repêchage.pdf
22418,4792,BIO_C_écrit_septembre.pdf,ESC/2016/C/BIO_C_écrit_septembre.pdf
22417,4792,BIO_C_écrit_septembre_rep.pdf,ESC/2016/C/BIO_C_écrit_septembre_rep.pdf
20083,4792,CHIMI_B-C_écrit_mai.pdf,ESC/2016/C/CHIMI_B-C_écrit_mai.pdf
20084,4792,CHIMI_B-C_écrit_repêchage.pdf,ESC/2016/C/CHIMI_B-C_écrit_repêchage.pdf
22419,4792,CHIMI_C_écrit_septembre.pdf,ESC/2016/C/CHIMI_C_écrit_septembre.pdf
22420,4792,CHIMI_C_écrit_septembre_rep.pdf,ESC/2016/C/CHIMI_C_écrit_septembre_rep.pdf
20085,4792,ECOGE_A-B-C_écrit_repêchage.pdf,ESC/2016/C/ECOGE_A-B-C_écrit_repêchage.pdf
20086,4792,ECOGE_B-C_écrit_mai.pdf,ESC/2016/C/ECOGE_B-C_écrit_mai.pdf
22421,4792,ECOGE_C_écrit_septembre.pdf,ESC/2016/C/ECOGE_C_écrit_septembre.pdf
20087,4792,FRANC_B-C-D-E-F-G_écrit_mai.pdf,ESC/2016/C/FRANC_B-C-D-E-F-G_écrit_mai.pdf
20088,4792,FRANC_B-C-D-E-F-G_écrit_repêchage.pdf,ESC/2016/C/FRANC_B-C-D-E-F-G_écrit_repêchage.pdf
22424,4792,FRANC_C_écrit_septembre.pdf,ESC/2016/C/FRANC_C_écrit_septembre.pdf
20089,4792,HISTO_A-B-C-D-G_écrit_juin.pdf,ESC/2016/C/HISTO_A-B-C-D-G_écrit_juin.pdf
20090,4792,HISTO_A-B-C-D-G_écrit_repêchage.pdf,ESC/2016/C/HISTO_A-B-C-D-G_écrit_repêchage.pdf
22429,4792,HISTO_C_écrit_septembre.pdf,ESC/2016/C/HISTO_C_écrit_septembre.pdf
20091,4792,LATIN_A-B-C-D-E-F-G_écrit_juin.pdf,ESC/2016/C/LATIN_A-B-C-D-E-F-G_écrit_juin.pdf
20092,4792,MATHE 1_C_écrit_juin.pdf,ESC/2016/C/MATHE 1_C_écrit_juin.pdf
20093,4792,MATHE 1_C_écrit_repêchage.pdf,ESC/2016/C/MATHE 1_C_écrit_repêchage.pdf
20094,4792,MATHE 2_C-D_écrit_juin.pdf,ESC/2016/C/MATHE 2_C-D_écrit_juin.pdf
20095,4792,MATHE 2_C-D_écrit_repêchage.pdf,ESC/2016/C/MATHE 2_C-D_écrit_repêchage.pdf
22423,4792,MATHE I_C_écrit_septembre.pdf,ESC/2016/C/MATHE I_C_écrit_septembre.pdf
20096,4792,PHILO_B-C_écrit_repêchage.pdf,ESC/2016/C/PHILO_B-C_écrit_repêchage.pdf
22428,4792,PHILO_C_écrit_septembre.pdf,ESC/2016/C/PHILO_C_écrit_septembre.pdf
20097,4792,PHYSI_B-C_écrit_juin.pdf,ESC/2016/C/PHYSI_B-C_écrit_juin.pdf
20098,4792,PHYSI_B-C_écrit_repêchage.pdf,ESC/2016/C/PHYSI_B-C_écrit_repêchage.pdf
22422,4792,PHYSI_C_écrit_septembre.pdf,ESC/2016/C/PHYSI_C_écrit_septembre.pdf
22427,4792,PHYSI_C_écrit_septembre_rep.pdf,ESC/2016/C/PHYSI_C_écrit_septembre_rep.pdf
22425,4792,PHYSI_C_écrit_septembre_rep2.pdf,ESC/2016/C/PHYSI_C_écrit_septembre_rep2.pdf
4793,4789,D,ESC/2016/D
20057,4793,ALLEM_B-C-D-E-F-G_écrit_mai.pdf,ESC/2016/D/ALLEM_B-C-D-E-F-G_écrit_mai.pdf
20058,4793,ALLEM_B-C-D-E-F-G_écrit_repêchage.pdf,ESC/2016/D/ALLEM_B-C-D-E-F-G_écrit_repêchage.pdf
20059,4793,ANGLA_B-C-D-E-F-G_écrit_mai.pdf,ESC/2016/D/ANGLA_B-C-D-E-F-G_écrit_mai.pdf
20060,4793,ANGLA_B-C-D-E-F-G_écrit_repêchage.pdf,ESC/2016/D/ANGLA_B-C-D-E-F-G_écrit_repêchage.pdf
22436,4793,ANGLA_D_écrit_septembre.pdf,ESC/2016/D/ANGLA_D_écrit_septembre.pdf
20061,4793,ECOGE(Sociétés commerciales)_D_écrit_mai.pdf,ESC/2016/D/ECOGE(Sociétés commerciales)_D_écrit_mai.pdf
20062,4793,ECOGE(Sociétés commerciales)_D_écrit_repêchage.pdf,ESC/2016/D/ECOGE(Sociétés commerciales)_D_écrit_repêchage.pdf
20063,4793,ECOGE(Statistique et Probabilités)_D_écrit_juin.pdf,ESC/2016/D/ECOGE(Statistique et Probabilités)_D_écrit_juin.pdf
20064,4793,ECOGE(Statistique et Probabilités)_D_écrit_repêchage.pdf,ESC/2016/D/ECOGE(Statistique et Probabilités)_D_écrit_repêchage.pdf
22430,4793,ECOGE-Soc com_D_écrit_septembre.pdf,ESC/2016/D/ECOGE-Soc com_D_écrit_septembre.pdf
22432,4793,ECOGE-Sta et prob_D_écrit_septembre.pdf,ESC/2016/D/ECOGE-Sta et prob_D_écrit_septembre.pdf
20065,4793,ECOPO_D_écrit_mai.pdf,ESC/2016/D/ECOPO_D_écrit_mai.pdf
20066,4793,ECOPO_D_écrit_repêchage.pdf,ESC/2016/D/ECOPO_D_écrit_repêchage.pdf
20067,4793,FRANC_B-C-D-E-F-G_écrit_mai.pdf,ESC/2016/D/FRANC_B-C-D-E-F-G_écrit_mai.pdf
20068,4793,FRANC_B-C-D-E-F-G_écrit_repêchage.pdf,ESC/2016/D/FRANC_B-C-D-E-F-G_écrit_repêchage.pdf
22433,4793,FRANC_D_écrit_septembre.pdf,ESC/2016/D/FRANC_D_écrit_septembre.pdf
20069,4793,HISTO_A-B-C-D-G_écrit_juin.pdf,ESC/2016/D/HISTO_A-B-C-D-G_écrit_juin.pdf
20070,4793,HISTO_A-B-C-D-G_écrit_repêchage.pdf,ESC/2016/D/HISTO_A-B-C-D-G_écrit_repêchage.pdf
22437,4793,HISTO_D_écrit_septembre.pdf,ESC/2016/D/HISTO_D_écrit_septembre.pdf
20071,4793,LATIN_A-B-C-D-E-F-G_écrit_juin.pdf,ESC/2016/D/LATIN_A-B-C-D-E-F-G_écrit_juin.pdf
20072,4793,MATHE 2_C-D_écrit_repêchage.pdf,ESC/2016/D/MATHE 2_C-D_écrit_repêchage.pdf
22431,4793,MATHE I _D_écrit_septembre.pdf,ESC/2016/D/MATHE I _D_écrit_septembre.pdf
22434,4793,MATHE I_D_écrit_septembre.pdf,ESC/2016/D/MATHE I_D_écrit_septembre.pdf
20073,4793,MATHE1_D_écrit_mai.pdf,ESC/2016/D/MATHE1_D_écrit_mai.pdf
20074,4793,MATHE1_D_écrit_repêchage.pdf,ESC/2016/D/MATHE1_D_écrit_repêchage.pdf
20075,4793,PHILO_A-D-G_écrit_mai.pdf,ESC/2016/D/PHILO_A-D-G_écrit_mai.pdf
20076,4793,PHILO_A-D-G_écrit_repêchage.pdf,ESC/2016/D/PHILO_A-D-G_écrit_repêchage.pdf
22435,4793,PHILO_D_écrit_septembre.pdf,ESC/2016/D/PHILO_D_écrit_septembre.pdf
4794,4789,E,ESC/2016/E
20040,4794,ALLEM_B-C-D-E-F-G_écrit_mai.pdf,ESC/2016/E/ALLEM_B-C-D-E-F-G_écrit_mai.pdf
20041,4794,ALLEM_B-C-D-E-F-G_écrit_repêchage.pdf,ESC/2016/E/ALLEM_B-C-D-E-F-G_écrit_repêchage.pdf
20042,4794,ANGLA_B-C-D-E-F-G_écrit_mai.pdf,ESC/2016/E/ANGLA_B-C-D-E-F-G_écrit_mai.pdf
20043,4794,ANGLA_B-C-D-E-F-G_écrit_repêchage.pdf,ESC/2016/E/ANGLA_B-C-D-E-F-G_écrit_repêchage.pdf
22443,4794,ANGLA_E_écrit_septembre.pdf,ESC/2016/E/ANGLA_E_écrit_septembre.pdf
20044,4794,EDART 1_E_écrit_juin.pdf,ESC/2016/E/EDART 1_E_écrit_juin.pdf
20045,4794,EDART 2_E_écrit_juin.pdf,ESC/2016/E/EDART 2_E_écrit_juin.pdf
20046,4794,EDART 2_E_écrit_repêchage.pdf,ESC/2016/E/EDART 2_E_écrit_repêchage.pdf
22441,4794,EDART I_E_écrit_septembre.pdf,ESC/2016/E/EDART I_E_écrit_septembre.pdf
22438,4794,EDART II_E_écrit_septembre.pdf,ESC/2016/E/EDART II_E_écrit_septembre.pdf
22439,4794,EDART III_E_écrit_septembre.pdf,ESC/2016/E/EDART III_E_écrit_septembre.pdf
22440,4794,EDMUS_E_écrit_septembre.pdf,ESC/2016/E/EDMUS_E_écrit_septembre.pdf
20047,4794,FRANC_B-C-D-E-F-G_écrit_mai.pdf,ESC/2016/E/FRANC_B-C-D-E-F-G_écrit_mai.pdf
20048,4794,FRANC_B-C-D-E-F-G_écrit_repêchage.pdf,ESC/2016/E/FRANC_B-C-D-E-F-G_écrit_repêchage.pdf
22442,4794,FRANC_E_écrit_septembre.pdf,ESC/2016/E/FRANC_E_écrit_septembre.pdf
20049,4794,HISART_E_écrit_juin.pdf,ESC/2016/E/HISART_E_écrit_juin.pdf
20050,4794,HISMO_E_écrit_juin.pdf,ESC/2016/E/HISMO_E_écrit_juin.pdf
20051,4794,HISMO_E_écrit_repêchage.pdf,ESC/2016/E/HISMO_E_écrit_repêchage.pdf
20052,4794,LATIN_A-B-C-D-E-F-G_écrit_juin.pdf,ESC/2016/E/LATIN_A-B-C-D-E-F-G_écrit_juin.pdf
20053,4794,MATH_E-F-G_écrit_mai.pdf,ESC/2016/E/MATH_E-F-G_écrit_mai.pdf
20054,4794,MATH_E-F-G_écrit_repêchage.pdf,ESC/2016/E/MATH_E-F-G_écrit_repêchage.pdf
22445,4794,MATHE_E_écrit_septembre.pdf,ESC/2016/E/MATHE_E_écrit_septembre.pdf
22444,4794,PHILO_E_écrit_septembre.pdf,ESC/2016/E/PHILO_E_écrit_septembre.pdf
20055,4794,PHILO_E-F_écrit_mai.pdf,ESC/2016/E/PHILO_E-F_écrit_mai.pdf
20056,4794,PHILO_E-F_écrit_repêchage.pdf,ESC/2016/E/PHILO_E-F_écrit_repêchage.pdf
4795,4789,F,ESC/2016/F
20022,4795,ALLEM_B-C-D-E-F-G_écrit_mai.pdf,ESC/2016/F/ALLEM_B-C-D-E-F-G_écrit_mai.pdf
20023,4795,ALLEM_B-C-D-E-F-G_écrit_repêchage.pdf,ESC/2016/F/ALLEM_B-C-D-E-F-G_écrit_repêchage.pdf
20024,4795,ANGLA_B-C-D-E-F-G_écrit_mai.pdf,ESC/2016/F/ANGLA_B-C-D-E-F-G_écrit_mai.pdf
20025,4795,ANGLA_B-C-D-E-F-G_écrit_repêchage.pdf,ESC/2016/F/ANGLA_B-C-D-E-F-G_écrit_repêchage.pdf
22450,4795,ANGLA_F_écrit_septembre.pdf,ESC/2016/F/ANGLA_F_écrit_septembre.pdf
20026,4795,EDAR_F-G_écrit_mai.pdf,ESC/2016/F/EDAR_F-G_écrit_mai.pdf
20027,4795,EDAR_F-G_écrit_repêchage.pdf,ESC/2016/F/EDAR_F-G_écrit_repêchage.pdf
22449,4795,EDART_F_écrit_septembre_rep.pdf,ESC/2016/F/EDART_F_écrit_septembre_rep.pdf
20028,4795,EDMU1(Analyse)_F_écrit_mai.pdf,ESC/2016/F/EDMU1(Analyse)_F_écrit_mai.pdf
20029,4795,EDMU1(Analyse)_F_écrit_repêchage.pdf,ESC/2016/F/EDMU1(Analyse)_F_écrit_repêchage.pdf
20030,4795,EDMU1(Théorie générale)_F_écrit_juin.pdf,ESC/2016/F/EDMU1(Théorie générale)_F_écrit_juin.pdf
20031,4795,EDMU2_F_écrit_mai.pdf,ESC/2016/F/EDMU2_F_écrit_mai.pdf
20032,4795,EDMU2_F_écrit_repêchage.pdf,ESC/2016/F/EDMU2_F_écrit_repêchage.pdf
22452,4795,EDMUS I (analyse)_F_écrit_septembre.pdf,ESC/2016/F/EDMUS I (analyse)_F_écrit_septembre.pdf
22448,4795,EDMUS I (théorie)_F_écrit_septembre.pdf,ESC/2016/F/EDMUS I (théorie)_F_écrit_septembre.pdf
22446,4795,EDMUS I (théorie)_F_écrit_septembre_rep.pdf,ESC/2016/F/EDMUS I (théorie)_F_écrit_septembre_rep.pdf
22447,4795,EDMUS II_F_écrit_septembre.pdf,ESC/2016/F/EDMUS II_F_écrit_septembre.pdf
20033,4795,FRANC_B-C-D-E-F-G_écrit_mai.pdf,ESC/2016/F/FRANC_B-C-D-E-F-G_écrit_mai.pdf
20034,4795,FRANC_B-C-D-E-F-G_écrit_repêchage.pdf,ESC/2016/F/FRANC_B-C-D-E-F-G_écrit_repêchage.pdf
22451,4795,FRANC_F_écrit_septembre.pdf,ESC/2016/F/FRANC_F_écrit_septembre.pdf
20035,4795,LATIN_A-B-C-D-E-F-G_écrit_juin.pdf,ESC/2016/F/LATIN_A-B-C-D-E-F-G_écrit_juin.pdf
20036,4795,MATH_E-F-G_écrit_mai.pdf,ESC/2016/F/MATH_E-F-G_écrit_mai.pdf
20037,4795,MATH_E-F-G_écrit_repêchage.pdf,ESC/2016/F/MATH_E-F-G_écrit_repêchage.pdf
22454,4795,MATHE_F_écrit_septembre.pdf,ESC/2016/F/MATHE_F_écrit_septembre.pdf
20038,4795,PHILO_E-F_écrit_mai.pdf,ESC/2016/F/PHILO_E-F_écrit_mai.pdf
20039,4795,PHILO_E-F_écrit_repêchage.pdf,ESC/2016/F/PHILO_E-F_écrit_repêchage.pdf
22453,4795,PHILO_F_écrit_septembre.pdf,ESC/2016/F/PHILO_F_écrit_septembre.pdf
4796,4789,G,ESC/2016/G
20001,4796,ALLEM_B-C-D-E-F-G_écrit_mai.pdf,ESC/2016/G/ALLEM_B-C-D-E-F-G_écrit_mai.pdf
20002,4796,ALLEM_B-C-D-E-F-G_écrit_repêchage.pdf,ESC/2016/G/ALLEM_B-C-D-E-F-G_écrit_repêchage.pdf
20003,4796,ANGLA_B-C-D-E-F-G_écrit_mai.pdf,ESC/2016/G/ANGLA_B-C-D-E-F-G_écrit_mai.pdf
20004,4796,ANGLA_B-C-D-E-F-G_écrit_repêchage.pdf,ESC/2016/G/ANGLA_B-C-D-E-F-G_écrit_repêchage.pdf
22459,4796,ANGLA_G_écrit_septembre.pdf,ESC/2016/G/ANGLA_G_écrit_septembre.pdf
20005,4796,ECOPO_G_écrit_juin.pdf,ESC/2016/G/ECOPO_G_écrit_juin.pdf
20006,4796,ECOPO_G_écrit_repêchage.pdf,ESC/2016/G/ECOPO_G_écrit_repêchage.pdf
22460,4796,ECOPOL_G_écrit_septembre.pdf,ESC/2016/G/ECOPOL_G_écrit_septembre.pdf
20007,4796,EDAR_F-G_écrit_mai.pdf,ESC/2016/G/EDAR_F-G_écrit_mai.pdf
20008,4796,EDAR_F-G_écrit_repêchage.pdf,ESC/2016/G/EDAR_F-G_écrit_repêchage.pdf
22457,4796,EDART_G_écrit_septembre.pdf,ESC/2016/G/EDART_G_écrit_septembre.pdf
22458,4796,EDART_G_écrit_septembre_rep.pdf,ESC/2016/G/EDART_G_écrit_septembre_rep.pdf
20009,4796,FRANC_B-C-D-E-F-G_écrit_mai.pdf,ESC/2016/G/FRANC_B-C-D-E-F-G_écrit_mai.pdf
20010,4796,FRANC_B-C-D-E-F-G_écrit_repêchage.pdf,ESC/2016/G/FRANC_B-C-D-E-F-G_écrit_repêchage.pdf
22455,4796,FRANC_G_écrit_septembre.pdf,ESC/2016/G/FRANC_G_écrit_septembre.pdf
20011,4796,GEO_G_écrit_juin.pdf,ESC/2016/G/GEO_G_écrit_juin.pdf
20012,4796,GEO_G_écrit_repêchage.pdf,ESC/2016/G/GEO_G_écrit_repêchage.pdf
22456,4796,GEO_G_écrit_septembre.pdf,ESC/2016/G/GEO_G_écrit_septembre.pdf
20013,4796,HISTO_A-B-C-D-G_écrit_juin.pdf,ESC/2016/G/HISTO_A-B-C-D-G_écrit_juin.pdf
20014,4796,HISTO_A-B-C-D-G_écrit_repêchage.pdf,ESC/2016/G/HISTO_A-B-C-D-G_écrit_repêchage.pdf
22463,4796,HISTO_G_écrit_septembre.pdf,ESC/2016/G/HISTO_G_écrit_septembre.pdf
20015,4796,LATIN_A-B-C-D-E-F-G_écrit_juin.pdf,ESC/2016/G/LATIN_A-B-C-D-E-F-G_écrit_juin.pdf
20016,4796,MATH_E-F-G_écrit_mai.pdf,ESC/2016/G/MATH_E-F-G_écrit_mai.pdf
20017,4796,MATH_E-F-G_écrit_repêchage.pdf,ESC/2016/G/MATH_E-F-G_écrit_repêchage.pdf
22464,4796,MATHE_G_écrit_septembre.pdf,ESC/2016/G/MATHE_G_écrit_septembre.pdf
20018,4796,PHILO_A-D-G_écrit_mai.pdf,ESC/2016/G/PHILO_A-D-G_écrit_mai.pdf
20019,4796,PHILO_A-D-G_écrit_repêchage.pdf,ESC/2016/G/PHILO_A-D-G_écrit_repêchage.pdf
22461,4796,PHILO_G_écrit_septembre.pdf,ESC/2016/G/PHILO_G_écrit_septembre.pdf
22462,4796,SCISO_G_écrit_septembre.pdf,ESC/2016/G/SCISO_G_écrit_septembre.pdf
20020,4796,SCSOC_G_écrit_mai.pdf,ESC/2016/G/SCSOC_G_écrit_mai.pdf
20021,4796,SCSOC_G_écrit_repêchage.pdf,ESC/2016/G/SCSOC_G_écrit_repêchage.pdf
5322,1920,2017,ESC/2017
5323,5322,A,ESC/2017/A
24671,5323,Allemand-Dissertation littéraire_A_écrit_mai.pdf,ESC/2017/A/Allemand-Dissertation littéraire_A_écrit_mai.pdf
24669,5323,Allemand-Texte inconnu_A_écrit_mai.pdf,ESC/2017/A/Allemand-Texte inconnu_A_écrit_mai.pdf
24670,5323,Anglais-Texte inconnu_A_écrit_mai.pdf,ESC/2017/A/Anglais-Texte inconnu_A_écrit_mai.pdf
24672,5323,Anglais-Textes connus_A_écrit_mai.pdf,ESC/2017/A/Anglais-Textes connus_A_écrit_mai.pdf
24674,5323,Économie générale_ABC_écrit_Juin.pdf,ESC/2017/A/Économie générale_ABC_écrit_Juin.pdf
24673,5323,Économie générale_ABC_écrit_Repêchage Juin.pdf,ESC/2017/A/Économie générale_ABC_écrit_Repêchage Juin.pdf
24677,5323,Espagnol_A_écrit_mai.pdf,ESC/2017/A/Espagnol_A_écrit_mai.pdf
24675,5323,Français-Analyse littéraire texte inconnu_A_écrit_mai.pdf,ESC/2017/A/Français-Analyse littéraire texte inconnu_A_écrit_mai.pdf
24680,5323,Français-Dissertation littéraire_A_écrit_mai.pdf,ESC/2017/A/Français-Dissertation littéraire_A_écrit_mai.pdf
24676,5323,Grec ancien_A-G_écrit_mai.pdf,ESC/2017/A/Grec ancien_A-G_écrit_mai.pdf
24678,5323,Histoire_ABCDG_écrit_mai.pdf,ESC/2017/A/Histoire_ABCDG_écrit_mai.pdf
24679,5323,Italien_A_écrit_mai.pdf,ESC/2017/A/Italien_A_écrit_mai.pdf
24682,5323,Latin_A-G_écrit_mai.pdf,ESC/2017/A/Latin_A-G_écrit_mai.pdf
24681,5323,Philo_ADG_écrit_mai.pdf,ESC/2017/A/Philo_ADG_écrit_mai.pdf
5324,5322,B,ESC/2017/B
24683,5324,Allemand_B-G_écrit_juin.pdf,ESC/2017/B/Allemand_B-G_écrit_juin.pdf
24684,5324,Allemand_B-G_écrit_mai.pdf,ESC/2017/B/Allemand_B-G_écrit_mai.pdf
24685,5324,Anglais_B-G_écrit_mai.pdf,ESC/2017/B/Anglais_B-G_écrit_mai.pdf
24692,5324,Chimie_BC_écrit_juin.pdf,ESC/2017/B/Chimie_BC_écrit_juin.pdf
24687,5324,Chimie_BC_écrit_repêchage juin.pdf,ESC/2017/B/Chimie_BC_écrit_repêchage juin.pdf
24686,5324,Économie générale_ABC_écrit_Juin.pdf,ESC/2017/B/Économie générale_ABC_écrit_Juin.pdf
24691,5324,Économie générale_ABC_écrit_Repêchage Juin.pdf,ESC/2017/B/Économie générale_ABC_écrit_Repêchage Juin.pdf
24689,5324,Français_B-G_écrit_mai.pdf,ESC/2017/B/Français_B-G_écrit_mai.pdf
24688,5324,Grec ancien_A-G_écrit_mai.pdf,ESC/2017/B/Grec ancien_A-G_écrit_mai.pdf
24690,5324,Histoire_ABCDG_écrit_mai.pdf,ESC/2017/B/Histoire_ABCDG_écrit_mai.pdf
24696,5324,Informatique partie pratique_B_écrit_juin.pdf,ESC/2017/B/Informatique partie pratique_B_écrit_juin.pdf
24695,5324,Informatique partie pratique_B_écrit_repêchage juin.pdf,ESC/2017/B/Informatique partie pratique_B_écrit_repêchage juin.pdf
24693,5324,Informatique partie théorique_B_écrit_juin.pdf,ESC/2017/B/Informatique partie théorique_B_écrit_juin.pdf
24697,5324,Informatique partie théorique_B_écrit_repêchage juin.pdf,ESC/2017/B/Informatique partie théorique_B_écrit_repêchage juin.pdf
24694,5324,Latin_A-G_écrit_mai.pdf,ESC/2017/B/Latin_A-G_écrit_mai.pdf
24698,5324,Mathématiques I_B_écrit_juin.pdf,ESC/2017/B/Mathématiques I_B_écrit_juin.pdf
24699,5324,Mathématiques I_B_écrit_repêchage juin.pdf,ESC/2017/B/Mathématiques I_B_écrit_repêchage juin.pdf
24700,5324,Mathématiques II_B_écrit_juin.pdf,ESC/2017/B/Mathématiques II_B_écrit_juin.pdf
24702,5324,Philosophie_BC_écrit_juin.pdf,ESC/2017/B/Philosophie_BC_écrit_juin.pdf
24701,5324,Philosophie_BC_écrit_repêchage juin.pdf,ESC/2017/B/Philosophie_BC_écrit_repêchage juin.pdf
24703,5324,Physique_BC_écrit_juin.pdf,ESC/2017/B/Physique_BC_écrit_juin.pdf
24704,5324,Physique_BC_écrit_repêchage juin.pdf,ESC/2017/B/Physique_BC_écrit_repêchage juin.pdf
5325,5322,C,ESC/2017/C
24706,5325,Allemand_B-G_écrit_juin.pdf,ESC/2017/C/Allemand_B-G_écrit_juin.pdf
24705,5325,Allemand_B-G_écrit_mai.pdf,ESC/2017/C/Allemand_B-G_écrit_mai.pdf
24707,5325,Anglais_B-G_écrit_mai.pdf,ESC/2017/C/Anglais_B-G_écrit_mai.pdf
24708,5325,Biologie_C_écrit_juin.pdf,ESC/2017/C/Biologie_C_écrit_juin.pdf
24710,5325,Biologie_C_écrit_repêchage juin.pdf,ESC/2017/C/Biologie_C_écrit_repêchage juin.pdf
24712,5325,Chimie_BC_écrit_juin.pdf,ESC/2017/C/Chimie_BC_écrit_juin.pdf
24714,5325,Chimie_BC_écrit_repêchage juin.pdf,ESC/2017/C/Chimie_BC_écrit_repêchage juin.pdf
24711,5325,Économie générale_ABC_écrit_Juin.pdf,ESC/2017/C/Économie générale_ABC_écrit_Juin.pdf
24709,5325,Économie générale_ABC_écrit_Repêchage Juin.pdf,ESC/2017/C/Économie générale_ABC_écrit_Repêchage Juin.pdf
24716,5325,Français_B-G_écrit_mai.pdf,ESC/2017/C/Français_B-G_écrit_mai.pdf
24713,5325,Grec ancien_A-G_écrit_mai.pdf,ESC/2017/C/Grec ancien_A-G_écrit_mai.pdf
24718,5325,Histoire_ABCDG_écrit_mai.pdf,ESC/2017/C/Histoire_ABCDG_écrit_mai.pdf
24717,5325,Latin_A-G_écrit_mai.pdf,ESC/2017/C/Latin_A-G_écrit_mai.pdf
24719,5325,Mathématiques I-_C_écrit_juin.pdf,ESC/2017/C/Mathématiques I-_C_écrit_juin.pdf
24715,5325,Mathématiques II_CD_écrit_juin.pdf,ESC/2017/C/Mathématiques II_CD_écrit_juin.pdf
24720,5325,Mathématiques II_CD_écrit_repêchage juin.pdf,ESC/2017/C/Mathématiques II_CD_écrit_repêchage juin.pdf
24721,5325,Philosophie_BC_écrit_juin.pdf,ESC/2017/C/Philosophie_BC_écrit_juin.pdf
24722,5325,Philosophie_BC_écrit_repêchage juin.pdf,ESC/2017/C/Philosophie_BC_écrit_repêchage juin.pdf
24724,5325,Physique_BC_écrit_juin.pdf,ESC/2017/C/Physique_BC_écrit_juin.pdf
24723,5325,Physique_BC_écrit_repêchage juin.pdf,ESC/2017/C/Physique_BC_écrit_repêchage juin.pdf
5326,5322,D,ESC/2017/D
24727,5326,Allemand_B-G_écrit_juin.pdf,ESC/2017/D/Allemand_B-G_écrit_juin.pdf
24726,5326,Allemand_B-G_écrit_mai.pdf,ESC/2017/D/Allemand_B-G_écrit_mai.pdf
24730,5326,Anglais_B-G_écrit_mai.pdf,ESC/2017/D/Anglais_B-G_écrit_mai.pdf
24725,5326,ECOGE Sociétés comm_D_écrit_juin.pdf,ESC/2017/D/ECOGE Sociétés comm_D_écrit_juin.pdf
24729,5326,ECOGE Sociétés comm_D_écrit_repêchage juin.pdf,ESC/2017/D/ECOGE Sociétés comm_D_écrit_repêchage juin.pdf
24728,5326,ECOGE-statistique_D_écrit_juin.pdf,ESC/2017/D/ECOGE-statistique_D_écrit_juin.pdf
24733,5326,ECOPOL_D_écrit_juin.pdf,ESC/2017/D/ECOPOL_D_écrit_juin.pdf
24731,5326,ECOPOL_D_écrit_repêchage juin.pdf,ESC/2017/D/ECOPOL_D_écrit_repêchage juin.pdf
24734,5326,Français_B-G_écrit_mai.pdf,ESC/2017/D/Français_B-G_écrit_mai.pdf
24732,5326,Grec ancien_A-G_écrit_mai.pdf,ESC/2017/D/Grec ancien_A-G_écrit_mai.pdf
24737,5326,Histoire_ABCDG_écrit_mai.pdf,ESC/2017/D/Histoire_ABCDG_écrit_mai.pdf
24739,5326,Latin_A-G_écrit_mai.pdf,ESC/2017/D/Latin_A-G_écrit_mai.pdf
24736,5326,Mathé I_D_écrit_juin.pdf,ESC/2017/D/Mathé I_D_écrit_juin.pdf
24735,5326,Mathé I_D_écrit_repêchage juin.pdf,ESC/2017/D/Mathé I_D_écrit_repêchage juin.pdf
24740,5326,Mathématiques II_CD_écrit_juin.pdf,ESC/2017/D/Mathématiques II_CD_écrit_juin.pdf
24738,5326,Mathématiques II_CD_écrit_repêchage juin.pdf,ESC/2017/D/Mathématiques II_CD_écrit_repêchage juin.pdf
24741,5326,Philo_ADG_écrit_mai.pdf,ESC/2017/D/Philo_ADG_écrit_mai.pdf
5327,5322,E,ESC/2017/E
24743,5327,Allemand_B-G_écrit_juin.pdf,ESC/2017/E/Allemand_B-G_écrit_juin.pdf
24742,5327,Allemand_B-G_écrit_mai.pdf,ESC/2017/E/Allemand_B-G_écrit_mai.pdf
24751,5327,Anglais_B-G_écrit_mai.pdf,ESC/2017/E/Anglais_B-G_écrit_mai.pdf
24745,5327,Ed Art I_E_écrit_mai.pdf,ESC/2017/E/Ed Art I_E_écrit_mai.pdf
24744,5327,Ed Art II_E_écrit_juin.pdf,ESC/2017/E/Ed Art II_E_écrit_juin.pdf
24748,5327,Ed Art III Histoire de l'art_E_écrit_mai.pdf,ESC/2017/E/Ed Art III Histoire de l'art_E_écrit_mai.pdf
24750,5327,Français_B-G_écrit_mai.pdf,ESC/2017/E/Français_B-G_écrit_mai.pdf
24749,5327,Grec ancien_A-G_écrit_mai.pdf,ESC/2017/E/Grec ancien_A-G_écrit_mai.pdf
24747,5327,Histoire de la Musique_E_écrit_juin.pdf,ESC/2017/E/Histoire de la Musique_E_écrit_juin.pdf
24746,5327,Histoire de la musique_E_écrit_mai.pdf,ESC/2017/E/Histoire de la musique_E_écrit_mai.pdf
24755,5327,Latin_A-G_écrit_mai.pdf,ESC/2017/E/Latin_A-G_écrit_mai.pdf
24754,5327,Mathé_EFG_écrit_mai.pdf,ESC/2017/E/Mathé_EFG_écrit_mai.pdf
24752,5327,"Philo_E,F_écrit_juin.pdf","ESC/2017/E/Philo_E,F_écrit_juin.pdf"
24753,5327,"Philo_E,F_écrit_mai.pdf","ESC/2017/E/Philo_E,F_écrit_mai.pdf"
5328,5322,F,ESC/2017/F
24756,5328,Allemand_B-G_écrit_juin.pdf,ESC/2017/F/Allemand_B-G_écrit_juin.pdf
24757,5328,Allemand_B-G_écrit_mai.pdf,ESC/2017/F/Allemand_B-G_écrit_mai.pdf
24759,5328,Anglais_B-G_écrit_mai.pdf,ESC/2017/F/Anglais_B-G_écrit_mai.pdf
24760,5328,Ed. art_ F-G_écrit_mai.pdf,ESC/2017/F/Ed. art_ F-G_écrit_mai.pdf
24763,5328,EDMUS I Analyse_F_écrit_mai.pdf,ESC/2017/F/EDMUS I Analyse_F_écrit_mai.pdf
24758,5328,EDMUS I Théorie générale_F_écrit_mai.pdf,ESC/2017/F/EDMUS I Théorie générale_F_écrit_mai.pdf
24761,5328,EDMUS II Histoire de la musique_F_écrit_mai.pdf,ESC/2017/F/EDMUS II Histoire de la musique_F_écrit_mai.pdf
24762,5328,EDMUS II part1_F_écrit_juin.pdf,ESC/2017/F/EDMUS II part1_F_écrit_juin.pdf
24764,5328,EDMUS II part2_F_écrit_juin.pdf,ESC/2017/F/EDMUS II part2_F_écrit_juin.pdf
24768,5328,Français_B-G_écrit_mai.pdf,ESC/2017/F/Français_B-G_écrit_mai.pdf
24765,5328,Grec ancien_A-B_écrit mai.pdf,ESC/2017/F/Grec ancien_A-B_écrit mai.pdf
24770,5328,Latin_A-G_écrit_mai.pdf,ESC/2017/F/Latin_A-G_écrit_mai.pdf
24769,5328,Mathé_ EFG_écrit_mai.pdf,ESC/2017/F/Mathé_ EFG_écrit_mai.pdf
24767,5328,"Philo_E,F_écrit_juin.pdf","ESC/2017/F/Philo_E,F_écrit_juin.pdf"
24766,5328,"Philo_E,F_écrit_mai.pdf","ESC/2017/F/Philo_E,F_écrit_mai.pdf"
5329,5322,G,ESC/2017/G
24772,5329,Allemand_B-G_écrit_juin.pdf,ESC/2017/G/Allemand_B-G_écrit_juin.pdf
24771,5329,Allemand_B-G_écrit_mai.pdf,ESC/2017/G/Allemand_B-G_écrit_mai.pdf
24776,5329,Anglais_B-G_écrit_mai.pdf,ESC/2017/G/Anglais_B-G_écrit_mai.pdf
24777,5329,Économie politique_G_écrit_mai.pdf,ESC/2017/G/Économie politique_G_écrit_mai.pdf
24774,5329,Ed. art_ F-G_écrit_mai.pdf,ESC/2017/G/Ed. art_ F-G_écrit_mai.pdf
24773,5329,Français_B-G_écrit_mai.pdf,ESC/2017/G/Français_B-G_écrit_mai.pdf
24775,5329,Géographi_G_écrit_juin.pdf,ESC/2017/G/Géographi_G_écrit_juin.pdf
24780,5329,Géographie_G_ écrit_repêchage juin.pdf,ESC/2017/G/Géographie_G_ écrit_repêchage juin.pdf
24785,5329,Géographie_G_écrit_mai.pdf,ESC/2017/G/Géographie_G_écrit_mai.pdf
24778,5329,Grec ancien_A-G_écrit_mai.pdf,ESC/2017/G/Grec ancien_A-G_écrit_mai.pdf
24781,5329,Histoire_ABCDG_écrit_mai.pdf,ESC/2017/G/Histoire_ABCDG_écrit_mai.pdf
24779,5329,Latin_A-G_écrit_mai.pdf,ESC/2017/G/Latin_A-G_écrit_mai.pdf
24784,5329,Mathé_EFG_écrit_mai.pdf,ESC/2017/G/Mathé_EFG_écrit_mai.pdf
24783,5329,Philo_ADG_écrit_mai.pdf,ESC/2017/G/Philo_ADG_écrit_mai.pdf
24782,5329,Sciences sociales_G_écrit_mai.pdf,ESC/2017/G/Sciences sociales_G_écrit_mai.pdf
10266,1920,2018,ESC/2018
14127,10266,A,ESC/2018/A
52529,14127,ALLEM_A_écrit_juin_Analyse_littéraire_texte_inconnu.pdf,ESC/2018/A/ALLEM_A_écrit_juin_Analyse_littéraire_texte_inconnu.pdf
52540,14127,ALLEM_A_écrit_juin_Disseration_littéraire.pdf,ESC/2018/A/ALLEM_A_écrit_juin_Disseration_littéraire.pdf
52521,14127,ALLEM_A_écrit_septembre_analyse de texte.pdf,ESC/2018/A/ALLEM_A_écrit_septembre_analyse de texte.pdf
52534,14127,ALLEM_A_écrit_septembre_dissertation littéraire.pdf,ESC/2018/A/ALLEM_A_écrit_septembre_dissertation littéraire.pdf
52538,14127,ANGL_A_écrit_juin_textes inconnus.pdf,ESC/2018/A/ANGL_A_écrit_juin_textes inconnus.pdf
52528,14127,ANGL_A_écrit_juin_textes_connus.pdf,ESC/2018/A/ANGL_A_écrit_juin_textes_connus.pdf
52522,14127,ANGL_A_écrit_septembre_textes connus.pdf,ESC/2018/A/ANGL_A_écrit_septembre_textes connus.pdf
52527,14127,ECOGE_ABC_écrit_juin.pdf,ESC/2018/A/ECOGE_ABC_écrit_juin.pdf
52523,14127,ECOGN_ABC_écrit_ septembre_QE2.pdf,ESC/2018/A/ECOGN_ABC_écrit_ septembre_QE2.pdf
52526,14127,ECOGN_ABC_écrit_juin_repechage.pdf,ESC/2018/A/ECOGN_ABC_écrit_juin_repechage.pdf
52524,14127,ESPAGNOL_A_écrit_juin.pdf,ESC/2018/A/ESPAGNOL_A_écrit_juin.pdf
52531,14127,ESPAGNOL_A_écrit_septembre.pdf,ESC/2018/A/ESPAGNOL_A_écrit_septembre.pdf
52533,14127,FRANC_A_écrit_juin_Analyse_littéraire_texte_inconnu.pdf,ESC/2018/A/FRANC_A_écrit_juin_Analyse_littéraire_texte_inconnu.pdf
52532,14127,FRANC_A_écrit_juin_Dissertation_littéraire.pdf,ESC/2018/A/FRANC_A_écrit_juin_Dissertation_littéraire.pdf
52535,14127,FRANC_A_écrit_septembre_analyse littéraire texte inconnu.pdf,ESC/2018/A/FRANC_A_écrit_septembre_analyse littéraire texte inconnu.pdf
52530,14127,FRANC_A_écrit_septembre_dissertation littéraire.pdf,ESC/2018/A/FRANC_A_écrit_septembre_dissertation littéraire.pdf
52537,14127,HISTOIRE_ABCDEFG_écrit_juin.pdf,ESC/2018/A/HISTOIRE_ABCDEFG_écrit_juin.pdf
52542,14127,HISTOIRE_ABCDG_écrit_septembre.pdf,ESC/2018/A/HISTOIRE_ABCDG_écrit_septembre.pdf
52539,14127,ITALIEN_A_écrit_juin.pdf,ESC/2018/A/ITALIEN_A_écrit_juin.pdf
52536,14127,LATIN_ABCDEFG_écrit_juin.pdf,ESC/2018/A/LATIN_ABCDEFG_écrit_juin.pdf
52541,14127,PHILO_ADG_écrit_juin.pdf,ESC/2018/A/PHILO_ADG_écrit_juin.pdf
52525,14127,PHILO_ADG_écrit_septembre.pdf,ESC/2018/A/PHILO_ADG_écrit_septembre.pdf
14128,10266,B,ESC/2018/B
52561,14128,ALLEM_BCDEFG_écrit_juin.pdf,ESC/2018/B/ALLEM_BCDEFG_écrit_juin.pdf
52570,14128,ANGL_BCDEFG_écrit_juin.pdf,ESC/2018/B/ANGL_BCDEFG_écrit_juin.pdf
52543,14128,ANGL_BCDEFG_écrit_septembre.pdf,ESC/2018/B/ANGL_BCDEFG_écrit_septembre.pdf
52554,14128,CHIMI_BC_écrit_juin_repechage.pdf,ESC/2018/B/CHIMI_BC_écrit_juin_repechage.pdf
52551,14128,CHIMI_BC_écrit_septembre_QE1.pdf,ESC/2018/B/CHIMI_BC_écrit_septembre_QE1.pdf
52555,14128,CHIMIE_BC_écrit_juin.pdf,ESC/2018/B/CHIMIE_BC_écrit_juin.pdf
52545,14128,ECOGE_ABC_écrit_juin.pdf,ESC/2018/B/ECOGE_ABC_écrit_juin.pdf
52548,14128,ECOGN_ABC_écrit_ septembre_QE2.pdf,ESC/2018/B/ECOGN_ABC_écrit_ septembre_QE2.pdf
52549,14128,ECOGN_ABC_écrit_juin_repechage.pdf,ESC/2018/B/ECOGN_ABC_écrit_juin_repechage.pdf
52544,14128,FRANC_BCDEFG_écrit_juin.pdf,ESC/2018/B/FRANC_BCDEFG_écrit_juin.pdf
52546,14128,FRANC_BCDEFG_écrit_septembre.pdf,ESC/2018/B/FRANC_BCDEFG_écrit_septembre.pdf
52547,14128,HISTOIRE_ABCDEFG_écrit_juin.pdf,ESC/2018/B/HISTOIRE_ABCDEFG_écrit_juin.pdf
52553,14128,HISTOIRE_ABCDG_écrit_septembre.pdf,ESC/2018/B/HISTOIRE_ABCDG_écrit_septembre.pdf
52560,14128,INFOR_B_prat_septembre.pdf,ESC/2018/B/INFOR_B_prat_septembre.pdf
52550,14128,INFOR_B_théorique_septembre.pdf,ESC/2018/B/INFOR_B_théorique_septembre.pdf
52556,14128,INFOR_prat_B_écrit_juin.pdf,ESC/2018/B/INFOR_prat_B_écrit_juin.pdf
52562,14128,INFOR_prat_B_écrit_juin_redresse.pdf,ESC/2018/B/INFOR_prat_B_écrit_juin_redresse.pdf
52557,14128,INFOR_theorique_B_écrit_juin.pdf,ESC/2018/B/INFOR_theorique_B_écrit_juin.pdf
52552,14128,LATIN_ABCDEFG_écrit_juin.pdf,ESC/2018/B/LATIN_ABCDEFG_écrit_juin.pdf
52559,14128,MATH2_B_écrit_juin.pdf,ESC/2018/B/MATH2_B_écrit_juin.pdf
52558,14128,MATHE1_B_écrit_juin.pdf,ESC/2018/B/MATHE1_B_écrit_juin.pdf
52566,14128,MATHE1_B_ecrit_juin_repechage.pdf,ESC/2018/B/MATHE1_B_ecrit_juin_repechage.pdf
52563,14128,MATHE1_B_ecrit_septembre.pdf,ESC/2018/B/MATHE1_B_ecrit_septembre.pdf
52568,14128,MATHE2_B_ecrit_juin_repechage.pdf,ESC/2018/B/MATHE2_B_ecrit_juin_repechage.pdf
52569,14128,MATHE2_B_ecrit_septembre.pdf,ESC/2018/B/MATHE2_B_ecrit_septembre.pdf
52567,14128,PHILO_BC_écrit_juin.pdf,ESC/2018/B/PHILO_BC_écrit_juin.pdf
52564,14128,PHILO_BC_écrit_juin_repechage.pdf,ESC/2018/B/PHILO_BC_écrit_juin_repechage.pdf
52565,14128,PHILO_BC_écrit_septembre_QE2.pdf,ESC/2018/B/PHILO_BC_écrit_septembre_QE2.pdf
52573,14128,PHYSI_BC_écrit_juin.pdf,ESC/2018/B/PHYSI_BC_écrit_juin.pdf
52574,14128,PHYSI_BC_ecrit_juin_repechage.pdf,ESC/2018/B/PHYSI_BC_ecrit_juin_repechage.pdf
52572,14128,PHYSI_BC_ecrit_septembre.pdf,ESC/2018/B/PHYSI_BC_ecrit_septembre.pdf
52576,14128,PHYSI_BC_écrit_septembre_QE4.pdf,ESC/2018/B/PHYSI_BC_écrit_septembre_QE4.pdf
52571,14128,PHYSI_BC_ecrit_septembrerepechage1.pdf,ESC/2018/B/PHYSI_BC_ecrit_septembrerepechage1.pdf
52575,14128,PHYSI_BC_ecrit_septembrerepechage2.pdf,ESC/2018/B/PHYSI_BC_ecrit_septembrerepechage2.pdf
14129,10266,C,ESC/2018/C
52590,14129,ALLEM_BCDEFG_écrit_juin.pdf,ESC/2018/C/ALLEM_BCDEFG_écrit_juin.pdf
52592,14129,ANGL_BCDEFG_écrit_juin.pdf,ESC/2018/C/ANGL_BCDEFG_écrit_juin.pdf
52593,14129,ANGL_BCDEFG_écrit_septembre.pdf,ESC/2018/C/ANGL_BCDEFG_écrit_septembre.pdf
52602,14129,BIOLO_C_écrit_juin_repechage.pdf,ESC/2018/C/BIOLO_C_écrit_juin_repechage.pdf
52596,14129,BIOLO_C_écrit_mai.pdf,ESC/2018/C/BIOLO_C_écrit_mai.pdf
52598,14129,BIOLO_C_écrit_septembre_QE1.pdf,ESC/2018/C/BIOLO_C_écrit_septembre_QE1.pdf
52604,14129,CHIMI_BC_écrit_juin_repechage.pdf,ESC/2018/C/CHIMI_BC_écrit_juin_repechage.pdf
52603,14129,CHIMI_BC_écrit_septembre_QE1.pdf,ESC/2018/C/CHIMI_BC_écrit_septembre_QE1.pdf
52594,14129,CHIMIE_BC_écrit_juin.pdf,ESC/2018/C/CHIMIE_BC_écrit_juin.pdf
52579,14129,ECOGE_ABC_écrit_juin.pdf,ESC/2018/C/ECOGE_ABC_écrit_juin.pdf
52580,14129,ECOGN_ABC_écrit_ septembre_QE2.pdf,ESC/2018/C/ECOGN_ABC_écrit_ septembre_QE2.pdf
52584,14129,ECOGN_ABC_écrit_juin_repechage.pdf,ESC/2018/C/ECOGN_ABC_écrit_juin_repechage.pdf
52578,14129,FRANC_BCDEFG_écrit_juin.pdf,ESC/2018/C/FRANC_BCDEFG_écrit_juin.pdf
52577,14129,FRANC_BCDEFG_écrit_septembre.pdf,ESC/2018/C/FRANC_BCDEFG_écrit_septembre.pdf
52582,14129,HISTOIRE_ABCDEFG_écrit_juin.pdf,ESC/2018/C/HISTOIRE_ABCDEFG_écrit_juin.pdf
52587,14129,HISTOIRE_ABCDG_écrit_septembre.pdf,ESC/2018/C/HISTOIRE_ABCDG_écrit_septembre.pdf
52581,14129,LATIN_ABCDEFG_écrit_juin.pdf,ESC/2018/C/LATIN_ABCDEFG_écrit_juin.pdf
52583,14129,MATH1_C_écrit_juin_repechage.pdf,ESC/2018/C/MATH1_C_écrit_juin_repechage.pdf
52586,14129,MATH1_C_écrit_septembre_QE2.pdf,ESC/2018/C/MATH1_C_écrit_septembre_QE2.pdf
52585,14129,MATHE1_C_écrit_juin.pdf,ESC/2018/C/MATHE1_C_écrit_juin.pdf
52588,14129,PHILO_BC_écrit_juin.pdf,ESC/2018/C/PHILO_BC_écrit_juin.pdf
52589,14129,PHILO_BC_écrit_juin_repechage.pdf,ESC/2018/C/PHILO_BC_écrit_juin_repechage.pdf
52591,14129,PHILO_BC_écrit_septembre_QE2.pdf,ESC/2018/C/PHILO_BC_écrit_septembre_QE2.pdf
52597,14129,PHYSI_BC_écrit_juin.pdf,ESC/2018/C/PHYSI_BC_écrit_juin.pdf
52600,14129,PHYSI_BC_ecrit_juin_repechage.pdf,ESC/2018/C/PHYSI_BC_ecrit_juin_repechage.pdf
52595,14129,PHYSI_BC_ecrit_septembre.pdf,ESC/2018/C/PHYSI_BC_ecrit_septembre.pdf
52601,14129,PHYSI_BC_ecrit_septembrerepechage1.pdf,ESC/2018/C/PHYSI_BC_ecrit_septembrerepechage1.pdf
52599,14129,PHYSI_BC_ecrit_septembrerepechage2.pdf,ESC/2018/C/PHYSI_BC_ecrit_septembrerepechage2.pdf
14130,10266,D,ESC/2018/D
52605,14130,ALLEM_BCDEFG_écrit_juin.pdf,ESC/2018/D/ALLEM_BCDEFG_écrit_juin.pdf
52617,14130,ALLEM_D_écrit_juin_QE2.pdf,ESC/2018/D/ALLEM_D_écrit_juin_QE2.pdf
52616,14130,ANGL_BCDEFG_écrit_juin.pdf,ESC/2018/D/ANGL_BCDEFG_écrit_juin.pdf
52620,14130,ANGL_BCDEFG_écrit_septembre.pdf,ESC/2018/D/ANGL_BCDEFG_écrit_septembre.pdf
52614,14130,BCDEFG - Anglais - Septembre.pdf,ESC/2018/D/BCDEFG - Anglais - Septembre.pdf
52615,14130,BCDEFG - Français - Septembre.pdf,ESC/2018/D/BCDEFG - Français - Septembre.pdf
52621,14130,ECOGE_SOCOM_D_écrit_juin_QE1.pdf,ESC/2018/D/ECOGE_SOCOM_D_écrit_juin_QE1.pdf
52608,14130,ECOGE_STATS_D_écrit_juin_QE1.pdf,ESC/2018/D/ECOGE_STATS_D_écrit_juin_QE1.pdf
52611,14130,ECOPO_D_écrit_juin_QE1.pdf,ESC/2018/D/ECOPO_D_écrit_juin_QE1.pdf
52607,14130,FRANC_BCDEFG_écrit_juin.pdf,ESC/2018/D/FRANC_BCDEFG_écrit_juin.pdf
52606,14130,FRANC_BCDEFG_écrit_septembre.pdf,ESC/2018/D/FRANC_BCDEFG_écrit_septembre.pdf
52610,14130,HISTOIRE_ABCDEFG_écrit_juin.pdf,ESC/2018/D/HISTOIRE_ABCDEFG_écrit_juin.pdf
52618,14130,HISTOIRE_ABCDG_écrit_septembre.pdf,ESC/2018/D/HISTOIRE_ABCDG_écrit_septembre.pdf
52609,14130,LATIN_ABCDEFG_écrit_juin.pdf,ESC/2018/D/LATIN_ABCDEFG_écrit_juin.pdf
52619,14130,MATHE1_D_écrit_juin_QE1.pdf,ESC/2018/D/MATHE1_D_écrit_juin_QE1.pdf
52612,14130,MATHE2_D_écrit_juin_QE1.pdf,ESC/2018/D/MATHE2_D_écrit_juin_QE1.pdf
52613,14130,PHILO_ADG_écrit_septembre.pdf,ESC/2018/D/PHILO_ADG_écrit_septembre.pdf
14131,10266,E,ESC/2018/E
52623,14131,ALLEM_BCDEFG_écrit_juin.pdf,ESC/2018/E/ALLEM_BCDEFG_écrit_juin.pdf
52630,14131,ANGL_BCDEFG_écrit_juin.pdf,ESC/2018/E/ANGL_BCDEFG_écrit_juin.pdf
52631,14131,ANGL_BCDEFG_écrit_septembre.pdf,ESC/2018/E/ANGL_BCDEFG_écrit_septembre.pdf
52633,14131,EDART1_E_écrit_juin.pdf,ESC/2018/E/EDART1_E_écrit_juin.pdf
52636,14131,EDART2_E_écrit_juin.pdf,ESC/2018/E/EDART2_E_écrit_juin.pdf
52639,14131,EDART3_E_écrit_juin.pdf,ESC/2018/E/EDART3_E_écrit_juin.pdf
52638,14131,EDART3_E_ecrit_septembre.pdf,ESC/2018/E/EDART3_E_ecrit_septembre.pdf
52625,14131,EDARTII_E_ecrit_septembre.pdf,ESC/2018/E/EDARTII_E_ecrit_septembre.pdf
52627,14131,FRANC_BCDEFG_écrit_juin.pdf,ESC/2018/E/FRANC_BCDEFG_écrit_juin.pdf
52626,14131,FRANC_BCDEFG_écrit_septembre.pdf,ESC/2018/E/FRANC_BCDEFG_écrit_septembre.pdf
52622,14131,HISMU_E_ecrit_septembre.pdf,ESC/2018/E/HISMU_E_ecrit_septembre.pdf
52635,14131,HISTMUS_E_écrit_juin.pdf,ESC/2018/E/HISTMUS_E_écrit_juin.pdf
52628,14131,HISTMUS_E_ecrit_juinrepechage.pdf,ESC/2018/E/HISTMUS_E_ecrit_juinrepechage.pdf
52629,14131,HISTOIRE_ABCDEFG_écrit_juin.pdf,ESC/2018/E/HISTOIRE_ABCDEFG_écrit_juin.pdf
52632,14131,LATIN_ABCDEFG_écrit_juin.pdf,ESC/2018/E/LATIN_ABCDEFG_écrit_juin.pdf
52634,14131,MATHE_EFG_écrit_juin.pdf,ESC/2018/E/MATHE_EFG_écrit_juin.pdf
52637,14131,MATHE_EFG_écrit_septembre.pdf,ESC/2018/E/MATHE_EFG_écrit_septembre.pdf
52624,14131,PHILO_EF_écrit_juin.pdf,ESC/2018/E/PHILO_EF_écrit_juin.pdf
14132,10266,F,ESC/2018/F
52640,14132,ALLEM_BCDEFG_écrit_juin.pdf,ESC/2018/F/ALLEM_BCDEFG_écrit_juin.pdf
52646,14132,ANGL_BCDEFG_écrit_juin.pdf,ESC/2018/F/ANGL_BCDEFG_écrit_juin.pdf
52652,14132,ANGL_BCDEFG_écrit_septembre.pdf,ESC/2018/F/ANGL_BCDEFG_écrit_septembre.pdf
52653,14132,EDART_FG_écrit_juin.pdf,ESC/2018/F/EDART_FG_écrit_juin.pdf
52651,14132,EDMU_F_écrit_mai.pdf,ESC/2018/F/EDMU_F_écrit_mai.pdf
52654,14132,EDMU1_F_écrit_analyse_juin.pdf,ESC/2018/F/EDMU1_F_écrit_analyse_juin.pdf
52642,14132,EDMU2_F_écrit_PartieA+B_mai.pdf,ESC/2018/F/EDMU2_F_écrit_PartieA+B_mai.pdf
52645,14132,ÉDMUSI_F_écrit_septembre_QE3 II.pdf,ESC/2018/F/ÉDMUSI_F_écrit_septembre_QE3 II.pdf
52644,14132,FRANC_BCDEFG_écrit_juin.pdf,ESC/2018/F/FRANC_BCDEFG_écrit_juin.pdf
52643,14132,FRANC_BCDEFG_écrit_septembre.pdf,ESC/2018/F/FRANC_BCDEFG_écrit_septembre.pdf
52647,14132,HISTOIRE_ABCDEFG_écrit_juin.pdf,ESC/2018/F/HISTOIRE_ABCDEFG_écrit_juin.pdf
52648,14132,LATIN_ABCDEFG_écrit_juin.pdf,ESC/2018/F/LATIN_ABCDEFG_écrit_juin.pdf
52650,14132,MATHE_EFG_écrit_juin.pdf,ESC/2018/F/MATHE_EFG_écrit_juin.pdf
52641,14132,MATHE_EFG_écrit_septembre.pdf,ESC/2018/F/MATHE_EFG_écrit_septembre.pdf
52649,14132,PHILO_EF_écrit_juin.pdf,ESC/2018/F/PHILO_EF_écrit_juin.pdf
14133,10266,G,ESC/2018/G
52656,14133,ALLEM_BCDEFG_écrit_juin.pdf,ESC/2018/G/ALLEM_BCDEFG_écrit_juin.pdf
52668,14133,ANGL_BCDEFG_écrit_juin.pdf,ESC/2018/G/ANGL_BCDEFG_écrit_juin.pdf
52670,14133,ANGL_BCDEFG_écrit_septembre.pdf,ESC/2018/G/ANGL_BCDEFG_écrit_septembre.pdf
52657,14133,ECOPO_G_écrit_septembre.pdf,ESC/2018/G/ECOPO_G_écrit_septembre.pdf
52660,14133,ECOPOL_G_écrit_juin.pdf,ESC/2018/G/ECOPOL_G_écrit_juin.pdf
52659,14133,FRANC_BCDEFG_écrit_juin.pdf,ESC/2018/G/FRANC_BCDEFG_écrit_juin.pdf
52655,14133,FRANC_BCDEFG_écrit_septembre.pdf,ESC/2018/G/FRANC_BCDEFG_écrit_septembre.pdf
52669,14133,GEO_G_écrit_ septembre_QE3.pdf,ESC/2018/G/GEO_G_écrit_ septembre_QE3.pdf
52666,14133,GEO_G_écrit_juin_repechage.pdf,ESC/2018/G/GEO_G_écrit_juin_repechage.pdf
52662,14133,GEOGRA_G_écrit_juin.pdf,ESC/2018/G/GEOGRA_G_écrit_juin.pdf
52665,14133,HISTOIRE_ABCDEFG_écrit_juin.pdf,ESC/2018/G/HISTOIRE_ABCDEFG_écrit_juin.pdf
52672,14133,HISTOIRE_ABCDG_écrit_septembre.pdf,ESC/2018/G/HISTOIRE_ABCDG_écrit_septembre.pdf
52671,14133,LATIN_ABCDEFG_écrit_juin.pdf,ESC/2018/G/LATIN_ABCDEFG_écrit_juin.pdf
52664,14133,MATHE_EFG_écrit_juin.pdf,ESC/2018/G/MATHE_EFG_écrit_juin.pdf
52663,14133,MATHE_EFG_écrit_septembre.pdf,ESC/2018/G/MATHE_EFG_écrit_septembre.pdf
52661,14133,PHILO_ADG_écrit_septembre.pdf,ESC/2018/G/PHILO_ADG_écrit_septembre.pdf
52667,14133,SCIENCES_SOCIALES_G_écrit_ juin.pdf,ESC/2018/G/SCIENCES_SOCIALES_G_écrit_ juin.pdf
52658,14133,SCIENCES_SOCIALES_G_écrit_septembre.pdf,ESC/2018/G/SCIENCES_SOCIALES_G_écrit_septembre.pdf
14089,1920,2019,ESC/2019
14136,14089,A,ESC/2019/A
52784,14136,ALLEM_CA_écrit_juin_Analyse de texte.pdf,ESC/2019/A/ALLEM_CA_écrit_juin_Analyse de texte.pdf
52782,14136,ALLEM_CA_écrit_juin_Dissertation littéraire.pdf,ESC/2019/A/ALLEM_CA_écrit_juin_Dissertation littéraire.pdf
52790,14136,ANGLA_CA_écrit_juin_Textes connus.pdf,ESC/2019/A/ANGLA_CA_écrit_juin_Textes connus.pdf
52787,14136,ANGLA_CA_écrit_juin_Textes inconnus.pdf,ESC/2019/A/ANGLA_CA_écrit_juin_Textes inconnus.pdf
52792,14136,ESPAG_CA_écrit_juin.pdf,ESC/2019/A/ESPAG_CA_écrit_juin.pdf
52786,14136,ESPAG_CA_écrit_septembre.pdf,ESC/2019/A/ESPAG_CA_écrit_septembre.pdf
52788,14136,FRANC_CA_écrit_juin_Analyse littéraire.pdf,ESC/2019/A/FRANC_CA_écrit_juin_Analyse littéraire.pdf
52789,14136,FRANC_CA_écrit_juin_Dissertation littéraire.pdf,ESC/2019/A/FRANC_CA_écrit_juin_Dissertation littéraire.pdf
52793,14136,FRANC_CA_écrit_juin_repêchage_Dissertation littéraire.pdf,ESC/2019/A/FRANC_CA_écrit_juin_repêchage_Dissertation littéraire.pdf
52785,14136,ITALI_CA_écrit_juin.pdf,ESC/2019/A/ITALI_CA_écrit_juin.pdf
52780,14136,LATIN_CA_CB_CC_CD_CE_CF_CG_écrit_juin.pdf,ESC/2019/A/LATIN_CA_CB_CC_CD_CE_CF_CG_écrit_juin.pdf
52783,14136,PHILO_ADG_écrit_septembre.pdf,ESC/2019/A/PHILO_ADG_écrit_septembre.pdf
52781,14136,PHILO_CA_CD_CG_écrit_juin.pdf,ESC/2019/A/PHILO_CA_CD_CG_écrit_juin.pdf
52791,14136,PHILO_CA_CD_CG_écrit_juin_repêchage.pdf,ESC/2019/A/PHILO_CA_CD_CG_écrit_juin_repêchage.pdf
14137,14089,B,ESC/2019/B
52794,14137,ANGLA_ CB_CC_CD_CE_CF_CG_écrit_juin.pdf,ESC/2019/B/ANGLA_ CB_CC_CD_CE_CF_CG_écrit_juin.pdf
52807,14137,ANGLA_BCDEFG_écrit_ septembre.pdf,ESC/2019/B/ANGLA_BCDEFG_écrit_ septembre.pdf
52806,14137,ANGLA_BCDEFG_écrit_septembre_repêchage.pdf,ESC/2019/B/ANGLA_BCDEFG_écrit_septembre_repêchage.pdf
52802,14137,ANGLA_CB_CC_CD_CE_CF_CG_écrit_juin_repêchage.pdf,ESC/2019/B/ANGLA_CB_CC_CD_CE_CF_CG_écrit_juin_repêchage.pdf
52808,14137,CHIMI_CB_CC_ecrit_juin.pdf,ESC/2019/B/CHIMI_CB_CC_ecrit_juin.pdf
52803,14137,CHIMI_CB_CC_ecrit_juin_repechage.pdf,ESC/2019/B/CHIMI_CB_CC_ecrit_juin_repechage.pdf
52801,14137,CHIMI_CB_CC_écrit_septembre.pdf,ESC/2019/B/CHIMI_CB_CC_écrit_septembre.pdf
52796,14137,FRANC_BCDEFG_écrit_septembre.pdf,ESC/2019/B/FRANC_BCDEFG_écrit_septembre.pdf
52798,14137,FRANC_CB_CC_CD_CE_CF_CG_écrit_juin.pdf,ESC/2019/B/FRANC_CB_CC_CD_CE_CF_CG_écrit_juin.pdf
52795,14137,FRANC_CB_CC_CD_CE_CF_CG_écrit_juin_repêchage.pdf,ESC/2019/B/FRANC_CB_CC_CD_CE_CF_CG_écrit_juin_repêchage.pdf
52799,14137,LATIN_CA_CB_CC_CD_CE_CF_CG_écrit_juin.pdf,ESC/2019/B/LATIN_CA_CB_CC_CD_CE_CF_CG_écrit_juin.pdf
52797,14137,PHILO_CB_CC_ecrit_juin.pdf,ESC/2019/B/PHILO_CB_CC_ecrit_juin.pdf
52811,14137,PHILO_CB_CC_ecrit_juin_repechage.pdf,ESC/2019/B/PHILO_CB_CC_ecrit_juin_repechage.pdf
52804,14137,PHILO_CB_CC_ecrit_septembre.pdf,ESC/2019/B/PHILO_CB_CC_ecrit_septembre.pdf
52812,14137,PHYSI_CB_CC_ecrit_juin.pdf,ESC/2019/B/PHYSI_CB_CC_ecrit_juin.pdf
52809,14137,PHYSI_CB_CC_ecrit_juin_repechage.pdf,ESC/2019/B/PHYSI_CB_CC_ecrit_juin_repechage.pdf
52810,14137,PHYSI_CB_CC_écrit_septembre.pdf,ESC/2019/B/PHYSI_CB_CC_écrit_septembre.pdf
52805,14137,PHYSI_CB_CC_écrit_septembre_ajournement.pdf,ESC/2019/B/PHYSI_CB_CC_écrit_septembre_ajournement.pdf
52800,14137,PHYSI_CB_CC_écrit_septembre_repechage.pdf,ESC/2019/B/PHYSI_CB_CC_écrit_septembre_repechage.pdf
14138,14089,C,ESC/2019/C
52823,14138,ANGLA_ BCDEFG_écrit_juin.pdf,ESC/2019/C/ANGLA_ BCDEFG_écrit_juin.pdf
52831,14138,ANGLA_BCDEFG_écrit_ Septembre.pdf,ESC/2019/C/ANGLA_BCDEFG_écrit_ Septembre.pdf
52830,14138,ANGLA_BCDEFG_écrit_juin_repêchage.pdf,ESC/2019/C/ANGLA_BCDEFG_écrit_juin_repêchage.pdf
52832,14138,ANGLA_BCDEFG_écrit_septembre_repêchage.pdf,ESC/2019/C/ANGLA_BCDEFG_écrit_septembre_repêchage.pdf
52833,14138,BIOLO_CC_ecrit_juin.pdf,ESC/2019/C/BIOLO_CC_ecrit_juin.pdf
52835,14138,BIOLO_CC_ecrit_juin_repechage.pdf,ESC/2019/C/BIOLO_CC_ecrit_juin_repechage.pdf
52817,14138,BIOLO_CC_écrit_septembre.pdf,ESC/2019/C/BIOLO_CC_écrit_septembre.pdf
52818,14138,CHIMI_BC_ecrit_juin.pdf,ESC/2019/C/CHIMI_BC_ecrit_juin.pdf
52827,14138,CHIMI_BC_ecrit_juin_repechage.pdf,ESC/2019/C/CHIMI_BC_ecrit_juin_repechage.pdf
52819,14138,CHIMI_BC_écrit_septembre.pdf,ESC/2019/C/CHIMI_BC_écrit_septembre.pdf
52814,14138,CHIMI_BC_écrit_septembre_ajournement.pdf,ESC/2019/C/CHIMI_BC_écrit_septembre_ajournement.pdf
52815,14138,FRANC_BCDEFG_écrit_juin.pdf,ESC/2019/C/FRANC_BCDEFG_écrit_juin.pdf
52813,14138,FRANC_BCDEFG_écrit_juin_repêchage.pdf,ESC/2019/C/FRANC_BCDEFG_écrit_juin_repêchage.pdf
52816,14138,FRANC_BCDEFG_écrit_septembre.pdf,ESC/2019/C/FRANC_BCDEFG_écrit_septembre.pdf
52822,14138,LATIN_ABCDEFG_écrit_juin.pdf,ESC/2019/C/LATIN_ABCDEFG_écrit_juin.pdf
52820,14138,MATHE1_CC_ecrit_juin.pdf,ESC/2019/C/MATHE1_CC_ecrit_juin.pdf
52821,14138,MATHE1_CC_écrit_septembre.pdf,ESC/2019/C/MATHE1_CC_écrit_septembre.pdf
52824,14138,MATHE1_CC_écrit_septembre_ajournement.pdf,ESC/2019/C/MATHE1_CC_écrit_septembre_ajournement.pdf
52828,14138,MATHE2_CC_CD_écrit_septembre_ajournement.pdf,ESC/2019/C/MATHE2_CC_CD_écrit_septembre_ajournement.pdf
52826,14138,PHILO_CB_CC_ecrit_juin.pdf,ESC/2019/C/PHILO_CB_CC_ecrit_juin.pdf
52839,14138,PHILO_CB_CC_ecrit_juin_repechage.pdf,ESC/2019/C/PHILO_CB_CC_ecrit_juin_repechage.pdf
52825,14138,PHILO_CB_CC_ecrit_septembre.pdf,ESC/2019/C/PHILO_CB_CC_ecrit_septembre.pdf
52838,14138,PHYSI_CB_CC_ecrit_juin.pdf,ESC/2019/C/PHYSI_CB_CC_ecrit_juin.pdf
52834,14138,PHYSI_CB_CC_ecrit_juin_repechage.pdf,ESC/2019/C/PHYSI_CB_CC_ecrit_juin_repechage.pdf
52836,14138,PHYSI_CB_CC_écrit_septembre.pdf,ESC/2019/C/PHYSI_CB_CC_écrit_septembre.pdf
52829,14138,PHYSI_CB_CC_écrit_septembre_ajournement.pdf,ESC/2019/C/PHYSI_CB_CC_écrit_septembre_ajournement.pdf
52837,14138,PHYSI_CB_CC_écrit_septembre_repechage.pdf,ESC/2019/C/PHYSI_CB_CC_écrit_septembre_repechage.pdf
14139,14089,D,ESC/2019/D
52840,14139,ANGLA_ BCDEFG_écrit_juin.pdf,ESC/2019/D/ANGLA_ BCDEFG_écrit_juin.pdf
52850,14139,ANGLA_BCDEFG_écrit_ Septembre.pdf,ESC/2019/D/ANGLA_BCDEFG_écrit_ Septembre.pdf
52843,14139,ANGLA_BCDEFG_écrit_juin_repêchage.pdf,ESC/2019/D/ANGLA_BCDEFG_écrit_juin_repêchage.pdf
52847,14139,ANGLA_BCDEFG_écrit_septembre_repêchage.pdf,ESC/2019/D/ANGLA_BCDEFG_écrit_septembre_repêchage.pdf
52845,14139,FRANC_BCDEFG_écrit_juin.pdf,ESC/2019/D/FRANC_BCDEFG_écrit_juin.pdf
52842,14139,FRANC_BCDEFG_écrit_juin_repêchage.pdf,ESC/2019/D/FRANC_BCDEFG_écrit_juin_repêchage.pdf
52849,14139,FRANC_BCDEFG_écrit_septembre.pdf,ESC/2019/D/FRANC_BCDEFG_écrit_septembre.pdf
52848,14139,LATIN_ABCDEFG_écrit_juin.pdf,ESC/2019/D/LATIN_ABCDEFG_écrit_juin.pdf
52851,14139,MATHE2_CC_CD_écrit_septembre_ajournement.pdf,ESC/2019/D/MATHE2_CC_CD_écrit_septembre_ajournement.pdf
52846,14139,PHILO_ADG_écrit_juin.pdf,ESC/2019/D/PHILO_ADG_écrit_juin.pdf
52841,14139,PHILO_ADG_écrit_juin_repêchage.pdf,ESC/2019/D/PHILO_ADG_écrit_juin_repêchage.pdf
52844,14139,PHILO_ADG_écrit_septembre.pdf,ESC/2019/D/PHILO_ADG_écrit_septembre.pdf
14140,14089,E,ESC/2019/E
52854,14140,ANGLA_ BCDEFG_écrit_juin.pdf,ESC/2019/E/ANGLA_ BCDEFG_écrit_juin.pdf
52857,14140,ANGLA_BCDEFG_écrit_ Septembre.pdf,ESC/2019/E/ANGLA_BCDEFG_écrit_ Septembre.pdf
52858,14140,ANGLA_BCDEFG_écrit_juin_repêchage.pdf,ESC/2019/E/ANGLA_BCDEFG_écrit_juin_repêchage.pdf
52864,14140,ANGLA_BCDEFG_écrit_septembre_repêchage.pdf,ESC/2019/E/ANGLA_BCDEFG_écrit_septembre_repêchage.pdf
52859,14140,EDAR1_CE_ecrit_juin.pdf,ESC/2019/E/EDAR1_CE_ecrit_juin.pdf
52869,14140,EDAR1_CE_écrit_septembre.pdf,ESC/2019/E/EDAR1_CE_écrit_septembre.pdf
52861,14140,EDAR2_CE_ecrit_juin.pdf,ESC/2019/E/EDAR2_CE_ecrit_juin.pdf
52863,14140,EDAR2_CE_écrit_septembre.pdf,ESC/2019/E/EDAR2_CE_écrit_septembre.pdf
52867,14140,FRANC_BCDEFG_écrit_juin.pdf,ESC/2019/E/FRANC_BCDEFG_écrit_juin.pdf
52862,14140,FRANC_BCDEFG_écrit_juin_repêchage.pdf,ESC/2019/E/FRANC_BCDEFG_écrit_juin_repêchage.pdf
52866,14140,FRANC_BCDEFG_écrit_septembre.pdf,ESC/2019/E/FRANC_BCDEFG_écrit_septembre.pdf
52870,14140,HISAR_CE_ecrit_juin.pdf,ESC/2019/E/HISAR_CE_ecrit_juin.pdf
52868,14140,HISAR_CE_écrit_septembre.docx,ESC/2019/E/HISAR_CE_écrit_septembre.docx
52853,14140,HISMU_CE_ecrit_juin.pdf,ESC/2019/E/HISMU_CE_ecrit_juin.pdf
52856,14140,HISMU_CE_ecrit_juin_repechage.pdf,ESC/2019/E/HISMU_CE_ecrit_juin_repechage.pdf
52855,14140,HISMU_E_écrit_septembre.pdf,ESC/2019/E/HISMU_E_écrit_septembre.pdf
52860,14140,LATIN_BCDEFG_écrit_juin.pdf,ESC/2019/E/LATIN_BCDEFG_écrit_juin.pdf
52865,14140,MATHE_EFG_ecrit_juin.pdf,ESC/2019/E/MATHE_EFG_ecrit_juin.pdf
52852,14140,MATHE_EFG_écrit_septembre.pdf,ESC/2019/E/MATHE_EFG_écrit_septembre.pdf
14141,14089,F,ESC/2019/F
52872,14141,ANGLA_ BCDEFG_écrit_juin.pdf,ESC/2019/F/ANGLA_ BCDEFG_écrit_juin.pdf
52883,14141,ANGLA_BCDEFG_écrit_ Septembre.pdf,ESC/2019/F/ANGLA_BCDEFG_écrit_ Septembre.pdf
52873,14141,ANGLA_BCDEFG_écrit_juin_repêchage.pdf,ESC/2019/F/ANGLA_BCDEFG_écrit_juin_repêchage.pdf
52884,14141,ANGLA_BCDEFG_écrit_septembre_repêchage.pdf,ESC/2019/F/ANGLA_BCDEFG_écrit_septembre_repêchage.pdf
52876,14141,FRANC_BCDEFG_écrit_juin.pdf,ESC/2019/F/FRANC_BCDEFG_écrit_juin.pdf
52875,14141,FRANC_BCDEFG_écrit_juin_repêchage.pdf,ESC/2019/F/FRANC_BCDEFG_écrit_juin_repêchage.pdf
52877,14141,FRANC_BCDEFG_écrit_septembre.pdf,ESC/2019/F/FRANC_BCDEFG_écrit_septembre.pdf
52879,14141,HISAA_FG_écrit_juin.pdf,ESC/2019/F/HISAA_FG_écrit_juin.pdf
52874,14141,HISAA_FG_écrit_juin_repêchage.pdf,ESC/2019/F/HISAA_FG_écrit_juin_repêchage.pdf
52882,14141,HISAA_FG_écrit_septembre.pdf,ESC/2019/F/HISAA_FG_écrit_septembre.pdf
52881,14141,HISAA_FG_écrit_septembre_repêchage.pdf,ESC/2019/F/HISAA_FG_écrit_septembre_repêchage.pdf
52878,14141,LATIN_ABCDEFG_écrit_juin.pdf,ESC/2019/F/LATIN_ABCDEFG_écrit_juin.pdf
52880,14141,MATHE_EFG_ecrit_juin.pdf,ESC/2019/F/MATHE_EFG_ecrit_juin.pdf
52871,14141,MATHE_EFG_écrit_septembre.pdf,ESC/2019/F/MATHE_EFG_écrit_septembre.pdf
14142,14089,G,ESC/2019/G
52905,14142,ANGLA_ BCDEFG_écrit_juin.pdf,ESC/2019/G/ANGLA_ BCDEFG_écrit_juin.pdf
52912,14142,ANGLA_BCDEFG_écrit_ Septembre.pdf,ESC/2019/G/ANGLA_BCDEFG_écrit_ Septembre.pdf
52907,14142,ANGLA_BCDEFG_écrit_juin_repêchage.pdf,ESC/2019/G/ANGLA_BCDEFG_écrit_juin_repêchage.pdf
52909,14142,ANGLA_BCDEFG_écrit_septembre_repêchage.pdf,ESC/2019/G/ANGLA_BCDEFG_écrit_septembre_repêchage.pdf
52897,14142,ECOPO_CG_écrit_juin.pdf,ESC/2019/G/ECOPO_CG_écrit_juin.pdf
52910,14142,ECOPO_CG_écrit_juin_repêchage.pdf,ESC/2019/G/ECOPO_CG_écrit_juin_repêchage.pdf
52913,14142,ECOPO_G_écrit_septembre.pdf,ESC/2019/G/ECOPO_G_écrit_septembre.pdf
52911,14142,ECOPO_G_écrit_septembre_repêchage.pdf,ESC/2019/G/ECOPO_G_écrit_septembre_repêchage.pdf
52886,14142,FRANC_BCDEFG_écrit_juin.pdf,ESC/2019/G/FRANC_BCDEFG_écrit_juin.pdf
52885,14142,FRANC_BCDEFG_écrit_juin_repêchage.pdf,ESC/2019/G/FRANC_BCDEFG_écrit_juin_repêchage.pdf
52891,14142,FRANC_BCDEFG_écrit_septembre.pdf,ESC/2019/G/FRANC_BCDEFG_écrit_septembre.pdf
52896,14142,GEOGR_CG_écrit_juin.pdf,ESC/2019/G/GEOGR_CG_écrit_juin.pdf
52890,14142,GEOGR_CG_écrit_juin_repêchage.pdf,ESC/2019/G/GEOGR_CG_écrit_juin_repêchage.pdf
52908,14142,GEOGR_G_écrit_septembre.pdf,ESC/2019/G/GEOGR_G_écrit_septembre.pdf
52888,14142,GEOGR_G_écrit_septembre_repêchage.pdf,ESC/2019/G/GEOGR_G_écrit_septembre_repêchage.pdf
52887,14142,HISAA_CF_CG_écrit_juin.pdf,ESC/2019/G/HISAA_CF_CG_écrit_juin.pdf
52889,14142,HISAA_CF_CG_écrit_juin_repêchage.pdf,ESC/2019/G/HISAA_CF_CG_écrit_juin_repêchage.pdf
52902,14142,HISAA_FG_écrit_septembre.pdf,ESC/2019/G/HISAA_FG_écrit_septembre.pdf
52895,14142,HISAA_FG_écrit_septembre_repêchage.pdf,ESC/2019/G/HISAA_FG_écrit_septembre_repêchage.pdf
52892,14142,LATIN_ABCDEFG_écrit_juin.pdf,ESC/2019/G/LATIN_ABCDEFG_écrit_juin.pdf
52906,14142,MATHE_EFG_ecrit_juin.pdf,ESC/2019/G/MATHE_EFG_ecrit_juin.pdf
52898,14142,MATHE_EFG_écrit_septembre.pdf,ESC/2019/G/MATHE_EFG_écrit_septembre.pdf
52900,14142,PHILO_ADG_écrit_juin.pdf,ESC/2019/G/PHILO_ADG_écrit_juin.pdf
52893,14142,PHILO_ADG_écrit_septembre.pdf,ESC/2019/G/PHILO_ADG_écrit_septembre.pdf
52894,14142,PHILO_CA_CD_CG_écrit_juin_repêchage.pdf,ESC/2019/G/PHILO_CA_CD_CG_écrit_juin_repêchage.pdf
52901,14142,SCSOC_CG_écrit_juin.pdf,ESC/2019/G/SCSOC_CG_écrit_juin.pdf
52903,14142,SCSOC_CG_écrit_juin_repêchage.pdf,ESC/2019/G/SCSOC_CG_écrit_juin_repêchage.pdf
52899,14142,SCSOC_G _écrit_septembre_repêchage.pdf,ESC/2019/G/SCSOC_G _écrit_septembre_repêchage.pdf
52904,14142,SCSOC_G_écrit_septembre.pdf,ESC/2019/G/SCSOC_G_écrit_septembre.pdf
19778,1920,2020,ESC/2020
19911,19778,CA,ESC/2020/CA
73812,19911,ALLEM (Allemand - Analyse de texte)_CA_écrit_mai.pdf,ESC/2020/CA/ALLEM (Allemand - Analyse de texte)_CA_écrit_mai.pdf
73806,19911,ALLEM (Allemand - Dissertation littéraire)_CA_écrit_mai.pdf,ESC/2020/CA/ALLEM (Allemand - Dissertation littéraire)_CA_écrit_mai.pdf
73811,19911,ANGLA (Anglais - Textes connus)_CA_écrit_juin.pdf,ESC/2020/CA/ANGLA (Anglais - Textes connus)_CA_écrit_juin.pdf
73810,19911,ANGLA (Anglais - Textes littéraires inconnus)_CA_écrit_mai.pdf,ESC/2020/CA/ANGLA (Anglais - Textes littéraires inconnus)_CA_écrit_mai.pdf
73799,19911,ECOGN_CA_CB_CC_écrit_juin.pdf,ESC/2020/CA/ECOGN_CA_CB_CC_écrit_juin.pdf
73802,19911,ECOGN_CA_CB_CC_écrit_septembre.pdf,ESC/2020/CA/ECOGN_CA_CB_CC_écrit_septembre.pdf
73813,19911,ESPAN_CA_écrit_juin.pdf,ESC/2020/CA/ESPAN_CA_écrit_juin.pdf
73805,19911,FRANC (Français - Analyse littéraire)_CA_écrit_mai.pdf,ESC/2020/CA/FRANC (Français - Analyse littéraire)_CA_écrit_mai.pdf
73808,19911,FRANC (Français - Dissertation littéraire)_CA_écrit_mai.pdf,ESC/2020/CA/FRANC (Français - Dissertation littéraire)_CA_écrit_mai.pdf
73801,19911,HISTO_ABCDG_septembre.pdf,ESC/2020/CA/HISTO_ABCDG_septembre.pdf
73809,19911,HISTO_CA_CB_CC_CD_CG_mai.pdf,ESC/2020/CA/HISTO_CA_CB_CC_CD_CG_mai.pdf
73804,19911,ITALI_CA_écrit.pdf,ESC/2020/CA/ITALI_CA_écrit.pdf
73815,19911,LATIN_CA_CB_CC_CD_CE_CF_CG_écrit.pdf,ESC/2020/CA/LATIN_CA_CB_CC_CD_CE_CF_CG_écrit.pdf
73816,19911,PHILO_CA_CD_CG_écrit_mai.pdf,ESC/2020/CA/PHILO_CA_CD_CG_écrit_mai.pdf
73800,19911,PHILO_CA_CD_CG_écrit_septembre.pdf,ESC/2020/CA/PHILO_CA_CD_CG_écrit_septembre.pdf
19912,19778,CB,ESC/2020/CB
73820,19912,ALLEM_CB_CC_CD_CE_CF_CG_écrit_juin.pdf,ESC/2020/CB/ALLEM_CB_CC_CD_CE_CF_CG_écrit_juin.pdf
73839,19912,ALLEM_CB_CC_CD_CE_CF_CG_écrit_septembre.pdf,ESC/2020/CB/ALLEM_CB_CC_CD_CE_CF_CG_écrit_septembre.pdf
73830,19912,ANGLA_CB_CC_CD_CE_CF_CG_écrit_mai.pdf,ESC/2020/CB/ANGLA_CB_CC_CD_CE_CF_CG_écrit_mai.pdf
73837,19912,ANGLA_CB_CC_CD_CE_CF_CG_écrit_septembre.pdf,ESC/2020/CB/ANGLA_CB_CC_CD_CE_CF_CG_écrit_septembre.pdf
73833,19912,CHIMI_CB_CC_écrit_juin.pdf,ESC/2020/CB/CHIMI_CB_CC_écrit_juin.pdf
73836,19912,CHIMI_CB_CC_écrit_septembre.pdf,ESC/2020/CB/CHIMI_CB_CC_écrit_septembre.pdf
73831,19912,ECOGN_CA_CB_CC_écrit_juin.pdf,ESC/2020/CB/ECOGN_CA_CB_CC_écrit_juin.pdf
73826,19912,ECOGN_CA_CB_CC_écrit_septembre.pdf,ESC/2020/CB/ECOGN_CA_CB_CC_écrit_septembre.pdf
73825,19912,FRANC_CB_CC_CD_CE_CF_CG_écrit_juin.pdf,ESC/2020/CB/FRANC_CB_CC_CD_CE_CF_CG_écrit_juin.pdf
73824,19912,FRANC_CB_CC_CD_CE_CF_CG_écrit_septembre.pdf,ESC/2020/CB/FRANC_CB_CC_CD_CE_CF_CG_écrit_septembre.pdf
73838,19912,FRANC_CB_CC_CD_CE_CF_CG_oral_juin.pdf,ESC/2020/CB/FRANC_CB_CC_CD_CE_CF_CG_oral_juin.pdf
73819,19912,HISTO_CB_CC_CD_CE_CF_CG_écrit_mai.pdf,ESC/2020/CB/HISTO_CB_CC_CD_CE_CF_CG_écrit_mai.pdf
73823,19912,INFOR_CB_écrit_.pdf,ESC/2020/CB/INFOR_CB_écrit_.pdf
73827,19912,INFOR_CB_écrit_juin.pdf,ESC/2020/CB/INFOR_CB_écrit_juin.pdf
73828,19912,MATHE1_CB_écrit_mai.pdf,ESC/2020/CB/MATHE1_CB_écrit_mai.pdf
73818,19912,MATHE1_CB_écrit_septembre.pdf,ESC/2020/CB/MATHE1_CB_écrit_septembre.pdf
73822,19912,MATHE1_CD_écrit_septembre.pdf,ESC/2020/CB/MATHE1_CD_écrit_septembre.pdf
73829,19912,MATHE2_CB_écrit_mai.pdf,ESC/2020/CB/MATHE2_CB_écrit_mai.pdf
73835,19912,MATHE2_CB_écrit_septembre.pdf,ESC/2020/CB/MATHE2_CB_écrit_septembre.pdf
73834,19912,PHILO_CB_CC_écrit_juin.pdf,ESC/2020/CB/PHILO_CB_CC_écrit_juin.pdf
73832,19912,PHILO_CB_CC_écrit_septembre.pdf,ESC/2020/CB/PHILO_CB_CC_écrit_septembre.pdf
73840,19912,PHYSI_CB_CC_écrit_juin.pdf,ESC/2020/CB/PHYSI_CB_CC_écrit_juin.pdf
73821,19912,PHYSI_CB_CC_écrit_septembre.pdf,ESC/2020/CB/PHYSI_CB_CC_écrit_septembre.pdf
19913,19778,CC,ESC/2020/CC
73842,19913,ALLEM_CB_CC_CD_CE_CF_CG_écrit_juin.pdf,ESC/2020/CC/ALLEM_CB_CC_CD_CE_CF_CG_écrit_juin.pdf
73852,19913,ALLEM_CB_CC_CD_CE_CF_CG_écrit_septembre.pdf,ESC/2020/CC/ALLEM_CB_CC_CD_CE_CF_CG_écrit_septembre.pdf
73851,19913,ANGLA_CB_CC_CD_CE_CF_CG_écrit_mai.pdf,ESC/2020/CC/ANGLA_CB_CC_CD_CE_CF_CG_écrit_mai.pdf
73853,19913,ANGLA_CB_CC_CD_CE_CF_CG_écrit_septembre.pdf,ESC/2020/CC/ANGLA_CB_CC_CD_CE_CF_CG_écrit_septembre.pdf
73859,19913,BIOLO_CC_écrit_juin.pdf,ESC/2020/CC/BIOLO_CC_écrit_juin.pdf
73854,19913,BIOLO_CC_écrit_septembre.pdf,ESC/2020/CC/BIOLO_CC_écrit_septembre.pdf
73843,19913,CHIMI_CB_CC_écrit_juin.pdf,ESC/2020/CC/CHIMI_CB_CC_écrit_juin.pdf
73850,19913,CHIMI_CB_CC_écrit_septembre.pdf,ESC/2020/CC/CHIMI_CB_CC_écrit_septembre.pdf
73841,19913,ECOGN_CA_CB_CC_écrit_juin.pdf,ESC/2020/CC/ECOGN_CA_CB_CC_écrit_juin.pdf
73849,19913,ECOGN_CA_CB_CC_écrit_septembre.pdf,ESC/2020/CC/ECOGN_CA_CB_CC_écrit_septembre.pdf
73848,19913,FRANC_CB_CC_CD_CE_CF_CG_écrit_juin.pdf,ESC/2020/CC/FRANC_CB_CC_CD_CE_CF_CG_écrit_juin.pdf
73847,19913,FRANC_CB_CC_CD_CE_CF_CG_écrit_septembre.pdf,ESC/2020/CC/FRANC_CB_CC_CD_CE_CF_CG_écrit_septembre.pdf
73845,19913,HISTO_CA_CB_CC_CD_CG.pdf,ESC/2020/CC/HISTO_CA_CB_CC_CD_CG.pdf
73855,19913,MATHE1_CC_écrit_juin.pdf,ESC/2020/CC/MATHE1_CC_écrit_juin.pdf
73846,19913,MATHE1_CC_écrit_septembre.pdf,ESC/2020/CC/MATHE1_CC_écrit_septembre.pdf
73860,19913,MATHE2_CC_CD_écrit_mai.pdf,ESC/2020/CC/MATHE2_CC_CD_écrit_mai.pdf
73862,19913,MATHE2_CC_CD_écrit_septembre.pdf,ESC/2020/CC/MATHE2_CC_CD_écrit_septembre.pdf
73856,19913,PHILO_CB_CC_écrit_juin.pdf,ESC/2020/CC/PHILO_CB_CC_écrit_juin.pdf
73858,19913,PHILO_CB_CC_écrit_septembre.pdf,ESC/2020/CC/PHILO_CB_CC_écrit_septembre.pdf
73861,19913,PHYSI_CB_CC_écrit_juin.pdf,ESC/2020/CC/PHYSI_CB_CC_écrit_juin.pdf
73844,19913,PHYSI_CB_CC_écrit_septembre.pdf,ESC/2020/CC/PHYSI_CB_CC_écrit_septembre.pdf
19914,19778,CD,ESC/2020/CD
73863,19914,ALLEM_CB_CC_CD_CE_CF_CG_écrit_juin.pdf,ESC/2020/CD/ALLEM_CB_CC_CD_CE_CF_CG_écrit_juin.pdf
73877,19914,ALLEM_CB_CC_CD_CE_CF_CG_écrit_septembre.pdf,ESC/2020/CD/ALLEM_CB_CC_CD_CE_CF_CG_écrit_septembre.pdf
73878,19914,ANGLA_CB_CC_CD_CE_CF_CG_écrit_mai.pdf,ESC/2020/CD/ANGLA_CB_CC_CD_CE_CF_CG_écrit_mai.pdf
73880,19914,ANGLA_CB_CC_CD_CE_CF_CG_écrit_septembre.pdf,ESC/2020/CD/ANGLA_CB_CC_CD_CE_CF_CG_écrit_septembre.pdf
73879,19914,ECOGE_Sociétés commerciales_CD_écrit_mai.pdf,ESC/2020/CD/ECOGE_Sociétés commerciales_CD_écrit_mai.pdf
73874,19914,ECOGE_Sociétés commerciales_CD_écrit_septembre.pdf,ESC/2020/CD/ECOGE_Sociétés commerciales_CD_écrit_septembre.pdf
73873,19914,ECOGE_Statistiques et probabilités_CD_écrit_juin.pdf,ESC/2020/CD/ECOGE_Statistiques et probabilités_CD_écrit_juin.pdf
73866,19914,ECOGE_Statistiques et probabilités_CD_écrit_septembre.pdf,ESC/2020/CD/ECOGE_Statistiques et probabilités_CD_écrit_septembre.pdf
73867,19914,ECOPO_CD_écrit_mai.pdf,ESC/2020/CD/ECOPO_CD_écrit_mai.pdf
73872,19914,ECOPO_CD_écrit_septembre.pdf,ESC/2020/CD/ECOPO_CD_écrit_septembre.pdf
73869,19914,FRANC_CB_CC_CD_CE_CF_CG_écrit_juin.pdf,ESC/2020/CD/FRANC_CB_CC_CD_CE_CF_CG_écrit_juin.pdf
73871,19914,FRANC_CB_CC_CD_CE_CF_CG_écrit_septembre.pdf,ESC/2020/CD/FRANC_CB_CC_CD_CE_CF_CG_écrit_septembre.pdf
73864,19914,HISTO_CA_CB_CC_CD_CG_écrit_mai.pdf,ESC/2020/CD/HISTO_CA_CB_CC_CD_CG_écrit_mai.pdf
73868,19914,MATHE1_CD_écrit_juin.pdf,ESC/2020/CD/MATHE1_CD_écrit_juin.pdf
73865,19914,MATHE1_CD_écrit_septembre.pdf,ESC/2020/CD/MATHE1_CD_écrit_septembre.pdf
73875,19914,MATHE2_CC_CD_écrit_mai.pdf,ESC/2020/CD/MATHE2_CC_CD_écrit_mai.pdf
73881,19914,MATHE2_CC_CD_écrit_septembre.pdf,ESC/2020/CD/MATHE2_CC_CD_écrit_septembre.pdf
73876,19914,PHILO_CA_CD_CG_écrit_mai.pdf,ESC/2020/CD/PHILO_CA_CD_CG_écrit_mai.pdf
73870,19914,PHILO_CA_CD_CG_écrit_septembre.pdf,ESC/2020/CD/PHILO_CA_CD_CG_écrit_septembre.pdf
19915,19778,CE,ESC/2020/CE
73883,19915,ALLEM_CB_CC_CD_CE_CF_CG_écrit_juin.pdf,ESC/2020/CE/ALLEM_CB_CC_CD_CE_CF_CG_écrit_juin.pdf
73887,19915,ALLEM_CB_CC_CD_CE_CF_CG_écrit_septembre.pdf,ESC/2020/CE/ALLEM_CB_CC_CD_CE_CF_CG_écrit_septembre.pdf
73898,19915,ANGLA_CB_CC_CD_CE_CF_CG_écrit_mai.pdf,ESC/2020/CE/ANGLA_CB_CC_CD_CE_CF_CG_écrit_mai.pdf
73890,19915,ANGLA_CB_CC_CD_CE_CF_CG_écrit_septembre.pdf,ESC/2020/CE/ANGLA_CB_CC_CD_CE_CF_CG_écrit_septembre.pdf
73894,19915,EDAR1_CE_écrit_juin.pdf,ESC/2020/CE/EDAR1_CE_écrit_juin.pdf
73902,19915,EDAR1_CE_écrit_septembre.pdf,ESC/2020/CE/EDAR1_CE_écrit_septembre.pdf
73888,19915,EDAR2_CE_écrit_juin.pdf,ESC/2020/CE/EDAR2_CE_écrit_juin.pdf
73889,19915,EDAR2_CE_écrit_septembre.pdf,ESC/2020/CE/EDAR2_CE_écrit_septembre.pdf
73897,19915,FRANC_CB_CC_CD_CE_CF_CG_écrit_juin.pdf,ESC/2020/CE/FRANC_CB_CC_CD_CE_CF_CG_écrit_juin.pdf
73891,19915,FRANC_CB_CC_CD_CE_CF_CG_écrit_septembre.pdf,ESC/2020/CE/FRANC_CB_CC_CD_CE_CF_CG_écrit_septembre.pdf
73901,19915,FRANC_CB_CC_CD_CE_CF_CG_oral_juin.pdf,ESC/2020/CE/FRANC_CB_CC_CD_CE_CF_CG_oral_juin.pdf
73884,19915,HISAR_CE_écrit_juin.pdf,ESC/2020/CE/HISAR_CE_écrit_juin.pdf
73899,19915,HISAR_CE_écrit_septembre.pdf,ESC/2020/CE/HISAR_CE_écrit_septembre.pdf
73892,19915,HISMU_CE_écrit_juin.pdf,ESC/2020/CE/HISMU_CE_écrit_juin.pdf
73893,19915,HISMU_CE_écrit_septembre.pdf,ESC/2020/CE/HISMU_CE_écrit_septembre.pdf
73900,19915,MATHE_CE_CF_CG_écrit_juin.pdf,ESC/2020/CE/MATHE_CE_CF_CG_écrit_juin.pdf
73886,19915,MATHE_CE_CF_CG_écrit_septembre.pdf,ESC/2020/CE/MATHE_CE_CF_CG_écrit_septembre.pdf
73896,19915,PHILO_CE_CF_écrit_juin.pdf,ESC/2020/CE/PHILO_CE_CF_écrit_juin.pdf
73895,19915,PHILO_CE_CF_écrit_septembre.pdf,ESC/2020/CE/PHILO_CE_CF_écrit_septembre.pdf
19916,19778,CF,ESC/2020/CF
73904,19916,ALLEM_CB_CC_CD_CE_CF_CG_écrit_juin.pdf,ESC/2020/CF/ALLEM_CB_CC_CD_CE_CF_CG_écrit_juin.pdf
73908,19916,ALLEM_CB_CC_CD_CE_CF_CG_écrit_septembre.pdf,ESC/2020/CF/ALLEM_CB_CC_CD_CE_CF_CG_écrit_septembre.pdf
73909,19916,ANGLA_CB_CC_CD_CE_CF_CG_écrit_mai.pdf,ESC/2020/CF/ANGLA_CB_CC_CD_CE_CF_CG_écrit_mai.pdf
73913,19916,ANGLA_CB_CC_CD_CE_CF_CG_écrit_septembre.pdf,ESC/2020/CF/ANGLA_CB_CC_CD_CE_CF_CG_écrit_septembre.pdf
73903,19916,ECOPO_CG_écrit_juin.pdf,ESC/2020/CF/ECOPO_CG_écrit_juin.pdf
73906,19916,FRANC_CB_CC_CD_CE_CF_CG_écrit_juin.pdf,ESC/2020/CF/FRANC_CB_CC_CD_CE_CF_CG_écrit_juin.pdf
73907,19916,FRANC_CB_CC_CD_CE_CF_CG_écrit_septembre.pdf,ESC/2020/CF/FRANC_CB_CC_CD_CE_CF_CG_écrit_septembre.pdf
73915,19916,FRANC_CB_CC_CD_CE_CF_CG_oral_juin.pdf,ESC/2020/CF/FRANC_CB_CC_CD_CE_CF_CG_oral_juin.pdf
73912,19916,HISAA_ (Histoire de l'art et de l'architecture)_CF_CG_écrit_juin.pdf,ESC/2020/CF/HISAA_ (Histoire de l'art et de l'architecture)_CF_CG_écrit_juin.pdf
73914,19916,HISAA_CF_CG_écrit_juin.pdf,ESC/2020/CF/HISAA_CF_CG_écrit_juin.pdf
73916,19916,MATHE_CE_CF_CG_écrit_juin.pdf,ESC/2020/CF/MATHE_CE_CF_CG_écrit_juin.pdf
73905,19916,MATHE_CE_CF_CG_écrit_septembre.pdf,ESC/2020/CF/MATHE_CE_CF_CG_écrit_septembre.pdf
73910,19916,PHILO_CE_CF_écrit_juin.pdf,ESC/2020/CF/PHILO_CE_CF_écrit_juin.pdf
73911,19916,PHILO_CE_CF_écrit_septembre.pdf,ESC/2020/CF/PHILO_CE_CF_écrit_septembre.pdf
19917,19778,CG,ESC/2020/CG
73918,19917,ALLEM_CB_ CC_CD_CE_CF_CG_écrit_septembre.pdf,ESC/2020/CG/ALLEM_CB_ CC_CD_CE_CF_CG_écrit_septembre.pdf
73923,19917,ALLEM_CB_CC_CD_CE_CF_CG_écrit_juin.pdf,ESC/2020/CG/ALLEM_CB_CC_CD_CE_CF_CG_écrit_juin.pdf
73927,19917,ANGLA_CB_CC_CD_CE_CF_CG_écrit_mai.pdf,ESC/2020/CG/ANGLA_CB_CC_CD_CE_CF_CG_écrit_mai.pdf
73925,19917,ANGLA_CB_CC_CD_CE_CF_CG_écrit_septembre.pdf,ESC/2020/CG/ANGLA_CB_CC_CD_CE_CF_CG_écrit_septembre.pdf
73917,19917,ECOPO_CG_écrit_juin.pdf,ESC/2020/CG/ECOPO_CG_écrit_juin.pdf
73919,19917,ECOPO_CG_écrit_octobre.pdf,ESC/2020/CG/ECOPO_CG_écrit_octobre.pdf
73929,19917,FRANC_CB_CC_CD_CE_CF_CG_écrit_juin.pdf,ESC/2020/CG/FRANC_CB_CC_CD_CE_CF_CG_écrit_juin.pdf
73928,19917,FRANC_CB_CC_CD_CE_CF_CG_écrit_septembre.pdf,ESC/2020/CG/FRANC_CB_CC_CD_CE_CF_CG_écrit_septembre.pdf
73934,19917,FRANC_CB_CC_CD_CE_CF_CG_oral_juin.pdf,ESC/2020/CG/FRANC_CB_CC_CD_CE_CF_CG_oral_juin.pdf
73933,19917,GEOGR_CG_écrit_mai.pdf,ESC/2020/CG/GEOGR_CG_écrit_mai.pdf
73930,19917,HISAA_CF_CG_écrit_juin.pdf,ESC/2020/CG/HISAA_CF_CG_écrit_juin.pdf
73921,19917,HISTO_CA_CB_CC_CD_CG_écrit_mai.pdf,ESC/2020/CG/HISTO_CA_CB_CC_CD_CG_écrit_mai.pdf
73932,19917,LATIN_CA_CB_CC_CD_CE_CF_CG_écrit_juin.pdf,ESC/2020/CG/LATIN_CA_CB_CC_CD_CE_CF_CG_écrit_juin.pdf
73935,19917,MATHE_CE_CF_CG_écrit_juin.pdf,ESC/2020/CG/MATHE_CE_CF_CG_écrit_juin.pdf
73922,19917,MATHE_CE_CF_CG_écrit_septembre.pdf,ESC/2020/CG/MATHE_CE_CF_CG_écrit_septembre.pdf
73931,19917,PHILO_CA_CD_CG_écrit_mai.pdf,ESC/2020/CG/PHILO_CA_CD_CG_écrit_mai.pdf
73926,19917,PHILO_CA_CD_CG_écrit_septembre.pdf,ESC/2020/CG/PHILO_CA_CD_CG_écrit_septembre.pdf
73924,19917,SCSOC_CG_écrit_mai.pdf,ESC/2020/CG/SCSOC_CG_écrit_mai.pdf
73920,19917,SCSOC_CG_écrit_septembre.pdf,ESC/2020/CG/SCSOC_CG_écrit_septembre.pdf
19918,19778,CI,ESC/2020/CI
73942,19918,ALLEM_CI_écrit_juin.pdf,ESC/2020/CI/ALLEM_CI_écrit_juin.pdf
73945,19918,ALLEM_CI_écrit_septembre.pdf,ESC/2020/CI/ALLEM_CI_écrit_septembre.pdf
73946,19918,AMINF_CI_écrit_juin.pdf,ESC/2020/CI/AMINF_CI_écrit_juin.pdf
73948,19918,ANGLA_CI_écrit_juin.pdf,ESC/2020/CI/ANGLA_CI_écrit_juin.pdf
73949,19918,COMME_CI_écrit_vf_mai.pdf,ESC/2020/CI/COMME_CI_écrit_vf_mai.pdf
73944,19918,ECOFI_CI_écrit_vf_mai.pdf,ESC/2020/CI/ECOFI_CI_écrit_vf_mai.pdf
73950,19918,FRANC_CI_écrit_juin.pdf,ESC/2020/CI/FRANC_CI_écrit_juin.pdf
73951,19918,MATHE1_CI_écrit_vf_septembre.pdf,ESC/2020/CI/MATHE1_CI_écrit_vf_septembre.pdf
73954,19918,MATHE1_écrit_vf_septembre.pdf,ESC/2020/CI/MATHE1_écrit_vf_septembre.pdf
73947,19918,MATHE2_CI_écrit_vf_juin.pdf,ESC/2020/CI/MATHE2_CI_écrit_vf_juin.pdf
73956,19918,MATHE2_CI_écrit_vf_mai.pdf,ESC/2020/CI/MATHE2_CI_écrit_vf_mai.pdf
73941,19918,MATHE2_CI_écrit_vf_septembre.pdf,ESC/2020/CI/MATHE2_CI_écrit_vf_septembre.pdf
73952,19918,PHILO_CI_écrit_vf_mai.pdf,ESC/2020/CI/PHILO_CI_écrit_vf_mai.pdf
73955,19918,PHYSI_CI_écrit_vf_mai.pdf,ESC/2020/CI/PHYSI_CI_écrit_vf_mai.pdf
73957,19918,PHYSI_CI_écrit_vf_septembre.pdf,ESC/2020/CI/PHYSI_CI_écrit_vf_septembre.pdf
73953,19918,SCIPR_CI_écrit_vf_juin.pdf,ESC/2020/CI/SCIPR_CI_écrit_vf_juin.pdf
73943,19918,SCIPR_CI_écrit_vf_septembre.pdf,ESC/2020/CI/SCIPR_CI_écrit_vf_septembre.pdf
23471,1920,2021,ESC/2021
23472,23471,CA,ESC/2021/CA
85856,23472,ALLEM(AT)_CA_écrit_juin.pdf,ESC/2021/CA/ALLEM(AT)_CA_écrit_juin.pdf
85854,23472,ALLEM(DL)_CA_écrit_juin.pdf,ESC/2021/CA/ALLEM(DL)_CA_écrit_juin.pdf
85860,23472,ANGLA(TC)_CA_écrit_juin.pdf,ESC/2021/CA/ANGLA(TC)_CA_écrit_juin.pdf
85858,23472,ANGLA(TLI)_CA_écrit_juin.pdf,ESC/2021/CA/ANGLA(TLI)_CA_écrit_juin.pdf
85862,23472,ECOGN_CA; CB; CC_écrit_juin.pdf,ESC/2021/CA/ECOGN_CA; CB; CC_écrit_juin.pdf
85855,23472,ESPAN_CA_écrit_juin.pdf,ESC/2021/CA/ESPAN_CA_écrit_juin.pdf
85863,23472,FRANC(AL)_CA_écrit_juin.pdf,ESC/2021/CA/FRANC(AL)_CA_écrit_juin.pdf
85859,23472,FRANC(DL)_CA_écrit_juin.pdf,ESC/2021/CA/FRANC(DL)_CA_écrit_juin.pdf
85865,23472,HISTO_CA; CB; CC; CD; CG_écrit_juin.pdf,ESC/2021/CA/HISTO_CA; CB; CC; CD; CG_écrit_juin.pdf
85861,23472,ITALI_CA_écrit_juin.pdf,ESC/2021/CA/ITALI_CA_écrit_juin.pdf
85857,23472,LATIN_CA; CB; CC; CD; CE; CF; CG; CI_écrit_juin.pdf,ESC/2021/CA/LATIN_CA; CB; CC; CD; CE; CF; CG; CI_écrit_juin.pdf
85864,23472,PHILO_CA; CD; CG_écrit_juin.pdf,ESC/2021/CA/PHILO_CA; CD; CG_écrit_juin.pdf
23473,23471,CB,ESC/2021/CB
85866,23473,ALLEM_CB; CC; CD; CE; CF; CG_écrit_juin.pdf,ESC/2021/CB/ALLEM_CB; CC; CD; CE; CF; CG_écrit_juin.pdf
85869,23473,ANGLA_CB; CC; CD; CE; CF; CG_écrit_juin.pdf,ESC/2021/CB/ANGLA_CB; CC; CD; CE; CF; CG_écrit_juin.pdf
85878,23473,CHIMI_CB; CC_écrit_juin.pdf,ESC/2021/CB/CHIMI_CB; CC_écrit_juin.pdf
85870,23473,ECOGN_CA; CB; CC_écrit_juin.pdf,ESC/2021/CB/ECOGN_CA; CB; CC_écrit_juin.pdf
85873,23473,ESPAN_CB; CC; CD; CE; CG_(LMRL)_écrit_juin.pdf,ESC/2021/CB/ESPAN_CB; CC; CD; CE; CG_(LMRL)_écrit_juin.pdf
85868,23473,FRANC_CB; CC; CD; CE; CG; CF_écrit_juin.pdf,ESC/2021/CB/FRANC_CB; CC; CD; CE; CG; CF_écrit_juin.pdf
85877,23473,HISTO_CA; CB; CC; CD; CG_écrit_juin.pdf,ESC/2021/CB/HISTO_CA; CB; CC; CD; CG_écrit_juin.pdf
85874,23473,INFOR_CB_écrit_juin.pdf,ESC/2021/CB/INFOR_CB_écrit_juin.pdf
85867,23473,ITALI_CB; CD; CC; CE; CG_(LMRL)_écrit_juin.pdf,ESC/2021/CB/ITALI_CB; CD; CC; CE; CG_(LMRL)_écrit_juin.pdf
85871,23473,LATIN_CA; CB; CC; CD; CE; CF; CG; CI_écrit_juin.pdf,ESC/2021/CB/LATIN_CA; CB; CC; CD; CE; CF; CG; CI_écrit_juin.pdf
85876,23473,MATHE1_CB_écrit_juin.pdf,ESC/2021/CB/MATHE1_CB_écrit_juin.pdf
85875,23473,MATHE2_CB_écrit_juin.pdf,ESC/2021/CB/MATHE2_CB_écrit_juin.pdf
85872,23473,PHILO_CB; CC_écrit_juin.pdf,ESC/2021/CB/PHILO_CB; CC_écrit_juin.pdf
85879,23473,PHYSI_CB; CC_écrit_juin.pdf,ESC/2021/CB/PHYSI_CB; CC_écrit_juin.pdf
23474,23471,CC,ESC/2021/CC
85881,23474,ALLEM_CB; CC; CD; CE; CF; CG_écrit_juin.pdf,ESC/2021/CC/ALLEM_CB; CC; CD; CE; CF; CG_écrit_juin.pdf
85886,23474,ANGLA_CB; CC; CD; CE; CF; CG_écrit_juin.pdf,ESC/2021/CC/ANGLA_CB; CC; CD; CE; CF; CG_écrit_juin.pdf
85889,23474,BIOLO_CC_écrit_juin.pdf,ESC/2021/CC/BIOLO_CC_écrit_juin.pdf
85892,23474,CHIMI_CB; CC_écrit_juin.pdf,ESC/2021/CC/CHIMI_CB; CC_écrit_juin.pdf
85888,23474,ECOGN_CA; CB; CC_écrit_juin.pdf,ESC/2021/CC/ECOGN_CA; CB; CC_écrit_juin.pdf
85885,23474,ESPAN_CB; CC; CD; CE; CG_(LMRL)_écrit_juin.pdf,ESC/2021/CC/ESPAN_CB; CC; CD; CE; CG_(LMRL)_écrit_juin.pdf
85882,23474,FRANC_CB; CC; CD; CE; CG; CF_écrit_juin.pdf,ESC/2021/CC/FRANC_CB; CC; CD; CE; CG; CF_écrit_juin.pdf
85890,23474,HISTO_CA; CB; CC; CD; CG_écrit_juin.pdf,ESC/2021/CC/HISTO_CA; CB; CC; CD; CG_écrit_juin.pdf
85887,23474,ITALI_CB; CD; CC; CE; CG_(LMRL)_écrit_juin.pdf,ESC/2021/CC/ITALI_CB; CD; CC; CE; CG_(LMRL)_écrit_juin.pdf
85883,23474,LATIN_CA; CB; CC; CD; CE; CF; CG; CI_écrit_juin.pdf,ESC/2021/CC/LATIN_CA; CB; CC; CD; CE; CF; CG; CI_écrit_juin.pdf
85884,23474,MATH1_CC_écrit_juin.pdf,ESC/2021/CC/MATH1_CC_écrit_juin.pdf
85891,23474,MATHE2_CC; CD_écrit_juin.pdf,ESC/2021/CC/MATHE2_CC; CD_écrit_juin.pdf
85880,23474,PHILO_CB; CC_écrit_juin.pdf,ESC/2021/CC/PHILO_CB; CC_écrit_juin.pdf
85893,23474,PHYSI_CB; CC_écrit_juin.pdf,ESC/2021/CC/PHYSI_CB; CC_écrit_juin.pdf
23475,23471,CD,ESC/2021/CD
85895,23475,ALLEM_CB; CC; CD; CE; CF; CG_écrit_juin.pdf,ESC/2021/CD/ALLEM_CB; CC; CD; CE; CF; CG_écrit_juin.pdf
85901,23475,ANGLA_CB; CC; CD; CE; CF; CG_écrit_juin.pdf,ESC/2021/CD/ANGLA_CB; CC; CD; CE; CF; CG_écrit_juin.pdf
85899,23475,ECOGE_SOCOM_CD_écrit_juin.pdf,ESC/2021/CD/ECOGE_SOCOM_CD_écrit_juin.pdf
85898,23475,ECOGE_STATI_CD_écrit_juin.pdf,ESC/2021/CD/ECOGE_STATI_CD_écrit_juin.pdf
85897,23475,ECOPO_CD_écrit_juin.pdf,ESC/2021/CD/ECOPO_CD_écrit_juin.pdf
85900,23475,ESPAN_CB; CC; CD; CE; CG_(LMRL)_écrit_juin.pdf,ESC/2021/CD/ESPAN_CB; CC; CD; CE; CG_(LMRL)_écrit_juin.pdf
85894,23475,FRANC_CB; CC; CD; CE; CG; CF_écrit_juin.pdf,ESC/2021/CD/FRANC_CB; CC; CD; CE; CG; CF_écrit_juin.pdf
85904,23475,HISTO_CA; CB; CC; CD; CG_écrit_juin.pdf,ESC/2021/CD/HISTO_CA; CB; CC; CD; CG_écrit_juin.pdf
85896,23475,LATIN_CA; CB; CC; CD; CE; CF; CG; CI_écrit_juin.pdf,ESC/2021/CD/LATIN_CA; CB; CC; CD; CE; CF; CG; CI_écrit_juin.pdf
85902,23475,MATHE1_CD_écrit_juin.pdf,ESC/2021/CD/MATHE1_CD_écrit_juin.pdf
85905,23475,MATHE2_CC; CD_écrit_juin.pdf,ESC/2021/CD/MATHE2_CC; CD_écrit_juin.pdf
85903,23475,PHILO_CA; CD; CG_écrit_juin.pdf,ESC/2021/CD/PHILO_CA; CD; CG_écrit_juin.pdf
23476,23471,CE,ESC/2021/CE
85906,23476,ALLEM_CB; CC; CD; CE; CF; CG_écrit_juin.pdf,ESC/2021/CE/ALLEM_CB; CC; CD; CE; CF; CG_écrit_juin.pdf
85915,23476,ANGLA_CB; CC; CD; CE; CF; CG_écrit_juin.pdf,ESC/2021/CE/ANGLA_CB; CC; CD; CE; CF; CG_écrit_juin.pdf
85913,23476,EDAR1_CE_écrit_juin.pdf,ESC/2021/CE/EDAR1_CE_écrit_juin.pdf
85912,23476,EDAR2_CE_écrit_juin.pdf,ESC/2021/CE/EDAR2_CE_écrit_juin.pdf
85909,23476,ESPAN_CB; CC; CD; CE; CG_(LMRL)_écrit_juin.pdf,ESC/2021/CE/ESPAN_CB; CC; CD; CE; CG_(LMRL)_écrit_juin.pdf
85907,23476,FRANC_CB; CC; CD; CE; CG; CF_écrit_juin.pdf,ESC/2021/CE/FRANC_CB; CC; CD; CE; CG; CF_écrit_juin.pdf
85917,23476,HISAR_CE_écrit_juin.pdf,ESC/2021/CE/HISAR_CE_écrit_juin.pdf
85910,23476,HISMU_CE_écrit_juin.pdf,ESC/2021/CE/HISMU_CE_écrit_juin.pdf
85914,23476,ITALI_CB; CD; CC; CE; CG_(LMRL)_écrit_juin.pdf,ESC/2021/CE/ITALI_CB; CD; CC; CE; CG_(LMRL)_écrit_juin.pdf
85908,23476,LATIN_CA; CB; CC; CD; CE; CF; CG; CI_écrit_juin.pdf,ESC/2021/CE/LATIN_CA; CB; CC; CD; CE; CF; CG; CI_écrit_juin.pdf
85911,23476,MATHE_CE; CF; CG_écrit_juin.pdf,ESC/2021/CE/MATHE_CE; CF; CG_écrit_juin.pdf
85916,23476,PHILO_CE; CF_écrit_juin.pdf,ESC/2021/CE/PHILO_CE; CF_écrit_juin.pdf
23477,23471,CF,ESC/2021/CF
85920,23477,ALLEM_CB; CC; CD; CE; CF; CG_écrit_juin.pdf,ESC/2021/CF/ALLEM_CB; CC; CD; CE; CF; CG_écrit_juin.pdf
85921,23477,ANGLA_CB; CC; CD; CE; CF; CG_écrit_juin.pdf,ESC/2021/CF/ANGLA_CB; CC; CD; CE; CF; CG_écrit_juin.pdf
85919,23477,FRANC_CB; CC; CD; CE; CG; CF_écrit_juin.pdf,ESC/2021/CF/FRANC_CB; CC; CD; CE; CG; CF_écrit_juin.pdf
85924,23477,HISAA_CF; CG_écrit_juin.pdf,ESC/2021/CF/HISAA_CF; CG_écrit_juin.pdf
85918,23477,LATIN_CA; CB; CC; CD; CE; CF; CG; CI_écrit_juin.pdf,ESC/2021/CF/LATIN_CA; CB; CC; CD; CE; CF; CG; CI_écrit_juin.pdf
85923,23477,MATHE_CE; CF; CG_écrit_juin.pdf,ESC/2021/CF/MATHE_CE; CF; CG_écrit_juin.pdf
85922,23477,PHILO_CE; CF_écrit_juin.pdf,ESC/2021/CF/PHILO_CE; CF_écrit_juin.pdf
23481,23471,CG,ESC/2021/CG
85926,23481,ALLEM_CB; CC; CD; CE; CF; CG_écrit_juin.pdf,ESC/2021/CG/ALLEM_CB; CC; CD; CE; CF; CG_écrit_juin.pdf
85928,23481,ANGLA_CB; CC; CD; CE; CF; CG_écrit_juin.pdf,ESC/2021/CG/ANGLA_CB; CC; CD; CE; CF; CG_écrit_juin.pdf
85930,23481,ECOPO_CG_écrit_juin.pdf,ESC/2021/CG/ECOPO_CG_écrit_juin.pdf
85936,23481,GEOG_CG_écrit_juin.pdf,ESC/2021/CG/GEOG_CG_écrit_juin.pdf
85935,23481,HISAA_CF; CG_écrit_juin.pdf,ESC/2021/CG/HISAA_CF; CG_écrit_juin.pdf
85934,23481,HISTO_CA; CB; CC; CD; CG_écrit_juin.pdf,ESC/2021/CG/HISTO_CA; CB; CC; CD; CG_écrit_juin.pdf
85929,23481,ITALI_CB; CD; CC; CE; CG_(LMRL)_écrit_juin.pdf,ESC/2021/CG/ITALI_CB; CD; CC; CE; CG_(LMRL)_écrit_juin.pdf
85927,23481,LATIN_CA; CB; CC; CD; CE; CF; CG; CI_écrit_juin.pdf,ESC/2021/CG/LATIN_CA; CB; CC; CD; CE; CF; CG; CI_écrit_juin.pdf
85932,23481,MATHE_CE; CF; CG_écrit_juin.pdf,ESC/2021/CG/MATHE_CE; CF; CG_écrit_juin.pdf
85931,23481,PHILO_CA; CD; CG_écrit_juin.pdf,ESC/2021/CG/PHILO_CA; CD; CG_écrit_juin.pdf
85925,23481,SCSOC_CG_écrit_juin.pdf,ESC/2021/CG/SCSOC_CG_écrit_juin.pdf
85933,23481,SOCIO_CG_(LJBM)_écrit_juin.pdf,ESC/2021/CG/SOCIO_CG_(LJBM)_écrit_juin.pdf
23478,23471,CI,ESC/2021/CI
85937,23478,ALLEM_CI_écrit_juin.pdf,ESC/2021/CI/ALLEM_CI_écrit_juin.pdf
85938,23478,COMME_CI_écrit_mai.pdf,ESC/2021/CI/COMME_CI_écrit_mai.pdf
85942,23478,ECOFI_CI_écrit_mai.pdf,ESC/2021/CI/ECOFI_CI_écrit_mai.pdf
85945,23478,MATH1_CI_écrit_mai.pdf,ESC/2021/CI/MATH1_CI_écrit_mai.pdf
85940,23478,MATH1_CI_écrit_septembre.pdf,ESC/2021/CI/MATH1_CI_écrit_septembre.pdf
85948,23478,MATH2_CI_écrit_mai.pdf,ESC/2021/CI/MATH2_CI_écrit_mai.pdf
85947,23478,MATH2_CI_écrit_septembre.pdf,ESC/2021/CI/MATH2_CI_écrit_septembre.pdf
85939,23478,PHILO_CI_écrit_mai.pdf,ESC/2021/CI/PHILO_CI_écrit_mai.pdf
85941,23478,PHYSI_CI_écrit_mai.pdf,ESC/2021/CI/PHYSI_CI_écrit_mai.pdf
85943,23478,PHYSI_CI_écrit_septembre.pdf,ESC/2021/CI/PHYSI_CI_écrit_septembre.pdf
85944,23478,SCIPR_CI_écrit_mai.pdf,ESC/2021/CI/SCIPR_CI_écrit_mai.pdf
85946,23478,SCIPR_CI_écrit_septembre.pdf,ESC/2021/CI/SCIPR_CI_écrit_septembre.pdf
23703,1920,2022,ESC/2022
23788,23703,CA,ESC/2022/CA
88119,23788,ALLEM(AT)_CA_ECRIT_SEPTEMBRE.pdf,ESC/2022/CA/ALLEM(AT)_CA_ECRIT_SEPTEMBRE.pdf
88126,23788,ALLEM(DL)_CA_ECRIT_JUIN_REP.pdf,ESC/2022/CA/ALLEM(DL)_CA_ECRIT_JUIN_REP.pdf
88122,23788,ALLEM(DL)_CA_ECRIT_SEPTEMBRE.pdf,ESC/2022/CA/ALLEM(DL)_CA_ECRIT_SEPTEMBRE.pdf
88135,23788,ALLEMAND(AT)_CA_ECRIT_JUIN.pdf,ESC/2022/CA/ALLEMAND(AT)_CA_ECRIT_JUIN.pdf
88130,23788,ALLEMAND(DL)_CA_ECRIT_JUIN.pdf,ESC/2022/CA/ALLEMAND(DL)_CA_ECRIT_JUIN.pdf
88120,23788,ANGLA(TC)_CA_ECRIT_SEPTEMBRE.pdf,ESC/2022/CA/ANGLA(TC)_CA_ECRIT_SEPTEMBRE.pdf
88121,23788,ANGLA(TLI)_CA_ECRIT_SEPTEMBRE.pdf,ESC/2022/CA/ANGLA(TLI)_CA_ECRIT_SEPTEMBRE.pdf
88136,23788,ANGLAIS(TC)_CA_ECRIT_JUIN.pdf,ESC/2022/CA/ANGLAIS(TC)_CA_ECRIT_JUIN.pdf
88137,23788,ANGLAIS(TLI)_CA_ECRIT_JUIN.pdf,ESC/2022/CA/ANGLAIS(TLI)_CA_ECRIT_JUIN.pdf
88132,23788,ESPAN_CA_ECRIT_JUIN.pdf,ESC/2022/CA/ESPAN_CA_ECRIT_JUIN.pdf
88123,23788,FRANC(AL)_CA_ECRIT_JUIN.pdf,ESC/2022/CA/FRANC(AL)_CA_ECRIT_JUIN.pdf
88124,23788,FRANC(AL)_CA_ECRIT_JUIN_REP.pdf,ESC/2022/CA/FRANC(AL)_CA_ECRIT_JUIN_REP.pdf
88127,23788,FRANC(AL)_CA_ECRIT_SEPTEMBRE.pdf,ESC/2022/CA/FRANC(AL)_CA_ECRIT_SEPTEMBRE.pdf
88133,23788,FRANC(DL)_CA_ECRIT_JUIN.pdf,ESC/2022/CA/FRANC(DL)_CA_ECRIT_JUIN.pdf
88118,23788,FRANC(DL)_CA_ECRIT_SEPTEMBRE.pdf,ESC/2022/CA/FRANC(DL)_CA_ECRIT_SEPTEMBRE.pdf
88139,23788,HISTO_CA_CB_CC_CD_CG_ECRIT_JUIN.pdf,ESC/2022/CA/HISTO_CA_CB_CC_CD_CG_ECRIT_JUIN.pdf
88138,23788,HISTO_CA_CB_CC_CD_CG_ECRIT_SEPTEMBRE.pdf,ESC/2022/CA/HISTO_CA_CB_CC_CD_CG_ECRIT_SEPTEMBRE.pdf
88129,23788,ITALI_CA_ECRIT_JUIN.pdf,ESC/2022/CA/ITALI_CA_ECRIT_JUIN.pdf
88134,23788,LATIN_CA_CB_CC_CD_CE_CF_CG_C_ECRIT_JUIN.pdf,ESC/2022/CA/LATIN_CA_CB_CC_CD_CE_CF_CG_C_ECRIT_JUIN.pdf
88117,23788,LATIN_CA_CB_CC_CD_CE_CF_CG_CI_ECRIT_SEPTEMBRE.pdf,ESC/2022/CA/LATIN_CA_CB_CC_CD_CE_CF_CG_CI_ECRIT_SEPTEMBRE.pdf
88125,23788,LITCO_CA-LLCO_ECRIT_JUIN.pdf,ESC/2022/CA/LITCO_CA-LLCO_ECRIT_JUIN.pdf
88131,23788,PHILO_CA_CD_CG_ECRIT_JUIN.pdf,ESC/2022/CA/PHILO_CA_CD_CG_ECRIT_JUIN.pdf
88128,23788,PHILO_CA_CD_CG_ECRIT_SEPTEMBRE.pdf,ESC/2022/CA/PHILO_CA_CD_CG_ECRIT_SEPTEMBRE.pdf
23789,23703,CB,ESC/2022/CB
88155,23789,ALLEM_CB_CC_CD_CE_CF_CG_CI_ECRIT_JUIN.pdf,ESC/2022/CB/ALLEM_CB_CC_CD_CE_CF_CG_CI_ECRIT_JUIN.pdf
88144,23789,ALLEM_CB_CC_CD_CE_CF_CG_CI_ECRIT_SEPTEMBRE.pdf,ESC/2022/CB/ALLEM_CB_CC_CD_CE_CF_CG_CI_ECRIT_SEPTEMBRE.pdf
88161,23789,ANGLA_CB_CC_CD_CE_CF_CG_CI_ECRIT_SEPTEMBRE.pdf,ESC/2022/CB/ANGLA_CB_CC_CD_CE_CF_CG_CI_ECRIT_SEPTEMBRE.pdf
88162,23789,CHIMI_CB_CC_ECRIT_JUIN.pdf,ESC/2022/CB/CHIMI_CB_CC_ECRIT_JUIN.pdf
88163,23789,CHIMI_CB_CC_ECRIT_SEPTEMBRE.pdf,ESC/2022/CB/CHIMI_CB_CC_ECRIT_SEPTEMBRE.pdf
88143,23789,ECOGN_CA_CB_CC_ECRIT_JUIN.pdf,ESC/2022/CB/ECOGN_CA_CB_CC_ECRIT_JUIN.pdf
88142,23789,ECOGN_CA_CB_CC_ECRIT_SEPTEMBRE.pdf,ESC/2022/CB/ECOGN_CA_CB_CC_ECRIT_SEPTEMBRE.pdf
88145,23789,ESPAN_CB-4LANG_CC-4LANG_CD-4LANG_CE-4LANG_CG-4LANG_ECRIT_JUIN.pdf,ESC/2022/CB/ESPAN_CB-4LANG_CC-4LANG_CD-4LANG_CE-4LANG_CG-4LANG_ECRIT_JUIN.pdf
88150,23789,FRANC_CB_CC_CD_CE_CF_CG_CI_ECRIT_JUIN.pdf,ESC/2022/CB/FRANC_CB_CC_CD_CE_CF_CG_CI_ECRIT_JUIN.pdf
88147,23789,FRANC_CB_CC_CD_CE_CF_CG_CI_ECRIT_SEPTEMBRE.pdf,ESC/2022/CB/FRANC_CB_CC_CD_CE_CF_CG_CI_ECRIT_SEPTEMBRE.pdf
88159,23789,HISTO_CA_CB_CC_CD_CG_ECRIT_JUIN.pdf,ESC/2022/CB/HISTO_CA_CB_CC_CD_CG_ECRIT_JUIN.pdf
88158,23789,HISTO_CA_CB_CC_CD_CG_ECRIT_SEPTEMBRE.pdf,ESC/2022/CB/HISTO_CA_CB_CC_CD_CG_ECRIT_SEPTEMBRE.pdf
88160,23789,INFOR_CB_ECRIT_JUIN.pdf,ESC/2022/CB/INFOR_CB_ECRIT_JUIN.pdf
88154,23789,INFOR_CB_ECRIT_SEPTEMBRE.pdf,ESC/2022/CB/INFOR_CB_ECRIT_SEPTEMBRE.pdf
88153,23789,ITALI_CB-4LANG_CC-4LANG_CD-4LANG_CE-4LANG_CG-4LANG_ECRIT_JUIN.pdf,ESC/2022/CB/ITALI_CB-4LANG_CC-4LANG_CD-4LANG_CE-4LANG_CG-4LANG_ECRIT_JUIN.pdf
88148,23789,LATIN_CA_CB_CC_CD_CE_CF_CG_CI_ECRIT_JUIN.pdf,ESC/2022/CB/LATIN_CA_CB_CC_CD_CE_CF_CG_CI_ECRIT_JUIN.pdf
88146,23789,LATIN_CA_CB_CC_CD_CE_CF_CG_CI_ECRIT_SEPTEMBRE.pdf,ESC/2022/CB/LATIN_CA_CB_CC_CD_CE_CF_CG_CI_ECRIT_SEPTEMBRE.pdf
88151,23789,MATH1_CB_ECRIT_JUIN.pdf,ESC/2022/CB/MATH1_CB_ECRIT_JUIN.pdf
88152,23789,MATH1_CB_ECRIT_SEPTEMBRE.pdf,ESC/2022/CB/MATH1_CB_ECRIT_SEPTEMBRE.pdf
88164,23789,MATH2_CB_ECRIT_JUIN.pdf,ESC/2022/CB/MATH2_CB_ECRIT_JUIN.pdf
88149,23789,MATH2_CB_ECRIT_JUIN_REP.pdf,ESC/2022/CB/MATH2_CB_ECRIT_JUIN_REP.pdf
88156,23789,MATH2_CB_ECRIT_SEPTEMBRE.pdf,ESC/2022/CB/MATH2_CB_ECRIT_SEPTEMBRE.pdf
88141,23789,PHILO_CB_CC_ECRIT_JUIN.pdf,ESC/2022/CB/PHILO_CB_CC_ECRIT_JUIN.pdf
88140,23789,PHILO_CB_CC_ECRIT_SEPTEMBRE.pdf,ESC/2022/CB/PHILO_CB_CC_ECRIT_SEPTEMBRE.pdf
88165,23789,PHYSI_CB_CC_ECRIT_JUIN.pdf,ESC/2022/CB/PHYSI_CB_CC_ECRIT_JUIN.pdf
88157,23789,PHYSI_CB_CC_ECRIT_SEPTEMBRE.pdf,ESC/2022/CB/PHYSI_CB_CC_ECRIT_SEPTEMBRE.pdf
23790,23703,CC,ESC/2022/CC
88184,23790,ALLEM_CB_CC_CD_CE_CF_CG_CI_ECRIT_JUIN.pdf,ESC/2022/CC/ALLEM_CB_CC_CD_CE_CF_CG_CI_ECRIT_JUIN.pdf
88168,23790,ALLEM_CB_CC_CD_CE_CF_CG_CI_ECRIT_SEPTEMBRE.pdf,ESC/2022/CC/ALLEM_CB_CC_CD_CE_CF_CG_CI_ECRIT_SEPTEMBRE.pdf
88180,23790,ANGLA_CB_CC_CD_CE_CF_CG_CI_ECRIT_JUIN.pdf,ESC/2022/CC/ANGLA_CB_CC_CD_CE_CF_CG_CI_ECRIT_JUIN.pdf
88185,23790,ANGLA_CB_CC_CD_CE_CF_CG_CI_ECRIT_SEPTEMBRE.pdf,ESC/2022/CC/ANGLA_CB_CC_CD_CE_CF_CG_CI_ECRIT_SEPTEMBRE.pdf
88191,23790,BIOLO_CC_ECRIT_JUIN.pdf,ESC/2022/CC/BIOLO_CC_ECRIT_JUIN.pdf
88188,23790,BIOLO_CC_ECRIT_JUIN_REP.pdf,ESC/2022/CC/BIOLO_CC_ECRIT_JUIN_REP.pdf
88192,23790,BIOLO_CC_ECRIT_SEPTEMBRE.pdf,ESC/2022/CC/BIOLO_CC_ECRIT_SEPTEMBRE.pdf
88187,23790,CHIMI_CB_CC_ECRIT_JUIN.pdf,ESC/2022/CC/CHIMI_CB_CC_ECRIT_JUIN.pdf
88189,23790,CHIMI_CB_CC_ECRIT_SEPTEMBRE.pdf,ESC/2022/CC/CHIMI_CB_CC_ECRIT_SEPTEMBRE.pdf
88173,23790,ECOGN_CA_CB_CC_ECRIT_JUIN.pdf,ESC/2022/CC/ECOGN_CA_CB_CC_ECRIT_JUIN.pdf
88169,23790,ECOGN_CA_CB_CC_ECRIT_SEPTEMBRE.pdf,ESC/2022/CC/ECOGN_CA_CB_CC_ECRIT_SEPTEMBRE.pdf
88170,23790,ESPAN_CB-4LANG_CC-4LANG_CD-4LANG_CE-4LANG_CG-4LANG_ECRIT_JUIN.pdf,ESC/2022/CC/ESPAN_CB-4LANG_CC-4LANG_CD-4LANG_CE-4LANG_CG-4LANG_ECRIT_JUIN.pdf
88177,23790,FRANC_CB_CC_CD_CE_CF_CG_CI_ECRIT_JUIN.pdf,ESC/2022/CC/FRANC_CB_CC_CD_CE_CF_CG_CI_ECRIT_JUIN.pdf
88171,23790,FRANC_CB_CC_CD_CE_CF_CG_CI_ECRIT_SEPTEMBRE.pdf,ESC/2022/CC/FRANC_CB_CC_CD_CE_CF_CG_CI_ECRIT_SEPTEMBRE.pdf
88183,23790,HISTO_CA_CB_CC_CD_CG_ECRIT_JUIN.pdf,ESC/2022/CC/HISTO_CA_CB_CC_CD_CG_ECRIT_JUIN.pdf
88181,23790,HISTO_CA_CB_CC_CD_CG_ECRIT_SEPTEMBRE.pdf,ESC/2022/CC/HISTO_CA_CB_CC_CD_CG_ECRIT_SEPTEMBRE.pdf
88178,23790,ITALI_CB-4LANG_CC-4LANG_CD-4LANG_CE-4LANG_CG-4LANG_ECRIT_JUIN.pdf,ESC/2022/CC/ITALI_CB-4LANG_CC-4LANG_CD-4LANG_CE-4LANG_CG-4LANG_ECRIT_JUIN.pdf
88176,23790,LATIN_CA_CB_CC_CD_CE_CF_CG_CI_ECRIT_JUIN.pdf,ESC/2022/CC/LATIN_CA_CB_CC_CD_CE_CF_CG_CI_ECRIT_JUIN.pdf
88175,23790,LATIN_CA_CB_CC_CD_CE_CF_CG_CI_ECRIT_SEPTEMBRE.pdf,ESC/2022/CC/LATIN_CA_CB_CC_CD_CE_CF_CG_CI_ECRIT_SEPTEMBRE.pdf
88186,23790,MATH1_CC_ECRIT_JUIN.pdf,ESC/2022/CC/MATH1_CC_ECRIT_JUIN.pdf
88179,23790,MATH1_CC_ECRIT_SEPTEMBRE.pdf,ESC/2022/CC/MATH1_CC_ECRIT_SEPTEMBRE.pdf
88166,23790,MATH2_CC_ECRIT_JUIN.pdf,ESC/2022/CC/MATH2_CC_ECRIT_JUIN.pdf
88174,23790,MATH2_CC_ECRIT_SEPTEMBRE.pdf,ESC/2022/CC/MATH2_CC_ECRIT_SEPTEMBRE.pdf
88167,23790,PHILO_CB_CC_ECRIT_JUIN.pdf,ESC/2022/CC/PHILO_CB_CC_ECRIT_JUIN.pdf
88172,23790,PHILO_CB_CC_ECRIT_SEPTEMBRE.pdf,ESC/2022/CC/PHILO_CB_CC_ECRIT_SEPTEMBRE.pdf
88190,23790,PHYSI_CB_CC_ECRIT_JUIN.pdf,ESC/2022/CC/PHYSI_CB_CC_ECRIT_JUIN.pdf
88182,23790,PHYSI_CB_CC_ECRIT_SEPTEMBRE.pdf,ESC/2022/CC/PHYSI_CB_CC_ECRIT_SEPTEMBRE.pdf
23791,23703,CD,ESC/2022/CD
88213,23791,ALLEM_CB_CC_CD_CE_CF_CG_CI_ECRIT_JUIN.pdf,ESC/2022/CD/ALLEM_CB_CC_CD_CE_CF_CG_CI_ECRIT_JUIN.pdf
88198,23791,ALLEM_CB_CC_CD_CE_CF_CG_CI_ECRIT_SEPTEMBRE.pdf,ESC/2022/CD/ALLEM_CB_CC_CD_CE_CF_CG_CI_ECRIT_SEPTEMBRE.pdf
88206,23791,ANGLA_CB_CC_CD_CE_CF_CG_CI_ECRIT_JUIN.pdf,ESC/2022/CD/ANGLA_CB_CC_CD_CE_CF_CG_CI_ECRIT_JUIN.pdf
88216,23791,ANGLA_CB_CC_CD_CE_CF_CG_CI_ECRIT_SEPTEMBRE.pdf,ESC/2022/CD/ANGLA_CB_CC_CD_CE_CF_CG_CI_ECRIT_SEPTEMBRE.pdf
88196,23791,ECOGE(SC)_CD_ECRIT_JUIN.pdf,ESC/2022/CD/ECOGE(SC)_CD_ECRIT_JUIN.pdf
88203,23791,ECOGE(SC)_CD_ECRIT_SEPTEMBRE.pdf,ESC/2022/CD/ECOGE(SC)_CD_ECRIT_SEPTEMBRE.pdf
88205,23791,ECOGE(SP)_CD_ECRIT_JUIN.pdf,ESC/2022/CD/ECOGE(SP)_CD_ECRIT_JUIN.pdf
88207,23791,ECOGE(SP)_CD_ECRIT_SEPTEMBRE.pdf,ESC/2022/CD/ECOGE(SP)_CD_ECRIT_SEPTEMBRE.pdf
88199,23791,ECOPO_CD_ECRIT_JUIN.pdf,ESC/2022/CD/ECOPO_CD_ECRIT_JUIN.pdf
88200,23791,ECOPO_CD_ECRIT_JUIN_REP.pdf,ESC/2022/CD/ECOPO_CD_ECRIT_JUIN_REP.pdf
88201,23791,ECOPO_CD_ECRIT_SEPTEMBRE.pdf,ESC/2022/CD/ECOPO_CD_ECRIT_SEPTEMBRE.pdf
88202,23791,ESPAN_CB-4LANG_CC-4LANG_CD-4LANG_CE-4LANG_CG-4LANG_ECRIT_JUIN.pdf,ESC/2022/CD/ESPAN_CB-4LANG_CC-4LANG_CD-4LANG_CE-4LANG_CG-4LANG_ECRIT_JUIN.pdf
88214,23791,FRANC_CB_CC_CD_CE_CF_CG_CI_ECRIT_JUIN.pdf,ESC/2022/CD/FRANC_CB_CC_CD_CE_CF_CG_CI_ECRIT_JUIN.pdf
88208,23791,FRANC_CB_CC_CD_CE_CF_CG_CI_ECRIT_SEPTEMBRE.pdf,ESC/2022/CD/FRANC_CB_CC_CD_CE_CF_CG_CI_ECRIT_SEPTEMBRE.pdf
88217,23791,HISTO_CA_CB_CC_CD_CG_ECRIT_JUIN.pdf,ESC/2022/CD/HISTO_CA_CB_CC_CD_CG_ECRIT_JUIN.pdf
88215,23791,HISTO_CA_CB_CC_CD_CG_ECRIT_SEPTEMBRE.pdf,ESC/2022/CD/HISTO_CA_CB_CC_CD_CG_ECRIT_SEPTEMBRE.pdf
88212,23791,ITALI_CB-4LANG_CC-4LANG_CD-4LANG_CE-4LANG_CG-4LANG_ECRIT_JUIN.pdf,ESC/2022/CD/ITALI_CB-4LANG_CC-4LANG_CD-4LANG_CE-4LANG_CG-4LANG_ECRIT_JUIN.pdf
88210,23791,LATIN_CA_CB_CC_CD_CE_CF_CG_CI_ECRIT_JUIN.pdf,ESC/2022/CD/LATIN_CA_CB_CC_CD_CE_CF_CG_CI_ECRIT_JUIN.pdf
88197,23791,LATIN_CA_CB_CC_CD_CE_CF_CG_CI_ECRIT_SEPTEMBRE.pdf,ESC/2022/CD/LATIN_CA_CB_CC_CD_CE_CF_CG_CI_ECRIT_SEPTEMBRE.pdf
88204,23791,MATH1_CD_ECRIT_JUIN.pdf,ESC/2022/CD/MATH1_CD_ECRIT_JUIN.pdf
88211,23791,MATH1_CD_ECRIT_SEPTEMBRE.pdf,ESC/2022/CD/MATH1_CD_ECRIT_SEPTEMBRE.pdf
88209,23791,MATH2_CD_ECRIT_JUIN.pdf,ESC/2022/CD/MATH2_CD_ECRIT_JUIN.pdf
88194,23791,MATH2_CD_ECRIT_SEPTEMBRE.pdf,ESC/2022/CD/MATH2_CD_ECRIT_SEPTEMBRE.pdf
88195,23791,PHILO_CA_CD_CG_ECRIT_JUIN.pdf,ESC/2022/CD/PHILO_CA_CD_CG_ECRIT_JUIN.pdf
88193,23791,PHILO_CA_CD_CG_ECRIT_SEPTEMBRE.pdf,ESC/2022/CD/PHILO_CA_CD_CG_ECRIT_SEPTEMBRE.pdf
23793,23703,CE,ESC/2022/CE
88236,23793,ALLEM_CB_CC_CD_CE_CF_CG_CI_ECRIT_JUIN.pdf,ESC/2022/CE/ALLEM_CB_CC_CD_CE_CF_CG_CI_ECRIT_JUIN.pdf
88225,23793,ALLEM_CB_CC_CD_CE_CF_CG_CI_ECRIT_SEPTEMBRE.pdf,ESC/2022/CE/ALLEM_CB_CC_CD_CE_CF_CG_CI_ECRIT_SEPTEMBRE.pdf
88231,23793,ANGLA_CB_CC_CD_CE_CF_CG_CI_ECRIT_JUIN.pdf,ESC/2022/CE/ANGLA_CB_CC_CD_CE_CF_CG_CI_ECRIT_JUIN.pdf
88238,23793,ANGLA_CB_CC_CD_CE_CF_CG_CI_ECRIT_SEPTEMBRE.pdf,ESC/2022/CE/ANGLA_CB_CC_CD_CE_CF_CG_CI_ECRIT_SEPTEMBRE.pdf
88235,23793,EDAR1_CE_ECRIT_JUIN.pdf,ESC/2022/CE/EDAR1_CE_ECRIT_JUIN.pdf
88237,23793,EDAR2_CE_ECRIT_JUIN.pdf,ESC/2022/CE/EDAR2_CE_ECRIT_JUIN.pdf
88229,23793,EDAR2_CE_ECRIT_SEPTEMBRE.pdf,ESC/2022/CE/EDAR2_CE_ECRIT_SEPTEMBRE.pdf
88226,23793,ESPAN_CB-4LANG_CC-4LANG_CD-4LANG_CE-4LANG_CG-4LANG_ECRIT_JUIN.pdf,ESC/2022/CE/ESPAN_CB-4LANG_CC-4LANG_CD-4LANG_CE-4LANG_CG-4LANG_ECRIT_JUIN.pdf
88232,23793,FRANC_CB_CC_CD_CE_CF_CG_CI_ECRIT_JUIN.pdf,ESC/2022/CE/FRANC_CB_CC_CD_CE_CF_CG_CI_ECRIT_JUIN.pdf
88227,23793,FRANC_CB_CC_CD_CE_CF_CG_CI_ECRIT_SEPTEMBRE.pdf,ESC/2022/CE/FRANC_CB_CC_CD_CE_CF_CG_CI_ECRIT_SEPTEMBRE.pdf
88234,23793,HISAR_CE_ECRIT_JUIN.pdf,ESC/2022/CE/HISAR_CE_ECRIT_JUIN.pdf
88223,23793,HISAR_CE_ECRIT_JUIN_REP.pdf,ESC/2022/CE/HISAR_CE_ECRIT_JUIN_REP.pdf
88224,23793,HISMU_CE_ECRIT_JUIN.pdf,ESC/2022/CE/HISMU_CE_ECRIT_JUIN.pdf
88233,23793,HISMU_CE_ECRIT_SEPTEMBRE.pdf,ESC/2022/CE/HISMU_CE_ECRIT_SEPTEMBRE.pdf
88222,23793,ITALI_CB-4LANG_CC-4LANG_CD-4LANG_CE-4LANG_CG-4LANG_ECRIT_JUIN.pdf,ESC/2022/CE/ITALI_CB-4LANG_CC-4LANG_CD-4LANG_CE-4LANG_CG-4LANG_ECRIT_JUIN.pdf
88220,23793,LATIN_CA_CB_CC_CD_CE_CF_CG_CI_ECRIT_JUIN.pdf,ESC/2022/CE/LATIN_CA_CB_CC_CD_CE_CF_CG_CI_ECRIT_JUIN.pdf
88218,23793,LATIN_CA_CB_CC_CD_CE_CF_CG_CI_ECRIT_SEPTEMBRE.pdf,ESC/2022/CE/LATIN_CA_CB_CC_CD_CE_CF_CG_CI_ECRIT_SEPTEMBRE.pdf
88239,23793,MATHE_CE_CF_CG_ECRIT_JUIN.pdf,ESC/2022/CE/MATHE_CE_CF_CG_ECRIT_JUIN.pdf
88230,23793,MATHE_CE_CF_CG_ECRIT_SEPTEMBRE.pdf,ESC/2022/CE/MATHE_CE_CF_CG_ECRIT_SEPTEMBRE.pdf
88221,23793,PHILO_CE_CF_ECRIT_JUIN.pdf,ESC/2022/CE/PHILO_CE_CF_ECRIT_JUIN.pdf
88219,23793,PHILO_CE_CF_ECRIT_JUIN_REP.pdf,ESC/2022/CE/PHILO_CE_CF_ECRIT_JUIN_REP.pdf
88228,23793,PHILO_CE_CF_ECRIT_SEPTEMBRE.pdf,ESC/2022/CE/PHILO_CE_CF_ECRIT_SEPTEMBRE.pdf
23794,23703,CF,ESC/2022/CF
88251,23794,ALLEM_CB_CC_CD_CE_CF_CG_CI_ECRIT_JUIN.pdf,ESC/2022/CF/ALLEM_CB_CC_CD_CE_CF_CG_CI_ECRIT_JUIN.pdf
88245,23794,ALLEM_CB_CC_CD_CE_CF_CG_CI_ECRIT_SEPTEMBRE.pdf,ESC/2022/CF/ALLEM_CB_CC_CD_CE_CF_CG_CI_ECRIT_SEPTEMBRE.pdf
88249,23794,ANGLA_CB_CC_CD_CE_CF_CG_CI_ECRIT_JUIN.pdf,ESC/2022/CF/ANGLA_CB_CC_CD_CE_CF_CG_CI_ECRIT_JUIN.pdf
88252,23794,ANGLA_CB_CC_CD_CE_CF_CG_CI_ECRIT_SEPTEMBRE.pdf,ESC/2022/CF/ANGLA_CB_CC_CD_CE_CF_CG_CI_ECRIT_SEPTEMBRE.pdf
88250,23794,FRANC_CB_CC_CD_CE_CF_CG_CI_ECRIT_JUIN.pdf,ESC/2022/CF/FRANC_CB_CC_CD_CE_CF_CG_CI_ECRIT_JUIN.pdf
88240,23794,FRANC_CB_CC_CD_CE_CF_CG_CI_ECRIT_SEPTEMBRE.pdf,ESC/2022/CF/FRANC_CB_CC_CD_CE_CF_CG_CI_ECRIT_SEPTEMBRE.pdf
88243,23794,HISAA_CF_CG_ECRIT_JUIN.pdf,ESC/2022/CF/HISAA_CF_CG_ECRIT_JUIN.pdf
88246,23794,HISAA_CF_CG_ECRIT_SEPTEMBRE.pdf,ESC/2022/CF/HISAA_CF_CG_ECRIT_SEPTEMBRE.pdf
88242,23794,LATIN_CA_CB_CC_CD_CE_CF_CG_CI_ECRIT_JUIN.pdf,ESC/2022/CF/LATIN_CA_CB_CC_CD_CE_CF_CG_CI_ECRIT_JUIN.pdf
88241,23794,LATIN_CA_CB_CC_CD_CE_CF_CG_CI_ECRIT_SEPTEMBRE.pdf,ESC/2022/CF/LATIN_CA_CB_CC_CD_CE_CF_CG_CI_ECRIT_SEPTEMBRE.pdf
88253,23794,MATHE_CE_CF_CG_ECRIT_JUIN.pdf,ESC/2022/CF/MATHE_CE_CF_CG_ECRIT_JUIN.pdf
88248,23794,MATHE_CE_CF_CG_ECRIT_SEPTEMBRE.pdf,ESC/2022/CF/MATHE_CE_CF_CG_ECRIT_SEPTEMBRE.pdf
88244,23794,PHILO_CE_CF_ECRIT_JUIN.pdf,ESC/2022/CF/PHILO_CE_CF_ECRIT_JUIN.pdf
88247,23794,PHILO_CE_CF_ECRIT_SEPTEMBRE.pdf,ESC/2022/CF/PHILO_CE_CF_ECRIT_SEPTEMBRE.pdf
23795,23703,CG,ESC/2022/CG
88276,23795,ALLEM_CB_CC_CD_CE_CF_CG_CI_ECRIT_JUIN.pdf,ESC/2022/CG/ALLEM_CB_CC_CD_CE_CF_CG_CI_ECRIT_JUIN.pdf
88270,23795,ALLEM_CB_CC_CD_CE_CF_CG_CI_ECRIT_SEPTEMBRE.pdf,ESC/2022/CG/ALLEM_CB_CC_CD_CE_CF_CG_CI_ECRIT_SEPTEMBRE.pdf
88272,23795,ANGLA_CB_CC_CD_CE_CF_CG_CI_ECRIT_JUIN.pdf,ESC/2022/CG/ANGLA_CB_CC_CD_CE_CF_CG_CI_ECRIT_JUIN.pdf
88277,23795,ANGLA_CB_CC_CD_CE_CF_CG_CI_ECRIT_SEPTEMBRE.pdf,ESC/2022/CG/ANGLA_CB_CC_CD_CE_CF_CG_CI_ECRIT_SEPTEMBRE.pdf
88280,23795,ARCUR_CG-URBS_ECRIT_JUIN.pdf,ESC/2022/CG/ARCUR_CG-URBS_ECRIT_JUIN.pdf
88266,23795,ECOPO_CG_ECRIT_JUIN.pdf,ESC/2022/CG/ECOPO_CG_ECRIT_JUIN.pdf
88268,23795,ECOPO_CG_ECRIT_SEPTEMBRE.pdf,ESC/2022/CG/ECOPO_CG_ECRIT_SEPTEMBRE.pdf
88265,23795,ESPAN_CB-4LANG_CC-4LANG_CD-4LANG_CE-4LANG_CG-4LANG_ECRIT_JUIN.pdf,ESC/2022/CG/ESPAN_CB-4LANG_CC-4LANG_CD-4LANG_CE-4LANG_CG-4LANG_ECRIT_JUIN.pdf
88274,23795,FRANC_CB_CC_CD_CE_CF_CG_CI_ECRIT_JUIN.pdf,ESC/2022/CG/FRANC_CB_CC_CD_CE_CF_CG_CI_ECRIT_JUIN.pdf
88254,23795,FRANC_CB_CC_CD_CE_CF_CG_CI_ECRIT_SEPTEMBRE.pdf,ESC/2022/CG/FRANC_CB_CC_CD_CE_CF_CG_CI_ECRIT_SEPTEMBRE.pdf
88275,23795,GEOGR_CG_ECRIT_JUIN.pdf,ESC/2022/CG/GEOGR_CG_ECRIT_JUIN.pdf
88278,23795,GEOGR_CG_ECRIT_SEPTEMBRE.pdf,ESC/2022/CG/GEOGR_CG_ECRIT_SEPTEMBRE.pdf
88255,23795,HISAA_CF_CG_ECRIT_JUIN.pdf,ESC/2022/CG/HISAA_CF_CG_ECRIT_JUIN.pdf
88261,23795,HISAA_CF_CG_ECRIT_SEPTEMBRE.pdf,ESC/2022/CG/HISAA_CF_CG_ECRIT_SEPTEMBRE.pdf
88273,23795,HISTO_CA_CB_CC_CD_CG_ECRIT_JUIN.pdf,ESC/2022/CG/HISTO_CA_CB_CC_CD_CG_ECRIT_JUIN.pdf
88269,23795,HISTO_CA_CB_CC_CD_CG_ECRIT_SEPTEMBRE.pdf,ESC/2022/CG/HISTO_CA_CB_CC_CD_CG_ECRIT_SEPTEMBRE.pdf
88260,23795,ITALI_CB-4LANG_CC-4LANG_CD-4LANG_CE-4LANG_CG-4LANG_ECRIT_JUIN.pdf,ESC/2022/CG/ITALI_CB-4LANG_CC-4LANG_CD-4LANG_CE-4LANG_CG-4LANG_ECRIT_JUIN.pdf
88257,23795,LATIN_CA_CB_CC_CD_CE_CF_CG_CI_ECRIT_JUIN.pdf,ESC/2022/CG/LATIN_CA_CB_CC_CD_CE_CF_CG_CI_ECRIT_JUIN.pdf
88256,23795,LATIN_CA_CB_CC_CD_CE_CF_CG_CI_ECRIT_SEPTEMBRE.pdf,ESC/2022/CG/LATIN_CA_CB_CC_CD_CE_CF_CG_CI_ECRIT_SEPTEMBRE.pdf
88279,23795,MATHE_CE_CF_CG_ECRIT_JUIN.pdf,ESC/2022/CG/MATHE_CE_CF_CG_ECRIT_JUIN.pdf
88264,23795,MATHE_CE_CF_CG_ECRIT_SEPTEMBRE.pdf,ESC/2022/CG/MATHE_CE_CF_CG_ECRIT_SEPTEMBRE.pdf
88262,23795,PHILO_CA_CD_CG_ECRIT_JUIN.pdf,ESC/2022/CG/PHILO_CA_CD_CG_ECRIT_JUIN.pdf
88267,23795,PHILO_CA_CD_CG_ECRIT_SEPTEMBRE.pdf,ESC/2022/CG/PHILO_CA_CD_CG_ECRIT_SEPTEMBRE.pdf
88258,23795,SCSOC_CG_ECRIT_JUIN.pdf,ESC/2022/CG/SCSOC_CG_ECRIT_JUIN.pdf
88263,23795,SCSOC_CG_ECRIT_JUIN_REP.pdf,ESC/2022/CG/SCSOC_CG_ECRIT_JUIN_REP.pdf
88259,23795,SCSOC_CG_ECRIT_SEPTEMBRE.pdf,ESC/2022/CG/SCSOC_CG_ECRIT_SEPTEMBRE.pdf
88271,23795,SOCIO_CG-COMED_CG-URBS_ECRIT_JUIN.pdf,ESC/2022/CG/SOCIO_CG-COMED_CG-URBS_ECRIT_JUIN.pdf
23796,23703,CI,ESC/2022/CI
88291,23796,ALLEM_ESC_CB_CC_CD_CE_CF_CG_CI_écrit été.pdf,ESC/2022/CI/ALLEM_ESC_CB_CC_CD_CE_CF_CG_CI_écrit été.pdf
88286,23796,ALLEM_ESC_CB_CC_CD_CE_CF_CG_CI_écrit repêchage.pdf,ESC/2022/CI/ALLEM_ESC_CB_CC_CD_CE_CF_CG_CI_écrit repêchage.pdf
88285,23796,ALLEM_ESC_CB_CC_CD_CE_CF_CG_CI_écrit septembre.pdf,ESC/2022/CI/ALLEM_ESC_CB_CC_CD_CE_CF_CG_CI_écrit septembre.pdf
88297,23796,AMINF_ESC_CI_écrit été.pdf,ESC/2022/CI/AMINF_ESC_CI_écrit été.pdf
88281,23796,ANGLA_ESC_CB_CC_CD_CE_CF_CG_CI_écrit été.pdf,ESC/2022/CI/ANGLA_ESC_CB_CC_CD_CE_CF_CG_CI_écrit été.pdf
88295,23796,ANGLA_ESC_CB_CC_CD_CE_CF_CG_CI_écrit repêchage.pdf,ESC/2022/CI/ANGLA_ESC_CB_CC_CD_CE_CF_CG_CI_écrit repêchage.pdf
88290,23796,ANGLA_ESC_CB_CC_CD_CE_CF_CG_CI_écrit septembre.pdf,ESC/2022/CI/ANGLA_ESC_CB_CC_CD_CE_CF_CG_CI_écrit septembre.pdf
88296,23796,COMME_ESC_CI_écrit été.pdf,ESC/2022/CI/COMME_ESC_CI_écrit été.pdf
88300,23796,ECOFI_ESC_CI_écrit été.pdf,ESC/2022/CI/ECOFI_ESC_CI_écrit été.pdf
88298,23796,ECOFI_ESC_CI_écrit septembre.pdf,ESC/2022/CI/ECOFI_ESC_CI_écrit septembre.pdf
88284,23796,FRANC_ESC_CB_CC_CD_CE_CF_CG_CI_écrit été.pdf,ESC/2022/CI/FRANC_ESC_CB_CC_CD_CE_CF_CG_CI_écrit été.pdf
88282,23796,FRANC_ESC_CB_CC_CD_CE_CF_CG_CI_écrit repêchage.pdf,ESC/2022/CI/FRANC_ESC_CB_CC_CD_CE_CF_CG_CI_écrit repêchage.pdf
88283,23796,FRANC_ESC_CB_CC_CD_CE_CF_CG_CI_écrit septembre.pdf,ESC/2022/CI/FRANC_ESC_CB_CC_CD_CE_CF_CG_CI_écrit septembre.pdf
88289,23796,MATH1_ESC_CI_écrit été.pdf,ESC/2022/CI/MATH1_ESC_CI_écrit été.pdf
88288,23796,MATH2_ESC_CI_écrit  septembre.pdf,ESC/2022/CI/MATH2_ESC_CI_écrit  septembre.pdf
88299,23796,MATH2_ESC_CI_écrit été.pdf,ESC/2022/CI/MATH2_ESC_CI_écrit été.pdf
88294,23796,PHILO_ESC_CI_écrit été.pdf,ESC/2022/CI/PHILO_ESC_CI_écrit été.pdf
88301,23796,PHYSI_ESC_CI_écrit été.pdf,ESC/2022/CI/PHYSI_ESC_CI_écrit été.pdf
88292,23796,PHYSI_ESC_CI_écrit septembre.pdf,ESC/2022/CI/PHYSI_ESC_CI_écrit septembre.pdf
88293,23796,SCIPR_ESC_CI_écrit été.pdf,ESC/2022/CI/SCIPR_ESC_CI_écrit été.pdf
88287,23796,SCIPR_ESC_CI_écrit repêchage.pdf,ESC/2022/CI/SCIPR_ESC_CI_écrit repêchage.pdf
24538,1920,2023,ESC/2023
24551,24538,CA,ESC/2023/CA
92268,24551,ALLEM(ANTXT)_CA_CA-MALF_CA-MAT_CA-PSYF_ecrit_automne.pdf,ESC/2023/CA/ALLEM(ANTXT)_CA_CA-MALF_CA-MAT_CA-PSYF_ecrit_automne.pdf
92265,24551,ALLEM(ANTXT)_CA_CA-MALF_CA-MAT_CA-PSYF_écrit_automne_repêchage.pdf,ESC/2023/CA/ALLEM(ANTXT)_CA_CA-MALF_CA-MAT_CA-PSYF_écrit_automne_repêchage.pdf
92218,24551,ALLEM(ANTXT)_CA_CA-MALF_CA-MAT_CA-PSYF_ecrit_juin.pdf,ESC/2023/CA/ALLEM(ANTXT)_CA_CA-MALF_CA-MAT_CA-PSYF_ecrit_juin.pdf
92240,24551,ALLEM(ANTXT)_CA_CA-MALF_CA-MAT_CA-PSYF_ecrit_juin_repêchage.pdf,ESC/2023/CA/ALLEM(ANTXT)_CA_CA-MALF_CA-MAT_CA-PSYF_ecrit_juin_repêchage.pdf
92219,24551,ALLEM(DISLI)_CA_CA-MALF_CA-MAT_CA-PSYF_ecrit_automne.pdf,ESC/2023/CA/ALLEM(DISLI)_CA_CA-MALF_CA-MAT_CA-PSYF_ecrit_automne.pdf
92226,24551,ALLEM(DISLI)_CA_CA-MALF_CA-MAT_CA-PSYF_ecrit_automne_repêchage.pdf,ESC/2023/CA/ALLEM(DISLI)_CA_CA-MALF_CA-MAT_CA-PSYF_ecrit_automne_repêchage.pdf
92222,24551,ALLEM(DISLI)_CA_CA-MALF_CA-MAT_CA-PSYF_ecrit_juin.pdf,ESC/2023/CA/ALLEM(DISLI)_CA_CA-MALF_CA-MAT_CA-PSYF_ecrit_juin.pdf
92224,24551,ALLEM(DISLI)_CA_CA-MALF_CA-MAT_CA-PSYF_ecrit_juin_repêchage.pdf,ESC/2023/CA/ALLEM(DISLI)_CA_CA-MALF_CA-MAT_CA-PSYF_ecrit_juin_repêchage.pdf
92220,24551,ALLEM_ESC_CA-LLCO_CA-MALA_CA-PSYA_ecrit_automne.pdf,ESC/2023/CA/ALLEM_ESC_CA-LLCO_CA-MALA_CA-PSYA_ecrit_automne.pdf
92235,24551,ALLEM_ESC_CA-LLCO_CA-MALA_CA-PSYA_ecrit_automne_repêchage.pdf,ESC/2023/CA/ALLEM_ESC_CA-LLCO_CA-MALA_CA-PSYA_ecrit_automne_repêchage.pdf
92221,24551,ALLEM_ESC_CA-LLCO_CA-MALA_CA-PSYA_ecrit_juin_repêchage.pdf,ESC/2023/CA/ALLEM_ESC_CA-LLCO_CA-MALA_CA-PSYA_ecrit_juin_repêchage.pdf
92223,24551,ANGLA(TXCON)_CA_CA-LLCO_CA-MALA_CA-MALF_CA-MAT_CA-PSYA_CA-PSYF_ecrit_automne.pdf,ESC/2023/CA/ANGLA(TXCON)_CA_CA-LLCO_CA-MALA_CA-MALF_CA-MAT_CA-PSYA_CA-PSYF_ecrit_automne.pdf
92225,24551,ANGLA(TXCON)_CA_CA-LLCO_CA-MALA_CA-MALF_CA-MAT_CA-PSYA_CA-PSYF_ecrit_automne_repêchage.pdf,ESC/2023/CA/ANGLA(TXCON)_CA_CA-LLCO_CA-MALA_CA-MALF_CA-MAT_CA-PSYA_CA-PSYF_ecrit_automne_repêchage.pdf
92256,24551,ANGLA(TXCON)_CA_CA-LLCO_CA-MALA_CA-MALF_CA-MAT_CA-PSYA_CA-PSYF_ecrit_juin.pdf,ESC/2023/CA/ANGLA(TXCON)_CA_CA-LLCO_CA-MALA_CA-MALF_CA-MAT_CA-PSYA_CA-PSYF_ecrit_juin.pdf
92227,24551,ANGLA(TXCON)_CA_CA-LLCO_CA-MALA_CA-MALF_CA-MAT_CA-PSYA_CA-PSYF_ecrit_juin_repêchage.pdf,ESC/2023/CA/ANGLA(TXCON)_CA_CA-LLCO_CA-MALA_CA-MALF_CA-MAT_CA-PSYA_CA-PSYF_ecrit_juin_repêchage.pdf
92233,24551,ANGLA(TXINC)_CA_CA-LLCO_CA-MALA_CA-MALF_CA-MAT_CA-PSYA_CA-PSYF_ecrit_automne.pdf,ESC/2023/CA/ANGLA(TXINC)_CA_CA-LLCO_CA-MALA_CA-MALF_CA-MAT_CA-PSYA_CA-PSYF_ecrit_automne.pdf
92255,24551,ANGLA(TXINC)_CA_CA-LLCO_CA-MALA_CA-MALF_CA-MAT_CA-PSYA_CA-PSYF_ecrit_automne_repêchage.pdf,ESC/2023/CA/ANGLA(TXINC)_CA_CA-LLCO_CA-MALA_CA-MALF_CA-MAT_CA-PSYA_CA-PSYF_ecrit_automne_repêchage.pdf
92232,24551,ANGLA(TXINC)_CA_CA-LLCO_CA-MALA_CA-MALF_CA-MAT_CA-PSYA_CA-PSYF_ecrit_juin.pdf,ESC/2023/CA/ANGLA(TXINC)_CA_CA-LLCO_CA-MALA_CA-MALF_CA-MAT_CA-PSYA_CA-PSYF_ecrit_juin.pdf
92231,24551,ANGLA(TXINC)_CA_CA-LLCO_CA-MALA_CA-MALF_CA-MAT_CA-PSYA_CA-PSYF_ecrit_juin_repêchage.pdf,ESC/2023/CA/ANGLA(TXINC)_CA_CA-LLCO_CA-MALA_CA-MALF_CA-MAT_CA-PSYA_CA-PSYF_ecrit_juin_repêchage.pdf
92247,24551,CHINO_CA_CA-MAT_ecrit_juin.pdf,ESC/2023/CA/CHINO_CA_CA-MAT_ecrit_juin.pdf
92243,24551,CHINO_CA_CA-MAT_ecrit_juin_repêchage.pdf,ESC/2023/CA/CHINO_CA_CA-MAT_ecrit_juin_repêchage.pdf
92616,24551,COMME_ESC_CA-LLCO_ecrit_juin.pdf,ESC/2023/CA/COMME_ESC_CA-LLCO_ecrit_juin.pdf
92257,24551,ECOGN_CA_CA-LLCO_CA-MALA_CA-MALF_CA-MAT_CA-PSYA_CA-PSYF_écrit_automne.pdf,ESC/2023/CA/ECOGN_CA_CA-LLCO_CA-MALA_CA-MALF_CA-MAT_CA-PSYA_CA-PSYF_écrit_automne.pdf
92260,24551,ECOGN_CA_CA-LLCO_CA-MALA_CA-MALF_CA-MAT_CA-PSYA_CA-PSYF_écrit_automne_repêchage.pdf,ESC/2023/CA/ECOGN_CA_CA-LLCO_CA-MALA_CA-MALF_CA-MAT_CA-PSYA_CA-PSYF_écrit_automne_repêchage.pdf
92244,24551,ECOGN_CA_CA-LLCO_CA-MALA_CA-MALF_CA-MAT_CA-PSYA_CA-PSYF_écrit_juin.pdf,ESC/2023/CA/ECOGN_CA_CA-LLCO_CA-MALA_CA-MALF_CA-MAT_CA-PSYA_CA-PSYF_écrit_juin.pdf
92262,24551,ECOGN_CA_CA-LLCO_CA-MALA_CA-MALF_CA-MAT_CA-PSYA_CA-PSYF_écrit_juin_repêchage.pdf,ESC/2023/CA/ECOGN_CA_CA-LLCO_CA-MALA_CA-MALF_CA-MAT_CA-PSYA_CA-PSYF_écrit_juin_repêchage.pdf
92236,24551,ESPAN_ESC_CA_CA-LLCO_CA-MALA_CA-MALF_CA-MAT_CA-PSYA_CA-PSYF_ecrit_automne.pdf,ESC/2023/CA/ESPAN_ESC_CA_CA-LLCO_CA-MALA_CA-MALF_CA-MAT_CA-PSYA_CA-PSYF_ecrit_automne.pdf
92246,24551,ESPAN_ESC_CA_CA-LLCO_CA-MALA_CA-MALF_CA-MAT_CA-PSYA_CA-PSYF_ecrit_huin_repêchage.pdf,ESC/2023/CA/ESPAN_ESC_CA_CA-LLCO_CA-MALA_CA-MALF_CA-MAT_CA-PSYA_CA-PSYF_ecrit_huin_repêchage.pdf
92239,24551,ESPAN_ESC_CA_CA-LLCO_CA-MALA_CA-MALF_CA-MAT_CA-PSYA_CA-PSYF_ESPAN_ecrit_juin.pdf,ESC/2023/CA/ESPAN_ESC_CA_CA-LLCO_CA-MALA_CA-MALF_CA-MAT_CA-PSYA_CA-PSYF_ESPAN_ecrit_juin.pdf
92228,24551,FRANC(ANLTI)_ESC_CA_CA-MALA_CA-MAT_CA-PSYA_ecrit_automne.pdf,ESC/2023/CA/FRANC(ANLTI)_ESC_CA_CA-MALA_CA-MAT_CA-PSYA_ecrit_automne.pdf
92230,24551,FRANC(ANLTI)_ESC_CA_CA-MALA_CA-MAT_CA-PSYA_ecrit_automne_repêchage.pdf,ESC/2023/CA/FRANC(ANLTI)_ESC_CA_CA-MALA_CA-MAT_CA-PSYA_ecrit_automne_repêchage.pdf
92229,24551,FRANC(ANLTI)_ESC_CA_CA-MALA_CA-MAT_CA-PSYA_ecrit_juin.pdf,ESC/2023/CA/FRANC(ANLTI)_ESC_CA_CA-MALA_CA-MAT_CA-PSYA_ecrit_juin.pdf
92258,24551,FRANC(ANLTI)_ESC_CA_CA-MALA_CA-MAT_CA-PSYA_ecrit_juin_repêchage.pdf,ESC/2023/CA/FRANC(ANLTI)_ESC_CA_CA-MALA_CA-MAT_CA-PSYA_ecrit_juin_repêchage.pdf
92234,24551,FRANC(DISLI)_ESC_CA_CA-MALA_CA-MAT_CA-PSYA_ecrit_auomne_rpêchage.pdf,ESC/2023/CA/FRANC(DISLI)_ESC_CA_CA-MALA_CA-MAT_CA-PSYA_ecrit_auomne_rpêchage.pdf
92241,24551,FRANC(DISLI)_ESC_CA_CA-MALA_CA-MAT_CA-PSYA_ecrit_automne.pdf,ESC/2023/CA/FRANC(DISLI)_ESC_CA_CA-MALA_CA-MAT_CA-PSYA_ecrit_automne.pdf
92242,24551,FRANC(DISLI)_ESC_CA_CA-MALA_CA-MAT_CA-PSYA_ecrit_juin.pdf,ESC/2023/CA/FRANC(DISLI)_ESC_CA_CA-MALA_CA-MAT_CA-PSYA_ecrit_juin.pdf
92245,24551,FRANC(DISLI)_ESC_CA_CA-MALA_CA-MAT_CA-PSYA_ecrit_juin_repêchage.pdf,ESC/2023/CA/FRANC(DISLI)_ESC_CA_CA-MALA_CA-MAT_CA-PSYA_ecrit_juin_repêchage.pdf
92263,24551,FRANC_ESC_CA-LLCO_CA-MALF_CA-PSYF_ecrit_automne.pdf,ESC/2023/CA/FRANC_ESC_CA-LLCO_CA-MALF_CA-PSYF_ecrit_automne.pdf
92261,24551,FRANC_ESC_CA-LLCO_CA-MALF_CA-PSYF_ecrit_automne_repêchage.pdf,ESC/2023/CA/FRANC_ESC_CA-LLCO_CA-MALF_CA-PSYF_ecrit_automne_repêchage.pdf
92248,24551,FRANC_ESC_CA-LLCO_CA-MALF_CA-PSYF_ecrit_juin.pdf,ESC/2023/CA/FRANC_ESC_CA-LLCO_CA-MALF_CA-PSYF_ecrit_juin.pdf
92264,24551,FRANC_ESC_CA-LLCO_CA-MALF_CA-PSYF_ecrit_juin_repêchage.pdf,ESC/2023/CA/FRANC_ESC_CA-LLCO_CA-MALF_CA-PSYF_ecrit_juin_repêchage.pdf
92278,24551,HISTO_ESC_CA_CA-LLCO_CA-MALA_CA-MALF_CA-MAT_CA-PSYA_CA-PSYF_écrit_automne.pdf,ESC/2023/CA/HISTO_ESC_CA_CA-LLCO_CA-MALA_CA-MALF_CA-MAT_CA-PSYA_CA-PSYF_écrit_automne.pdf
92281,24551,HISTO_ESC_CA_CA-LLCO_CA-MALA_CA-MALF_CA-MAT_CA-PSYA_CA-PSYF_ecrit_automne_repêchage.pdf,ESC/2023/CA/HISTO_ESC_CA_CA-LLCO_CA-MALA_CA-MALF_CA-MAT_CA-PSYA_CA-PSYF_ecrit_automne_repêchage.pdf
92270,24551,HISTO_ESC_CA_CA-LLCO_CA-MALA_CA-MALF_CA-MAT_CA-PSYA_CA-PSYF_ecrit_juin.pdf,ESC/2023/CA/HISTO_ESC_CA_CA-LLCO_CA-MALA_CA-MALF_CA-MAT_CA-PSYA_CA-PSYF_ecrit_juin.pdf
92279,24551,HISTO_ESC_CA_CA-LLCO_CA-MALA_CA-MALF_CA-MAT_CA-PSYA_CA-PSYF_écrit_juin_repêchage.pdf,ESC/2023/CA/HISTO_ESC_CA_CA-LLCO_CA-MALA_CA-MALF_CA-MAT_CA-PSYA_CA-PSYF_écrit_juin_repêchage.pdf
92267,24551,ITALI_ESC_CA_CA-LLCO_CA-MALA_CA-MALF_CA-MAT_CA-PSYA_CA-PSYF_ecrit_automne.pdf,ESC/2023/CA/ITALI_ESC_CA_CA-LLCO_CA-MALA_CA-MALF_CA-MAT_CA-PSYA_CA-PSYF_ecrit_automne.pdf
92237,24551,ITALI_ESC_CA_CA-LLCO_CA-MALA_CA-MALF_CA-MAT_CA-PSYA_CA-PSYF_ecrit_automne_repêchage.pdf,ESC/2023/CA/ITALI_ESC_CA_CA-LLCO_CA-MALA_CA-MALF_CA-MAT_CA-PSYA_CA-PSYF_ecrit_automne_repêchage.pdf
92250,24551,ITALI_ESC_CA_CA-LLCO_CA-MALA_CA-MALF_CA-MAT_CA-PSYA_CA-PSYF_ecrit_juin.pdf,ESC/2023/CA/ITALI_ESC_CA_CA-LLCO_CA-MALA_CA-MALF_CA-MAT_CA-PSYA_CA-PSYF_ecrit_juin.pdf
92238,24551,ITALI_ESC_CA_CA-LLCO_CA-MALA_CA-MALF_CA-MAT_CA-PSYA_CA-PSYF_ecrit_juin_repêchage.pdf,ESC/2023/CA/ITALI_ESC_CA_CA-LLCO_CA-MALA_CA-MALF_CA-MAT_CA-PSYA_CA-PSYF_ecrit_juin_repêchage.pdf
92249,24551,LATIN_ESC_CA_CA-LLCO_CA-MAT_ecrit_automne.pdf,ESC/2023/CA/LATIN_ESC_CA_CA-LLCO_CA-MAT_ecrit_automne.pdf
92251,24551,LATIN_ESC_CA_CA-LLCO_CA-MAT_ecrit_automne_repêchage.pdf,ESC/2023/CA/LATIN_ESC_CA_CA-LLCO_CA-MAT_ecrit_automne_repêchage.pdf
92615,24551,LATIN_ESC_CA_CA-LLCO_CA-MAT_ecrit_juin.pdf,ESC/2023/CA/LATIN_ESC_CA_CA-LLCO_CA-MAT_ecrit_juin.pdf
92254,24551,LATIN_ESC_CA_CA-LLCO_CA-MAT_ecrit_juin_repêchage.pdf,ESC/2023/CA/LATIN_ESC_CA_CA-LLCO_CA-MAT_ecrit_juin_repêchage.pdf
92252,24551,LITCO_ESC_CA-LLCO_ecrit_juin.pdf,ESC/2023/CA/LITCO_ESC_CA-LLCO_ecrit_juin.pdf
92253,24551,LITCO_ESC_CA-LLCO_ecrit_juin_repêchage.pdf,ESC/2023/CA/LITCO_ESC_CA-LLCO_ecrit_juin_repêchage.pdf
92274,24551,MATHE(ANA)__ESC_CA-MALA_CA-MALF_ecrit_juin_repêchage.pdf,ESC/2023/CA/MATHE(ANA)__ESC_CA-MALA_CA-MALF_ecrit_juin_repêchage.pdf
92259,24551,MATHE(ANA)_ESC_CA-MALA_CA-MALF_ecrit_automne.pdf,ESC/2023/CA/MATHE(ANA)_ESC_CA-MALA_CA-MALF_ecrit_automne.pdf
92280,24551,MATHE(ANA)_ESC_CA-MALA_CA-MALF_ecrit_automne_repêchage.pdf,ESC/2023/CA/MATHE(ANA)_ESC_CA-MALA_CA-MALF_ecrit_automne_repêchage.pdf
92266,24551,MATHE(ANA)_ESC_CA-MALA_CA-MALF_ecrit_juin.pdf,ESC/2023/CA/MATHE(ANA)_ESC_CA-MALA_CA-MALF_ecrit_juin.pdf
92277,24551,PHILO_CA_CA-LLCO_CA-MALA_CA-MALF_CA-MAT_CA-PSYA_CA-PSYF_écrit_automne.pdf,ESC/2023/CA/PHILO_CA_CA-LLCO_CA-MALA_CA-MALF_CA-MAT_CA-PSYA_CA-PSYF_écrit_automne.pdf
92273,24551,PHILO_CA_CA-LLCO_CA-MALA_CA-MALF_CA-MAT_CA-PSYA_CA-PSYF_écrit_automne_repêchage.pdf,ESC/2023/CA/PHILO_CA_CA-LLCO_CA-MALA_CA-MALF_CA-MAT_CA-PSYA_CA-PSYF_écrit_automne_repêchage.pdf
92282,24551,PHILO_CA_CA-LLCO_CA-MALA_CA-MALF_CA-MAT_CA-PSYA_CA-PSYF_écrit_juin.pdf,ESC/2023/CA/PHILO_CA_CA-LLCO_CA-MALA_CA-MALF_CA-MAT_CA-PSYA_CA-PSYF_écrit_juin.pdf
92275,24551,PHILO_CA_CA-LLCO_CA-MALA_CA-MALF_CA-MAT_CA-PSYA_CA-PSYF_écrit_juin_repêchage.pdf,ESC/2023/CA/PHILO_CA_CA-LLCO_CA-MALA_CA-MALF_CA-MAT_CA-PSYA_CA-PSYF_écrit_juin_repêchage.pdf
92269,24551,PSYCO_ESC_CA-PSYA_CA-PSYF_ecrit_automne.pdf,ESC/2023/CA/PSYCO_ESC_CA-PSYA_CA-PSYF_ecrit_automne.pdf
92276,24551,PSYCO_ESC_CA-PSYA_CA-PSYF_ecrit_automne_repêchage.pdf,ESC/2023/CA/PSYCO_ESC_CA-PSYA_CA-PSYF_ecrit_automne_repêchage.pdf
92272,24551,PSYCO_ESC_CA-PSYA_CA-PSYF_ecrit_juin.pdf,ESC/2023/CA/PSYCO_ESC_CA-PSYA_CA-PSYF_ecrit_juin.pdf
92271,24551,PSYCO_ESC_CA-PSYA_CA-PSYF_ecrit_juin_repêchage.pdf,ESC/2023/CA/PSYCO_ESC_CA-PSYA_CA-PSYF_ecrit_juin_repêchage.pdf
24552,24538,CB,ESC/2023/CB
92295,24552,ALLEM_ESC_CB_CB-4LANG_ecrit_automne.pdf,ESC/2023/CB/ALLEM_ESC_CB_CB-4LANG_ecrit_automne.pdf
92317,24552,ALLEM_ESC_CB_CB-4LANG_ecrit_automne_repêchage.pdf,ESC/2023/CB/ALLEM_ESC_CB_CB-4LANG_ecrit_automne_repêchage.pdf
92311,24552,ALLEM_ESC_CB_CB-4LANG_ecrit_juin.pdf,ESC/2023/CB/ALLEM_ESC_CB_CB-4LANG_ecrit_juin.pdf
92302,24552,ALLEM_ESC_CB_CB-4LANG_ecrit_juin_repêchage.pdf,ESC/2023/CB/ALLEM_ESC_CB_CB-4LANG_ecrit_juin_repêchage.pdf
92621,24552,ANGLA_ESC_CB_CB-4LANG_ecrit_automne.pdf,ESC/2023/CB/ANGLA_ESC_CB_CB-4LANG_ecrit_automne.pdf
92618,24552,ANGLA_ESC_CB_CB-4LANG_ecrit_automne_repêchage.pdf,ESC/2023/CB/ANGLA_ESC_CB_CB-4LANG_ecrit_automne_repêchage.pdf
92620,24552,ANGLA_ESC_CB_CB-4LANG_ecrit_juin.pdf,ESC/2023/CB/ANGLA_ESC_CB_CB-4LANG_ecrit_juin.pdf
92619,24552,ANGLA_ESC_CB_CB-4LANG_ecrit_juin_repêchage.pdf,ESC/2023/CB/ANGLA_ESC_CB_CB-4LANG_ecrit_juin_repêchage.pdf
92326,24552,CHIMI_ESC_CB_CB-4LANG_ecrit_automne.pdf,ESC/2023/CB/CHIMI_ESC_CB_CB-4LANG_ecrit_automne.pdf
92327,24552,CHIMI_ESC_CB_CB-4LANG_ecrit_automne_repêchage.pdf,ESC/2023/CB/CHIMI_ESC_CB_CB-4LANG_ecrit_automne_repêchage.pdf
92331,24552,CHIMI_ESC_CB_CB-4LANG_ecrit_juin.pdf,ESC/2023/CB/CHIMI_ESC_CB_CB-4LANG_ecrit_juin.pdf
92328,24552,CHIMI_ESC_CB_CB-4LANG_ecrit_juin_repêchage.pdf,ESC/2023/CB/CHIMI_ESC_CB_CB-4LANG_ecrit_juin_repêchage.pdf
92313,24552,CHINO_ESC_CB_ecrit_juin.pdf,ESC/2023/CB/CHINO_ESC_CB_ecrit_juin.pdf
92312,24552,CHINO_ESC_CB_ecrit_juin_repêchage.pdf,ESC/2023/CB/CHINO_ESC_CB_ecrit_juin_repêchage.pdf
92310,24552,CHINO_ESC_CB-4LANG_ecrit_juin.pdf,ESC/2023/CB/CHINO_ESC_CB-4LANG_ecrit_juin.pdf
92314,24552,CHINO_ESC_CB-4LANG_ecrit_juin_repêchage.pdf,ESC/2023/CB/CHINO_ESC_CB-4LANG_ecrit_juin_repêchage.pdf
92301,24552,ECOGN_ESC_CB_CB-4LANG_ecrit_automne.pdf,ESC/2023/CB/ECOGN_ESC_CB_CB-4LANG_ecrit_automne.pdf
92304,24552,ECOGN_ESC_CB_CB-4LANG_ecrit_automne_repêchage.pdf,ESC/2023/CB/ECOGN_ESC_CB_CB-4LANG_ecrit_automne_repêchage.pdf
92290,24552,ECOGN_ESC_CB_CB-4LANG_ecrit_juin.pdf,ESC/2023/CB/ECOGN_ESC_CB_CB-4LANG_ecrit_juin.pdf
92296,24552,ECOGN_ESC_CB_CB-4LANG_ecrit_juin_repêchage.pdf,ESC/2023/CB/ECOGN_ESC_CB_CB-4LANG_ecrit_juin_repêchage.pdf
92298,24552,ESPAN_ESC_CB-4LANG_ecrit_juin.pdf,ESC/2023/CB/ESPAN_ESC_CB-4LANG_ecrit_juin.pdf
92303,24552,ESPAN_ESC_CB-4LANG_ecrit_juin_repêchage.pdf,ESC/2023/CB/ESPAN_ESC_CB-4LANG_ecrit_juin_repêchage.pdf
92285,24552,FRANC_ESC_CB_CB-4LANG_ecrit_automne.pdf,ESC/2023/CB/FRANC_ESC_CB_CB-4LANG_ecrit_automne.pdf
92287,24552,FRANC_ESC_CB_CB-4LANG_ecrit_automne_repêchage.pdf,ESC/2023/CB/FRANC_ESC_CB_CB-4LANG_ecrit_automne_repêchage.pdf
92291,24552,FRANC_ESC_CB_CB-4LANG_ecrit_juin.pdf,ESC/2023/CB/FRANC_ESC_CB_CB-4LANG_ecrit_juin.pdf
92289,24552,FRANC_ESC_CB_CB-4LANG_ecrit_juin_repêchage.pdf,ESC/2023/CB/FRANC_ESC_CB_CB-4LANG_ecrit_juin_repêchage.pdf
92315,24552,HISTO_ESC_CB_CB-4LANG_écrit_automne.pdf,ESC/2023/CB/HISTO_ESC_CB_CB-4LANG_écrit_automne.pdf
92322,24552,HISTO_ESC_CB_CB-4LANG_ecrit_automne_repêchage.pdf,ESC/2023/CB/HISTO_ESC_CB_CB-4LANG_ecrit_automne_repêchage.pdf
92316,24552,HISTO_ESC_CB_CB-4LANG_ecrit_juin.pdf,ESC/2023/CB/HISTO_ESC_CB_CB-4LANG_ecrit_juin.pdf
92319,24552,HISTO_ESC_CB_CB-4LANG_écrit_juin_repêchage.pdf,ESC/2023/CB/HISTO_ESC_CB_CB-4LANG_écrit_juin_repêchage.pdf
92292,24552,ITALI_ESC_CB-4LANG_ecrit_juin.pdf,ESC/2023/CB/ITALI_ESC_CB-4LANG_ecrit_juin.pdf
92306,24552,ITALI_ESC_CB-4LANG_ecrit_juin_repêchage.pdf,ESC/2023/CB/ITALI_ESC_CB-4LANG_ecrit_juin_repêchage.pdf
92288,24552,LATIN_ESC_CB_ecrit_automne.pdf,ESC/2023/CB/LATIN_ESC_CB_ecrit_automne.pdf
92286,24552,LATIN_ESC_CB_ecrit_automne_repêchage.pdf,ESC/2023/CB/LATIN_ESC_CB_ecrit_automne_repêchage.pdf
92617,24552,LATIN_ESC_CB_ecrit_juin.pdf,ESC/2023/CB/LATIN_ESC_CB_ecrit_juin.pdf
92294,24552,LATIN_ESC_CB_ecrit_juin_repêchage.pdf,ESC/2023/CB/LATIN_ESC_CB_ecrit_juin_repêchage.pdf
92300,24552,MATHE(ANALY)_ESC_CB_CB-4LANG_ecrit_automne.pdf,ESC/2023/CB/MATHE(ANALY)_ESC_CB_CB-4LANG_ecrit_automne.pdf
92309,24552,MATHE(ANALY)_ESC_CB_CB-4LANG_ecrit_automne_repêchage.pdf,ESC/2023/CB/MATHE(ANALY)_ESC_CB_CB-4LANG_ecrit_automne_repêchage.pdf
92308,24552,MATHE(ANALY)_ESC_CB_CB-4LANG_ecrit_juin.pdf,ESC/2023/CB/MATHE(ANALY)_ESC_CB_CB-4LANG_ecrit_juin.pdf
92318,24552,MATHE(ANALY)_ESC_CB_CB-4LANG_ecrit_juin_repêchage.pdf,ESC/2023/CB/MATHE(ANALY)_ESC_CB_CB-4LANG_ecrit_juin_repêchage.pdf
92320,24552,MATIN(INFOR)_ESC_CB_CB-4LANG_ecrit_automne.pdf,ESC/2023/CB/MATIN(INFOR)_ESC_CB_CB-4LANG_ecrit_automne.pdf
92332,24552,MATIN(INFOR)_ESC_CB_CB-4LANG_ecrit_automne_repêchage.pdf,ESC/2023/CB/MATIN(INFOR)_ESC_CB_CB-4LANG_ecrit_automne_repêchage.pdf
92321,24552,MATIN(INFOR)_ESC_CB_CB-4LANG_ecrit_juin.pdf,ESC/2023/CB/MATIN(INFOR)_ESC_CB_CB-4LANG_ecrit_juin.pdf
92325,24552,MATIN(INFOR)_ESC_CB_CB-4LANG_ecrit_juin_repêchage.pdf,ESC/2023/CB/MATIN(INFOR)_ESC_CB_CB-4LANG_ecrit_juin_repêchage.pdf
92307,24552,MATIN(MATH2)_ESC_CB_CB-4LANG_ecrit_automne.pdf,ESC/2023/CB/MATIN(MATH2)_ESC_CB_CB-4LANG_ecrit_automne.pdf
92297,24552,MATIN(MATH2)_ESC_CB_CB-4LANG_ecrit_automne_repêchage.pdf,ESC/2023/CB/MATIN(MATH2)_ESC_CB_CB-4LANG_ecrit_automne_repêchage.pdf
92299,24552,MATIN(MATH2)_ESC_CB_CB-4LANG_ecrit_juin.pdf,ESC/2023/CB/MATIN(MATH2)_ESC_CB_CB-4LANG_ecrit_juin.pdf
92305,24552,MATIN(MATH2)_ESC_CB_CB-4LANG_ecrit_juin_repêchage.pdf,ESC/2023/CB/MATIN(MATH2)_ESC_CB_CB-4LANG_ecrit_juin_repêchage.pdf
92283,24552,PHILO_ESC_CB_CB-4LANG_ecrit_automne.pdf,ESC/2023/CB/PHILO_ESC_CB_CB-4LANG_ecrit_automne.pdf
92284,24552,PHILO_ESC_CB_CB-4LANG_ecrit_automne_repêchage.pdf,ESC/2023/CB/PHILO_ESC_CB_CB-4LANG_ecrit_automne_repêchage.pdf
92323,24552,PHILO_ESC_CB_CB-4LANG_ecrit_juin.pdf,ESC/2023/CB/PHILO_ESC_CB_CB-4LANG_ecrit_juin.pdf
92293,24552,PHILO_ESC_CB_CB-4LANG_ecrit_juin_automne.pdf,ESC/2023/CB/PHILO_ESC_CB_CB-4LANG_ecrit_juin_automne.pdf
92324,24552,PHYSI_ESC_CB_CB-4LANG_ecrit_automne.pdf,ESC/2023/CB/PHYSI_ESC_CB_CB-4LANG_ecrit_automne.pdf
92333,24552,PHYSI_ESC_CB_CB-4LANG_ecrit_automne_repêchage.pdf,ESC/2023/CB/PHYSI_ESC_CB_CB-4LANG_ecrit_automne_repêchage.pdf
92329,24552,PHYSI_ESC_CB_CB-4LANG_ecrit_juin.pdf,ESC/2023/CB/PHYSI_ESC_CB_CB-4LANG_ecrit_juin.pdf
92330,24552,PHYSI_ESC_CB_CB-4LANG_ecrit_juin_repêchage.pdf,ESC/2023/CB/PHYSI_ESC_CB_CB-4LANG_ecrit_juin_repêchage.pdf
24553,24538,CC,ESC/2023/CC
92350,24553,ALLEM_ESC_CC_CC-4LANG_ecrit_automne.pdf,ESC/2023/CC/ALLEM_ESC_CC_CC-4LANG_ecrit_automne.pdf
92364,24553,ALLEM_ESC_CC_CC-4LANG_ecrit_automne_repêchage.pdf,ESC/2023/CC/ALLEM_ESC_CC_CC-4LANG_ecrit_automne_repêchage.pdf
92363,24553,ALLEM_ESC_CC_CC-4LANG_ecrit_juin.pdf,ESC/2023/CC/ALLEM_ESC_CC_CC-4LANG_ecrit_juin.pdf
92357,24553,ALLEM_ESC_CC_CC-4LANG_ecrit_juin_repêchage.pdf,ESC/2023/CC/ALLEM_ESC_CC_CC-4LANG_ecrit_juin_repêchage.pdf
92376,24553,BIOLO_ESC_CC_CC-4LANG_ecrit_automne.pdf,ESC/2023/CC/BIOLO_ESC_CC_CC-4LANG_ecrit_automne.pdf
92380,24553,BIOLO_ESC_CC_CC-4LANG_ecrit_automne_repêchage.pdf,ESC/2023/CC/BIOLO_ESC_CC_CC-4LANG_ecrit_automne_repêchage.pdf
92341,24553,BIOLO_ESC_CC_CC-4LANG_ecrit_juin.pdf,ESC/2023/CC/BIOLO_ESC_CC_CC-4LANG_ecrit_juin.pdf
92373,24553,BIOLO_ESC_CC_CC-4LANG_ecrit_juin_repêchage.pdf,ESC/2023/CC/BIOLO_ESC_CC_CC-4LANG_ecrit_juin_repêchage.pdf
92375,24553,CHIMI_ESC_CC_CC-4LANG_ecrit_automne.pdf,ESC/2023/CC/CHIMI_ESC_CC_CC-4LANG_ecrit_automne.pdf
92377,24553,CHIMI_ESC_CC_CC-4LANG_ecrit_automne_repêchage.pdf,ESC/2023/CC/CHIMI_ESC_CC_CC-4LANG_ecrit_automne_repêchage.pdf
92378,24553,CHIMI_ESC_CC_CC-4LANG_ecrit_juin.pdf,ESC/2023/CC/CHIMI_ESC_CC_CC-4LANG_ecrit_juin.pdf
92370,24553,CHIMI_ESC_CC_CC-4LANG_ecrit_juin_repêchage.pdf,ESC/2023/CC/CHIMI_ESC_CC_CC-4LANG_ecrit_juin_repêchage.pdf
92336,24553,CHINO_ESC_CC_ecrit_juin.pdf,ESC/2023/CC/CHINO_ESC_CC_ecrit_juin.pdf
92339,24553,CHINO_ESC_CC_ecrit_juin_repêchage.pdf,ESC/2023/CC/CHINO_ESC_CC_ecrit_juin_repêchage.pdf
92352,24553,CHINO_ESC_CC-4LANG_ecrit_juin.pdf,ESC/2023/CC/CHINO_ESC_CC-4LANG_ecrit_juin.pdf
92338,24553,ECOGN_ESC_CC_CC-4LANG_ecrit_automne.pdf,ESC/2023/CC/ECOGN_ESC_CC_CC-4LANG_ecrit_automne.pdf
92358,24553,ECOGN_ESC_CC_CC-4LANG_ecrit_automne_repêchage.pdf,ESC/2023/CC/ECOGN_ESC_CC_CC-4LANG_ecrit_automne_repêchage.pdf
92342,24553,ECOGN_ESC_CC_CC-4LANG_ecrit_juin.pdf,ESC/2023/CC/ECOGN_ESC_CC_CC-4LANG_ecrit_juin.pdf
92343,24553,ECOGN_ESC_CC_CC-4LANG_ecrit_juin_repêchage.pdf,ESC/2023/CC/ECOGN_ESC_CC_CC-4LANG_ecrit_juin_repêchage.pdf
92355,24553,ESPAN_ESC_CC-4LANG_ecrit_juin.pdf,ESC/2023/CC/ESPAN_ESC_CC-4LANG_ecrit_juin.pdf
92354,24553,ESPAN_ESC_CC-4LANG_ecrit_juin_repêchage.pdf,ESC/2023/CC/ESPAN_ESC_CC-4LANG_ecrit_juin_repêchage.pdf
92340,24553,FRANC_ESC_CC_CC-4LANG_ecrit_automne.pdf,ESC/2023/CC/FRANC_ESC_CC_CC-4LANG_ecrit_automne.pdf
92335,24553,FRANC_ESC_CC_CC-4LANG_ecrit_automne_repêchage.pdf,ESC/2023/CC/FRANC_ESC_CC_CC-4LANG_ecrit_automne_repêchage.pdf
92334,24553,FRANC_ESC_CC_CC-4LANG_ecrit_juin.pdf,ESC/2023/CC/FRANC_ESC_CC_CC-4LANG_ecrit_juin.pdf
92337,24553,FRANC_ESC_CC_CC-4LANG_ecrit_juin_repêchage.pdf,ESC/2023/CC/FRANC_ESC_CC_CC-4LANG_ecrit_juin_repêchage.pdf
92367,24553,HISTO_ESC_CC_CC-4LANG_écrit_automne.pdf,ESC/2023/CC/HISTO_ESC_CC_CC-4LANG_écrit_automne.pdf
92372,24553,HISTO_ESC_CC_CC-4LANG_ecrit_automne_repêchage.pdf,ESC/2023/CC/HISTO_ESC_CC_CC-4LANG_ecrit_automne_repêchage.pdf
92369,24553,HISTO_ESC_CC_CC-4LANG_ecrit_juin.pdf,ESC/2023/CC/HISTO_ESC_CC_CC-4LANG_ecrit_juin.pdf
92365,24553,HISTO_ESC_CC_CC-4LANG_écrit_repêchage.pdf,ESC/2023/CC/HISTO_ESC_CC_CC-4LANG_écrit_repêchage.pdf
92347,24553,ITALI_ESC_CC-4LANG_ecrit_juin.pdf,ESC/2023/CC/ITALI_ESC_CC-4LANG_ecrit_juin.pdf
92359,24553,ITALI_ESC_CC-4LANG_ecrit_juin_repêchage.pdf,ESC/2023/CC/ITALI_ESC_CC-4LANG_ecrit_juin_repêchage.pdf
92345,24553,LATIN_ESC_CC_ecrit_automne.pdf,ESC/2023/CC/LATIN_ESC_CC_ecrit_automne.pdf
92346,24553,LATIN_ESC_CC_ecrit_automne_repêchage.pdf,ESC/2023/CC/LATIN_ESC_CC_ecrit_automne_repêchage.pdf
92344,24553,LATIN_ESC_CC_ecrit_juin_repêchage.pdf,ESC/2023/CC/LATIN_ESC_CC_ecrit_juin_repêchage.pdf
92366,24553,MATHE(ANALY)_ESC_CC_CC-4LANG_ecrit_automne.pdf,ESC/2023/CC/MATHE(ANALY)_ESC_CC_CC-4LANG_ecrit_automne.pdf
92362,24553,MATHE(ANALY)_ESC_CC_CC-4LANG_ecrit_juin.pdf,ESC/2023/CC/MATHE(ANALY)_ESC_CC_CC-4LANG_ecrit_juin.pdf
92368,24553,MATHE(ANALY)_ESC_CC_CC-4LANG_ecrit_juin_repêchage.pdf,ESC/2023/CC/MATHE(ANALY)_ESC_CC_CC-4LANG_ecrit_juin_repêchage.pdf
92349,24553,MATHE(STRUC)_ESC_CC_CC-4LANG_ecrit_automne.pdf,ESC/2023/CC/MATHE(STRUC)_ESC_CC_CC-4LANG_ecrit_automne.pdf
92361,24553,MATHE(STRUC)_ESC_CC_CC-4LANG_ecrit_automne_repêchage.pdf,ESC/2023/CC/MATHE(STRUC)_ESC_CC_CC-4LANG_ecrit_automne_repêchage.pdf
92351,24553,MATHE(STRUC)_ESC_CC_CC-4LANG_ecrit_juin.pdf,ESC/2023/CC/MATHE(STRUC)_ESC_CC_CC-4LANG_ecrit_juin.pdf
92348,24553,MATHE(STRUC)_ESC_CC_CC-4LANG_ecrit_juin_repêchage.pdf,ESC/2023/CC/MATHE(STRUC)_ESC_CC_CC-4LANG_ecrit_juin_repêchage.pdf
92360,24553,PHILO__ESC_CC_CC-4LANG_ecrit_automne.pdf,ESC/2023/CC/PHILO__ESC_CC_CC-4LANG_ecrit_automne.pdf
92371,24553,PHILO__ESC_CC_CC-4LANG_ecrit_juin.pdf,ESC/2023/CC/PHILO__ESC_CC_CC-4LANG_ecrit_juin.pdf
92353,24553,PHILO_ESC_CC_CC-4LANG_ecrit_automne_repêchage.pdf,ESC/2023/CC/PHILO_ESC_CC_CC-4LANG_ecrit_automne_repêchage.pdf
92356,24553,PHILO_ESC_CC_CC-4LANG_ecrit_juin_repêchage.pdf,ESC/2023/CC/PHILO_ESC_CC_CC-4LANG_ecrit_juin_repêchage.pdf
92374,24553,PHYSI_ESC_CC_CC-4LANG_ecrit_automne.pdf,ESC/2023/CC/PHYSI_ESC_CC_CC-4LANG_ecrit_automne.pdf
92381,24553,PHYSI_ESC_CC_CC-4LANG_ecrit_automne_repêchage.pdf,ESC/2023/CC/PHYSI_ESC_CC_CC-4LANG_ecrit_automne_repêchage.pdf
92379,24553,PHYSI_ESC_CC_CC-4LANG_ecrit_juin.pdf,ESC/2023/CC/PHYSI_ESC_CC_CC-4LANG_ecrit_juin.pdf
92382,24553,PHYSI_ESC_CC_CC-4LANG_ecrit_juin_repêchage.pdf,ESC/2023/CC/PHYSI_ESC_CC_CC-4LANG_ecrit_juin_repêchage.pdf
24554,24538,CD,ESC/2023/CD
92385,24554,ALLEM_ESC_CD_CD-4LANG_ecrit_automne.pdf,ESC/2023/CD/ALLEM_ESC_CD_CD-4LANG_ecrit_automne.pdf
92403,24554,ALLEM_ESC_CD_CD-4LANG_ecrit_automne_repêchage.pdf,ESC/2023/CD/ALLEM_ESC_CD_CD-4LANG_ecrit_automne_repêchage.pdf
92404,24554,ALLEM_ESC_CD_CD-4LANG_ecrit_juin.pdf,ESC/2023/CD/ALLEM_ESC_CD_CD-4LANG_ecrit_juin.pdf
92389,24554,ALLEM_ESC_CD_CD-4LANG_ecrit_juin_repêchage.pdf,ESC/2023/CD/ALLEM_ESC_CD_CD-4LANG_ecrit_juin_repêchage.pdf
92418,24554,CHINO_CD_ecrit_juin.pdf,ESC/2023/CD/CHINO_CD_ecrit_juin.pdf
92420,24554,CHINO_CD_ecrit_juin_repêchage.pdf,ESC/2023/CD/CHINO_CD_ecrit_juin_repêchage.pdf
92414,24554,CHINO_ESC_CD-4LANG_ecrit_juin.pdf,ESC/2023/CD/CHINO_ESC_CD-4LANG_ecrit_juin.pdf
92419,24554,CHINO_ESC_CD-4LANG_ecrit_juin_repêchage.pdf,ESC/2023/CD/CHINO_ESC_CD-4LANG_ecrit_juin_repêchage.pdf
92402,24554,ECOGE(SOCOM)_ESC_CD_CD-4LANG_ecrit_automne.pdf,ESC/2023/CD/ECOGE(SOCOM)_ESC_CD_CD-4LANG_ecrit_automne.pdf
92406,24554,ECOGE(SOCOM)_ESC_CD_CD-4LANG_ecrit_automne_repêchage.pdf,ESC/2023/CD/ECOGE(SOCOM)_ESC_CD_CD-4LANG_ecrit_automne_repêchage.pdf
92415,24554,ECOGE(SOCOM)_ESC_CD_CD-4LANG_ecrit_juin.pdf,ESC/2023/CD/ECOGE(SOCOM)_ESC_CD_CD-4LANG_ecrit_juin.pdf
92393,24554,ECOGE(SOCOM)_ESC_CD_CD-4LANG_ecrit_juin_repêchage.pdf,ESC/2023/CD/ECOGE(SOCOM)_ESC_CD_CD-4LANG_ecrit_juin_repêchage.pdf
92407,24554,ECOGE(STATI)_ESC_CD_CD-4LANG_ecrit_automne.pdf,ESC/2023/CD/ECOGE(STATI)_ESC_CD_CD-4LANG_ecrit_automne.pdf
92410,24554,ECOGE(STATI)_ESC_CD_CD-4LANG_ecrit_automne_repêchage.pdf,ESC/2023/CD/ECOGE(STATI)_ESC_CD_CD-4LANG_ecrit_automne_repêchage.pdf
92429,24554,ECOGE(STATI)_ESC_CD_CD-4LANG_ecrit_juin.pdf,ESC/2023/CD/ECOGE(STATI)_ESC_CD_CD-4LANG_ecrit_juin.pdf
92397,24554,ECOGE(STATI)_ESC_CD_CD-4LANG_ecrit_juin_repêchage.pdf,ESC/2023/CD/ECOGE(STATI)_ESC_CD_CD-4LANG_ecrit_juin_repêchage.pdf
92396,24554,ECOPO_ESC_CD_CD-4LANG_ecrit_aautomne.pdf,ESC/2023/CD/ECOPO_ESC_CD_CD-4LANG_ecrit_aautomne.pdf
92394,24554,ECOPO_ESC_CD_CD-4LANG_ecrit_automne_repêchage.pdf,ESC/2023/CD/ECOPO_ESC_CD_CD-4LANG_ecrit_automne_repêchage.pdf
92399,24554,ECOPO_ESC_CD_CD-4LANG_ecrit_juin.pdf,ESC/2023/CD/ECOPO_ESC_CD_CD-4LANG_ecrit_juin.pdf
92383,24554,ECOPO_ESC_CD_CD-4LANG_ecrit_juin_repêchage.pdf,ESC/2023/CD/ECOPO_ESC_CD_CD-4LANG_ecrit_juin_repêchage.pdf
92413,24554,ESPAN_ESC_CD-4LANG_ecrit_juin.pdf,ESC/2023/CD/ESPAN_ESC_CD-4LANG_ecrit_juin.pdf
92400,24554,ESPAN_ESC_CD-4LANG_ecrit_juin_repêchage.pdf,ESC/2023/CD/ESPAN_ESC_CD-4LANG_ecrit_juin_repêchage.pdf
92386,24554,FRANC_ESC_CD_CD-4LANG_ecrit_automne.pdf,ESC/2023/CD/FRANC_ESC_CD_CD-4LANG_ecrit_automne.pdf
92392,24554,FRANC_ESC_CD_CD-4LANG_ecrit_automne_repêchage.pdf,ESC/2023/CD/FRANC_ESC_CD_CD-4LANG_ecrit_automne_repêchage.pdf
92391,24554,FRANC_ESC_CD_CD-4LANG_ecrit_juin.pdf,ESC/2023/CD/FRANC_ESC_CD_CD-4LANG_ecrit_juin.pdf
92384,24554,FRANC_ESC_CD_CD-4LANG_ecrit_juin_repêchage.pdf,ESC/2023/CD/FRANC_ESC_CD_CD-4LANG_ecrit_juin_repêchage.pdf
92425,24554,HISTO_ESC_CD_CD-4LANG_ecrit_automne.pdf,ESC/2023/CD/HISTO_ESC_CD_CD-4LANG_ecrit_automne.pdf
92426,24554,HISTO_ESC_CD_CD-4LANG_ecrit_automne_repêchage.pdf,ESC/2023/CD/HISTO_ESC_CD_CD-4LANG_ecrit_automne_repêchage.pdf
92421,24554,HISTO_ESC_CD_CD-4LANG_ecrit_juin.pdf,ESC/2023/CD/HISTO_ESC_CD_CD-4LANG_ecrit_juin.pdf
92424,24554,HISTO_ESC_CD_CD-4LANG_écrit_juin_repêchage.pdf,ESC/2023/CD/HISTO_ESC_CD_CD-4LANG_écrit_juin_repêchage.pdf
92401,24554,ITALI_ESC_CD-4LANG_ecrit_juin.pdf,ESC/2023/CD/ITALI_ESC_CD-4LANG_ecrit_juin.pdf
92412,24554,ITALI_ESC_CD-4LANG_ecrit_juin_repêchage.pdf,ESC/2023/CD/ITALI_ESC_CD-4LANG_ecrit_juin_repêchage.pdf
92398,24554,LATIN_ESC_CD_ecrit_automne.pdf,ESC/2023/CD/LATIN_ESC_CD_ecrit_automne.pdf
92395,24554,LATIN_ESC_CD_ecrit_automne_repêchage.pdf,ESC/2023/CD/LATIN_ESC_CD_ecrit_automne_repêchage.pdf
92388,24554,LATN_ESC_CD_ecrit_juin_repêchage.pdf,ESC/2023/CD/LATN_ESC_CD_ecrit_juin_repêchage.pdf
92416,24554,MATHE(ANALY)_ESC_CD_CD-4LANG_ecrit_automne.pdf,ESC/2023/CD/MATHE(ANALY)_ESC_CD_CD-4LANG_ecrit_automne.pdf
92411,24554,MATHE(ANALY)_ESC_CD_CD-4LANG_ecrit_juin.pdf,ESC/2023/CD/MATHE(ANALY)_ESC_CD_CD-4LANG_ecrit_juin.pdf
92387,24554,MATHE(ANALY)_ESC_CD_CD-4LANG_ecrit_juin_repêchage.pdf,ESC/2023/CD/MATHE(ANALY)_ESC_CD_CD-4LANG_ecrit_juin_repêchage.pdf
92405,24554,MATHE(STRUC)_ESC_CD_CD-4LANG_ecrit_automne.pdf,ESC/2023/CD/MATHE(STRUC)_ESC_CD_CD-4LANG_ecrit_automne.pdf
92408,24554,MATHE(STRUC)_ESC_CD_CD-4LANG_ecrit_automne_repêchage.pdf,ESC/2023/CD/MATHE(STRUC)_ESC_CD_CD-4LANG_ecrit_automne_repêchage.pdf
92390,24554,MATHE(STRUC)_ESC_CD_CD-4LANG_ecrit_juin.pdf,ESC/2023/CD/MATHE(STRUC)_ESC_CD_CD-4LANG_ecrit_juin.pdf
92409,24554,MATHE(STRUC)_ESC_CD_CD-4LANG_ecrit_juin_repêchage.pdf,ESC/2023/CD/MATHE(STRUC)_ESC_CD_CD-4LANG_ecrit_juin_repêchage.pdf
92422,24554,PHILO_ESC_CD_CD-4LANG_ecrit_automne.pdf,ESC/2023/CD/PHILO_ESC_CD_CD-4LANG_ecrit_automne.pdf
92423,24554,PHILO_ESC_CD_CD-4LANG_ecrit_automne_repêchage.pdf,ESC/2023/CD/PHILO_ESC_CD_CD-4LANG_ecrit_automne_repêchage.pdf
92427,24554,PHILO_ESC_CD_CD-4LANG_ecrit_juin.pdf,ESC/2023/CD/PHILO_ESC_CD_CD-4LANG_ecrit_juin.pdf
92417,24554,PHILO_ESC_CD_CD-4LANG_ecrit_juin_repêchage.pdf,ESC/2023/CD/PHILO_ESC_CD_CD-4LANG_ecrit_juin_repêchage.pdf
24555,24538,CE,ESC/2023/CE
92435,24555,ALLEM_ESC_CE_CE-4LANG_ecrit_automne.pdf,ESC/2023/CE/ALLEM_ESC_CE_CE-4LANG_ecrit_automne.pdf
92447,24555,ALLEM_ESC_CE_CE-4LANG_ecrit_automne_repêchage.pdf,ESC/2023/CE/ALLEM_ESC_CE_CE-4LANG_ecrit_automne_repêchage.pdf
92457,24555,ALLEM_ESC_CE_CE-4LANG_ecrit_juin.pdf,ESC/2023/CE/ALLEM_ESC_CE_CE-4LANG_ecrit_juin.pdf
92449,24555,ALLEM_ESC_CE_CE-4LANG_ecrit_juin_repêchage.pdf,ESC/2023/CE/ALLEM_ESC_CE_CE-4LANG_ecrit_juin_repêchage.pdf
92464,24555,CHINO_CE_ecrit_juin.pdf,ESC/2023/CE/CHINO_CE_ecrit_juin.pdf
92466,24555,CHINO_CE_ecrit_juin_repêchage.pdf,ESC/2023/CE/CHINO_CE_ecrit_juin_repêchage.pdf
92463,24555,CHINO_ESC_CE-4LANG_ecrit_juin.pdf,ESC/2023/CE/CHINO_ESC_CE-4LANG_ecrit_juin.pdf
92465,24555,CHINO_ESC_CE-4LANG_ecrit_juin_repêchage.pdf,ESC/2023/CE/CHINO_ESC_CE-4LANG_ecrit_juin_repêchage.pdf
92452,24555,EDAR1(COMVU)_ESC_CE_CE-4LANG_CE-MATF_ecrit_automne.pdf,ESC/2023/CE/EDAR1(COMVU)_ESC_CE_CE-4LANG_CE-MATF_ecrit_automne.pdf
92451,24555,EDAR1(COMVU)_ESC_CE_CE-4LANG_CE-MATF_ecrit_automne_repêchage.pdf,ESC/2023/CE/EDAR1(COMVU)_ESC_CE_CE-4LANG_CE-MATF_ecrit_automne_repêchage.pdf
92454,24555,EDAR1(COMVU)_ESC_CE_CE-4LANG_CE-MATF_ecrit_juin.pdf,ESC/2023/CE/EDAR1(COMVU)_ESC_CE_CE-4LANG_CE-MATF_ecrit_juin.pdf
92458,24555,EDAR1(COMVU)_ESC_CE_CE-4LANG_CE-MATF_ecrit_juin_repêchage.pdf,ESC/2023/CE/EDAR1(COMVU)_ESC_CE_CE-4LANG_CE-MATF_ecrit_juin_repêchage.pdf
92462,24555,EDAR2(GEODE)_ESC_CE_CE-4LANG_CE-MATF_ecrit_automne.pdf,ESC/2023/CE/EDAR2(GEODE)_ESC_CE_CE-4LANG_CE-MATF_ecrit_automne.pdf
92455,24555,EDAR2(GEODE)_ESC_CE_CE-4LANG_CE-MATF_ecrit_automne_repêchage.pdf,ESC/2023/CE/EDAR2(GEODE)_ESC_CE_CE-4LANG_CE-MATF_ecrit_automne_repêchage.pdf
92461,24555,EDAR2(GEODE)_ESC_CE_CE-4LANG_CE-MATF_ecrit_juin.pdf,ESC/2023/CE/EDAR2(GEODE)_ESC_CE_CE-4LANG_CE-MATF_ecrit_juin.pdf
92459,24555,EDAR2(GEODE)_ESC_CE_CE-4LANG_CE-MATF_ecrit_juin_repêchage.pdf,ESC/2023/CE/EDAR2(GEODE)_ESC_CE_CE-4LANG_CE-MATF_ecrit_juin_repêchage.pdf
92468,24555,ESPAN_ESC_CE-4LANG_ecrit_juin.pdf,ESC/2023/CE/ESPAN_ESC_CE-4LANG_ecrit_juin.pdf
92430,24555,ESPAN_ESC_CE-4LANG_ecrit_juin_repêchage.pdf,ESC/2023/CE/ESPAN_ESC_CE-4LANG_ecrit_juin_repêchage.pdf
92431,24555,FRANC_ESC_CE_CE-4LANG_ecrit_automne.pdf,ESC/2023/CE/FRANC_ESC_CE_CE-4LANG_ecrit_automne.pdf
92432,24555,FRANC_ESC_CE_CE-4LANG_ecrit_automne_repêchage.pdf,ESC/2023/CE/FRANC_ESC_CE_CE-4LANG_ecrit_automne_repêchage.pdf
92448,24555,FRANC_ESC_CE_CE-4LANG_ecrit_juin.pdf,ESC/2023/CE/FRANC_ESC_CE_CE-4LANG_ecrit_juin.pdf
92438,24555,FRANC_ESC_CE_CE-4LANG_ecrit_juin_repêchage.pdf,ESC/2023/CE/FRANC_ESC_CE_CE-4LANG_ecrit_juin_repêchage.pdf
92443,24555,HISAR_ESC_CE_CE-4LANG_CE-MATF_ecrit_automne.pdf,ESC/2023/CE/HISAR_ESC_CE_CE-4LANG_CE-MATF_ecrit_automne.pdf
92470,24555,HISAR_ESC_CE_CE-4LANG_CE-MATF_ecrit_automne_repêchage.pdf,ESC/2023/CE/HISAR_ESC_CE_CE-4LANG_CE-MATF_ecrit_automne_repêchage.pdf
92471,24555,HISAR_ESC_CE_CE-4LANG_CE-MATF_ecrit_juin.pdf,ESC/2023/CE/HISAR_ESC_CE_CE-4LANG_CE-MATF_ecrit_juin.pdf
92445,24555,HISAR_ESC_CE_CE-4LANG_CE-MATF_ecrit_juin_repêchage.pdf,ESC/2023/CE/HISAR_ESC_CE_CE-4LANG_CE-MATF_ecrit_juin_repêchage.pdf
92437,24555,HISMU_ESC_CE_CE-4LANG_CE-MATF_ecrit_automne.pdf,ESC/2023/CE/HISMU_ESC_CE_CE-4LANG_CE-MATF_ecrit_automne.pdf
92434,24555,HISMU_ESC_CE_CE-4LANG_CE-MATF_ecrit_juin.pdf,ESC/2023/CE/HISMU_ESC_CE_CE-4LANG_CE-MATF_ecrit_juin.pdf
92433,24555,HISMU_ESC_CE_CE-4LANG_CE-MATF_ecrit_juin_repêchage.pdf,ESC/2023/CE/HISMU_ESC_CE_CE-4LANG_CE-MATF_ecrit_juin_repêchage.pdf
92460,24555,ITALI_ESC_CE-4LANG_ecrit_juin.pdf,ESC/2023/CE/ITALI_ESC_CE-4LANG_ecrit_juin.pdf
92456,24555,ITALI_ESC_CE-4LANG_ecrit_juin_repêchage.pdf,ESC/2023/CE/ITALI_ESC_CE-4LANG_ecrit_juin_repêchage.pdf
92450,24555,LATIN_ESC_CE_ecrit_automne.pdf,ESC/2023/CE/LATIN_ESC_CE_ecrit_automne.pdf
92453,24555,LATIN_ESC_CE_ecrit_automne_repêchage.pdf,ESC/2023/CE/LATIN_ESC_CE_ecrit_automne_repêchage.pdf
92436,24555,LATIN_ESC_CE_ecrit_juin_repêchage.pdf,ESC/2023/CE/LATIN_ESC_CE_ecrit_juin_repêchage.pdf
92469,24555,MATHE(ANA)_ESC_CE_CE-4LANG__ecrit_automne_repêchage.pdf,ESC/2023/CE/MATHE(ANA)_ESC_CE_CE-4LANG__ecrit_automne_repêchage.pdf
92439,24555,MATHE(ANA)_ESC_CE_CE-4LANG_ecrit_automne.pdf,ESC/2023/CE/MATHE(ANA)_ESC_CE_CE-4LANG_ecrit_automne.pdf
92442,24555,MATHE(ANA)_ESC_CE_CE-4LANG_ecrit_juin.pdf,ESC/2023/CE/MATHE(ANA)_ESC_CE_CE-4LANG_ecrit_juin.pdf
92467,24555,MATHE(ANA)_ESC_CE_CE-4LANG_ecrit_juin_repêchage.pdf,ESC/2023/CE/MATHE(ANA)_ESC_CE_CE-4LANG_ecrit_juin_repêchage.pdf
92440,24555,PHILO_ESC_CE_CE-4LANG_ecrit_auomne.pdf,ESC/2023/CE/PHILO_ESC_CE_CE-4LANG_ecrit_auomne.pdf
92441,24555,PHILO_ESC_CE_CE-4LANG_ecrit_automne_repêchage.pdf,ESC/2023/CE/PHILO_ESC_CE_CE-4LANG_ecrit_automne_repêchage.pdf
92446,24555,PHILO_ESC_CE_CE-4LANG_ecrit_juin.pdf,ESC/2023/CE/PHILO_ESC_CE_CE-4LANG_ecrit_juin.pdf
92444,24555,PHILO_ESC_CE_CE-4LANG_ecrit_juin_repêchage.pdf,ESC/2023/CE/PHILO_ESC_CE_CE-4LANG_ecrit_juin_repêchage.pdf
24556,24538,CF,ESC/2023/CF
92474,24556,ALLEM_ESC_CF_ecrit_automne.pdf,ESC/2023/CF/ALLEM_ESC_CF_ecrit_automne.pdf
92476,24556,ALLEM_ESC_CF_ecrit_automne_repêchage.pdf,ESC/2023/CF/ALLEM_ESC_CF_ecrit_automne_repêchage.pdf
92478,24556,ALLEM_ESC_CF_ecrit_juin.pdf,ESC/2023/CF/ALLEM_ESC_CF_ecrit_juin.pdf
92473,24556,ALLEM_ESC_CF_ecrit_juin_repêchage.pdf,ESC/2023/CF/ALLEM_ESC_CF_ecrit_juin_repêchage.pdf
92489,24556,CHINO_CF_ecrit_juin.pdf,ESC/2023/CF/CHINO_CF_ecrit_juin.pdf
92490,24556,CHINO_CF_ecrit_juin_repêchage.pdf,ESC/2023/CF/CHINO_CF_ecrit_juin_repêchage.pdf
92486,24556,FRANC_ESC_CF_ecrit_automne.pdf,ESC/2023/CF/FRANC_ESC_CF_ecrit_automne.pdf
92472,24556,FRANC_ESC_CF_ecrit_automne_repêchage.pdf,ESC/2023/CF/FRANC_ESC_CF_ecrit_automne_repêchage.pdf
92477,24556,FRANC_ESC_CF_ecrit_juin_repêchage.pdf,ESC/2023/CF/FRANC_ESC_CF_ecrit_juin_repêchage.pdf
92484,24556,HISAA_ESC_CF_ecrit_automne.pdf,ESC/2023/CF/HISAA_ESC_CF_ecrit_automne.pdf
92488,24556,HISAA_ESC_CF_ecrit_automne_repêchage.pdf,ESC/2023/CF/HISAA_ESC_CF_ecrit_automne_repêchage.pdf
92495,24556,HISAA_ESC_CF_ecrit_juin.pdf,ESC/2023/CF/HISAA_ESC_CF_ecrit_juin.pdf
92479,24556,HISAA_ESC_CF_ecrit_juin_repêchage.pdf,ESC/2023/CF/HISAA_ESC_CF_ecrit_juin_repêchage.pdf
92480,24556,LATIN_ESC_CF_ecrit_automne.pdf,ESC/2023/CF/LATIN_ESC_CF_ecrit_automne.pdf
92487,24556,LATIN_ESC_CF_ecrit_automne_repêchage.pdf,ESC/2023/CF/LATIN_ESC_CF_ecrit_automne_repêchage.pdf
92485,24556,LATIN_ESC_CF_ecrit_juin_repêchage.pdf,ESC/2023/CF/LATIN_ESC_CF_ecrit_juin_repêchage.pdf
92492,24556,MATHE(ANA)_ESC_CF_ecrit_automne.pdf,ESC/2023/CF/MATHE(ANA)_ESC_CF_ecrit_automne.pdf
92493,24556,MATHE(ANA)_ESC_CF_ecrit_automne_repêchage.pdf,ESC/2023/CF/MATHE(ANA)_ESC_CF_ecrit_automne_repêchage.pdf
92475,24556,MATHE(ANA)_ESC_CF_ecrit_juin.pdf,ESC/2023/CF/MATHE(ANA)_ESC_CF_ecrit_juin.pdf
92494,24556,MATHE(ANA)_ESC_CF_ecrit_juin_repêchage.pdf,ESC/2023/CF/MATHE(ANA)_ESC_CF_ecrit_juin_repêchage.pdf
92482,24556,PHILO_ESC_CF_ecrit_automne.pdf,ESC/2023/CF/PHILO_ESC_CF_ecrit_automne.pdf
92491,24556,PHILO_ESC_CF_ecrit_automne_repêchage.pdf,ESC/2023/CF/PHILO_ESC_CF_ecrit_automne_repêchage.pdf
92483,24556,PHILO_ESC_CF_ecrit_juin.pdf,ESC/2023/CF/PHILO_ESC_CF_ecrit_juin.pdf
92481,24556,PHILO_ESC_CF_ecrit_juin_repêchage.pdf,ESC/2023/CF/PHILO_ESC_CF_ecrit_juin_repêchage.pdf
24557,24538,CG,ESC/2023/CG
92510,24557,ALLEM_ESC_CG_CG-4LANG_CG-COMED_CG-URBS_ecrit_automne_repêchage.pdf,ESC/2023/CG/ALLEM_ESC_CG_CG-4LANG_CG-COMED_CG-URBS_ecrit_automne_repêchage.pdf
92511,24557,ALLEM_ESC_CG_CG-4LANG_CG-COMED_CG-URBS_ecrit_juin.pdf,ESC/2023/CG/ALLEM_ESC_CG_CG-4LANG_CG-COMED_CG-URBS_ecrit_juin.pdf
92507,24557,ALLEM_ESC_CG_CG-4LANG_CG-COMED_CG-URBS_ecrit_juin_automne.pdf,ESC/2023/CG/ALLEM_ESC_CG_CG-4LANG_CG-COMED_CG-URBS_ecrit_juin_automne.pdf
92508,24557,ALLEM_ESC_CG_CG-4LANG_CG-COMED_CG-URBS_ecrit_juin_repêchage.pdf,ESC/2023/CG/ALLEM_ESC_CG_CG-4LANG_CG-COMED_CG-URBS_ecrit_juin_repêchage.pdf
92543,24557,ARCUR_ESC_CG-URBS_ecrit_juin.pdf,ESC/2023/CG/ARCUR_ESC_CG-URBS_ecrit_juin.pdf
92544,24557,ARCUR_ESC_CG-URBS_ecrit_juin_repêchage.pdf,ESC/2023/CG/ARCUR_ESC_CG-URBS_ecrit_juin_repêchage.pdf
92536,24557,BRCO1(GEOGR)_ESC_CG_CG-4LANG_CG-COMED_CG-URBS_ecrit_automne.pdf,ESC/2023/CG/BRCO1(GEOGR)_ESC_CG_CG-4LANG_CG-COMED_CG-URBS_ecrit_automne.pdf
92541,24557,BRCO1(GEOGR)_ESC_CG_CG-4LANG_CG-COMED_CG-URBS_ecrit_automne_repêchage.pdf,ESC/2023/CG/BRCO1(GEOGR)_ESC_CG_CG-4LANG_CG-COMED_CG-URBS_ecrit_automne_repêchage.pdf
92539,24557,BRCO1(GEOGR)_ESC_CG_CG-4LANG_CG-COMED_CG-URBS_ecrit_juin.pdf,ESC/2023/CG/BRCO1(GEOGR)_ESC_CG_CG-4LANG_CG-COMED_CG-URBS_ecrit_juin.pdf
92540,24557,BRCO1(GEOGR)_ESC_CG_CG-4LANG_CG-COMED_CG-URBS_ecrit_juin_repêchage.pdf,ESC/2023/CG/BRCO1(GEOGR)_ESC_CG_CG-4LANG_CG-COMED_CG-URBS_ecrit_juin_repêchage.pdf
92527,24557,CHINO_CG_ecrit_juin.pdf,ESC/2023/CG/CHINO_CG_ecrit_juin.pdf
92524,24557,CHINO_CG_ecrit_juin_repêchage.pdf,ESC/2023/CG/CHINO_CG_ecrit_juin_repêchage.pdf
92523,24557,CHINO_ESC_CG-4LANG_ecrit_juin.pdf,ESC/2023/CG/CHINO_ESC_CG-4LANG_ecrit_juin.pdf
92530,24557,CHINO_ESC_CG-4LANG_ecrit_juin_repêchage.pdf,ESC/2023/CG/CHINO_ESC_CG-4LANG_ecrit_juin_repêchage.pdf
92532,24557,ECOPO_ESC_CG_CG-4LANG_ecrit_automne.pdf,ESC/2023/CG/ECOPO_ESC_CG_CG-4LANG_ecrit_automne.pdf
92528,24557,ECOPO_ESC_CG_CG-4LANG_ecrit_automne_repêchage.pdf,ESC/2023/CG/ECOPO_ESC_CG_CG-4LANG_ecrit_automne_repêchage.pdf
92517,24557,ECOPO_ESC_CG_CG-4LANG_ecrit_juin.pdf,ESC/2023/CG/ECOPO_ESC_CG_CG-4LANG_ecrit_juin.pdf
92520,24557,ECOPO_ESC_CG_CG-4LANG_ecrit_juin_repêchage.pdf,ESC/2023/CG/ECOPO_ESC_CG_CG-4LANG_ecrit_juin_repêchage.pdf
92533,24557,ESPAN_ESC_CG-4LANG_ecrit_juin.pdf,ESC/2023/CG/ESPAN_ESC_CG-4LANG_ecrit_juin.pdf
92531,24557,ESPAN_ESC_CG-4LANG_ecrit_juin_repêchage.pdf,ESC/2023/CG/ESPAN_ESC_CG-4LANG_ecrit_juin_repêchage.pdf
92535,24557,ESPAN_ESC_CG-COMED_ecrit_automne.pdf,ESC/2023/CG/ESPAN_ESC_CG-COMED_ecrit_automne.pdf
92529,24557,ESPAN_ESC_CG-COMED_ecrit_juin.pdf,ESC/2023/CG/ESPAN_ESC_CG-COMED_ecrit_juin.pdf
92534,24557,ESPAN_ESC_CG-COMED_ecrit_juin_repêchage.pdf,ESC/2023/CG/ESPAN_ESC_CG-COMED_ecrit_juin_repêchage.pdf
92496,24557,FRANC_ESC_CG_CG-4LANG_CG-COMED_CG-URBS_ecrit_automne.pdf,ESC/2023/CG/FRANC_ESC_CG_CG-4LANG_CG-COMED_CG-URBS_ecrit_automne.pdf
92497,24557,FRANC_ESC_CG_CG-4LANG_CG-COMED_CG-URBS_ecrit_automne_repêchage.pdf,ESC/2023/CG/FRANC_ESC_CG_CG-4LANG_CG-COMED_CG-URBS_ecrit_automne_repêchage.pdf
92498,24557,FRANC_ESC_CG_CG-4LANG_CG-COMED_CG-URBS_ecrit_juin.pdf,ESC/2023/CG/FRANC_ESC_CG_CG-4LANG_CG-COMED_CG-URBS_ecrit_juin.pdf
92500,24557,FRANC_ESC_CG_CG-4LANG_CG-COMED_CG-URBS_ecrit_juin_repêchage.pdf,ESC/2023/CG/FRANC_ESC_CG_CG-4LANG_CG-COMED_CG-URBS_ecrit_juin_repêchage.pdf
92522,24557,HISAA_ESC_CG_CG-4LANG_CG-COMED_CG-URBS_ecrit_automne_.pdf,ESC/2023/CG/HISAA_ESC_CG_CG-4LANG_CG-COMED_CG-URBS_ecrit_automne_.pdf
92512,24557,HISAA_ESC_CG_CG-4LANG_CG-COMED_CG-URBS_ecrit_automne_repêchage.pdf,ESC/2023/CG/HISAA_ESC_CG_CG-4LANG_CG-COMED_CG-URBS_ecrit_automne_repêchage.pdf
92516,24557,HISAA_ESC_CG_CG-4LANG_CG-COMED_CG-URBS_ecrit_juin.pdf,ESC/2023/CG/HISAA_ESC_CG_CG-4LANG_CG-COMED_CG-URBS_ecrit_juin.pdf
92521,24557,HISAA_ESC_CG_CG-4LANG_CG-COMED_CG-URBS_ecrit_juin_repêchage.pdf,ESC/2023/CG/HISAA_ESC_CG_CG-4LANG_CG-COMED_CG-URBS_ecrit_juin_repêchage.pdf
92513,24557,ITALI_ESC_CG-4LANG_ecrit_juin.pdf,ESC/2023/CG/ITALI_ESC_CG-4LANG_ecrit_juin.pdf
92509,24557,ITALI_ESC_CG-4LANG_ecrit_juin_repêchage.pdf,ESC/2023/CG/ITALI_ESC_CG-4LANG_ecrit_juin_repêchage.pdf
92499,24557,LATIN_ESC_CG_CG-COMED_ecrit_automne_repêchage.pdf,ESC/2023/CG/LATIN_ESC_CG_CG-COMED_ecrit_automne_repêchage.pdf
92502,24557,LATIN_ESC_CG_CG-COMED_ecrit_juin_repêchage.pdf,ESC/2023/CG/LATIN_ESC_CG_CG-COMED_ecrit_juin_repêchage.pdf
92518,24557,MATHE(ANA)_ESC_CG_CG-4LANG_CG-COMED_CG-URBS_ecrit_automne.pdf,ESC/2023/CG/MATHE(ANA)_ESC_CG_CG-4LANG_CG-COMED_CG-URBS_ecrit_automne.pdf
92519,24557,MATHE(ANA)_ESC_CG_CG-4LANG_CG-COMED_CG-URBS_ecrit_automne_juin_repêchage.pdf,ESC/2023/CG/MATHE(ANA)_ESC_CG_CG-4LANG_CG-COMED_CG-URBS_ecrit_automne_juin_repêchage.pdf
92526,24557,MATHE(ANA)_ESC_CG_CG-4LANG_CG-COMED_CG-URBS_ecrit_automne_repêchage.pdf,ESC/2023/CG/MATHE(ANA)_ESC_CG_CG-4LANG_CG-COMED_CG-URBS_ecrit_automne_repêchage.pdf
92501,24557,MATHE(ANA)_ESC_CG_CG-4LANG_CG-COMED_CG-URBS_ecrit_juin.pdf,ESC/2023/CG/MATHE(ANA)_ESC_CG_CG-4LANG_CG-COMED_CG-URBS_ecrit_juin.pdf
92538,24557,PHILO_ESC_CG_CG-4LANG_CG-COMED_CG-URBS_ecrit_automne.pdf,ESC/2023/CG/PHILO_ESC_CG_CG-4LANG_CG-COMED_CG-URBS_ecrit_automne.pdf
92537,24557,PHILO_ESC_CG_CG-4LANG_CG-COMED_CG-URBS_ecrit_automne_repêchage.pdf,ESC/2023/CG/PHILO_ESC_CG_CG-4LANG_CG-COMED_CG-URBS_ecrit_automne_repêchage.pdf
92515,24557,PHILO_ESC_CG_CG-4LANG_CG-COMED_CG-URBS_ecrit_juin_repêchage.pdf,ESC/2023/CG/PHILO_ESC_CG_CG-4LANG_CG-COMED_CG-URBS_ecrit_juin_repêchage.pdf
92542,24557,PHILO_ESC_CG_CG-4LANG_CG-COMED-CG-URBS_ecrit_juin.pdf,ESC/2023/CG/PHILO_ESC_CG_CG-4LANG_CG-COMED-CG-URBS_ecrit_juin.pdf
92503,24557,SCSOC_ESC_CG_CG-4LANG_ecrit_automne.pdf,ESC/2023/CG/SCSOC_ESC_CG_CG-4LANG_ecrit_automne.pdf
92505,24557,SCSOC_ESC_CG_CG-4LANG_ecrit_automne_repêchage.pdf,ESC/2023/CG/SCSOC_ESC_CG_CG-4LANG_ecrit_automne_repêchage.pdf
92504,24557,SCSOC_ESC_CG_CG-4LANG_ecrit_juin.pdf,ESC/2023/CG/SCSOC_ESC_CG_CG-4LANG_ecrit_juin.pdf
92506,24557,SCSOC_ESC_CG_CG-4LANG_ecrit_juin_repêchage.pdf,ESC/2023/CG/SCSOC_ESC_CG_CG-4LANG_ecrit_juin_repêchage.pdf
92514,24557,SOCIO_ESC_CG-COMED_CG-URBS_ecrit_juin.pdf,ESC/2023/CG/SOCIO_ESC_CG-COMED_CG-URBS_ecrit_juin.pdf
92525,24557,SOCIO_ESC_CG-COMED_CG-URBS_ecrit_juin_repêchage.pdf,ESC/2023/CG/SOCIO_ESC_CG-COMED_CG-URBS_ecrit_juin_repêchage.pdf
24558,24538,CI,ESC/2023/CI
92555,24558,ALLEM_ESC_CI_ecrit_automne.pdf,ESC/2023/CI/ALLEM_ESC_CI_ecrit_automne.pdf
92562,24558,ALLEM_ESC_CI_ecrit_automne_repêchage.pdf,ESC/2023/CI/ALLEM_ESC_CI_ecrit_automne_repêchage.pdf
92561,24558,ALLEM_ESC_CI_ecrit_juin.pdf,ESC/2023/CI/ALLEM_ESC_CI_ecrit_juin.pdf
92558,24558,ALLEM_ESC_CI_ecrit_juin_repêchage.pdf,ESC/2023/CI/ALLEM_ESC_CI_ecrit_juin_repêchage.pdf
92545,24558,AMINF_ESC_CI_ecrit_juin.pdf,ESC/2023/CI/AMINF_ESC_CI_ecrit_juin.pdf
92559,24558,ANGLA_ESC_CI_ecrit_juin.pdf,ESC/2023/CI/ANGLA_ESC_CI_ecrit_juin.pdf
92567,24558,COMME_ESC_CI_ecrit_juin.pdf,ESC/2023/CI/COMME_ESC_CI_ecrit_juin.pdf
92571,24558,ECOFI_ESC_CI_ecrit_juin.pdf,ESC/2023/CI/ECOFI_ESC_CI_ecrit_juin.pdf
92546,24558,FRANC_ESC_CI_ecrit_automne.pdf,ESC/2023/CI/FRANC_ESC_CI_ecrit_automne.pdf
92551,24558,FRANC_ESC_CI_ecrit_automne_repêchage.pdf,ESC/2023/CI/FRANC_ESC_CI_ecrit_automne_repêchage.pdf
92550,24558,FRANC_ESC_CI_ecrit_juin.pdf,ESC/2023/CI/FRANC_ESC_CI_ecrit_juin.pdf
92549,24558,FRANC_ESC_CI_ecrit_juin_repêchage.pdf,ESC/2023/CI/FRANC_ESC_CI_ecrit_juin_repêchage.pdf
92547,24558,LATIN_ESC_CI_ecrit_automne.pdf,ESC/2023/CI/LATIN_ESC_CI_ecrit_automne.pdf
92548,24558,LATIN_ESC_CI_ecrit_automne_repêchage.pdf,ESC/2023/CI/LATIN_ESC_CI_ecrit_automne_repêchage.pdf
92554,24558,LATIN_ESC_CI_ecrit_juin_repêchage.pdf,ESC/2023/CI/LATIN_ESC_CI_ecrit_juin_repêchage.pdf
92563,24558,MATHE1_ESC_CI_ecrit_automne.pdf,ESC/2023/CI/MATHE1_ESC_CI_ecrit_automne.pdf
92556,24558,MATHE1_ESC_CI_ecrit_juin.pdf,ESC/2023/CI/MATHE1_ESC_CI_ecrit_juin.pdf
92557,24558,MATHE1_ESC_CI_ecrit_juin_repêchage.pdf,ESC/2023/CI/MATHE1_ESC_CI_ecrit_juin_repêchage.pdf
92560,24558,MATHE2_ESC_CI_ecrit_automne.pdf,ESC/2023/CI/MATHE2_ESC_CI_ecrit_automne.pdf
92565,24558,MATHE2_ESC_CI_ecrit_juin.pdf,ESC/2023/CI/MATHE2_ESC_CI_ecrit_juin.pdf
92564,24558,MATHE2_ESC_CI_ecrit_juin_repêchage.pdf,ESC/2023/CI/MATHE2_ESC_CI_ecrit_juin_repêchage.pdf
92569,24558,PHYSI_ESC_CI_ecrit_juin.pdf,ESC/2023/CI/PHYSI_ESC_CI_ecrit_juin.pdf
92570,24558,PHYSI_ESC_CI_ecrit_juin_repêchage.pdf,ESC/2023/CI/PHYSI_ESC_CI_ecrit_juin_repêchage.pdf
92566,24558,SCIPR_ESC_CI_ecrit_juin.pdf,ESC/2023/CI/SCIPR_ESC_CI_ecrit_juin.pdf
92568,24558,SCIPR_ESC_CI_ecrit_juin_repêchage.pdf,ESC/2023/CI/SCIPR_ESC_CI_ecrit_juin_repêchage.pdf
92552,24558,TECAP(MAIOU)_ESC_CI_ecrit_automne.pdf,ESC/2023/CI/TECAP(MAIOU)_ESC_CI_ecrit_automne.pdf
92553,24558,TECAP(TEINN)_ESC_CI_ecrit_automne.pdf,ESC/2023/CI/TECAP(TEINN)_ESC_CI_ecrit_automne.pdf
24550,24538,DAES,ESC/2023/DAES
92009,24550,ALLEM_DAES_écrit juin.pdf,ESC/2023/DAES/ALLEM_DAES_écrit juin.pdf
92010,24550,ALLEM_DAES_écrit_repêchage.pdf,ESC/2023/DAES/ALLEM_DAES_écrit_repêchage.pdf
92021,24550,ANGLA_DAES_écrit juin.pdf,ESC/2023/DAES/ANGLA_DAES_écrit juin.pdf
92022,24550,ANGLA_DAES_écrit_repêchage.pdf,ESC/2023/DAES/ANGLA_DAES_écrit_repêchage.pdf
92023,24550,BIOLO_DAES_écrit_juin.pdf,ESC/2023/DAES/BIOLO_DAES_écrit_juin.pdf
92026,24550,BIOLO_DAES_écrit_repêchage.pdf,ESC/2023/DAES/BIOLO_DAES_écrit_repêchage.pdf
92018,24550,BIOLO_int_DAES_écrit_juin.pdf,ESC/2023/DAES/BIOLO_int_DAES_écrit_juin.pdf
92012,24550,BIOLO_int_DAES_écrit_repêchage.pdf,ESC/2023/DAES/BIOLO_int_DAES_écrit_repêchage.pdf
92025,24550,CHIMI_DAES_écrit_juin.pdf,ESC/2023/DAES/CHIMI_DAES_écrit_juin.pdf
92024,24550,CHIMIE_DAES_écrit_repêchage.pdf,ESC/2023/DAES/CHIMIE_DAES_écrit_repêchage.pdf
92033,24550,EARTS_DAES_écrit juin.pdf,ESC/2023/DAES/EARTS_DAES_écrit juin.pdf
92030,24550,EARTS_DAES_écrit_repêchage.pdf,ESC/2023/DAES/EARTS_DAES_écrit_repêchage.pdf
92031,24550,EARTS_int_DAES_écrit juin.pdf,ESC/2023/DAES/EARTS_int_DAES_écrit juin.pdf
92014,24550,FRAES_DAES_écrit juin.pdf,ESC/2023/DAES/FRAES_DAES_écrit juin.pdf
92013,24550,FRANC_DAES_écrit juin.pdf,ESC/2023/DAES/FRANC_DAES_écrit juin.pdf
92027,24550,GEOGR_DAES_écrit juin.pdf,ESC/2023/DAES/GEOGR_DAES_écrit juin.pdf
92028,24550,HISTO_DAES_écrit juin.pdf,ESC/2023/DAES/HISTO_DAES_écrit juin.pdf
92032,24550,HISTO_DAES_écrit_repêchage.pdf,ESC/2023/DAES/HISTO_DAES_écrit_repêchage.pdf
92020,24550,MATAP_DAES_écrit_juin.pdf,ESC/2023/DAES/MATAP_DAES_écrit_juin.pdf
92016,24550,MATAP_int_DAES_écrit_juin.pdf,ESC/2023/DAES/MATAP_int_DAES_écrit_juin.pdf
92029,24550,MATHE_DAES_écrit juin.pdf,ESC/2023/DAES/MATHE_DAES_écrit juin.pdf
92017,24550,PHILO_DAES_écrit juin.pdf,ESC/2023/DAES/PHILO_DAES_écrit juin.pdf
92019,24550,PHILO_DAES_écrit_repêchage.pdf,ESC/2023/DAES/PHILO_DAES_écrit_repêchage.pdf
92015,24550,PHYSI_DAES_écrit juin.pdf,ESC/2023/DAES/PHYSI_DAES_écrit juin.pdf
92011,24550,SCIES_DAES_écrit juin.pdf,ESC/2023/DAES/SCIES_DAES_écrit juin.pdf
24786,1920,2024,ESC/2024
24787,24786,CA,ESC/2024/CA
94164,24787,ALLEM (ANTXT)_CA_ecrit_juin.pdf,ESC/2024/CA/ALLEM (ANTXT)_CA_ecrit_juin.pdf
94174,24787,ALLEM (ANTXT)_CA_ecrit_juin_repechage.pdf,ESC/2024/CA/ALLEM (ANTXT)_CA_ecrit_juin_repechage.pdf
94171,24787,ALLEM (DISLI)_CA_ecrit_juin.pdf,ESC/2024/CA/ALLEM (DISLI)_CA_ecrit_juin.pdf
94155,24787,ALLEM (DISLI)_CA_ecrit_juin_repechage.pdf,ESC/2024/CA/ALLEM (DISLI)_CA_ecrit_juin_repechage.pdf
94165,24787,ANGLA (TXCON)_CA_ecrit_juin.pdf,ESC/2024/CA/ANGLA (TXCON)_CA_ecrit_juin.pdf
94162,24787,ANGLA (TXCON)_CA_ecrit_juin_repechage.pdf,ESC/2024/CA/ANGLA (TXCON)_CA_ecrit_juin_repechage.pdf
94152,24787,ANGLA (TXINC)_CA_ecrit_juin.pdf,ESC/2024/CA/ANGLA (TXINC)_CA_ecrit_juin.pdf
94153,24787,ANGLA (TXINC)_CA_ecrit_juin_repechage.pdf,ESC/2024/CA/ANGLA (TXINC)_CA_ecrit_juin_repechage.pdf
94183,24787,CHINO_CA-CG_ecrit_juin.pdf,ESC/2024/CA/CHINO_CA-CG_ecrit_juin.pdf
94186,24787,CMPRM (COMME)_CA-LLCO_CI_ecrit_juin.pdf,ESC/2024/CA/CMPRM (COMME)_CA-LLCO_CI_ecrit_juin.pdf
94187,24787,CMPRM (COMME)_CA-LLCO_CI_ecrit_juin_repechage.pdf,ESC/2024/CA/CMPRM (COMME)_CA-LLCO_CI_ecrit_juin_repechage.pdf
94163,24787,ECOGN_CA_CB_CC_ecrit_juin.pdf,ESC/2024/CA/ECOGN_CA_CB_CC_ecrit_juin.pdf
94167,24787,ECOGN_CA_CB_CC_ecrit_juin_repechage.pdf,ESC/2024/CA/ECOGN_CA_CB_CC_ecrit_juin_repechage.pdf
94166,24787,ECOGN_CA_CB_CC_ecrit_septembre.pdf,ESC/2024/CA/ECOGN_CA_CB_CC_ecrit_septembre.pdf
94184,24787,ESPAN_CA_ecrit_juin.pdf,ESC/2024/CA/ESPAN_CA_ecrit_juin.pdf
94175,24787,ESPAN_CA_ecrit_juin_repechage.pdf,ESC/2024/CA/ESPAN_CA_ecrit_juin_repechage.pdf
94160,24787,ESPAN_CA_ecrit_septembre.pdf,ESC/2024/CA/ESPAN_CA_ecrit_septembre.pdf
94158,24787,FRANC (ANLTI)_CA_ecrit_juin.pdf,ESC/2024/CA/FRANC (ANLTI)_CA_ecrit_juin.pdf
94157,24787,FRANC (ANLTI)_CA_ecrit_juin_repechage.pdf,ESC/2024/CA/FRANC (ANLTI)_CA_ecrit_juin_repechage.pdf
94161,24787,FRANC (ANLTI)_CA_ecrit_septembre.pdf,ESC/2024/CA/FRANC (ANLTI)_CA_ecrit_septembre.pdf
94156,24787,FRANC (DISLI)_CA_ecrit_juin.pdf,ESC/2024/CA/FRANC (DISLI)_CA_ecrit_juin.pdf
94154,24787,FRANC (DISLI)_CA_ecrit_juin_repechage.pdf,ESC/2024/CA/FRANC (DISLI)_CA_ecrit_juin_repechage.pdf
94159,24787,FRANC (DISLI)_CA_ecrit_septembre.pdf,ESC/2024/CA/FRANC (DISLI)_CA_ecrit_septembre.pdf
94181,24787,HISTO_CA_CB_CC_CD_CG_ecrit_juin.pdf,ESC/2024/CA/HISTO_CA_CB_CC_CD_CG_ecrit_juin.pdf
94179,24787,HISTO_CA_CB_CC_CD_CG_ecrit_juin_repechage.pdf,ESC/2024/CA/HISTO_CA_CB_CC_CD_CG_ecrit_juin_repechage.pdf
94182,24787,HISTO_CA_CB_CC_CD_CG_ecrit_septembre.pdf,ESC/2024/CA/HISTO_CA_CB_CC_CD_CG_ecrit_septembre.pdf
94180,24787,HISTO_CA_CB_CC_CD_CG_ecrit_septembre_repechage.pdf,ESC/2024/CA/HISTO_CA_CB_CC_CD_CG_ecrit_septembre_repechage.pdf
94168,24787,ITALI_CA_ecrit_juin.pdf,ESC/2024/CA/ITALI_CA_ecrit_juin.pdf
94169,24787,ITALI_CA_ecrit_juin_repechage.pdf,ESC/2024/CA/ITALI_CA_ecrit_juin_repechage.pdf
94172,24787,LATIN_CA_CB_CC_CD_CE_CF_CG_CI_ecrit_juin.pdf,ESC/2024/CA/LATIN_CA_CB_CC_CD_CE_CF_CG_CI_ecrit_juin.pdf
94173,24787,LATIN_CA_CB_CC_CD_CE_CF_CG_CI_ecrit_juin_repechage.pdf,ESC/2024/CA/LATIN_CA_CB_CC_CD_CE_CF_CG_CI_ecrit_juin_repechage.pdf
94170,24787,LITCO_CA-LLCO_ecrit_juin.pdf,ESC/2024/CA/LITCO_CA-LLCO_ecrit_juin.pdf
94177,24787,PHILO_CA_CD_CG_ecrit_juin.pdf,ESC/2024/CA/PHILO_CA_CD_CG_ecrit_juin.pdf
94178,24787,PHILO_CA_CD_CG_ecrit_juin_repechage.pdf,ESC/2024/CA/PHILO_CA_CD_CG_ecrit_juin_repechage.pdf
94185,24787,PHILO_CA_CD_CG_ecrit_septembre.pdf,ESC/2024/CA/PHILO_CA_CD_CG_ecrit_septembre.pdf
94176,24787,PSYCO_CA-PSYA-PSYF_ecrit_juin.pdf,ESC/2024/CA/PSYCO_CA-PSYA-PSYF_ecrit_juin.pdf
24788,24786,CB,ESC/2024/CB
24789,24788,CC,ESC/2024/CB/CC
94198,24788,ALLEM_CB-CI_ecrit_juin.pdf,ESC/2024/CB/ALLEM_CB-CI_ecrit_juin.pdf
94206,24788,ALLEM_CB-CI_ecrit_juin_repechage.pdf,ESC/2024/CB/ALLEM_CB-CI_ecrit_juin_repechage.pdf
94212,24788,ALLEM_CB-CI_ecrit_septembre.pdf,ESC/2024/CB/ALLEM_CB-CI_ecrit_septembre.pdf
94203,24788,ALLEM_CB-CI_ecrit_septembre_repechage.pdf,ESC/2024/CB/ALLEM_CB-CI_ecrit_septembre_repechage.pdf
94188,24788,ANGLA_CB-CI_ecrit_juin.pdf,ESC/2024/CB/ANGLA_CB-CI_ecrit_juin.pdf
94199,24788,ANGLA_CB-CI_ecrit_juin_repechage.pdf,ESC/2024/CB/ANGLA_CB-CI_ecrit_juin_repechage.pdf
94209,24788,ANGLA_CB-CI_ecrit_septembre.pdf,ESC/2024/CB/ANGLA_CB-CI_ecrit_septembre.pdf
94217,24788,CHIMI_CB_CC_ecrit_juin.pdf,ESC/2024/CB/CHIMI_CB_CC_ecrit_juin.pdf
94224,24788,CHIMI_CB_CC_ecrit_juin_repechage.pdf,ESC/2024/CB/CHIMI_CB_CC_ecrit_juin_repechage.pdf
94220,24788,CHIMI_CB_CC_ecrit_septembre.pdf,ESC/2024/CB/CHIMI_CB_CC_ecrit_septembre.pdf
94229,24788,CHIMI_CB_CC_ecrit_septembre_repechage.pdf,ESC/2024/CB/CHIMI_CB_CC_ecrit_septembre_repechage.pdf
94216,24788,CHINO_CA-CG_ecrit_juin.pdf,ESC/2024/CB/CHINO_CA-CG_ecrit_juin.pdf
94190,24788,ECOGN_CA_CB_CC_ecrit_juin.pdf,ESC/2024/CB/ECOGN_CA_CB_CC_ecrit_juin.pdf
94189,24788,ECOGN_CA_CB_CC_ecrit_juin_repechage.pdf,ESC/2024/CB/ECOGN_CA_CB_CC_ecrit_juin_repechage.pdf
94191,24788,ECOGN_CA_CB_CC_ecrit_septembre.pdf,ESC/2024/CB/ECOGN_CA_CB_CC_ecrit_septembre.pdf
94192,24788,ESPAN_4LANG_ecrit_juin.pdf,ESC/2024/CB/ESPAN_4LANG_ecrit_juin.pdf
94193,24788,ESPAN_4LANG_ecrit_juin_repechage.pdf,ESC/2024/CB/ESPAN_4LANG_ecrit_juin_repechage.pdf
94194,24788,FRANC_CB-CI_ecrit_juin.pdf,ESC/2024/CB/FRANC_CB-CI_ecrit_juin.pdf
94195,24788,FRANC_CB-CI_ecrit_septembre.pdf,ESC/2024/CB/FRANC_CB-CI_ecrit_septembre.pdf
94215,24788,HISTO_CA_CB_CC_CD_CG_ecrit_juin.pdf,ESC/2024/CB/HISTO_CA_CB_CC_CD_CG_ecrit_juin.pdf
94200,24788,HISTO_CA_CB_CC_CD_CG_ecrit_juin_repechage.pdf,ESC/2024/CB/HISTO_CA_CB_CC_CD_CG_ecrit_juin_repechage.pdf
94218,24788,HISTO_CA_CB_CC_CD_CG_ecrit_septembre.pdf,ESC/2024/CB/HISTO_CA_CB_CC_CD_CG_ecrit_septembre.pdf
94219,24788,HISTO_CA_CB_CC_CD_CG_ecrit_septembre_repechage.pdf,ESC/2024/CB/HISTO_CA_CB_CC_CD_CG_ecrit_septembre_repechage.pdf
94201,24788,ITALI_4LANG_ecrit_juin.pdf,ESC/2024/CB/ITALI_4LANG_ecrit_juin.pdf
94211,24788,ITALI_4LANG_ecrit_juin_repechage.pdf,ESC/2024/CB/ITALI_4LANG_ecrit_juin_repechage.pdf
94197,24788,LATIN_CA_CB_CC_CD_CE_CF_CG_CI_ecrit_juin.pdf,ESC/2024/CB/LATIN_CA_CB_CC_CD_CE_CF_CG_CI_ecrit_juin.pdf
94196,24788,LATIN_CA_CB_CC_CD_CE_CF_CG_CI_ecrit_juin_repechage.pdf,ESC/2024/CB/LATIN_CA_CB_CC_CD_CE_CF_CG_CI_ecrit_juin_repechage.pdf
94208,24788,MATHE_CB_ecrit_juin.pdf,ESC/2024/CB/MATHE_CB_ecrit_juin.pdf
94210,24788,MATHE_CB_ecrit_juin_repechage.pdf,ESC/2024/CB/MATHE_CB_ecrit_juin_repechage.pdf
94207,24788,MATHE_CB_ecrit_septembre.pdf,ESC/2024/CB/MATHE_CB_ecrit_septembre.pdf
94204,24788,MATHE_CB_ecrit_septembre_repechage.pdf,ESC/2024/CB/MATHE_CB_ecrit_septembre_repechage.pdf
94223,24788,MATIN (INFOR)_CB_ecrit_juin.pdf,ESC/2024/CB/MATIN (INFOR)_CB_ecrit_juin.pdf
94228,24788,MATIN (INFOR)_CB_ecrit_juin_repechage.pdf,ESC/2024/CB/MATIN (INFOR)_CB_ecrit_juin_repechage.pdf
94222,24788,MATIN (INFOR)_CB_ecrit_septembre.pdf,ESC/2024/CB/MATIN (INFOR)_CB_ecrit_septembre.pdf
94221,24788,MATIN (MATH2)_CB_ecrit_juin.pdf,ESC/2024/CB/MATIN (MATH2)_CB_ecrit_juin.pdf
94214,24788,MATIN (MATH2)_CB_ecrit_juin_repechage.pdf,ESC/2024/CB/MATIN (MATH2)_CB_ecrit_juin_repechage.pdf
94202,24788,PHILO_CB_CC_CI_ecrit_juin.pdf,ESC/2024/CB/PHILO_CB_CC_CI_ecrit_juin.pdf
94213,24788,PHILO_CB_CC_CI_ecrit_juin_repechage.pdf,ESC/2024/CB/PHILO_CB_CC_CI_ecrit_juin_repechage.pdf
94205,24788,PHILO_CB_CC_CI_ecrit_septembre.pdf,ESC/2024/CB/PHILO_CB_CC_CI_ecrit_septembre.pdf
94227,24788,PHYSI_CB_CC_ecrit_juin.pdf,ESC/2024/CB/PHYSI_CB_CC_ecrit_juin.pdf
94226,24788,PHYSI_CB_CC_ecrit_juin_repechage.pdf,ESC/2024/CB/PHYSI_CB_CC_ecrit_juin_repechage.pdf
94225,24788,PHYSI_CB_CC_ecrit_septembre.pdf,ESC/2024/CB/PHYSI_CB_CC_ecrit_septembre.pdf
24790,24786,CC,ESC/2024/CC
94244,24790,ALLEM_CB-CI_ecrit_juin.pdf,ESC/2024/CC/ALLEM_CB-CI_ecrit_juin.pdf
94248,24790,ALLEM_CB-CI_ecrit_juin_repechage.pdf,ESC/2024/CC/ALLEM_CB-CI_ecrit_juin_repechage.pdf
94233,24790,ALLEM_CB-CI_ecrit_septembre.pdf,ESC/2024/CC/ALLEM_CB-CI_ecrit_septembre.pdf
94230,24790,ALLEM_CB-CI_ecrit_septembre_repechage.pdf,ESC/2024/CC/ALLEM_CB-CI_ecrit_septembre_repechage.pdf
94253,24790,ANGLA_CB-CI_ecrit_juin.pdf,ESC/2024/CC/ANGLA_CB-CI_ecrit_juin.pdf
94249,24790,ANGLA_CB-CI_ecrit_juin_repechage.pdf,ESC/2024/CC/ANGLA_CB-CI_ecrit_juin_repechage.pdf
94242,24790,ANGLA_CB-CI_ecrit_septembre.pdf,ESC/2024/CC/ANGLA_CB-CI_ecrit_septembre.pdf
94259,24790,BIOLO_CC_ecrit_juin.pdf,ESC/2024/CC/BIOLO_CC_ecrit_juin.pdf
94265,24790,BIOLO_CC_ecrit_juin_repechage.pdf,ESC/2024/CC/BIOLO_CC_ecrit_juin_repechage.pdf
94266,24790,BIOLO_CC_ecrit_septembre.pdf,ESC/2024/CC/BIOLO_CC_ecrit_septembre.pdf
94260,24790,CHIMI_CB_CC_ecrit_juin.pdf,ESC/2024/CC/CHIMI_CB_CC_ecrit_juin.pdf
94262,24790,CHIMI_CB_CC_ecrit_juin_repechage.pdf,ESC/2024/CC/CHIMI_CB_CC_ecrit_juin_repechage.pdf
94261,24790,CHIMI_CB_CC_ecrit_septembre.pdf,ESC/2024/CC/CHIMI_CB_CC_ecrit_septembre.pdf
94268,24790,CHIMI_CB_CC_ecrit_septembre_repechage.pdf,ESC/2024/CC/CHIMI_CB_CC_ecrit_septembre_repechage.pdf
94267,24790,CHINO_CA-CG_ecrit_juin.pdf,ESC/2024/CC/CHINO_CA-CG_ecrit_juin.pdf
94231,24790,ECOGN_CA_CB_CC_ecrit_juin.pdf,ESC/2024/CC/ECOGN_CA_CB_CC_ecrit_juin.pdf
94232,24790,ECOGN_CA_CB_CC_ecrit_juin_repechage.pdf,ESC/2024/CC/ECOGN_CA_CB_CC_ecrit_juin_repechage.pdf
94234,24790,ECOGN_CA_CB_CC_ecrit_septembre.pdf,ESC/2024/CC/ECOGN_CA_CB_CC_ecrit_septembre.pdf
94235,24790,ESPAN_4LANG_ecrit_juin.pdf,ESC/2024/CC/ESPAN_4LANG_ecrit_juin.pdf
94236,24790,ESPAN_4LANG_ecrit_juin_repechage.pdf,ESC/2024/CC/ESPAN_4LANG_ecrit_juin_repechage.pdf
94246,24790,FRANC_CB-CI_ecrit_juin.pdf,ESC/2024/CC/FRANC_CB-CI_ecrit_juin.pdf
94238,24790,FRANC_CB-CI_ecrit_septembre.pdf,ESC/2024/CC/FRANC_CB-CI_ecrit_septembre.pdf
94255,24790,HISTO_CA_CB_CC_CD_CG_ecrit_juin.pdf,ESC/2024/CC/HISTO_CA_CB_CC_CD_CG_ecrit_juin.pdf
94256,24790,HISTO_CA_CB_CC_CD_CG_ecrit_juin_repechage.pdf,ESC/2024/CC/HISTO_CA_CB_CC_CD_CG_ecrit_juin_repechage.pdf
94254,24790,HISTO_CA_CB_CC_CD_CG_ecrit_septembre.pdf,ESC/2024/CC/HISTO_CA_CB_CC_CD_CG_ecrit_septembre.pdf
94258,24790,HISTO_CA_CB_CC_CD_CG_ecrit_septembre_repechage.pdf,ESC/2024/CC/HISTO_CA_CB_CC_CD_CG_ecrit_septembre_repechage.pdf
94240,24790,LATIN_CA_CB_CC_CD_CE_CF_CG_CI_ecrit_juin.pdf,ESC/2024/CC/LATIN_CA_CB_CC_CD_CE_CF_CG_CI_ecrit_juin.pdf
94239,24790,LATIN_CA_CB_CC_CD_CE_CF_CG_CI_ecrit_juin_repechage.pdf,ESC/2024/CC/LATIN_CA_CB_CC_CD_CE_CF_CG_CI_ecrit_juin_repechage.pdf
94250,24790,MATHE (ANALY)_CC_ecrit_juin.pdf,ESC/2024/CC/MATHE (ANALY)_CC_ecrit_juin.pdf
94257,24790,MATHE (ANALY)_CC_ecrit_juin_repechage.pdf,ESC/2024/CC/MATHE (ANALY)_CC_ecrit_juin_repechage.pdf
94252,24790,MATHE (ANALY)_CC_ecrit_septembre.pdf,ESC/2024/CC/MATHE (ANALY)_CC_ecrit_septembre.pdf
94247,24790,MATHE (STRUC)_CC_ecrit_juin.pdf,ESC/2024/CC/MATHE (STRUC)_CC_ecrit_juin.pdf
94245,24790,MATHE (STRUC)_CC_ecrit_juin_repechage.pdf,ESC/2024/CC/MATHE (STRUC)_CC_ecrit_juin_repechage.pdf
94237,24790,MATHE (STRUC)_CC_ecrit_septembre.pdf,ESC/2024/CC/MATHE (STRUC)_CC_ecrit_septembre.pdf
94243,24790,PHILO_CB_CC_CI_ecrit_juin.pdf,ESC/2024/CC/PHILO_CB_CC_CI_ecrit_juin.pdf
94251,24790,PHILO_CB_CC_CI_ecrit_juin_repechage.pdf,ESC/2024/CC/PHILO_CB_CC_CI_ecrit_juin_repechage.pdf
94241,24790,PHILO_CB_CC_CI_ecrit_septembre.pdf,ESC/2024/CC/PHILO_CB_CC_CI_ecrit_septembre.pdf
94269,24790,PHYSI_CB_CC_ecrit_juin.pdf,ESC/2024/CC/PHYSI_CB_CC_ecrit_juin.pdf
94263,24790,PHYSI_CB_CC_ecrit_juin_repechage.pdf,ESC/2024/CC/PHYSI_CB_CC_ecrit_juin_repechage.pdf
94264,24790,PHYSI_CB_CC_ecrit_septembre.pdf,ESC/2024/CC/PHYSI_CB_CC_ecrit_septembre.pdf
24791,24786,CD,ESC/2024/CD
94290,24791,ALLEM_CB-CI_ecrit_juin.pdf,ESC/2024/CD/ALLEM_CB-CI_ecrit_juin.pdf
94295,24791,ALLEM_CB-CI_ecrit_juin_repechage.pdf,ESC/2024/CD/ALLEM_CB-CI_ecrit_juin_repechage.pdf
94275,24791,ALLEM_CB-CI_ecrit_septembre.pdf,ESC/2024/CD/ALLEM_CB-CI_ecrit_septembre.pdf
94287,24791,ALLEM_CB-CI_ecrit_septembre_repechage.pdf,ESC/2024/CD/ALLEM_CB-CI_ecrit_septembre_repechage.pdf
94298,24791,ANGLA_CB-CI_ecrit_juin.pdf,ESC/2024/CD/ANGLA_CB-CI_ecrit_juin.pdf
94299,24791,ANGLA_CB-CI_ecrit_juin_repechage.pdf,ESC/2024/CD/ANGLA_CB-CI_ecrit_juin_repechage.pdf
94270,24791,ANGLA_CB-CI_ecrit_septembre.pdf,ESC/2024/CD/ANGLA_CB-CI_ecrit_septembre.pdf
94305,24791,CHINO_CA-CG_ecrit_juin.pdf,ESC/2024/CD/CHINO_CA-CG_ecrit_juin.pdf
94281,24791,ECOGE (SOCOM)_CD_ecrit_juin.pdf,ESC/2024/CD/ECOGE (SOCOM)_CD_ecrit_juin.pdf
94276,24791,ECOGE (SOCOM)_CD_ecrit_juin_repechage.pdf,ESC/2024/CD/ECOGE (SOCOM)_CD_ecrit_juin_repechage.pdf
94283,24791,ECOGE (SOCOM)_CD_ecrit_septembre.pdf,ESC/2024/CD/ECOGE (SOCOM)_CD_ecrit_septembre.pdf
94272,24791,ECOGE (STATI)_CD_ecrit_juin.pdf,ESC/2024/CD/ECOGE (STATI)_CD_ecrit_juin.pdf
94271,24791,ECOGE (STATI)_CD_ecrit_juin_repechage.pdf,ESC/2024/CD/ECOGE (STATI)_CD_ecrit_juin_repechage.pdf
94278,24791,ECOGE (STATI)_CD_ecrit_septembre.pdf,ESC/2024/CD/ECOGE (STATI)_CD_ecrit_septembre.pdf
94274,24791,ECOPO_CD_ecrit_juin.pdf,ESC/2024/CD/ECOPO_CD_ecrit_juin.pdf
94282,24791,ECOPO_CD_ecrit_juin_repechage.pdf,ESC/2024/CD/ECOPO_CD_ecrit_juin_repechage.pdf
94284,24791,ECOPO_CD_ecrit_septembre.pdf,ESC/2024/CD/ECOPO_CD_ecrit_septembre.pdf
94273,24791,ECOPO_CD_ecrit_septembre_repechage.pdf,ESC/2024/CD/ECOPO_CD_ecrit_septembre_repechage.pdf
94288,24791,ESPAN_4LANG_ecrit_juin.pdf,ESC/2024/CD/ESPAN_4LANG_ecrit_juin.pdf
94297,24791,ESPAN_4LANG_ecrit_juin_repechage.pdf,ESC/2024/CD/ESPAN_4LANG_ecrit_juin_repechage.pdf
94291,24791,FRANC_CB-CI_ecrit_juin.pdf,ESC/2024/CD/FRANC_CB-CI_ecrit_juin.pdf
94277,24791,FRANC_CB-CI_ecrit_septembre.pdf,ESC/2024/CD/FRANC_CB-CI_ecrit_septembre.pdf
94302,24791,HISTO_CA_CB_CC_CD_CG_ecrit_juin.pdf,ESC/2024/CD/HISTO_CA_CB_CC_CD_CG_ecrit_juin.pdf
94300,24791,HISTO_CA_CB_CC_CD_CG_ecrit_juin_repechage.pdf,ESC/2024/CD/HISTO_CA_CB_CC_CD_CG_ecrit_juin_repechage.pdf
94303,24791,HISTO_CA_CB_CC_CD_CG_ecrit_septembre.pdf,ESC/2024/CD/HISTO_CA_CB_CC_CD_CG_ecrit_septembre.pdf
94301,24791,HISTO_CA_CB_CC_CD_CG_ecrit_septembre_repechage.pdf,ESC/2024/CD/HISTO_CA_CB_CC_CD_CG_ecrit_septembre_repechage.pdf
94280,24791,LATIN_CA_CB_CC_CD_CE_CF_CG_CI_ecrit_juin.pdf,ESC/2024/CD/LATIN_CA_CB_CC_CD_CE_CF_CG_CI_ecrit_juin.pdf
94279,24791,LATIN_CA_CB_CC_CD_CE_CF_CG_CI_ecrit_juin_repechage.pdf,ESC/2024/CD/LATIN_CA_CB_CC_CD_CE_CF_CG_CI_ecrit_juin_repechage.pdf
94293,24791,MATHE (ANALY)_CD_CE-MATF_ecrit_juin.pdf,ESC/2024/CD/MATHE (ANALY)_CD_CE-MATF_ecrit_juin.pdf
94292,24791,MATHE (ANALY)_CD_CE-MATF_ecrit_septembre.pdf,ESC/2024/CD/MATHE (ANALY)_CD_CE-MATF_ecrit_septembre.pdf
94285,24791,MATHE (STRUC)_CD_CE-MATF_ecrit_juin.pdf,ESC/2024/CD/MATHE (STRUC)_CD_CE-MATF_ecrit_juin.pdf
94286,24791,MATHE (STRUC)_CD_CE-MATF_ecrit_juin_repechage.pdf,ESC/2024/CD/MATHE (STRUC)_CD_CE-MATF_ecrit_juin_repechage.pdf
94289,24791,MATHE (STRUC)_CD_CE-MATF_ecrit_septembre.pdf,ESC/2024/CD/MATHE (STRUC)_CD_CE-MATF_ecrit_septembre.pdf
94294,24791,PHILO_CA_CD_CG_ecrit_juin.pdf,ESC/2024/CD/PHILO_CA_CD_CG_ecrit_juin.pdf
94296,24791,PHILO_CA_CD_CG_ecrit_juin_repechage.pdf,ESC/2024/CD/PHILO_CA_CD_CG_ecrit_juin_repechage.pdf
94304,24791,PHILO_CA_CD_CG_ecrit_septembre.pdf,ESC/2024/CD/PHILO_CA_CD_CG_ecrit_septembre.pdf
24792,24786,CE,ESC/2024/CE
94307,24792,ALLEM_CB-CI_ecrit_juin.pdf,ESC/2024/CE/ALLEM_CB-CI_ecrit_juin.pdf
94328,24792,ALLEM_CB-CI_ecrit_juin_repechage.pdf,ESC/2024/CE/ALLEM_CB-CI_ecrit_juin_repechage.pdf
94319,24792,ALLEM_CB-CI_ecrit_septembre.pdf,ESC/2024/CE/ALLEM_CB-CI_ecrit_septembre.pdf
94320,24792,ALLEM_CB-CI_ecrit_septembre_repechage.pdf,ESC/2024/CE/ALLEM_CB-CI_ecrit_septembre_repechage.pdf
94338,24792,ANGLA_CB-CI_ecrit_juin.pdf,ESC/2024/CE/ANGLA_CB-CI_ecrit_juin.pdf
94336,24792,ANGLA_CB-CI_ecrit_juin_repechage.pdf,ESC/2024/CE/ANGLA_CB-CI_ecrit_juin_repechage.pdf
94337,24792,ANGLA_CB-CI_ecrit_septembre.pdf,ESC/2024/CE/ANGLA_CB-CI_ecrit_septembre.pdf
94341,24792,CHINO_CA-CG_ecrit_juin.pdf,ESC/2024/CE/CHINO_CA-CG_ecrit_juin.pdf
94327,24792,EDAR1 (COMVU)_CE_ecrit_juin.pdf,ESC/2024/CE/EDAR1 (COMVU)_CE_ecrit_juin.pdf
94326,24792,EDAR1 (COMVU)_CE_ecrit_septembre.pdf,ESC/2024/CE/EDAR1 (COMVU)_CE_ecrit_septembre.pdf
94322,24792,EDAR2 (GEODE)_CE_ecrit_juin.pdf,ESC/2024/CE/EDAR2 (GEODE)_CE_ecrit_juin.pdf
94324,24792,EDAR2 (GEODE)_CE_ecrit_septembre.pdf,ESC/2024/CE/EDAR2 (GEODE)_CE_ecrit_septembre.pdf
94306,24792,ESPAN_4LANG_ecrit_juin.pdf,ESC/2024/CE/ESPAN_4LANG_ecrit_juin.pdf
94329,24792,ESPAN_4LANG_ecrit_juin_repechage.pdf,ESC/2024/CE/ESPAN_4LANG_ecrit_juin_repechage.pdf
94333,24792,FRANC_CB-CI_ecrit_juin.pdf,ESC/2024/CE/FRANC_CB-CI_ecrit_juin.pdf
94308,24792,FRANC_CB-CI_ecrit_septembre.pdf,ESC/2024/CE/FRANC_CB-CI_ecrit_septembre.pdf
94340,24792,HISAR_CE_ecrit_juin.pdf,ESC/2024/CE/HISAR_CE_ecrit_juin.pdf
94335,24792,HISAR_CE_ecrit_septembre.pdf,ESC/2024/CE/HISAR_CE_ecrit_septembre.pdf
94334,24792,HISMU_CE_ecrit_juin.pdf,ESC/2024/CE/HISMU_CE_ecrit_juin.pdf
94311,24792,HISMU_CE_ecrit_juin_repechage.pdf,ESC/2024/CE/HISMU_CE_ecrit_juin_repechage.pdf
94331,24792,HISMU_CE_ecrit_septembre.pdf,ESC/2024/CE/HISMU_CE_ecrit_septembre.pdf
94312,24792,LATIN_CA_CB_CC_CD_CE_CF_CG_CI_ecrit_juin.pdf,ESC/2024/CE/LATIN_CA_CB_CC_CD_CE_CF_CG_CI_ecrit_juin.pdf
94309,24792,LATIN_CA_CB_CC_CD_CE_CF_CG_CI_ecrit_juin_repechage.pdf,ESC/2024/CE/LATIN_CA_CB_CC_CD_CE_CF_CG_CI_ecrit_juin_repechage.pdf
94318,24792,MATHE (ANALY)_CD_CE-MATF_ecrit_juin.pdf,ESC/2024/CE/MATHE (ANALY)_CD_CE-MATF_ecrit_juin.pdf
94332,24792,MATHE (ANALY)_CD_CE-MATF_ecrit_septembre.pdf,ESC/2024/CE/MATHE (ANALY)_CD_CE-MATF_ecrit_septembre.pdf
94314,24792,MATHE (STRUC)_CD_CE-MATF_ecrit_juin.pdf,ESC/2024/CE/MATHE (STRUC)_CD_CE-MATF_ecrit_juin.pdf
94323,24792,MATHE (STRUC)_CD_CE-MATF_ecrit_juin_repechage.pdf,ESC/2024/CE/MATHE (STRUC)_CD_CE-MATF_ecrit_juin_repechage.pdf
94310,24792,MATHE (STRUC)_CD_CE-MATF_ecrit_septembre.pdf,ESC/2024/CE/MATHE (STRUC)_CD_CE-MATF_ecrit_septembre.pdf
94339,24792,MATHE_CE_CF_CG_ecrit_juin.pdf,ESC/2024/CE/MATHE_CE_CF_CG_ecrit_juin.pdf
94313,24792,MATHE_CE_CF_CG_ecrit_juin_repechage.pdf,ESC/2024/CE/MATHE_CE_CF_CG_ecrit_juin_repechage.pdf
94325,24792,MATHE_CE_CF_CG_ecrit_septembre.pdf,ESC/2024/CE/MATHE_CE_CF_CG_ecrit_septembre.pdf
94321,24792,MATHE_CE_CF_CG_ecrit_septembre_repechage.pdf,ESC/2024/CE/MATHE_CE_CF_CG_ecrit_septembre_repechage.pdf
94330,24792,PHILO_CE_CF_ecrit_juin.pdf,ESC/2024/CE/PHILO_CE_CF_ecrit_juin.pdf
94315,24792,PHILO_CE_CF_ecrit_juin_repechage.pdf,ESC/2024/CE/PHILO_CE_CF_ecrit_juin_repechage.pdf
94316,24792,PHILO_CE_CF_ecrit_septembre.pdf,ESC/2024/CE/PHILO_CE_CF_ecrit_septembre.pdf
94317,24792,PHILO_CE_CF_ecrit_septembre_repechage.pdf,ESC/2024/CE/PHILO_CE_CF_ecrit_septembre_repechage.pdf
24793,24786,CF,ESC/2024/CF
94346,24793,ALLEM_CB-CI_ecrit_juin.pdf,ESC/2024/CF/ALLEM_CB-CI_ecrit_juin.pdf
94354,24793,ALLEM_CB-CI_ecrit_juin_repechage.pdf,ESC/2024/CF/ALLEM_CB-CI_ecrit_juin_repechage.pdf
94350,24793,ALLEM_CB-CI_ecrit_septembre.pdf,ESC/2024/CF/ALLEM_CB-CI_ecrit_septembre.pdf
94352,24793,ALLEM_CB-CI_ecrit_septembre_repechage.pdf,ESC/2024/CF/ALLEM_CB-CI_ecrit_septembre_repechage.pdf
94357,24793,ANGLA_CB-CI_ecrit_juin.pdf,ESC/2024/CF/ANGLA_CB-CI_ecrit_juin.pdf
94361,24793,ANGLA_CB-CI_ecrit_juin_repechage.pdf,ESC/2024/CF/ANGLA_CB-CI_ecrit_juin_repechage.pdf
94362,24793,ANGLA_CB-CI_ecrit_septembre.pdf,ESC/2024/CF/ANGLA_CB-CI_ecrit_septembre.pdf
94363,24793,CHINO_CA-CG_ecrit_juin.pdf,ESC/2024/CF/CHINO_CA-CG_ecrit_juin.pdf
94358,24793,FRANC_CB-CI_ecrit_juin.pdf,ESC/2024/CF/FRANC_CB-CI_ecrit_juin.pdf
94345,24793,FRANC_CB-CI_ecrit_septembre.pdf,ESC/2024/CF/FRANC_CB-CI_ecrit_septembre.pdf
94356,24793,HISAA_CF_CG_ecrit_juin.pdf,ESC/2024/CF/HISAA_CF_CG_ecrit_juin.pdf
94364,24793,HISAA_CF_CG_ecrit_juin_repechage.pdf,ESC/2024/CF/HISAA_CF_CG_ecrit_juin_repechage.pdf
94359,24793,HISAA_CF_CG_ecrit_septembre.pdf,ESC/2024/CF/HISAA_CF_CG_ecrit_septembre.pdf
94348,24793,LATIN_CA_CB_CC_CD_CE_CF_CG_CI_ecrit_juin.pdf,ESC/2024/CF/LATIN_CA_CB_CC_CD_CE_CF_CG_CI_ecrit_juin.pdf
94342,24793,LATIN_CA_CB_CC_CD_CE_CF_CG_CI_ecrit_juin_repechage.pdf,ESC/2024/CF/LATIN_CA_CB_CC_CD_CE_CF_CG_CI_ecrit_juin_repechage.pdf
94360,24793,MATHE_CE_CF_CG_ecrit_juin.pdf,ESC/2024/CF/MATHE_CE_CF_CG_ecrit_juin.pdf
94347,24793,MATHE_CE_CF_CG_ecrit_juin_repechage.pdf,ESC/2024/CF/MATHE_CE_CF_CG_ecrit_juin_repechage.pdf
94344,24793,MATHE_CE_CF_CG_ecrit_septembre.pdf,ESC/2024/CF/MATHE_CE_CF_CG_ecrit_septembre.pdf
94343,24793,MATHE_CE_CF_CG_ecrit_septembre_repechage.pdf,ESC/2024/CF/MATHE_CE_CF_CG_ecrit_septembre_repechage.pdf
94355,24793,PHILO_CE_CF_ecrit_juin.pdf,ESC/2024/CF/PHILO_CE_CF_ecrit_juin.pdf
94351,24793,PHILO_CE_CF_ecrit_juin_repechage.pdf,ESC/2024/CF/PHILO_CE_CF_ecrit_juin_repechage.pdf
94353,24793,PHILO_CE_CF_ecrit_septembre.pdf,ESC/2024/CF/PHILO_CE_CF_ecrit_septembre.pdf
94349,24793,PHILO_CE_CF_ecrit_septembre_repechage.pdf,ESC/2024/CF/PHILO_CE_CF_ecrit_septembre_repechage.pdf
24795,24786,CG,ESC/2024/CG
94385,24795,ALLEM_CB-CI_ecrit_juin.pdf,ESC/2024/CG/ALLEM_CB-CI_ecrit_juin.pdf
94392,24795,ALLEM_CB-CI_ecrit_juin_repechage.pdf,ESC/2024/CG/ALLEM_CB-CI_ecrit_juin_repechage.pdf
94395,24795,ALLEM_CB-CI_ecrit_septembre.pdf,ESC/2024/CG/ALLEM_CB-CI_ecrit_septembre.pdf
94388,24795,ALLEM_CB-CI_ecrit_septembre_repechage.pdf,ESC/2024/CG/ALLEM_CB-CI_ecrit_septembre_repechage.pdf
94401,24795,ANGLA_CB-CI_ecrit_juin.pdf,ESC/2024/CG/ANGLA_CB-CI_ecrit_juin.pdf
94405,24795,ANGLA_CB-CI_ecrit_juin_repechage.pdf,ESC/2024/CG/ANGLA_CB-CI_ecrit_juin_repechage.pdf
94403,24795,ANGLA_CB-CI_ecrit_septembre.pdf,ESC/2024/CG/ANGLA_CB-CI_ecrit_septembre.pdf
94412,24795,ARCUR_CG-URBS_ecrit_juin.pdf,ESC/2024/CG/ARCUR_CG-URBS_ecrit_juin.pdf
94408,24795,BRCO1 (GEOGR)_CG_ecrit_juin.pdf,ESC/2024/CG/BRCO1 (GEOGR)_CG_ecrit_juin.pdf
94410,24795,BRCO1 (GEOGR)_CG_ecrit_juin_repechage.pdf,ESC/2024/CG/BRCO1 (GEOGR)_CG_ecrit_juin_repechage.pdf
94411,24795,BRCO1 (GEOGR)_CG_ecrit_septembre.pdf,ESC/2024/CG/BRCO1 (GEOGR)_CG_ecrit_septembre.pdf
94365,24795,BRCO1 (GEOGR)_CG_ecrit_septembre_repechage.pdf,ESC/2024/CG/BRCO1 (GEOGR)_CG_ecrit_septembre_repechage.pdf
94366,24795,CHINO_CA-CG_ecrit_juin.pdf,ESC/2024/CG/CHINO_CA-CG_ecrit_juin.pdf
94367,24795,ECOPO_CG_ecrit_juin.pdf,ESC/2024/CG/ECOPO_CG_ecrit_juin.pdf
94376,24795,ECOPO_CG_ecrit_juin_repechage.pdf,ESC/2024/CG/ECOPO_CG_ecrit_juin_repechage.pdf
94389,24795,ECOPO_CG_ecrit_septembre.pdf,ESC/2024/CG/ECOPO_CG_ecrit_septembre.pdf
94380,24795,ECOPO_CG_ecrit_septembre_repechage.pdf,ESC/2024/CG/ECOPO_CG_ecrit_septembre_repechage.pdf
94370,24795,ESPAN_4LANG_ecrit_juin.pdf,ESC/2024/CG/ESPAN_4LANG_ecrit_juin.pdf
94379,24795,ESPAN_4LANG_ecrit_juin_repechage.pdf,ESC/2024/CG/ESPAN_4LANG_ecrit_juin_repechage.pdf
94390,24795,FRANC_CB-CI_ecrit_juin.pdf,ESC/2024/CG/FRANC_CB-CI_ecrit_juin.pdf
94372,24795,FRANC_CB-CI_ecrit_septembre.pdf,ESC/2024/CG/FRANC_CB-CI_ecrit_septembre.pdf
94399,24795,HISTO_CA_CB_CC_CD_CG_ecrit_juin.pdf,ESC/2024/CG/HISTO_CA_CB_CC_CD_CG_ecrit_juin.pdf
94407,24795,HISTO_CA_CB_CC_CD_CG_ecrit_juin_repechage.pdf,ESC/2024/CG/HISTO_CA_CB_CC_CD_CG_ecrit_juin_repechage.pdf
94391,24795,HISTO_CA_CB_CC_CD_CG_ecrit_septembre.pdf,ESC/2024/CG/HISTO_CA_CB_CC_CD_CG_ecrit_septembre.pdf
94400,24795,HISTO_CA_CB_CC_CD_CG_ecrit_septembre_repechage.pdf,ESC/2024/CG/HISTO_CA_CB_CC_CD_CG_ecrit_septembre_repechage.pdf
94368,24795,LATIN_CA_CB_CC_CD_CE_CF_CG_CI_ecrit_juin.pdf,ESC/2024/CG/LATIN_CA_CB_CC_CD_CE_CF_CG_CI_ecrit_juin.pdf
94369,24795,LATIN_CA_CB_CC_CD_CE_CF_CG_CI_ecrit_juin_repechage.pdf,ESC/2024/CG/LATIN_CA_CB_CC_CD_CE_CF_CG_CI_ecrit_juin_repechage.pdf
94397,24795,MATHE_CE_CF_CG_ecrit_juin.pdf,ESC/2024/CG/MATHE_CE_CF_CG_ecrit_juin.pdf
94373,24795,MATHE_CE_CF_CG_ecrit_juin_repechage.pdf,ESC/2024/CG/MATHE_CE_CF_CG_ecrit_juin_repechage.pdf
94393,24795,MATHE_CE_CF_CG_ecrit_septembre.pdf,ESC/2024/CG/MATHE_CE_CF_CG_ecrit_septembre.pdf
94374,24795,MATHE_CE_CF_CG_ecrit_septembre_repechage.pdf,ESC/2024/CG/MATHE_CE_CF_CG_ecrit_septembre_repechage.pdf
94396,24795,MATHF_CG-SPO_ecrit_juin.pdf,ESC/2024/CG/MATHF_CG-SPO_ecrit_juin.pdf
94371,24795,MATHF_CG-SPO_ecrit_juin_repechage.pdf,ESC/2024/CG/MATHF_CG-SPO_ecrit_juin_repechage.pdf
94375,24795,MATHF_CG-SPO_ecrit_septembre.pdf,ESC/2024/CG/MATHF_CG-SPO_ecrit_septembre.pdf
94402,24795,PHILO_CA_CD_CG_ecrit_juin.pdf,ESC/2024/CG/PHILO_CA_CD_CG_ecrit_juin.pdf
94378,24795,PHILO_CA_CD_CG_ecrit_juin_repechage.pdf,ESC/2024/CG/PHILO_CA_CD_CG_ecrit_juin_repechage.pdf
94409,24795,PHILO_CA_CD_CG_ecrit_septembre.pdf,ESC/2024/CG/PHILO_CA_CD_CG_ecrit_septembre.pdf
94387,24795,PHIPO_CG-SPO_ecrit_juin.pdf,ESC/2024/CG/PHIPO_CG-SPO_ecrit_juin.pdf
94394,24795,PHIPO_CG-SPO_ecrit_juin_repechage.pdf,ESC/2024/CG/PHIPO_CG-SPO_ecrit_juin_repechage.pdf
94381,24795,PHIPO_CG-SPO_ecrit_septembre.pdf,ESC/2024/CG/PHIPO_CG-SPO_ecrit_septembre.pdf
94406,24795,RELIN_CG-SPO_ecrit_juin.pdf,ESC/2024/CG/RELIN_CG-SPO_ecrit_juin.pdf
94404,24795,RELIN_CG-SPO_ecrit_juin_repechage.pdf,ESC/2024/CG/RELIN_CG-SPO_ecrit_juin_repechage.pdf
94386,24795,SCSOC_CG_ecrit_juin.pdf,ESC/2024/CG/SCSOC_CG_ecrit_juin.pdf
94384,24795,SCSOC_CG_ecrit_juin_repechage.pdf,ESC/2024/CG/SCSOC_CG_ecrit_juin_repechage.pdf
94383,24795,SCSOC_CG_ecrit_septembre.pdf,ESC/2024/CG/SCSOC_CG_ecrit_septembre.pdf
94382,24795,SCSOC_CG-SPO_ecrit_juin.pdf,ESC/2024/CG/SCSOC_CG-SPO_ecrit_juin.pdf
94377,24795,SCSOC_CG-SPO_ecrit_juin_repechage.pdf,ESC/2024/CG/SCSOC_CG-SPO_ecrit_juin_repechage.pdf
94398,24795,SOCIO_CG-URBS-COMED_ecrit_juin.pdf,ESC/2024/CG/SOCIO_CG-URBS-COMED_ecrit_juin.pdf
24794,24786,CI,ESC/2024/CI
94425,24794,ALLEM_CB-CI_ecrit_juin.pdf,ESC/2024/CI/ALLEM_CB-CI_ecrit_juin.pdf
94419,24794,ALLEM_CB-CI_ecrit_juin_repechage.pdf,ESC/2024/CI/ALLEM_CB-CI_ecrit_juin_repechage.pdf
94429,24794,ALLEM_CB-CI_ecrit_septembre.pdf,ESC/2024/CI/ALLEM_CB-CI_ecrit_septembre.pdf
94424,24794,ALLEM_CB-CI_ecrit_septembre_repechage.pdf,ESC/2024/CI/ALLEM_CB-CI_ecrit_septembre_repechage.pdf
94436,24794,AMINF_CI_ecrit_juin.pdf,ESC/2024/CI/AMINF_CI_ecrit_juin.pdf
94434,24794,AMINF_CI_ecrit_juin_repechage.pdf,ESC/2024/CI/AMINF_CI_ecrit_juin_repechage.pdf
94441,24794,AMINF_CI_ecrit_septembre.pdf,ESC/2024/CI/AMINF_CI_ecrit_septembre.pdf
94428,24794,ANGLA_CB-CI_ecrit_juin.pdf,ESC/2024/CI/ANGLA_CB-CI_ecrit_juin.pdf
94413,24794,ANGLA_CB-CI_ecrit_juin_repechage.pdf,ESC/2024/CI/ANGLA_CB-CI_ecrit_juin_repechage.pdf
94433,24794,ANGLA_CB-CI_ecrit_septembre.pdf,ESC/2024/CI/ANGLA_CB-CI_ecrit_septembre.pdf
94444,24794,CMPRM (COMME)_CA-LLCO_CI_ecrit_juin.pdf,ESC/2024/CI/CMPRM (COMME)_CA-LLCO_CI_ecrit_juin.pdf
94446,24794,CMPRM (COMME)_CA-LLCO_CI_ecrit_juin_repechage.pdf,ESC/2024/CI/CMPRM (COMME)_CA-LLCO_CI_ecrit_juin_repechage.pdf
94440,24794,ECOFI_CI_ecrit_juin.pdf,ESC/2024/CI/ECOFI_CI_ecrit_juin.pdf
94445,24794,ECOFI_CI_ecrit_juin_repechage.pdf,ESC/2024/CI/ECOFI_CI_ecrit_juin_repechage.pdf
94442,24794,ECOFI_CI_ecrit_septembre.pdf,ESC/2024/CI/ECOFI_CI_ecrit_septembre.pdf
94431,24794,FRANC_CB-CI_ecrit_juin.pdf,ESC/2024/CI/FRANC_CB-CI_ecrit_juin.pdf
94420,24794,FRANC_CB-CI_ecrit_septembre.pdf,ESC/2024/CI/FRANC_CB-CI_ecrit_septembre.pdf
94415,24794,LATIN_CA_CB_CC_CD_CE_CF_CG_CI_ecrit_juin.pdf,ESC/2024/CI/LATIN_CA_CB_CC_CD_CE_CF_CG_CI_ecrit_juin.pdf
94418,24794,LATIN_CA_CB_CC_CD_CE_CF_CG_CI_ecrit_juin_repechage.pdf,ESC/2024/CI/LATIN_CA_CB_CC_CD_CE_CF_CG_CI_ecrit_juin_repechage.pdf
94416,24794,MATHE (MATH1)_CI_ecrit_juin.pdf,ESC/2024/CI/MATHE (MATH1)_CI_ecrit_juin.pdf
94422,24794,MATHE (MATH1)_CI_ecrit_juin_repechage.pdf,ESC/2024/CI/MATHE (MATH1)_CI_ecrit_juin_repechage.pdf
94414,24794,MATHE (MATH1)_CI_ecrit_septembre.pdf,ESC/2024/CI/MATHE (MATH1)_CI_ecrit_septembre.pdf
94426,24794,MATHE (MATH2)_CI_ecrit_juin.pdf,ESC/2024/CI/MATHE (MATH2)_CI_ecrit_juin.pdf
94427,24794,MATHE (MATH2)_CI_ecrit_juin_repechage.pdf,ESC/2024/CI/MATHE (MATH2)_CI_ecrit_juin_repechage.pdf
94423,24794,MATHE (MATH2)_CI_ecrit_septembre.pdf,ESC/2024/CI/MATHE (MATH2)_CI_ecrit_septembre.pdf
94421,24794,PHILO_CB_CC_CI_ecrit_juin.pdf,ESC/2024/CI/PHILO_CB_CC_CI_ecrit_juin.pdf
94432,24794,PHILO_CB_CC_CI_ecrit_juin_repechage.pdf,ESC/2024/CI/PHILO_CB_CC_CI_ecrit_juin_repechage.pdf
94417,24794,PHILO_CB_CC_CI_ecrit_septembre.pdf,ESC/2024/CI/PHILO_CB_CC_CI_ecrit_septembre.pdf
94438,24794,PHYSI_CI_ecrit_juin.pdf,ESC/2024/CI/PHYSI_CI_ecrit_juin.pdf
94439,24794,PHYSI_CI_ecrit_juin_repechage.pdf,ESC/2024/CI/PHYSI_CI_ecrit_juin_repechage.pdf
94443,24794,PHYSI_CI_ecrit_septembre.pdf,ESC/2024/CI/PHYSI_CI_ecrit_septembre.pdf
94430,24794,SCIPR_CI_ecrit_juin.pdf,ESC/2024/CI/SCIPR_CI_ecrit_juin.pdf
94435,24794,SCIPR_CI_ecrit_juin_repechage.pdf,ESC/2024/CI/SCIPR_CI_ecrit_juin_repechage.pdf
94437,24794,SCIPR_CI_ecrit_septembre.pdf,ESC/2024/CI/SCIPR_CI_ecrit_septembre.pdf
24796,24786,DAES,ESC/2024/DAES
94454,24796,ALLEM_DAES_écrit_juin repêchage.pdf,ESC/2024/DAES/ALLEM_DAES_écrit_juin repêchage.pdf
94461,24796,ALLEM_DAES_écrit_juin.pdf,ESC/2024/DAES/ALLEM_DAES_écrit_juin.pdf
94459,24796,ALLEM_DAES_écrit_septembre repêchage.pdf,ESC/2024/DAES/ALLEM_DAES_écrit_septembre repêchage.pdf
94458,24796,ALLEM_DAES_écrit_septembre.pdf,ESC/2024/DAES/ALLEM_DAES_écrit_septembre.pdf
94474,24796,ANGLA_DAES_écrit_juin.pdf,ESC/2024/DAES/ANGLA_DAES_écrit_juin.pdf
94464,24796,ANGLA_DAES_écrit_septembre.pdf,ESC/2024/DAES/ANGLA_DAES_écrit_septembre.pdf
94477,24796,BIOLO_DAES_écrit TRAD_juin repêchage.pdf,ESC/2024/DAES/BIOLO_DAES_écrit TRAD_juin repêchage.pdf
94479,24796,BIOLO_DAES_écrit TRAD_juin.pdf,ESC/2024/DAES/BIOLO_DAES_écrit TRAD_juin.pdf
94476,24796,BIOLO_DAES_écrit TRAD_septembre.pdf,ESC/2024/DAES/BIOLO_DAES_écrit TRAD_septembre.pdf
94480,24796,BIOLO_DAES_écrit_juin.pdf,ESC/2024/DAES/BIOLO_DAES_écrit_juin.pdf
94475,24796,BIOLO_DAES_écrit_septembre.pdf,ESC/2024/DAES/BIOLO_DAES_écrit_septembre.pdf
94481,24796,CHIMI_DAES_écrit_juin repêchage.pdf,ESC/2024/DAES/CHIMI_DAES_écrit_juin repêchage.pdf
94447,24796,CHIMI_DAES_écrit_juin.pdf,ESC/2024/DAES/CHIMI_DAES_écrit_juin.pdf
94448,24796,EARTS_DAES_écrit_juin.pdf,ESC/2024/DAES/EARTS_DAES_écrit_juin.pdf
94449,24796,FRAES_DAES_écrit_juin.pdf,ESC/2024/DAES/FRAES_DAES_écrit_juin.pdf
94451,24796,FRAES_DAES_écrit_septembre.pdf,ESC/2024/DAES/FRAES_DAES_écrit_septembre.pdf
94450,24796,FRANC_DAES_écrit_juin.pdf,ESC/2024/DAES/FRANC_DAES_écrit_juin.pdf
94470,24796,GEOGR_DAES_écrit TRAD_juin.pdf,ESC/2024/DAES/GEOGR_DAES_écrit TRAD_juin.pdf
94473,24796,GEOGR_DAES_écrit_juin.pdf,ESC/2024/DAES/GEOGR_DAES_écrit_juin.pdf
94472,24796,HISTO_DAES_écrit TRAD_juin.pdf,ESC/2024/DAES/HISTO_DAES_écrit TRAD_juin.pdf
94483,24796,HISTO_DAES_écrit_juin repêchage.pdf,ESC/2024/DAES/HISTO_DAES_écrit_juin repêchage.pdf
94482,24796,HISTO_DAES_écrit_juin.pdf,ESC/2024/DAES/HISTO_DAES_écrit_juin.pdf
94463,24796,MATAP_DAES_écrit TRAD_juin repêchage.pdf,ESC/2024/DAES/MATAP_DAES_écrit TRAD_juin repêchage.pdf
94469,24796,MATAP_DAES_écrit TRAD_juin.pdf,ESC/2024/DAES/MATAP_DAES_écrit TRAD_juin.pdf
94468,24796,MATAP_DAES_écrit TRAD_septembre.pdf,ESC/2024/DAES/MATAP_DAES_écrit TRAD_septembre.pdf
94478,24796,MATAP_DAES_écrit_juin.pdf,ESC/2024/DAES/MATAP_DAES_écrit_juin.pdf
94462,24796,MATAP_DAES_écrit_septembre.pdf,ESC/2024/DAES/MATAP_DAES_écrit_septembre.pdf
94471,24796,MATHE_DAES_écrit_juin.pdf,ESC/2024/DAES/MATHE_DAES_écrit_juin.pdf
94456,24796,PHILO_DAES_écrit TRAD_septembre.pdf,ESC/2024/DAES/PHILO_DAES_écrit TRAD_septembre.pdf
94465,24796,PHILO_DAES_écrit_juin.pdf,ESC/2024/DAES/PHILO_DAES_écrit_juin.pdf
94466,24796,PHYSI_DAES_écrit TRAD_juin.pdf,ESC/2024/DAES/PHYSI_DAES_écrit TRAD_juin.pdf
94457,24796,PHYSI_DAES_écrit TRAD_septembre.pdf,ESC/2024/DAES/PHYSI_DAES_écrit TRAD_septembre.pdf
94467,24796,PHYSI_DAES_écrit_juin.pdf,ESC/2024/DAES/PHYSI_DAES_écrit_juin.pdf
94452,24796,PHYSI_DAES_écrit_septembre.pdf,ESC/2024/DAES/PHYSI_DAES_écrit_septembre.pdf
94455,24796,SCIES_DAES_écrit TRAD_juin.pdf,ESC/2024/DAES/SCIES_DAES_écrit TRAD_juin.pdf
94453,24796,SCIES_DAES_écrit TRAD_septembre.pdf,ESC/2024/DAES/SCIES_DAES_écrit TRAD_septembre.pdf
94460,24796,SCIES_DAES_écrit_juin.pdf,ESC/2024/DAES/SCIES_DAES_écrit_juin.pdf
2001,,ESG,ESG
2002,2001,2005,ESG/2005
2003,2002,Régime de la formation de technicien,ESG/2005/Régime de la formation de technicien
2004,2003,Division administrative et commerciale,ESG/2005/Régime de la formation de technicien/Division administrative et commerciale
5647,2004,ALLEM_T3CM_DE_03062005.pdf,ESG/2005/Régime de la formation de technicien/Division administrative et commerciale/ALLEM_T3CM_DE_03062005.pdf
5645,2004,ALLEM-AL_T3CM_DE_03062005.pdf,ESG/2005/Régime de la formation de technicien/Division administrative et commerciale/ALLEM-AL_T3CM_DE_03062005.pdf
5646,2004,ALLEM-FR_T3CM_DE_03062005.pdf,ESG/2005/Régime de la formation de technicien/Division administrative et commerciale/ALLEM-FR_T3CM_DE_03062005.pdf
5648,2004,ANGLA_T3CM_ANGL_01062005.pdf,ESG/2005/Régime de la formation de technicien/Division administrative et commerciale/ANGLA_T3CM_ANGL_01062005.pdf
5649,2004,COMGE_T3CM_FR_27052005.pdf,ESG/2005/Régime de la formation de technicien/Division administrative et commerciale/COMGE_T3CM_FR_27052005.pdf
5650,2004,COMPR_T3CM_FR_21052005.pdf,ESG/2005/Régime de la formation de technicien/Division administrative et commerciale/COMPR_T3CM_FR_21052005.pdf
5651,2004,ECOPO_T3CM_FR.pdf,ESG/2005/Régime de la formation de technicien/Division administrative et commerciale/ECOPO_T3CM_FR.pdf
5652,2004,EDUCS_T3CM_DE_FR_03062005.pdf,ESG/2005/Régime de la formation de technicien/Division administrative et commerciale/EDUCS_T3CM_DE_FR_03062005.pdf
5653,2004,FRANC_T3CM_FR_30052005.pdf,ESG/2005/Régime de la formation de technicien/Division administrative et commerciale/FRANC_T3CM_FR_30052005.pdf
2005,2003,Division agricole - section agricole,ESG/2005/Régime de la formation de technicien/Division agricole - section agricole
5632,2005,ACTAG_T3AG_DE_26052005.pdf,ESG/2005/Régime de la formation de technicien/Division agricole - section agricole/ACTAG_T3AG_DE_26052005.pdf
5633,2005,AGRON_PRAT_T3AG_DE_07062005.pdf,ESG/2005/Régime de la formation de technicien/Division agricole - section agricole/AGRON_PRAT_T3AG_DE_07062005.pdf
5634,2005,AGRON_T3AG_DE_06062005.pdf,ESG/2005/Régime de la formation de technicien/Division agricole - section agricole/AGRON_T3AG_DE_06062005.pdf
5635,2005,ALLEM_T3AG_DE.pdf,ESG/2005/Régime de la formation de technicien/Division agricole - section agricole/ALLEM_T3AG_DE.pdf
5636,2005,ANGLA_T3AG_ANGL.pdf,ESG/2005/Régime de la formation de technicien/Division agricole - section agricole/ANGLA_T3AG_ANGL.pdf
5637,2005,CHIMI_T3AG_DE_01062005.pdf,ESG/2005/Régime de la formation de technicien/Division agricole - section agricole/CHIMI_T3AG_DE_01062005.pdf
5638,2005,ECORU_T3AG_FR_30052005.pdf,ESG/2005/Régime de la formation de technicien/Division agricole - section agricole/ECORU_T3AG_FR_30052005.pdf
5639,2005,EDUCS_T3AG_DE_FR.pdf,ESG/2005/Régime de la formation de technicien/Division agricole - section agricole/EDUCS_T3AG_DE_FR.pdf
5640,2005,FRANC_Oral_T3AG_FR.pdf,ESG/2005/Régime de la formation de technicien/Division agricole - section agricole/FRANC_Oral_T3AG_FR.pdf
5641,2005,FRANC_T3AG_FR.pdf,ESG/2005/Régime de la formation de technicien/Division agricole - section agricole/FRANC_T3AG_FR.pdf
5642,2005,MATHE_T3AG_FR_03062005.pdf,ESG/2005/Régime de la formation de technicien/Division agricole - section agricole/MATHE_T3AG_FR_03062005.pdf
5643,2005,PHYSI_T3AG_DE_01062005.pdf,ESG/2005/Régime de la formation de technicien/Division agricole - section agricole/PHYSI_T3AG_DE_01062005.pdf
5644,2005,ZOOTE_T3AG_DE_13062005.pdf,ESG/2005/Régime de la formation de technicien/Division agricole - section agricole/ZOOTE_T3AG_DE_13062005.pdf
2006,2003,Division agricole - section environnement naturel,ESG/2005/Régime de la formation de technicien/Division agricole - section environnement naturel
5618,2006,ALLEM_T3EN_DE.pdf,ESG/2005/Régime de la formation de technicien/Division agricole - section environnement naturel/ALLEM_T3EN_DE.pdf
5619,2006,ANGLA_T3EN_ANGL.pdf,ESG/2005/Régime de la formation de technicien/Division agricole - section environnement naturel/ANGLA_T3EN_ANGL.pdf
5620,2006,CHIMI_T3EN_DE_01062005.pdf,ESG/2005/Régime de la formation de technicien/Division agricole - section environnement naturel/CHIMI_T3EN_DE_01062005.pdf
5621,2006,ECOLF_T3EN_DE_13062005.pdf,ESG/2005/Régime de la formation de technicien/Division agricole - section environnement naturel/ECOLF_T3EN_DE_13062005.pdf
5622,2006,EDUCS_T3EN_DE_FR.pdf,ESG/2005/Régime de la formation de technicien/Division agricole - section environnement naturel/EDUCS_T3EN_DE_FR.pdf
5623,2006,ETENV_T3EN_DE_06062005.pdf,ESG/2005/Régime de la formation de technicien/Division agricole - section environnement naturel/ETENV_T3EN_DE_06062005.pdf
5624,2006,ETFOR_T3EN_DE_30052005.pdf,ESG/2005/Régime de la formation de technicien/Division agricole - section environnement naturel/ETFOR_T3EN_DE_30052005.pdf
5625,2006,FRANC_T3EN_FR.pdf,ESG/2005/Régime de la formation de technicien/Division agricole - section environnement naturel/FRANC_T3EN_FR.pdf
5626,2006,MATHE_T3EN_FR_03062005.pdf,ESG/2005/Régime de la formation de technicien/Division agricole - section environnement naturel/MATHE_T3EN_FR_03062005.pdf
5627,2006,MECAN_ORAL_PRAT_T3EN_DE_07062005.pdf,ESG/2005/Régime de la formation de technicien/Division agricole - section environnement naturel/MECAN_ORAL_PRAT_T3EN_DE_07062005.pdf
5628,2006,MECAN_T3EN_DE_07062005.pdf,ESG/2005/Régime de la formation de technicien/Division agricole - section environnement naturel/MECAN_T3EN_DE_07062005.pdf
5629,2006,PHYSI_T3EN_DE_01062005.pdf,ESG/2005/Régime de la formation de technicien/Division agricole - section environnement naturel/PHYSI_T3EN_DE_01062005.pdf
5630,2006,TPFOE_ORAL_T3EN_DE_16062005.pdf,ESG/2005/Régime de la formation de technicien/Division agricole - section environnement naturel/TPFOE_ORAL_T3EN_DE_16062005.pdf
5631,2006,TPFOE_T3EN_DE_15062005.pdf,ESG/2005/Régime de la formation de technicien/Division agricole - section environnement naturel/TPFOE_T3EN_DE_15062005.pdf
2007,2003,Division agricole - section horticole,ESG/2005/Régime de la formation de technicien/Division agricole - section horticole
5600,2007,ALLEM_T3HR_DE.pdf,ESG/2005/Régime de la formation de technicien/Division agricole - section horticole/ALLEM_T3HR_DE.pdf
5601,2007,ANGLA_T3HR_ANGL.pdf,ESG/2005/Régime de la formation de technicien/Division agricole - section horticole/ANGLA_T3HR_ANGL.pdf
5602,2007,ATHFP_ORAL_T3HR_DE_06062005.pdf,ESG/2005/Régime de la formation de technicien/Division agricole - section horticole/ATHFP_ORAL_T3HR_DE_06062005.pdf
5603,2007,ATHMA_T3HR_DE_06062005.pdf,ESG/2005/Régime de la formation de technicien/Division agricole - section horticole/ATHMA_T3HR_DE_06062005.pdf
5604,2007,ATHPP_ORAL_T3HR_DE_08062005.pdf,ESG/2005/Régime de la formation de technicien/Division agricole - section horticole/ATHPP_ORAL_T3HR_DE_08062005.pdf
5605,2007,ATHPP_T3HR_DE_13062005.pdf,ESG/2005/Régime de la formation de technicien/Division agricole - section horticole/ATHPP_T3HR_DE_13062005.pdf
5606,2007,BIOTE_T3HR_DE_15062005.pdf,ESG/2005/Régime de la formation de technicien/Division agricole - section horticole/BIOTE_T3HR_DE_15062005.pdf
5607,2007,CHIMI_T3HR_DE_01062005.pdf,ESG/2005/Régime de la formation de technicien/Division agricole - section horticole/CHIMI_T3HR_DE_01062005.pdf
5608,2007,COPLA_T3HR_DE_08062005.pdf,ESG/2005/Régime de la formation de technicien/Division agricole - section horticole/COPLA_T3HR_DE_08062005.pdf
5609,2007,CULFL_T3HR_DE_30052005.pdf,ESG/2005/Régime de la formation de technicien/Division agricole - section horticole/CULFL_T3HR_DE_30052005.pdf
5610,2007,CULMA_T3HR_DE_26052005.pdf,ESG/2005/Régime de la formation de technicien/Division agricole - section horticole/CULMA_T3HR_DE_26052005.pdf
5611,2007,CULPP_T3HR_DE_30052005.pdf,ESG/2005/Régime de la formation de technicien/Division agricole - section horticole/CULPP_T3HR_DE_30052005.pdf
5612,2007,ECOHO_T3HR_DE_10062005.pdf,ESG/2005/Régime de la formation de technicien/Division agricole - section horticole/ECOHO_T3HR_DE_10062005.pdf
5613,2007,EDUCS_T3HR_DE_FR.pdf,ESG/2005/Régime de la formation de technicien/Division agricole - section horticole/EDUCS_T3HR_DE_FR.pdf
5614,2007,FRANC_T3HR_FR.pdf,ESG/2005/Régime de la formation de technicien/Division agricole - section horticole/FRANC_T3HR_FR.pdf
5615,2007,MATHE_T3HR_FR_03062005.pdf,ESG/2005/Régime de la formation de technicien/Division agricole - section horticole/MATHE_T3HR_FR_03062005.pdf
5616,2007,PHYSI_T3HR_DE_01062005.pdf,ESG/2005/Régime de la formation de technicien/Division agricole - section horticole/PHYSI_T3HR_DE_01062005.pdf
5617,2007,PHYTO_T3HR_DE_15062005.pdf,ESG/2005/Régime de la formation de technicien/Division agricole - section horticole/PHYTO_T3HR_DE_15062005.pdf
2008,2003,Division artistique - section design graphique,ESG/2005/Régime de la formation de technicien/Division artistique - section design graphique
5589,2008,ALLEM_T3DG_DE_27052005.pdf,ESG/2005/Régime de la formation de technicien/Division artistique - section design graphique/ALLEM_T3DG_DE_27052005.pdf
5590,2008,ANGLA_T3DG_ANGL_27052005.pdf,ESG/2005/Régime de la formation de technicien/Division artistique - section design graphique/ANGLA_T3DG_ANGL_27052005.pdf
5591,2008,ARTCO_T3DG_DE_FR_01072005.pdf,ESG/2005/Régime de la formation de technicien/Division artistique - section design graphique/ARTCO_T3DG_DE_FR_01072005.pdf
5592,2008,DEGRA_T3DG_FR_06-04062005.pdf,ESG/2005/Régime de la formation de technicien/Division artistique - section design graphique/DEGRA_T3DG_FR_06-04062005.pdf
5593,2008,DESOB_T3DG_FR_31052005.pdf,ESG/2005/Régime de la formation de technicien/Division artistique - section design graphique/DESOB_T3DG_FR_31052005.pdf
5594,2008,EDUCS_T3DG_DE_26052005.pdf,ESG/2005/Régime de la formation de technicien/Division artistique - section design graphique/EDUCS_T3DG_DE_26052005.pdf
5595,2008,FILAU_T3DG_FR_13-14062005.pdf,ESG/2005/Régime de la formation de technicien/Division artistique - section design graphique/FILAU_T3DG_FR_13-14062005.pdf
5596,2008,FRANC_T3DG_FR_27052005.pdf,ESG/2005/Régime de la formation de technicien/Division artistique - section design graphique/FRANC_T3DG_FR_27052005.pdf
5597,2008,INFOG_T3DG_FR_02062005.pdf,ESG/2005/Régime de la formation de technicien/Division artistique - section design graphique/INFOG_T3DG_FR_02062005.pdf
5598,2008,MATHA_T3DG_FR_30052005.pdf,ESG/2005/Régime de la formation de technicien/Division artistique - section design graphique/MATHA_T3DG_FR_30052005.pdf
5599,2008,PHOTO_T3DG_FR_13-14062005.pdf,ESG/2005/Régime de la formation de technicien/Division artistique - section design graphique/PHOTO_T3DG_FR_13-14062005.pdf
2009,2003,Division artistique - section expression plastique,ESG/2005/Régime de la formation de technicien/Division artistique - section expression plastique
5576,2009,ALLEM_T3EP_DE_27052005.PDF,ESG/2005/Régime de la formation de technicien/Division artistique - section expression plastique/ALLEM_T3EP_DE_27052005.PDF
5577,2009,ANGLA_T3EP_ANGL_27052005.pdf,ESG/2005/Régime de la formation de technicien/Division artistique - section expression plastique/ANGLA_T3EP_ANGL_27052005.pdf
5578,2009,ARTCO_T3EP_DE_FR_01062005.pdf,ESG/2005/Régime de la formation de technicien/Division artistique - section expression plastique/ARTCO_T3EP_DE_FR_01062005.pdf
5579,2009,DESOB_T3EP_FR_10062005.pdf,ESG/2005/Régime de la formation de technicien/Division artistique - section expression plastique/DESOB_T3EP_FR_10062005.pdf
5580,2009,EDUCS_T3EP_DE_26052005.pdf,ESG/2005/Régime de la formation de technicien/Division artistique - section expression plastique/EDUCS_T3EP_DE_26052005.pdf
5581,2009,FILAU_T3EP_FR_13-14062005.pdf,ESG/2005/Régime de la formation de technicien/Division artistique - section expression plastique/FILAU_T3EP_FR_13-14062005.pdf
5582,2009,FRANC_T3EP_FR_27052005.pdf,ESG/2005/Régime de la formation de technicien/Division artistique - section expression plastique/FRANC_T3EP_FR_27052005.pdf
5583,2009,INFOG_T3EP_DE_FR_30-31052005.pdf,ESG/2005/Régime de la formation de technicien/Division artistique - section expression plastique/INFOG_T3EP_DE_FR_30-31052005.pdf
5584,2009,MATHA_T3EP_FR_30052005.pdf,ESG/2005/Régime de la formation de technicien/Division artistique - section expression plastique/MATHA_T3EP_FR_30052005.pdf
5585,2009,PEINT_T3EP_FR_01-02062005.pdf,ESG/2005/Régime de la formation de technicien/Division artistique - section expression plastique/PEINT_T3EP_FR_01-02062005.pdf
5586,2009,PHOTO_T3EP_FR_13-14062005.pdf,ESG/2005/Régime de la formation de technicien/Division artistique - section expression plastique/PHOTO_T3EP_FR_13-14062005.pdf
5587,2009,TECIM_T3EP_FR_03062005.pdf,ESG/2005/Régime de la formation de technicien/Division artistique - section expression plastique/TECIM_T3EP_FR_03062005.pdf
5588,2009,VOLES_T3EP_DE_06-09062005.pdf,ESG/2005/Régime de la formation de technicien/Division artistique - section expression plastique/VOLES_T3EP_DE_06-09062005.pdf
2010,2003,Division chimique,ESG/2005/Régime de la formation de technicien/Division chimique
5560,2010,ALLEM_T3CH_DE.pdf,ESG/2005/Régime de la formation de technicien/Division chimique/ALLEM_T3CH_DE.pdf
5561,2010,ANGLA_T3CH_ANGL.pdf,ESG/2005/Régime de la formation de technicien/Division chimique/ANGLA_T3CH_ANGL.pdf
5562,2010,BIOTE_T3CH_DE_30052005.pdf,ESG/2005/Régime de la formation de technicien/Division chimique/BIOTE_T3CH_DE_30052005.pdf
5563,2010,CHIMN_T3CH_DE_03062005.pdf,ESG/2005/Régime de la formation de technicien/Division chimique/CHIMN_T3CH_DE_03062005.pdf
5564,2010,CHIMO_ORAL_T3CH_DE_15062005.pdf,ESG/2005/Régime de la formation de technicien/Division chimique/CHIMO_ORAL_T3CH_DE_15062005.pdf
5565,2010,CHIMO_T3CH_DE_06062005.pdf,ESG/2005/Régime de la formation de technicien/Division chimique/CHIMO_T3CH_DE_06062005.pdf
5566,2010,CHIPH_T3CH_DE_03062005.pdf,ESG/2005/Régime de la formation de technicien/Division chimique/CHIPH_T3CH_DE_03062005.pdf
5567,2010,EDUCS_T3CH_DE_FR.pdf,ESG/2005/Régime de la formation de technicien/Division chimique/EDUCS_T3CH_DE_FR.pdf
5568,2010,FRANC_Oral_T3CH_FR.pdf,ESG/2005/Régime de la formation de technicien/Division chimique/FRANC_Oral_T3CH_FR.pdf
5569,2010,FRANC_T3CH_FR.pdf,ESG/2005/Régime de la formation de technicien/Division chimique/FRANC_T3CH_FR.pdf
5570,2010,INFOR_T3CH_DE.pdf,ESG/2005/Régime de la formation de technicien/Division chimique/INFOR_T3CH_DE.pdf
5571,2010,MATHE_T3CH_FR_31052005.pdf,ESG/2005/Régime de la formation de technicien/Division chimique/MATHE_T3CH_FR_31052005.pdf
5572,2010,MEAPC_T3CH_DE_06062005.pdf,ESG/2005/Régime de la formation de technicien/Division chimique/MEAPC_T3CH_DE_06062005.pdf
5573,2010,PHYSI_T3CH_DE_01062005.pdf,ESG/2005/Régime de la formation de technicien/Division chimique/PHYSI_T3CH_DE_01062005.pdf
5574,2010,TPCHI_T3CH_DE_08-09062005.pdf,ESG/2005/Régime de la formation de technicien/Division chimique/TPCHI_T3CH_DE_08-09062005.pdf
5575,2010,TPCHI_T3CH_FR_08-09062005.pdf,ESG/2005/Régime de la formation de technicien/Division chimique/TPCHI_T3CH_FR_08-09062005.pdf
2018,2003,Division électrotechnique - section communication,ESG/2005/Régime de la formation de technicien/Division électrotechnique - section communication
5451,2018,ANGLA_T3EC_ANGL_27052005.pdf,ESG/2005/Régime de la formation de technicien/Division électrotechnique - section communication/ANGLA_T3EC_ANGL_27052005.pdf
5452,2018,ATTRO_T3EC_DE_8-910062005.pdf,ESG/2005/Régime de la formation de technicien/Division électrotechnique - section communication/ATTRO_T3EC_DE_8-910062005.pdf
5453,2018,ATTRO_T3EC_FR_8-910062005.pdf,ESG/2005/Régime de la formation de technicien/Division électrotechnique - section communication/ATTRO_T3EC_FR_8-910062005.pdf
5454,2018,EDUCS_T3EC_DE_FR_26052005.pdf,ESG/2005/Régime de la formation de technicien/Division électrotechnique - section communication/EDUCS_T3EC_DE_FR_26052005.pdf
5455,2018,FRANC_Oral_T3EC_FR.pdf,ESG/2005/Régime de la formation de technicien/Division électrotechnique - section communication/FRANC_Oral_T3EC_FR.pdf
5456,2018,INFAP_T3EC_DE_15062005.pdf,ESG/2005/Régime de la formation de technicien/Division électrotechnique - section communication/INFAP_T3EC_DE_15062005.pdf
5457,2018,INFAP_T3EC_FR_15062005.pdf,ESG/2005/Régime de la formation de technicien/Division électrotechnique - section communication/INFAP_T3EC_FR_15062005.pdf
5458,2018,MATHE_T3EC_FR_30052005.pdf,ESG/2005/Régime de la formation de technicien/Division électrotechnique - section communication/MATHE_T3EC_FR_30052005.pdf
5459,2018,MICEL_ORAL_T3EC_DE.pdf,ESG/2005/Régime de la formation de technicien/Division électrotechnique - section communication/MICEL_ORAL_T3EC_DE.pdf
5460,2018,MICEL_ORAL_T3EC_FR.pdf,ESG/2005/Régime de la formation de technicien/Division électrotechnique - section communication/MICEL_ORAL_T3EC_FR.pdf
5461,2018,MICEL_T3EC_DE_03062005.pdf,ESG/2005/Régime de la formation de technicien/Division électrotechnique - section communication/MICEL_T3EC_DE_03062005.pdf
5462,2018,SYSAL_T3EC_DE_06062005.pdf,ESG/2005/Régime de la formation de technicien/Division électrotechnique - section communication/SYSAL_T3EC_DE_06062005.pdf
5463,2018,SYSAL_T3EC_FR_06062005.pdf,ESG/2005/Régime de la formation de technicien/Division électrotechnique - section communication/SYSAL_T3EC_FR_06062005.pdf
5464,2018,TECAV_T3EC_DE_13062005.pdf,ESG/2005/Régime de la formation de technicien/Division électrotechnique - section communication/TECAV_T3EC_DE_13062005.pdf
5465,2018,TECAV_T3EC_FR_13062005.pdf,ESG/2005/Régime de la formation de technicien/Division électrotechnique - section communication/TECAV_T3EC_FR_13062005.pdf
5466,2018,TELCO_T3EC_DE_07062005.pdf,ESG/2005/Régime de la formation de technicien/Division électrotechnique - section communication/TELCO_T3EC_DE_07062005.pdf
5467,2018,TRANS_T3EC_DE_14062005.pdf,ESG/2005/Régime de la formation de technicien/Division électrotechnique - section communication/TRANS_T3EC_DE_14062005.pdf
5468,2018,TRANS_T3EC_FR_14062005.pdf,ESG/2005/Régime de la formation de technicien/Division électrotechnique - section communication/TRANS_T3EC_FR_14062005.pdf
2019,2003,Division électrotechnique - section énergie,ESG/2005/Régime de la formation de technicien/Division électrotechnique - section énergie
5440,2019,ANGLA_T3EE_ANGL_27052005.pdf,ESG/2005/Régime de la formation de technicien/Division électrotechnique - section énergie/ANGLA_T3EE_ANGL_27052005.pdf
5441,2019,ASSER_T3EE_DE_10062005.pdf,ESG/2005/Régime de la formation de technicien/Division électrotechnique - section énergie/ASSER_T3EE_DE_10062005.pdf
5442,2019,ATTRO_T3EE_DE_13062005.pdf,ESG/2005/Régime de la formation de technicien/Division électrotechnique - section énergie/ATTRO_T3EE_DE_13062005.pdf
5443,2019,EDUCS_T3EE_DE_FR_26052005.pdf,ESG/2005/Régime de la formation de technicien/Division électrotechnique - section énergie/EDUCS_T3EE_DE_FR_26052005.pdf
5444,2019,ELETE_T3EE_DE_06062005.pdf,ESG/2005/Régime de la formation de technicien/Division électrotechnique - section énergie/ELETE_T3EE_DE_06062005.pdf
5445,2019,FRANC_Oral_T3EE_FR.pdf,ESG/2005/Régime de la formation de technicien/Division électrotechnique - section énergie/FRANC_Oral_T3EE_FR.pdf
5446,2019,MACEL_T3EE_DE_09062005.pdf,ESG/2005/Régime de la formation de technicien/Division électrotechnique - section énergie/MACEL_T3EE_DE_09062005.pdf
5447,2019,MATHE_T3EE_FR_30052005.pdf,ESG/2005/Régime de la formation de technicien/Division électrotechnique - section énergie/MATHE_T3EE_FR_30052005.pdf
5448,2019,TECEN_Oral_T3EE_DE.pdf,ESG/2005/Régime de la formation de technicien/Division électrotechnique - section énergie/TECEN_Oral_T3EE_DE.pdf
5449,2019,TECEN_T3EE_DE_03062005.pdf,ESG/2005/Régime de la formation de technicien/Division électrotechnique - section énergie/TECEN_T3EE_DE_03062005.pdf
5450,2019,TRODI_T3EE_DE_07062005.pdf,ESG/2005/Régime de la formation de technicien/Division électrotechnique - section énergie/TRODI_T3EE_DE_07062005.pdf
2011,2003,Division génie civil - section bâtiment,ESG/2005/Régime de la formation de technicien/Division génie civil - section bâtiment
5545,2011,ALLEM_T3BA_DE.pdf,ESG/2005/Régime de la formation de technicien/Division génie civil - section bâtiment/ALLEM_T3BA_DE.pdf
5546,2011,ANGLA_T3BA_ANGL.pdf,ESG/2005/Régime de la formation de technicien/Division génie civil - section bâtiment/ANGLA_T3BA_ANGL.pdf
5547,2011,ARCHI_T3BA_FR_30052005.pdf,ESG/2005/Régime de la formation de technicien/Division génie civil - section bâtiment/ARCHI_T3BA_FR_30052005.pdf
5548,2011,ATBET_ORAL_T3BA_DE_14-15062005.pdf,ESG/2005/Régime de la formation de technicien/Division génie civil - section bâtiment/ATBET_ORAL_T3BA_DE_14-15062005.pdf
5549,2011,ATBET_T3BA_DE_16062005.pdf,ESG/2005/Régime de la formation de technicien/Division génie civil - section bâtiment/ATBET_T3BA_DE_16062005.pdf
5550,2011,CHIAP_PRAT_T3BA_DE_07062005.pdf,ESG/2005/Régime de la formation de technicien/Division génie civil - section bâtiment/CHIAP_PRAT_T3BA_DE_07062005.pdf
5551,2011,CHIAP_T3BA_DE_07062005.pdf,ESG/2005/Régime de la formation de technicien/Division génie civil - section bâtiment/CHIAP_T3BA_DE_07062005.pdf
5552,2011,CONST_T3BA_DE_01062005.pdf,ESG/2005/Régime de la formation de technicien/Division génie civil - section bâtiment/CONST_T3BA_DE_01062005.pdf
5553,2011,EDUCS__T3BA_DE_FR.pdf,ESG/2005/Régime de la formation de technicien/Division génie civil - section bâtiment/EDUCS__T3BA_DE_FR.pdf
5554,2011,FRANC_T3BA_FR.pdf,ESG/2005/Régime de la formation de technicien/Division génie civil - section bâtiment/FRANC_T3BA_FR.pdf
5555,2011,MATHE_T3BA_FR_06062005.pdf,ESG/2005/Régime de la formation de technicien/Division génie civil - section bâtiment/MATHE_T3BA_FR_06062005.pdf
5556,2011,TOPOG_PRAT_T3BA_DE_08-09-10062005.pdf,ESG/2005/Régime de la formation de technicien/Division génie civil - section bâtiment/TOPOG_PRAT_T3BA_DE_08-09-10062005.pdf
5557,2011,TOPOG_T3BA_DE_13062005.pdf,ESG/2005/Régime de la formation de technicien/Division génie civil - section bâtiment/TOPOG_T3BA_DE_13062005.pdf
5558,2011,TPMPL_T3BA_DE_14-15062005.pdf,ESG/2005/Régime de la formation de technicien/Division génie civil - section bâtiment/TPMPL_T3BA_DE_14-15062005.pdf
5559,2011,URBAN_T3BA_DE_03062005.pdf,ESG/2005/Régime de la formation de technicien/Division génie civil - section bâtiment/URBAN_T3BA_DE_03062005.pdf
2012,2003,Division génie civil - section constructions civiles,ESG/2005/Régime de la formation de technicien/Division génie civil - section constructions civiles
5530,2012,ALLEM_T3CC_DE.pdf,ESG/2005/Régime de la formation de technicien/Division génie civil - section constructions civiles/ALLEM_T3CC_DE.pdf
5531,2012,ANGLA_T3CC_ANGL.pdf,ESG/2005/Régime de la formation de technicien/Division génie civil - section constructions civiles/ANGLA_T3CC_ANGL.pdf
5532,2012,ATBET_ORAL_T3CC_DE_14_15062005.pdf,ESG/2005/Régime de la formation de technicien/Division génie civil - section constructions civiles/ATBET_ORAL_T3CC_DE_14_15062005.pdf
5533,2012,ATBET_T3CC_DE_16062005.pdf,ESG/2005/Régime de la formation de technicien/Division génie civil - section constructions civiles/ATBET_T3CC_DE_16062005.pdf
5534,2012,CHANT_T3CC_DE_03062005.pdf,ESG/2005/Régime de la formation de technicien/Division génie civil - section constructions civiles/CHANT_T3CC_DE_03062005.pdf
5536,2012,CHIAP__T3CC_DE_07062005.pdf,ESG/2005/Régime de la formation de technicien/Division génie civil - section constructions civiles/CHIAP__T3CC_DE_07062005.pdf
5535,2012,CHIAP_PRAT_T3CC_DE_07062005.pdf,ESG/2005/Régime de la formation de technicien/Division génie civil - section constructions civiles/CHIAP_PRAT_T3CC_DE_07062005.pdf
5537,2012,EDUCS__T3CC_DE_FR.pdf,ESG/2005/Régime de la formation de technicien/Division génie civil - section constructions civiles/EDUCS__T3CC_DE_FR.pdf
5538,2012,FRANC_T3CC_FR.pdf,ESG/2005/Régime de la formation de technicien/Division génie civil - section constructions civiles/FRANC_T3CC_FR.pdf
5539,2012,MATHE__T3CC_FR_06062005.pdf,ESG/2005/Régime de la formation de technicien/Division génie civil - section constructions civiles/MATHE__T3CC_FR_06062005.pdf
5540,2012,STAAP_T3CC_DE_30052005.pdf,ESG/2005/Régime de la formation de technicien/Division génie civil - section constructions civiles/STAAP_T3CC_DE_30052005.pdf
5541,2012,TOPOG_PRAT_T3CC_DE_08062005.pdf,ESG/2005/Régime de la formation de technicien/Division génie civil - section constructions civiles/TOPOG_PRAT_T3CC_DE_08062005.pdf
5542,2012,TOPOG_T3CC_DE_01062005.pdf,ESG/2005/Régime de la formation de technicien/Division génie civil - section constructions civiles/TOPOG_T3CC_DE_01062005.pdf
5543,2012,TPMPL_T3CC_DE_14_15062005.pdf,ESG/2005/Régime de la formation de technicien/Division génie civil - section constructions civiles/TPMPL_T3CC_DE_14_15062005.pdf
5544,2012,URBAN_T3CC_DE_02062005.pdf,ESG/2005/Régime de la formation de technicien/Division génie civil - section constructions civiles/URBAN_T3CC_DE_02062005.pdf
2013,2003,Division hôtelière et touristique - section hôtelière,ESG/2005/Régime de la formation de technicien/Division hôtelière et touristique - section hôtelière
5520,2013,ALLEM_T3TO_DE_25052005.pdf,ESG/2005/Régime de la formation de technicien/Division hôtelière et touristique - section hôtelière/ALLEM_T3TO_DE_25052005.pdf
5521,2013,ANGLA_T3TO_ANGL_23052005.pdf,ESG/2005/Régime de la formation de technicien/Division hôtelière et touristique - section hôtelière/ANGLA_T3TO_ANGL_23052005.pdf
5522,2013,COMGE_T3TO_FR_30052005.pdf,ESG/2005/Régime de la formation de technicien/Division hôtelière et touristique - section hôtelière/COMGE_T3TO_FR_30052005.pdf
5523,2013,EDUCS_T3TO_FR_26052005.pdf,ESG/2005/Régime de la formation de technicien/Division hôtelière et touristique - section hôtelière/EDUCS_T3TO_FR_26052005.pdf
5524,2013,ESPAG_T3TO_ES_FR_27052005.pdf,ESG/2005/Régime de la formation de technicien/Division hôtelière et touristique - section hôtelière/ESPAG_T3TO_ES_FR_27052005.pdf
5525,2013,FRANC_T3TO_FR.pdf,ESG/2005/Régime de la formation de technicien/Division hôtelière et touristique - section hôtelière/FRANC_T3TO_FR.pdf
5526,2013,ITALI_T3TO_IT_FR_27052005.pdf,ESG/2005/Régime de la formation de technicien/Division hôtelière et touristique - section hôtelière/ITALI_T3TO_IT_FR_27052005.pdf
5527,2013,MATHA_T3TO_FR_25052005.pdf,ESG/2005/Régime de la formation de technicien/Division hôtelière et touristique - section hôtelière/MATHA_T3TO_FR_25052005.pdf
5528,2013,TECGE_T3TO_FR_23052005.pdf,ESG/2005/Régime de la formation de technicien/Division hôtelière et touristique - section hôtelière/TECGE_T3TO_FR_23052005.pdf
5529,2013,TEREC_T3TO_FR_27052005.pdf,ESG/2005/Régime de la formation de technicien/Division hôtelière et touristique - section hôtelière/TEREC_T3TO_FR_27052005.pdf
2014,2003,Division hôtelière et touristique - section touristique,ESG/2005/Régime de la formation de technicien/Division hôtelière et touristique - section touristique
5509,2014,ALLEM_T3TO_DE_25052005.pdf,ESG/2005/Régime de la formation de technicien/Division hôtelière et touristique - section touristique/ALLEM_T3TO_DE_25052005.pdf
5510,2014,ANGLA_T3TO_ANGL_23052005.pdf,ESG/2005/Régime de la formation de technicien/Division hôtelière et touristique - section touristique/ANGLA_T3TO_ANGL_23052005.pdf
5511,2014,COMGE_T3TO_FR_30052005.pdf,ESG/2005/Régime de la formation de technicien/Division hôtelière et touristique - section touristique/COMGE_T3TO_FR_30052005.pdf
5512,2014,EDUCS_T3TO_FR_26052005.pdf,ESG/2005/Régime de la formation de technicien/Division hôtelière et touristique - section touristique/EDUCS_T3TO_FR_26052005.pdf
5513,2014,ESPAG_T3TO_ES_FR_27052005.pdf,ESG/2005/Régime de la formation de technicien/Division hôtelière et touristique - section touristique/ESPAG_T3TO_ES_FR_27052005.pdf
5514,2014,FRANC_T3TO_FR.pdf,ESG/2005/Régime de la formation de technicien/Division hôtelière et touristique - section touristique/FRANC_T3TO_FR.pdf
5515,2014,HIGEO_T3TO_FR_24052005.pdf,ESG/2005/Régime de la formation de technicien/Division hôtelière et touristique - section touristique/HIGEO_T3TO_FR_24052005.pdf
5516,2014,ITALI_T3TO_IT_FR_27052005.pdf,ESG/2005/Régime de la formation de technicien/Division hôtelière et touristique - section touristique/ITALI_T3TO_IT_FR_27052005.pdf
5517,2014,MATHA_T3TO_FR_25052005.pdf,ESG/2005/Régime de la formation de technicien/Division hôtelière et touristique - section touristique/MATHA_T3TO_FR_25052005.pdf
5518,2014,TECGE_T3TO_FR_23052005.pdf,ESG/2005/Régime de la formation de technicien/Division hôtelière et touristique - section touristique/TECGE_T3TO_FR_23052005.pdf
5519,2014,TETOU_T3TO_FR_27052005.pdf,ESG/2005/Régime de la formation de technicien/Division hôtelière et touristique - section touristique/TETOU_T3TO_FR_27052005.pdf
2015,2003,Division informatique,ESG/2005/Régime de la formation de technicien/Division informatique
5496,2015,ANGLA_T3IF_ANGL_27052005.pdf,ESG/2005/Régime de la formation de technicien/Division informatique/ANGLA_T3IF_ANGL_27052005.pdf
5497,2015,ARCOR_T3IF_DE_07062005.pdf,ESG/2005/Régime de la formation de technicien/Division informatique/ARCOR_T3IF_DE_07062005.pdf
5498,2015,EDUCS_T3IF_DE_FR_26052005.pdf,ESG/2005/Régime de la formation de technicien/Division informatique/EDUCS_T3IF_DE_FR_26052005.pdf
5500,2015,FRANC__T3IF_FR_27052005.pdf,ESG/2005/Régime de la formation de technicien/Division informatique/FRANC__T3IF_FR_27052005.pdf
5499,2015,FRANC_Oral_T3IF_FR.pdf,ESG/2005/Régime de la formation de technicien/Division informatique/FRANC_Oral_T3IF_FR.pdf
5501,2015,INFAP_T3IF_FR_14062005.pdf,ESG/2005/Régime de la formation de technicien/Division informatique/INFAP_T3IF_FR_14062005.pdf
5502,2015,INFGE_T3IF_FR_13062005.pdf,ESG/2005/Régime de la formation de technicien/Division informatique/INFGE_T3IF_FR_13062005.pdf
5503,2015,INFIN_T3IF_DE_09062005.pdf,ESG/2005/Régime de la formation de technicien/Division informatique/INFIN_T3IF_DE_09062005.pdf
5504,2015,MATHE_T3IF_FR_30052005.pdf,ESG/2005/Régime de la formation de technicien/Division informatique/MATHE_T3IF_FR_30052005.pdf
5505,2015,SYSEX_T3IF_DE.pdf,ESG/2005/Régime de la formation de technicien/Division informatique/SYSEX_T3IF_DE.pdf
5506,2015,TECMU_T3IF_DE_09062005.pdf,ESG/2005/Régime de la formation de technicien/Division informatique/TECMU_T3IF_DE_09062005.pdf
5507,2015,TEINF_ORAL_T3IF_DE.pdf,ESG/2005/Régime de la formation de technicien/Division informatique/TEINF_ORAL_T3IF_DE.pdf
5508,2015,TEINF_T3IF_DE_06062005.pdf,ESG/2005/Régime de la formation de technicien/Division informatique/TEINF_T3IF_DE_06062005.pdf
2016,2003,Division mécanique - section mécanique automobile,ESG/2005/Régime de la formation de technicien/Division mécanique - section mécanique automobile
5480,2016,ALLEM_ORAL_T3MA_DE.pdf,ESG/2005/Régime de la formation de technicien/Division mécanique - section mécanique automobile/ALLEM_ORAL_T3MA_DE.pdf
5481,2016,ALLEM_T3MA_DE_27052005.pdf,ESG/2005/Régime de la formation de technicien/Division mécanique - section mécanique automobile/ALLEM_T3MA_DE_27052005.pdf
5482,2016,ANGLA_T3IF_ANGL.pdf,ESG/2005/Régime de la formation de technicien/Division mécanique - section mécanique automobile/ANGLA_T3IF_ANGL.pdf
5483,2016,CHACA_T3MA_DE_16062005.pdf,ESG/2005/Régime de la formation de technicien/Division mécanique - section mécanique automobile/CHACA_T3MA_DE_16062005.pdf
5484,2016,CONSE_T3MA_DE_03062005.pdf,ESG/2005/Régime de la formation de technicien/Division mécanique - section mécanique automobile/CONSE_T3MA_DE_03062005.pdf
5485,2016,EDUCS_T3MA_DE_FR.pdf,ESG/2005/Régime de la formation de technicien/Division mécanique - section mécanique automobile/EDUCS_T3MA_DE_FR.pdf
5487,2016,EPR_INTERDISCIPLINAIRE_PRAT_T3MA_DE_10062005.pdf,ESG/2005/Régime de la formation de technicien/Division mécanique - section mécanique automobile/EPR_INTERDISCIPLINAIRE_PRAT_T3MA_DE_10062005.pdf
5486,2016,EPREUVE INTERDISCIPLINAIRE_T3MA_DE_10062005.pdf,ESG/2005/Régime de la formation de technicien/Division mécanique - section mécanique automobile/EPREUVE INTERDISCIPLINAIRE_T3MA_DE_10062005.pdf
5488,2016,FRANC_Oral_T3MA_FR.pdf,ESG/2005/Régime de la formation de technicien/Division mécanique - section mécanique automobile/FRANC_Oral_T3MA_FR.pdf
5489,2016,FRANC_T3MA_1FR_27052005.pdf,ESG/2005/Régime de la formation de technicien/Division mécanique - section mécanique automobile/FRANC_T3MA_1FR_27052005.pdf
5490,2016,FRANC_T3MA_FR_27052005.pdf,ESG/2005/Régime de la formation de technicien/Division mécanique - section mécanique automobile/FRANC_T3MA_FR_27052005.pdf
5491,2016,MATHE__T3MA_FR_31052005.pdf,ESG/2005/Régime de la formation de technicien/Division mécanique - section mécanique automobile/MATHE__T3MA_FR_31052005.pdf
5492,2016,SAPVE_ORAL_T3MA_DE_06062005.pdf,ESG/2005/Régime de la formation de technicien/Division mécanique - section mécanique automobile/SAPVE_ORAL_T3MA_DE_06062005.pdf
5493,2016,SYALL_T3MA_DE_08062005.pdf,ESG/2005/Régime de la formation de technicien/Division mécanique - section mécanique automobile/SYALL_T3MA_DE_08062005.pdf
5494,2016,SYCAR_T3MA_DE_15062005.pdf,ESG/2005/Régime de la formation de technicien/Division mécanique - section mécanique automobile/SYCAR_T3MA_DE_15062005.pdf
5495,2016,TRANS_T3MA_DE_14062005.pdf,ESG/2005/Régime de la formation de technicien/Division mécanique - section mécanique automobile/TRANS_T3MA_DE_14062005.pdf
2017,2003,Division mécanique - section mécanique générale,ESG/2005/Régime de la formation de technicien/Division mécanique - section mécanique générale
5469,2017,ALLEM_ORAL_T3MG_DE.pdf,ESG/2005/Régime de la formation de technicien/Division mécanique - section mécanique générale/ALLEM_ORAL_T3MG_DE.pdf
5470,2017,ALLEM_T3MG_DE_27052005.pdf,ESG/2005/Régime de la formation de technicien/Division mécanique - section mécanique générale/ALLEM_T3MG_DE_27052005.pdf
5471,2017,ANGLA_T3MG_ANGL.pdf,ESG/2005/Régime de la formation de technicien/Division mécanique - section mécanique générale/ANGLA_T3MG_ANGL.pdf
5472,2017,ASSER_T3MG_DE_14-15062005.pdf,ESG/2005/Régime de la formation de technicien/Division mécanique - section mécanique générale/ASSER_T3MG_DE_14-15062005.pdf
5473,2017,CAMEC_ORAL_T3MG_DE_31052005.pdf,ESG/2005/Régime de la formation de technicien/Division mécanique - section mécanique générale/CAMEC_ORAL_T3MG_DE_31052005.pdf
5474,2017,CAMEC_T3MG_DE_31052005.pdf,ESG/2005/Régime de la formation de technicien/Division mécanique - section mécanique générale/CAMEC_T3MG_DE_31052005.pdf
5475,2017,EDUCS_T3MG_DE_FR.pdf,ESG/2005/Régime de la formation de technicien/Division mécanique - section mécanique générale/EDUCS_T3MG_DE_FR.pdf
5476,2017,FRANC_Oral_T3MG_FR.pdf,ESG/2005/Régime de la formation de technicien/Division mécanique - section mécanique générale/FRANC_Oral_T3MG_FR.pdf
5477,2017,FRANC_T3MG_1FR_27052005.pdf,ESG/2005/Régime de la formation de technicien/Division mécanique - section mécanique générale/FRANC_T3MG_1FR_27052005.pdf
5478,2017,MATHE_T3MG_FR_30052005.pdf,ESG/2005/Régime de la formation de technicien/Division mécanique - section mécanique générale/MATHE_T3MG_FR_30052005.pdf
5479,2017,TECNO_T3MG_DE_06062005.pdf,ESG/2005/Régime de la formation de technicien/Division mécanique - section mécanique générale/TECNO_T3MG_DE_06062005.pdf
2020,2002,Régime technique,ESG/2005/Régime technique
2021,2020,Division de la formation administrative et commerciale - section communication et organisation,ESG/2005/Régime technique/Division de la formation administrative et commerciale - section communication et organisation
5430,2021,ALLEM_13CC_DE_31052005.pdf,ESG/2005/Régime technique/Division de la formation administrative et commerciale - section communication et organisation/ALLEM_13CC_DE_31052005.pdf
5431,2021,ANGLA_13CC_ANGL_02062005.pdf,ESG/2005/Régime technique/Division de la formation administrative et commerciale - section communication et organisation/ANGLA_13CC_ANGL_02062005.pdf
5432,2021,COMPT_13CC_FR_01062005.pdf,ESG/2005/Régime technique/Division de la formation administrative et commerciale - section communication et organisation/COMPT_13CC_FR_01062005.pdf
5433,2021,CONMO_13CC_FR_27052005.pdf,ESG/2005/Régime technique/Division de la formation administrative et commerciale - section communication et organisation/CONMO_13CC_FR_27052005.pdf
5434,2021,COPRH_13CC_FR_03062005.pdf,ESG/2005/Régime technique/Division de la formation administrative et commerciale - section communication et organisation/COPRH_13CC_FR_03062005.pdf
5435,2021,ECOGE_13CC_FR_30052005.pdf,ESG/2005/Régime technique/Division de la formation administrative et commerciale - section communication et organisation/ECOGE_13CC_FR_30052005.pdf
5436,2021,ECOPO_13CC_FR_26052005.pdf,ESG/2005/Régime technique/Division de la formation administrative et commerciale - section communication et organisation/ECOPO_13CC_FR_26052005.pdf
5437,2021,FRANC_13Cc_FR_27052005.pdf,ESG/2005/Régime technique/Division de la formation administrative et commerciale - section communication et organisation/FRANC_13Cc_FR_27052005.pdf
5438,2021,ORGES_13CC_FR_06062005.pdf,ESG/2005/Régime technique/Division de la formation administrative et commerciale - section communication et organisation/ORGES_13CC_FR_06062005.pdf
5439,2021,TINCO_13CC_FR_06062005.pdf,ESG/2005/Régime technique/Division de la formation administrative et commerciale - section communication et organisation/TINCO_13CC_FR_06062005.pdf
2022,2020,Division de la formation administrative et commerciale - section gestion,ESG/2005/Régime technique/Division de la formation administrative et commerciale - section gestion
5419,2022,ALLEM_13CG_DE_31052005.pdf,ESG/2005/Régime technique/Division de la formation administrative et commerciale - section gestion/ALLEM_13CG_DE_31052005.pdf
5420,2022,ALLEM_AL_13CG_DE_31052005.pdf,ESG/2005/Régime technique/Division de la formation administrative et commerciale - section gestion/ALLEM_AL_13CG_DE_31052005.pdf
5421,2022,ALLEM_FR_13CG_DE_31052005.pdf,ESG/2005/Régime technique/Division de la formation administrative et commerciale - section gestion/ALLEM_FR_13CG_DE_31052005.pdf
5422,2022,ANGLA_13CG_ANGL_02062005.pdf,ESG/2005/Régime technique/Division de la formation administrative et commerciale - section gestion/ANGLA_13CG_ANGL_02062005.pdf
5423,2022,COMPT_13CG_FR_01072005.pdf,ESG/2005/Régime technique/Division de la formation administrative et commerciale - section gestion/COMPT_13CG_FR_01072005.pdf
5424,2022,CONMO_13CG_FR_27052005.pdf,ESG/2005/Régime technique/Division de la formation administrative et commerciale - section gestion/CONMO_13CG_FR_27052005.pdf
5425,2022,ECOGE_13CG_FR_30052005.pdf,ESG/2005/Régime technique/Division de la formation administrative et commerciale - section gestion/ECOGE_13CG_FR_30052005.pdf
5426,2022,ECOPO_13CG_FR_26052005.pdf,ESG/2005/Régime technique/Division de la formation administrative et commerciale - section gestion/ECOPO_13CG_FR_26052005.pdf
5427,2022,FRANC_13CG_FR_27052005.pdf,ESG/2005/Régime technique/Division de la formation administrative et commerciale - section gestion/FRANC_13CG_FR_27052005.pdf
5428,2022,INFOR_13CG_FR_03062005.pdf,ESG/2005/Régime technique/Division de la formation administrative et commerciale - section gestion/INFOR_13CG_FR_03062005.pdf
5429,2022,MATHE_13CG_FR_06062005.pdf,ESG/2005/Régime technique/Division de la formation administrative et commerciale - section gestion/MATHE_13CG_FR_06062005.pdf
2025,2020,Division des professions de santé et des professions sociales - section de la formation de l'infirmier,ESG/2005/Régime technique/Division des professions de santé et des professions sociales - section de la formation de l'infirmier
5394,2025,ALLEM_14SI_DE_17062005.pdf,ESG/2005/Régime technique/Division des professions de santé et des professions sociales - section de la formation de l'infirmier/ALLEM_14SI_DE_17062005.pdf
5395,2025,COMPR_14SI_FR_16062005.pdf,ESG/2005/Régime technique/Division des professions de santé et des professions sociales - section de la formation de l'infirmier/COMPR_14SI_FR_16062005.pdf
5396,2025,COSPI_14SI_DE_13062005 cas.pdf,ESG/2005/Régime technique/Division des professions de santé et des professions sociales - section de la formation de l'infirmier/COSPI_14SI_DE_13062005 cas.pdf
5397,2025,COSPI_QUEST_14SI_DE_13062005 cas.pdf,ESG/2005/Régime technique/Division des professions de santé et des professions sociales - section de la formation de l'infirmier/COSPI_QUEST_14SI_DE_13062005 cas.pdf
5398,2025,FRANC_14SI_FR_14062005.pdf,ESG/2005/Régime technique/Division des professions de santé et des professions sociales - section de la formation de l'infirmier/FRANC_14SI_FR_14062005.pdf
5399,2025,SCHUS14SI_DE_FR_17062005.pdf,ESG/2005/Régime technique/Division des professions de santé et des professions sociales - section de la formation de l'infirmier/SCHUS14SI_DE_FR_17062005.pdf
5400,2025,SCMED_14SI _DE_16062005.pdf,ESG/2005/Régime technique/Division des professions de santé et des professions sociales - section de la formation de l'infirmier/SCMED_14SI _DE_16062005.pdf
5401,2025,SCMED_14SI _FR_16062005.pdf,ESG/2005/Régime technique/Division des professions de santé et des professions sociales - section de la formation de l'infirmier/SCMED_14SI _FR_16062005.pdf
2023,2020,Division des professions de santé et des professions sociales - section de l'assistant technique médical - laboratoire,ESG/2005/Régime technique/Division des professions de santé et des professions sociales - section de l'assistant technique médical - laboratoire
5408,2023,ANAPA_14SL _DE_13062005.pdf,ESG/2005/Régime technique/Division des professions de santé et des professions sociales - section de l'assistant technique médical - laboratoire/ANAPA_14SL _DE_13062005.pdf
5409,2023,ANGLA_14SL _ANGL_17062005.pdf,ESG/2005/Régime technique/Division des professions de santé et des professions sociales - section de l'assistant technique médical - laboratoire/ANGLA_14SL _ANGL_17062005.pdf
5411,2023,CHIME I_14SL _DE_13062005.pdf,ESG/2005/Régime technique/Division des professions de santé et des professions sociales - section de l'assistant technique médical - laboratoire/CHIME I_14SL _DE_13062005.pdf
5410,2023,CHIME II_14SL _DE_13062005.pdf,ESG/2005/Régime technique/Division des professions de santé et des professions sociales - section de l'assistant technique médical - laboratoire/CHIME II_14SL _DE_13062005.pdf
5412,2023,CONPR_14SL_FR_14062005.pdf,ESG/2005/Régime technique/Division des professions de santé et des professions sociales - section de l'assistant technique médical - laboratoire/CONPR_14SL_FR_14062005.pdf
5413,2023,FRANC_14SL _FR_14062005.pdf,ESG/2005/Régime technique/Division des professions de santé et des professions sociales - section de l'assistant technique médical - laboratoire/FRANC_14SL _FR_14062005.pdf
5415,2023,HEMATO I_14SL _DE_16062005.pdf,ESG/2005/Régime technique/Division des professions de santé et des professions sociales - section de l'assistant technique médical - laboratoire/HEMATO I_14SL _DE_16062005.pdf
5414,2023,HEMATO II_14SL _DE_16062005.pdf,ESG/2005/Régime technique/Division des professions de santé et des professions sociales - section de l'assistant technique médical - laboratoire/HEMATO II_14SL _DE_16062005.pdf
5417,2023,MICBI I_14SL _DE_10062005.pdf,ESG/2005/Régime technique/Division des professions de santé et des professions sociales - section de l'assistant technique médical - laboratoire/MICBI I_14SL _DE_10062005.pdf
5416,2023,MICBI II_14SL _DE_10062005.pdf,ESG/2005/Régime technique/Division des professions de santé et des professions sociales - section de l'assistant technique médical - laboratoire/MICBI II_14SL _DE_10062005.pdf
5418,2023,SCHUS_14SL_FR_17062005.pdf,ESG/2005/Régime technique/Division des professions de santé et des professions sociales - section de l'assistant technique médical - laboratoire/SCHUS_14SL_FR_17062005.pdf
2024,2020,Division des professions de santé et des professions sociales - section de l'assistant technique médical - radiologie,ESG/2005/Régime technique/Division des professions de santé et des professions sociales - section de l'assistant technique médical - radiologie
5402,2024,ANGLA_14SR_ANGL_17062005.pdf,ESG/2005/Régime technique/Division des professions de santé et des professions sociales - section de l'assistant technique médical - radiologie/ANGLA_14SR_ANGL_17062005.pdf
5403,2024,CONPR_14SR_FR_14062005.pdf,ESG/2005/Régime technique/Division des professions de santé et des professions sociales - section de l'assistant technique médical - radiologie/CONPR_14SR_FR_14062005.pdf
5404,2024,COSPR_14SR_ II Dosimétrie_DE_16062005.pdf,ESG/2005/Régime technique/Division des professions de santé et des professions sociales - section de l'assistant technique médical - radiologie/COSPR_14SR_ II Dosimétrie_DE_16062005.pdf
5405,2024,COSPR_14SR_I Radiophysique_DE_13062005.pdf,ESG/2005/Régime technique/Division des professions de santé et des professions sociales - section de l'assistant technique médical - radiologie/COSPR_14SR_I Radiophysique_DE_13062005.pdf
5406,2024,FRANC_14SR_FR_14062005.pdf,ESG/2005/Régime technique/Division des professions de santé et des professions sociales - section de l'assistant technique médical - radiologie/FRANC_14SR_FR_14062005.pdf
5407,2024,SCHUS_14SR _FR_DE_17062005.pdf,ESG/2005/Régime technique/Division des professions de santé et des professions sociales - section de l'assistant technique médical - radiologie/SCHUS_14SR _FR_DE_17062005.pdf
2026,2020,Division des professions de santé et des professions sociales - section des éducateurs,ESG/2005/Régime technique/Division des professions de santé et des professions sociales - section des éducateurs
5383,2026,CONMO_14ED_FR_27052005.pdf,ESG/2005/Régime technique/Division des professions de santé et des professions sociales - section des éducateurs/CONMO_14ED_FR_27052005.pdf
5384,2026,FORSO_14ED_DE_26052005.pdf,ESG/2005/Régime technique/Division des professions de santé et des professions sociales - section des éducateurs/FORSO_14ED_DE_26052005.pdf
5385,2026,GERSO_14ED_DE_01062005.pdf,ESG/2005/Régime technique/Division des professions de santé et des professions sociales - section des éducateurs/GERSO_14ED_DE_01062005.pdf
5386,2026,MALIN_14ED _FR_30052005.pdf,ESG/2005/Régime technique/Division des professions de santé et des professions sociales - section des éducateurs/MALIN_14ED _FR_30052005.pdf
5387,2026,METED_14ED_DE_03062005.pdf,ESG/2005/Régime technique/Division des professions de santé et des professions sociales - section des éducateurs/METED_14ED_DE_03062005.pdf
5388,2026,PEDME_14ED_DE_03062005.pdf,ESG/2005/Régime technique/Division des professions de santé et des professions sociales - section des éducateurs/PEDME_14ED_DE_03062005.pdf
5389,2026,PEDSO_14ED_DE_06062005.pdf,ESG/2005/Régime technique/Division des professions de santé et des professions sociales - section des éducateurs/PEDSO_14ED_DE_06062005.pdf
5390,2026,PEDSP_14ED_DE_30052005.pdf,ESG/2005/Régime technique/Division des professions de santé et des professions sociales - section des éducateurs/PEDSP_14ED_DE_30052005.pdf
5391,2026,PSYED_14ED_DE_06062005.pdf,ESG/2005/Régime technique/Division des professions de santé et des professions sociales - section des éducateurs/PSYED_14ED_DE_06062005.pdf
5392,2026,PSYSO_14ED_FR_01062005.pdf,ESG/2005/Régime technique/Division des professions de santé et des professions sociales - section des éducateurs/PSYSO_14ED_FR_01062005.pdf
5393,2026,RESED_14ED_FR_27052005.pdf,ESG/2005/Régime technique/Division des professions de santé et des professions sociales - section des éducateurs/RESED_14ED_FR_27052005.pdf
2028,2020,Division technique générale - section technique générale,ESG/2005/Régime technique/Division technique générale - section technique générale
5362,2028,ALLEM_13GE_DE_31052005.pdf,ESG/2005/Régime technique/Division technique générale - section technique générale/ALLEM_13GE_DE_31052005.pdf
5363,2028,ANGLA_13GE_ANGL_02062005.pdf,ESG/2005/Régime technique/Division technique générale - section technique générale/ANGLA_13GE_ANGL_02062005.pdf
5364,2028,CHIMI_13GE_DE_30052005.pdf,ESG/2005/Régime technique/Division technique générale - section technique générale/CHIMI_13GE_DE_30052005.pdf
5365,2028,CONMO_13GE_FR_27052005.pdf,ESG/2005/Régime technique/Division technique générale - section technique générale/CONMO_13GE_FR_27052005.pdf
5366,2028,ELETE_13GE_DE_03062005.pdf,ESG/2005/Régime technique/Division technique générale - section technique générale/ELETE_13GE_DE_03062005.pdf
5367,2028,FRANC_13GE_FR_27052005.pdf,ESG/2005/Régime technique/Division technique générale - section technique générale/FRANC_13GE_FR_27052005.pdf
5368,2028,INFOR_13GE_FR.pdf,ESG/2005/Régime technique/Division technique générale - section technique générale/INFOR_13GE_FR.pdf
5369,2028,INFOR_PRAT_13GE_FR_03062005.pdf,ESG/2005/Régime technique/Division technique générale - section technique générale/INFOR_PRAT_13GE_FR_03062005.pdf
5370,2028,MATHE_13GE_FR.pdf,ESG/2005/Régime technique/Division technique générale - section technique générale/MATHE_13GE_FR.pdf
5371,2028,MECAN_13GE_DE_30052005.pdf,ESG/2005/Régime technique/Division technique générale - section technique générale/MECAN_13GE_DE_30052005.pdf
5372,2028,PHYSI_13GE_DE_01062005.pdf,ESG/2005/Régime technique/Division technique générale - section technique générale/PHYSI_13GE_DE_01062005.pdf
5373,2028,TECNO_13GE_DE.pdf,ESG/2005/Régime technique/Division technique générale - section technique générale/TECNO_13GE_DE.pdf
2027,2020,Division technique générale - section technique générale informatique,ESG/2005/Régime technique/Division technique générale - section technique générale informatique
5374,2027,ALLEM_13GI_DE_31052005.pdf,ESG/2005/Régime technique/Division technique générale - section technique générale informatique/ALLEM_13GI_DE_31052005.pdf
5375,2027,ANGLA_13GI_ANGL_02062005.pdf,ESG/2005/Régime technique/Division technique générale - section technique générale informatique/ANGLA_13GI_ANGL_02062005.pdf
5376,2027,BASDO_13GI_FR_03062005.pdf,ESG/2005/Régime technique/Division technique générale - section technique générale informatique/BASDO_13GI_FR_03062005.pdf
5377,2027,CONMO_13GI_FR_27052005.pdf,ESG/2005/Régime technique/Division technique générale - section technique générale informatique/CONMO_13GI_FR_27052005.pdf
5378,2027,FRANC_13GI_FR_27052005.pdf,ESG/2005/Régime technique/Division technique générale - section technique générale informatique/FRANC_13GI_FR_27052005.pdf
5379,2027,MATHE_13GI_FR_06062005.pdf,ESG/2005/Régime technique/Division technique générale - section technique générale informatique/MATHE_13GI_FR_06062005.pdf
5380,2027,PROGR_13GI_FR_30052005.pdf,ESG/2005/Régime technique/Division technique générale - section technique générale informatique/PROGR_13GI_FR_30052005.pdf
5381,2027,SNTEC_13GI_DE.pdf,ESG/2005/Régime technique/Division technique générale - section technique générale informatique/SNTEC_13GI_DE.pdf
5382,2027,TEINF_13GI_DE_06062005.pdf,ESG/2005/Régime technique/Division technique générale - section technique générale informatique/TEINF_13GI_DE_06062005.pdf
2029,2001,2006,ESG/2006
2030,2029,Régime de la formation de technicien,ESG/2006/Régime de la formation de technicien
2031,2030,Division administrative et commerciale,ESG/2006/Régime de la formation de technicien/Division administrative et commerciale
5351,2031,"ALLEM-T3CM DE (juin 2006), AL.pdf","ESG/2006/Régime de la formation de technicien/Division administrative et commerciale/ALLEM-T3CM DE (juin 2006), AL.pdf"
5352,2031,"ALLEM-T3CM DE (juin 2006), FR.pdf","ESG/2006/Régime de la formation de technicien/Division administrative et commerciale/ALLEM-T3CM DE (juin 2006), FR.pdf"
5353,2031,ANGLA-T3CM EN (juin 2006).pdf,ESG/2006/Régime de la formation de technicien/Division administrative et commerciale/ANGLA-T3CM EN (juin 2006).pdf
5354,2031,"COMGE-T3CM FR (juin 2006), partie 1.pdf","ESG/2006/Régime de la formation de technicien/Division administrative et commerciale/COMGE-T3CM FR (juin 2006), partie 1.pdf"
5355,2031,"COMGE-T3CM FR (juin 2006), partie 2.pdf","ESG/2006/Régime de la formation de technicien/Division administrative et commerciale/COMGE-T3CM FR (juin 2006), partie 2.pdf"
5356,2031,"COMGE-T3CM FR (juin 2006), partie 3.pdf","ESG/2006/Régime de la formation de technicien/Division administrative et commerciale/COMGE-T3CM FR (juin 2006), partie 3.pdf"
5357,2031,"COMGE-T3CM FR (juin 2006), partie 4.pdf","ESG/2006/Régime de la formation de technicien/Division administrative et commerciale/COMGE-T3CM FR (juin 2006), partie 4.pdf"
5358,2031,COMPR-T3CM FR (juin 2006).pdf,ESG/2006/Régime de la formation de technicien/Division administrative et commerciale/COMPR-T3CM FR (juin 2006).pdf
5359,2031,ECOPO-T3CM FR (juin 2006).pdf,ESG/2006/Régime de la formation de technicien/Division administrative et commerciale/ECOPO-T3CM FR (juin 2006).pdf
5360,2031,EDUCS-T3CM DE (juin 2006).pdf,ESG/2006/Régime de la formation de technicien/Division administrative et commerciale/EDUCS-T3CM DE (juin 2006).pdf
5361,2031,FRANC-T3CM FR (juin 2006).pdf,ESG/2006/Régime de la formation de technicien/Division administrative et commerciale/FRANC-T3CM FR (juin 2006).pdf
2032,2030,Division agricole - section agricole,ESG/2006/Régime de la formation de technicien/Division agricole - section agricole
5342,2032,ACTAG-T3AG DE (juin 2006).pdf,ESG/2006/Régime de la formation de technicien/Division agricole - section agricole/ACTAG-T3AG DE (juin 2006).pdf
5345,2032,"AGRON-T3AG DE (juin 2006), épreuve pratique.pdf","ESG/2006/Régime de la formation de technicien/Division agricole - section agricole/AGRON-T3AG DE (juin 2006), épreuve pratique.pdf"
5343,2032,"AGRON-T3AG DE (juin 2006), partie I.pdf","ESG/2006/Régime de la formation de technicien/Division agricole - section agricole/AGRON-T3AG DE (juin 2006), partie I.pdf"
5344,2032,"AGRON-T3AG DE (juin 2006), partie II.pdf","ESG/2006/Régime de la formation de technicien/Division agricole - section agricole/AGRON-T3AG DE (juin 2006), partie II.pdf"
5346,2032,"ECORU-T3AG DE (juin 2006), partie I.pdf","ESG/2006/Régime de la formation de technicien/Division agricole - section agricole/ECORU-T3AG DE (juin 2006), partie I.pdf"
5347,2032,"ECORU-T3AG DE (juin 2006), partie II.pdf","ESG/2006/Régime de la formation de technicien/Division agricole - section agricole/ECORU-T3AG DE (juin 2006), partie II.pdf"
5350,2032,"ZOOTE-T3AG DE (juin 2006), épreuve pratique.pdf","ESG/2006/Régime de la formation de technicien/Division agricole - section agricole/ZOOTE-T3AG DE (juin 2006), épreuve pratique.pdf"
5348,2032,"ZOOTE-T3AG DE (juin 2006), partie I.pdf","ESG/2006/Régime de la formation de technicien/Division agricole - section agricole/ZOOTE-T3AG DE (juin 2006), partie I.pdf"
5349,2032,"ZOOTE-T3AG DE (juin 2006), partie II.pdf","ESG/2006/Régime de la formation de technicien/Division agricole - section agricole/ZOOTE-T3AG DE (juin 2006), partie II.pdf"
2033,2030,Division agricole - section environnement naturel,ESG/2006/Régime de la formation de technicien/Division agricole - section environnement naturel
5331,2033,"ECOLF-T3EN DE (juin 2006), partie I.pdf","ESG/2006/Régime de la formation de technicien/Division agricole - section environnement naturel/ECOLF-T3EN DE (juin 2006), partie I.pdf"
5332,2033,"ECOLF-T3EN DE (juin 2006), partie II.pdf","ESG/2006/Régime de la formation de technicien/Division agricole - section environnement naturel/ECOLF-T3EN DE (juin 2006), partie II.pdf"
5333,2033,"ETENV-T3EN DE (juin 2006), partie I.pdf","ESG/2006/Régime de la formation de technicien/Division agricole - section environnement naturel/ETENV-T3EN DE (juin 2006), partie I.pdf"
5334,2033,"ETENV-T3EN DE (juin 2006), partie II.pdf","ESG/2006/Régime de la formation de technicien/Division agricole - section environnement naturel/ETENV-T3EN DE (juin 2006), partie II.pdf"
5335,2033,"ETFOR-T3EN DE (juin 2006), partie I.pdf","ESG/2006/Régime de la formation de technicien/Division agricole - section environnement naturel/ETFOR-T3EN DE (juin 2006), partie I.pdf"
5336,2033,"ETFOR-T3EN DE (juin 2006), partie II.pdf","ESG/2006/Régime de la formation de technicien/Division agricole - section environnement naturel/ETFOR-T3EN DE (juin 2006), partie II.pdf"
5339,2033,"MECAN-T3EN DE (juin 2006), épreuve oral & pratique.pdf","ESG/2006/Régime de la formation de technicien/Division agricole - section environnement naturel/MECAN-T3EN DE (juin 2006), épreuve oral & pratique.pdf"
5337,2033,"MECAN-T3EN DE (juin 2006), partie I.pdf","ESG/2006/Régime de la formation de technicien/Division agricole - section environnement naturel/MECAN-T3EN DE (juin 2006), partie I.pdf"
5338,2033,"MECAN-T3EN DE (juin 2006), partie II.pdf","ESG/2006/Régime de la formation de technicien/Division agricole - section environnement naturel/MECAN-T3EN DE (juin 2006), partie II.pdf"
5340,2033,"TPFOE-T3EN DE (juin 2006), partie I.pdf","ESG/2006/Régime de la formation de technicien/Division agricole - section environnement naturel/TPFOE-T3EN DE (juin 2006), partie I.pdf"
5341,2033,"TPFOE-T3EN DE (juin 2006), partie II.pdf","ESG/2006/Régime de la formation de technicien/Division agricole - section environnement naturel/TPFOE-T3EN DE (juin 2006), partie II.pdf"
2034,2030,Division agricole - section horticole,ESG/2006/Régime de la formation de technicien/Division agricole - section horticole
5320,2034,"ATHBC-T3HR DE (juin 2006), partie FL.pdf","ESG/2006/Régime de la formation de technicien/Division agricole - section horticole/ATHBC-T3HR DE (juin 2006), partie FL.pdf"
5321,2034,"ATHBC-T3HR DE (juin 2006), partie Maraîchage.pdf","ESG/2006/Régime de la formation de technicien/Division agricole - section horticole/ATHBC-T3HR DE (juin 2006), partie Maraîchage.pdf"
5322,2034,"ATHBC-T3HR DE (juin 2006), partie PO.pdf","ESG/2006/Régime de la formation de technicien/Division agricole - section horticole/ATHBC-T3HR DE (juin 2006), partie PO.pdf"
5323,2034,"ATHBC-T3HR DE (juin 2006), partie PP.pdf","ESG/2006/Régime de la formation de technicien/Division agricole - section horticole/ATHBC-T3HR DE (juin 2006), partie PP.pdf"
5324,2034,BIOTE-T3HR DE (juin 2006).pdf,ESG/2006/Régime de la formation de technicien/Division agricole - section horticole/BIOTE-T3HR DE (juin 2006).pdf
5325,2034,COPLA-T3HR DE (juin 2006).pdf,ESG/2006/Régime de la formation de technicien/Division agricole - section horticole/COPLA-T3HR DE (juin 2006).pdf
5326,2034,"CULBC-T3HR DE (juin 2006), partie FL PO.pdf","ESG/2006/Régime de la formation de technicien/Division agricole - section horticole/CULBC-T3HR DE (juin 2006), partie FL PO.pdf"
5327,2034,"CULBC-T3HR DE (juin 2006), partie MA.pdf","ESG/2006/Régime de la formation de technicien/Division agricole - section horticole/CULBC-T3HR DE (juin 2006), partie MA.pdf"
5328,2034,"CULBC-T3HR DE (juin 2006), partie PP.pdf","ESG/2006/Régime de la formation de technicien/Division agricole - section horticole/CULBC-T3HR DE (juin 2006), partie PP.pdf"
5329,2034,ECOHO-T3HR DE (juin 2006).pdf,ESG/2006/Régime de la formation de technicien/Division agricole - section horticole/ECOHO-T3HR DE (juin 2006).pdf
5330,2034,PHYTO-T3HR DE (juin 2006).pdf,ESG/2006/Régime de la formation de technicien/Division agricole - section horticole/PHYTO-T3HR DE (juin 2006).pdf
2035,2030,Division artistique - section design graphique,ESG/2006/Régime de la formation de technicien/Division artistique - section design graphique
5311,2035,ALLEM-T3DG DE (juin 2006).pdf,ESG/2006/Régime de la formation de technicien/Division artistique - section design graphique/ALLEM-T3DG DE (juin 2006).pdf
5312,2035,ANGLA-T3DG EN (juin 2006).pdf,ESG/2006/Régime de la formation de technicien/Division artistique - section design graphique/ANGLA-T3DG EN (juin 2006).pdf
5313,2035,ARTCO-T3DG DE (juin 2006).pdf,ESG/2006/Régime de la formation de technicien/Division artistique - section design graphique/ARTCO-T3DG DE (juin 2006).pdf
5314,2035,DEGRA-T3DG FR (juin 2006).pdf,ESG/2006/Régime de la formation de technicien/Division artistique - section design graphique/DEGRA-T3DG FR (juin 2006).pdf
5315,2035,DESOB-T3DG FR (juin 2006).pdf,ESG/2006/Régime de la formation de technicien/Division artistique - section design graphique/DESOB-T3DG FR (juin 2006).pdf
5316,2035,FILAU-T3DG FR (juin 2006).pdf,ESG/2006/Régime de la formation de technicien/Division artistique - section design graphique/FILAU-T3DG FR (juin 2006).pdf
5317,2035,FRANC-T3DG FR (juin 2006).pdf,ESG/2006/Régime de la formation de technicien/Division artistique - section design graphique/FRANC-T3DG FR (juin 2006).pdf
5318,2035,INFOG-T3DG FR (juin 2006).pdf,ESG/2006/Régime de la formation de technicien/Division artistique - section design graphique/INFOG-T3DG FR (juin 2006).pdf
5319,2035,PHOTO-T3DG FR (juin 2006).pdf,ESG/2006/Régime de la formation de technicien/Division artistique - section design graphique/PHOTO-T3DG FR (juin 2006).pdf
2036,2030,Division artistique - section expression plastique,ESG/2006/Régime de la formation de technicien/Division artistique - section expression plastique
5299,2036,ALLEM-T3EP DE (juin 2006).pdf,ESG/2006/Régime de la formation de technicien/Division artistique - section expression plastique/ALLEM-T3EP DE (juin 2006).pdf
5300,2036,ARTCO-T3EP DE (juin 2006).pdf,ESG/2006/Régime de la formation de technicien/Division artistique - section expression plastique/ARTCO-T3EP DE (juin 2006).pdf
5301,2036,DESOB-T3EP FR (juin 2006).pdf,ESG/2006/Régime de la formation de technicien/Division artistique - section expression plastique/DESOB-T3EP FR (juin 2006).pdf
5302,2036,EDUCS-T3EP DE (juin 2006).pdf,ESG/2006/Régime de la formation de technicien/Division artistique - section expression plastique/EDUCS-T3EP DE (juin 2006).pdf
5303,2036,FILAU-T3EP FR (juin 2006).pdf,ESG/2006/Régime de la formation de technicien/Division artistique - section expression plastique/FILAU-T3EP FR (juin 2006).pdf
5304,2036,FRANC-T3EP FR (juin 2006).pdf,ESG/2006/Régime de la formation de technicien/Division artistique - section expression plastique/FRANC-T3EP FR (juin 2006).pdf
5305,2036,INFOG-T3EP FR (juin 2006).pdf,ESG/2006/Régime de la formation de technicien/Division artistique - section expression plastique/INFOG-T3EP FR (juin 2006).pdf
5306,2036,MATHA-T3EP FR (juin 2006).pdf,ESG/2006/Régime de la formation de technicien/Division artistique - section expression plastique/MATHA-T3EP FR (juin 2006).pdf
5307,2036,PEINT-T3EP FR (juin 2006).pdf,ESG/2006/Régime de la formation de technicien/Division artistique - section expression plastique/PEINT-T3EP FR (juin 2006).pdf
5308,2036,PHOTO-T3EP FR (juin 2006).pdf,ESG/2006/Régime de la formation de technicien/Division artistique - section expression plastique/PHOTO-T3EP FR (juin 2006).pdf
5309,2036,TECIM-T3EP FR (juin 2006).pdf,ESG/2006/Régime de la formation de technicien/Division artistique - section expression plastique/TECIM-T3EP FR (juin 2006).pdf
5310,2036,VOLES-T3EP DE (juin 2006).pdf,ESG/2006/Régime de la formation de technicien/Division artistique - section expression plastique/VOLES-T3EP DE (juin 2006).pdf
2037,2030,Division chimique,ESG/2006/Régime de la formation de technicien/Division chimique
5291,2037,ALLEM-T3CH DE (juin 2006).pdf,ESG/2006/Régime de la formation de technicien/Division chimique/ALLEM-T3CH DE (juin 2006).pdf
5292,2037,ANGLA-T3CH EN (juin 2006).pdf,ESG/2006/Régime de la formation de technicien/Division chimique/ANGLA-T3CH EN (juin 2006).pdf
5293,2037,CHIMN-T3CH DE (juin 2006).pdf,ESG/2006/Régime de la formation de technicien/Division chimique/CHIMN-T3CH DE (juin 2006).pdf
5294,2037,EDUCS-T3CH DE (juin 2006).pdf,ESG/2006/Régime de la formation de technicien/Division chimique/EDUCS-T3CH DE (juin 2006).pdf
5295,2037,EDUCS-T3CH FR (juin 2006).pdf,ESG/2006/Régime de la formation de technicien/Division chimique/EDUCS-T3CH FR (juin 2006).pdf
5296,2037,FRANC-T3CH FR (juin 2006).pdf,ESG/2006/Régime de la formation de technicien/Division chimique/FRANC-T3CH FR (juin 2006).pdf
5297,2037,MATHE-T3CH FR (juin 2006).pdf,ESG/2006/Régime de la formation de technicien/Division chimique/MATHE-T3CH FR (juin 2006).pdf
5298,2037,PHYSI-T3CH DE (juin 2006).pdf,ESG/2006/Régime de la formation de technicien/Division chimique/PHYSI-T3CH DE (juin 2006).pdf
2045,2030,Division électrotechnique - section communication,ESG/2006/Régime de la formation de technicien/Division électrotechnique - section communication
5184,2045,ANGLA-T3EC EN (juin 2006).pdf,ESG/2006/Régime de la formation de technicien/Division électrotechnique - section communication/ANGLA-T3EC EN (juin 2006).pdf
5185,2045,EDUCS-T3EC DE (juin 2006).pdf,ESG/2006/Régime de la formation de technicien/Division électrotechnique - section communication/EDUCS-T3EC DE (juin 2006).pdf
5186,2045,FRANC-T3EC FR (juin 2006).pdf,ESG/2006/Régime de la formation de technicien/Division électrotechnique - section communication/FRANC-T3EC FR (juin 2006).pdf
5187,2045,FRANC-T3EC FR (repêchage juin 2006).pdf,ESG/2006/Régime de la formation de technicien/Division électrotechnique - section communication/FRANC-T3EC FR (repêchage juin 2006).pdf
5188,2045,INFAP-T3EC DE (juin 2006).pdf,ESG/2006/Régime de la formation de technicien/Division électrotechnique - section communication/INFAP-T3EC DE (juin 2006).pdf
5189,2045,INFAP-T3EC FR (juin 2006).pdf,ESG/2006/Régime de la formation de technicien/Division électrotechnique - section communication/INFAP-T3EC FR (juin 2006).pdf
5190,2045,MATHE-T3EC FR (juin 2006).pdf,ESG/2006/Régime de la formation de technicien/Division électrotechnique - section communication/MATHE-T3EC FR (juin 2006).pdf
5191,2045,MICEL-T3EC DE (juin 2006).pdf,ESG/2006/Régime de la formation de technicien/Division électrotechnique - section communication/MICEL-T3EC DE (juin 2006).pdf
5192,2045,MICEL-T3EC DE (repêchage juin 2006).pdf,ESG/2006/Régime de la formation de technicien/Division électrotechnique - section communication/MICEL-T3EC DE (repêchage juin 2006).pdf
5193,2045,MICEL-T3EC FR (juin 2006).pdf,ESG/2006/Régime de la formation de technicien/Division électrotechnique - section communication/MICEL-T3EC FR (juin 2006).pdf
5194,2045,SYSAL-T3EC DE (juin 2006).pdf,ESG/2006/Régime de la formation de technicien/Division électrotechnique - section communication/SYSAL-T3EC DE (juin 2006).pdf
5195,2045,SYSAL-T3EC DE (repêchage juin 2006).pdf,ESG/2006/Régime de la formation de technicien/Division électrotechnique - section communication/SYSAL-T3EC DE (repêchage juin 2006).pdf
5196,2045,SYSAL-T3EC FR (repêchage juin 2006).pdf,ESG/2006/Régime de la formation de technicien/Division électrotechnique - section communication/SYSAL-T3EC FR (repêchage juin 2006).pdf
5197,2045,TECMU-T3EC DE (juin 2006).pdf,ESG/2006/Régime de la formation de technicien/Division électrotechnique - section communication/TECMU-T3EC DE (juin 2006).pdf
5198,2045,TECMU-T3EC DE (repêchage juin 2006).pdf,ESG/2006/Régime de la formation de technicien/Division électrotechnique - section communication/TECMU-T3EC DE (repêchage juin 2006).pdf
5199,2045,TECMU-T3EC FR (juin 2006).pdf,ESG/2006/Régime de la formation de technicien/Division électrotechnique - section communication/TECMU-T3EC FR (juin 2006).pdf
5200,2045,TELCO-T3EC DE (juin 2006).pdf,ESG/2006/Régime de la formation de technicien/Division électrotechnique - section communication/TELCO-T3EC DE (juin 2006).pdf
5201,2045,TELCO-T3EC DE (repêchage juin 2006).pdf,ESG/2006/Régime de la formation de technicien/Division électrotechnique - section communication/TELCO-T3EC DE (repêchage juin 2006).pdf
5202,2045,TELCO-T3EC FR (juin 2006).pdf.pdf,ESG/2006/Régime de la formation de technicien/Division électrotechnique - section communication/TELCO-T3EC FR (juin 2006).pdf.pdf
5203,2045,TRANS-T3EC DE (juin 2006).pdf,ESG/2006/Régime de la formation de technicien/Division électrotechnique - section communication/TRANS-T3EC DE (juin 2006).pdf
5204,2045,TRANS-T3EC FR (juin 2006).pdf,ESG/2006/Régime de la formation de technicien/Division électrotechnique - section communication/TRANS-T3EC FR (juin 2006).pdf
2046,2030,Division électrotechnique - section énergie,ESG/2006/Régime de la formation de technicien/Division électrotechnique - section énergie
5175,2046,ANGLA-T3EE EN (juin 2006).pdf,ESG/2006/Régime de la formation de technicien/Division électrotechnique - section énergie/ANGLA-T3EE EN (juin 2006).pdf
5176,2046,ASSER-T3EE DE (juin 2006).pdf,ESG/2006/Régime de la formation de technicien/Division électrotechnique - section énergie/ASSER-T3EE DE (juin 2006).pdf
5177,2046,ELETE-T3EE DE (juin 2006).pdf,ESG/2006/Régime de la formation de technicien/Division électrotechnique - section énergie/ELETE-T3EE DE (juin 2006).pdf
5178,2046,FRANC-T3EE FR (juin 2006).pdf,ESG/2006/Régime de la formation de technicien/Division électrotechnique - section énergie/FRANC-T3EE FR (juin 2006).pdf
5179,2046,FRANC-T3EE FR (repêchage juin 2006).pdf,ESG/2006/Régime de la formation de technicien/Division électrotechnique - section énergie/FRANC-T3EE FR (repêchage juin 2006).pdf
5180,2046,MACEL-T3EE DE (juin 2006).pdf,ESG/2006/Régime de la formation de technicien/Division électrotechnique - section énergie/MACEL-T3EE DE (juin 2006).pdf
5181,2046,MATHE-T3EE FR (juin 2006).pdf,ESG/2006/Régime de la formation de technicien/Division électrotechnique - section énergie/MATHE-T3EE FR (juin 2006).pdf
5182,2046,TECEN-T3EE DE (juin 2006).pdf,ESG/2006/Régime de la formation de technicien/Division électrotechnique - section énergie/TECEN-T3EE DE (juin 2006).pdf
5183,2046,TRODI-T3EE DE (juin 2006).pdf,ESG/2006/Régime de la formation de technicien/Division électrotechnique - section énergie/TRODI-T3EE DE (juin 2006).pdf
2038,2030,Division génie civil - section bâtiment,ESG/2006/Régime de la formation de technicien/Division génie civil - section bâtiment
5276,2038,ALLEM-T3BA DE (juin 2006).pdf,ESG/2006/Régime de la formation de technicien/Division génie civil - section bâtiment/ALLEM-T3BA DE (juin 2006).pdf
5277,2038,ANGLA-T3BA EN (juin 2006).pdf,ESG/2006/Régime de la formation de technicien/Division génie civil - section bâtiment/ANGLA-T3BA EN (juin 2006).pdf
5278,2038,ARCHI-T3BA DE (juin 2006).pdf,ESG/2006/Régime de la formation de technicien/Division génie civil - section bâtiment/ARCHI-T3BA DE (juin 2006).pdf
5280,2038,"ATBET-T3BA DE (juin 2006), épreuve écrite.pdf","ESG/2006/Régime de la formation de technicien/Division génie civil - section bâtiment/ATBET-T3BA DE (juin 2006), épreuve écrite.pdf"
5279,2038,"ATBET-T3BA DE (juin 2006), épreuve orale.pdf","ESG/2006/Régime de la formation de technicien/Division génie civil - section bâtiment/ATBET-T3BA DE (juin 2006), épreuve orale.pdf"
5281,2038,"CHIAP-T3BA DE (juin 2006), partie partique.pdf","ESG/2006/Régime de la formation de technicien/Division génie civil - section bâtiment/CHIAP-T3BA DE (juin 2006), partie partique.pdf"
5282,2038,"CHIAP-T3BA DE (juin 2006), partie théorique.pdf","ESG/2006/Régime de la formation de technicien/Division génie civil - section bâtiment/CHIAP-T3BA DE (juin 2006), partie théorique.pdf"
5283,2038,CONST-T3BA DE (juin 2006).pdf,ESG/2006/Régime de la formation de technicien/Division génie civil - section bâtiment/CONST-T3BA DE (juin 2006).pdf
5284,2038,EDUCS-T3BA DE (juin 2006).pdf,ESG/2006/Régime de la formation de technicien/Division génie civil - section bâtiment/EDUCS-T3BA DE (juin 2006).pdf
5285,2038,EDUCS-T3BA FR (juin 2006).pdf,ESG/2006/Régime de la formation de technicien/Division génie civil - section bâtiment/EDUCS-T3BA FR (juin 2006).pdf
5286,2038,FRANC-T3BA FR (juin 2006).pdf,ESG/2006/Régime de la formation de technicien/Division génie civil - section bâtiment/FRANC-T3BA FR (juin 2006).pdf
5287,2038,MATHE-T3BA FR (juin 2006).pdf,ESG/2006/Régime de la formation de technicien/Division génie civil - section bâtiment/MATHE-T3BA FR (juin 2006).pdf
5288,2038,"TOPOG-T3BA FR (juin 2006), Bâtiment.pdf","ESG/2006/Régime de la formation de technicien/Division génie civil - section bâtiment/TOPOG-T3BA FR (juin 2006), Bâtiment.pdf"
5289,2038,"TOPOG-T3BA FR (juin 2006), Génie civil.pdf","ESG/2006/Régime de la formation de technicien/Division génie civil - section bâtiment/TOPOG-T3BA FR (juin 2006), Génie civil.pdf"
5290,2038,URBAN-T3BA FR (juin 2006).pdf,ESG/2006/Régime de la formation de technicien/Division génie civil - section bâtiment/URBAN-T3BA FR (juin 2006).pdf
2039,2030,Division génie civil - section constructions civiles,ESG/2006/Régime de la formation de technicien/Division génie civil - section constructions civiles
5261,2039,ALLEM-T3CC DE (juin 2006).pdf,ESG/2006/Régime de la formation de technicien/Division génie civil - section constructions civiles/ALLEM-T3CC DE (juin 2006).pdf
5262,2039,ANGLA-T3CC EN (juin 2006).pdf,ESG/2006/Régime de la formation de technicien/Division génie civil - section constructions civiles/ANGLA-T3CC EN (juin 2006).pdf
5264,2039,"ATBET-T3CC DE (juin 2006), épreuve écrite.pdf","ESG/2006/Régime de la formation de technicien/Division génie civil - section constructions civiles/ATBET-T3CC DE (juin 2006), épreuve écrite.pdf"
5263,2039,"ATBET-T3CC DE (juin 2006), épreuve orale.pdf","ESG/2006/Régime de la formation de technicien/Division génie civil - section constructions civiles/ATBET-T3CC DE (juin 2006), épreuve orale.pdf"
5265,2039,CHANT-T3CC DE (juin 2006).pdf,ESG/2006/Régime de la formation de technicien/Division génie civil - section constructions civiles/CHANT-T3CC DE (juin 2006).pdf
5266,2039,"CHIAP-T3CC DE (juin 2006), partie partique.pdf","ESG/2006/Régime de la formation de technicien/Division génie civil - section constructions civiles/CHIAP-T3CC DE (juin 2006), partie partique.pdf"
5267,2039,"CHIAP-T3CC DE (juin 2006), partie théorique.pdf","ESG/2006/Régime de la formation de technicien/Division génie civil - section constructions civiles/CHIAP-T3CC DE (juin 2006), partie théorique.pdf"
5268,2039,EDUCS-T3CC DE (juin 2006).pdf,ESG/2006/Régime de la formation de technicien/Division génie civil - section constructions civiles/EDUCS-T3CC DE (juin 2006).pdf
5269,2039,EDUCS-T3CC FR (juin 2006).pdf,ESG/2006/Régime de la formation de technicien/Division génie civil - section constructions civiles/EDUCS-T3CC FR (juin 2006).pdf
5270,2039,FRANC-T3CC FR (juin 2006).pdf,ESG/2006/Régime de la formation de technicien/Division génie civil - section constructions civiles/FRANC-T3CC FR (juin 2006).pdf
5271,2039,MATHE-T3CC FR (juin 2006).pdf,ESG/2006/Régime de la formation de technicien/Division génie civil - section constructions civiles/MATHE-T3CC FR (juin 2006).pdf
5272,2039,STAAP-T3CC DE (juin 2006).pdf,ESG/2006/Régime de la formation de technicien/Division génie civil - section constructions civiles/STAAP-T3CC DE (juin 2006).pdf
5274,2039,"TOPOG-T3CC DE (juin 2006), épreuve écrite.pdf","ESG/2006/Régime de la formation de technicien/Division génie civil - section constructions civiles/TOPOG-T3CC DE (juin 2006), épreuve écrite.pdf"
5273,2039,"TOPOG-T3CC DE (juin 2006), épreuve partique.pdf","ESG/2006/Régime de la formation de technicien/Division génie civil - section constructions civiles/TOPOG-T3CC DE (juin 2006), épreuve partique.pdf"
5275,2039,URBAN-T3CC DE (juin 2006).pdf,ESG/2006/Régime de la formation de technicien/Division génie civil - section constructions civiles/URBAN-T3CC DE (juin 2006).pdf
2040,2030,Division hôtelière et touristique - section hôtelière,ESG/2006/Régime de la formation de technicien/Division hôtelière et touristique - section hôtelière
5250,2040,ALLEM-T3HO DE (juin 2006).pdf,ESG/2006/Régime de la formation de technicien/Division hôtelière et touristique - section hôtelière/ALLEM-T3HO DE (juin 2006).pdf
5251,2040,ANGLA-T3HO EN (juin 2006).pdf,ESG/2006/Régime de la formation de technicien/Division hôtelière et touristique - section hôtelière/ANGLA-T3HO EN (juin 2006).pdf
5252,2040,BOOEN-T3HO FR (juin 2006).pdf,ESG/2006/Régime de la formation de technicien/Division hôtelière et touristique - section hôtelière/BOOEN-T3HO FR (juin 2006).pdf
5253,2040,COMGE-T3HO FR (juin 2006).pdf,ESG/2006/Régime de la formation de technicien/Division hôtelière et touristique - section hôtelière/COMGE-T3HO FR (juin 2006).pdf
5254,2040,EDUCS-T3HO FR (juin 2006).pdf,ESG/2006/Régime de la formation de technicien/Division hôtelière et touristique - section hôtelière/EDUCS-T3HO FR (juin 2006).pdf
5255,2040,FRANC-T3HO FR (juin 2006).pdf,ESG/2006/Régime de la formation de technicien/Division hôtelière et touristique - section hôtelière/FRANC-T3HO FR (juin 2006).pdf
5256,2040,MATHA-T3HO FR (juin 2006).pdf,ESG/2006/Régime de la formation de technicien/Division hôtelière et touristique - section hôtelière/MATHA-T3HO FR (juin 2006).pdf
5257,2040,OESPA-T3HO SP (juin 2006).pdf,ESG/2006/Régime de la formation de technicien/Division hôtelière et touristique - section hôtelière/OESPA-T3HO SP (juin 2006).pdf
5258,2040,"OITAL-T3HO FR,IT (juin 2006).pdf","ESG/2006/Régime de la formation de technicien/Division hôtelière et touristique - section hôtelière/OITAL-T3HO FR,IT (juin 2006).pdf"
5259,2040,TECGE-T3HO FR (juin 2006).pdf,ESG/2006/Régime de la formation de technicien/Division hôtelière et touristique - section hôtelière/TECGE-T3HO FR (juin 2006).pdf
5260,2040,TEREC-T3HO FR (juin 2006).pdf,ESG/2006/Régime de la formation de technicien/Division hôtelière et touristique - section hôtelière/TEREC-T3HO FR (juin 2006).pdf
2041,2030,Division hôtelière et touristique - section touristique,ESG/2006/Régime de la formation de technicien/Division hôtelière et touristique - section touristique
5236,2041,ALLEM-T3TO DE (juin 2006).pdf,ESG/2006/Régime de la formation de technicien/Division hôtelière et touristique - section touristique/ALLEM-T3TO DE (juin 2006).pdf
5237,2041,ANGLA-T3TO EN (juin 2006).pdf,ESG/2006/Régime de la formation de technicien/Division hôtelière et touristique - section touristique/ANGLA-T3TO EN (juin 2006).pdf
5238,2041,COMGE-T3TO FR (juin 2006).pdf,ESG/2006/Régime de la formation de technicien/Division hôtelière et touristique - section touristique/COMGE-T3TO FR (juin 2006).pdf
5239,2041,"EDUCS-T3TO FR (juin 2006), partie legislation.pdf","ESG/2006/Régime de la formation de technicien/Division hôtelière et touristique - section touristique/EDUCS-T3TO FR (juin 2006), partie legislation.pdf"
5240,2041,EDUCS-T3TO FR (juin 2006).pdf,ESG/2006/Régime de la formation de technicien/Division hôtelière et touristique - section touristique/EDUCS-T3TO FR (juin 2006).pdf
5241,2041,FRANC-T3TO FR (juin 2006).pdf,ESG/2006/Régime de la formation de technicien/Division hôtelière et touristique - section touristique/FRANC-T3TO FR (juin 2006).pdf
5242,2041,"HIGEO-T3TO FR (juin 2006), geographie.pdf","ESG/2006/Régime de la formation de technicien/Division hôtelière et touristique - section touristique/HIGEO-T3TO FR (juin 2006), geographie.pdf"
5243,2041,"HIGEO-T3TO FR (juin 2006), histoire de l'art.pdf","ESG/2006/Régime de la formation de technicien/Division hôtelière et touristique - section touristique/HIGEO-T3TO FR (juin 2006), histoire de l'art.pdf"
5244,2041,"HIGEO-T3TO FR (juin 2006), histoire.pdf","ESG/2006/Régime de la formation de technicien/Division hôtelière et touristique - section touristique/HIGEO-T3TO FR (juin 2006), histoire.pdf"
5245,2041,MATHA-T3TO FR (juin 2006).pdf,ESG/2006/Régime de la formation de technicien/Division hôtelière et touristique - section touristique/MATHA-T3TO FR (juin 2006).pdf
5246,2041,OESPA-T3TO SP (juin 2006).pdf,ESG/2006/Régime de la formation de technicien/Division hôtelière et touristique - section touristique/OESPA-T3TO SP (juin 2006).pdf
5247,2041,"OITAL-T3TO FR,IT (juin 2006).pdf","ESG/2006/Régime de la formation de technicien/Division hôtelière et touristique - section touristique/OITAL-T3TO FR,IT (juin 2006).pdf"
5248,2041,TECGE-T3TO FR (juin 2006).pdf,ESG/2006/Régime de la formation de technicien/Division hôtelière et touristique - section touristique/TECGE-T3TO FR (juin 2006).pdf
5249,2041,TETOU-T3TO FR (juin 2006).pdf,ESG/2006/Régime de la formation de technicien/Division hôtelière et touristique - section touristique/TETOU-T3TO FR (juin 2006).pdf
2042,2030,Division informatique,ESG/2006/Régime de la formation de technicien/Division informatique
5224,2042,ANGLA-T3IF EN (juin 2006).pdf,ESG/2006/Régime de la formation de technicien/Division informatique/ANGLA-T3IF EN (juin 2006).pdf
5225,2042,"ARCOR-T3IF DE (juin 2006), partie I.pdf","ESG/2006/Régime de la formation de technicien/Division informatique/ARCOR-T3IF DE (juin 2006), partie I.pdf"
5226,2042,"ARCOR-T3IF DE (juin 2006), partie II.pdf","ESG/2006/Régime de la formation de technicien/Division informatique/ARCOR-T3IF DE (juin 2006), partie II.pdf"
5227,2042,EDUCS-T3IF DE (juin 2006).pdf,ESG/2006/Régime de la formation de technicien/Division informatique/EDUCS-T3IF DE (juin 2006).pdf
5228,2042,FRANC-T3IF FR (juin 2006).pdf,ESG/2006/Régime de la formation de technicien/Division informatique/FRANC-T3IF FR (juin 2006).pdf
5229,2042,FRANC-T3IF FR (repêchage juin 2006).pdf,ESG/2006/Régime de la formation de technicien/Division informatique/FRANC-T3IF FR (repêchage juin 2006).pdf
5230,2042,INFAP-T3IF FR (juin 2006).pdf,ESG/2006/Régime de la formation de technicien/Division informatique/INFAP-T3IF FR (juin 2006).pdf
5231,2042,INFGE-T3IF FR (juin 2006).pdf,ESG/2006/Régime de la formation de technicien/Division informatique/INFGE-T3IF FR (juin 2006).pdf
5232,2042,INFIN-T3IF DE (juin 2006).pdf,ESG/2006/Régime de la formation de technicien/Division informatique/INFIN-T3IF DE (juin 2006).pdf
5233,2042,MATHE-T3IF FR (juin 2006).pdf,ESG/2006/Régime de la formation de technicien/Division informatique/MATHE-T3IF FR (juin 2006).pdf
5234,2042,TECMU-T3IF DE (juin 2006).pdf,ESG/2006/Régime de la formation de technicien/Division informatique/TECMU-T3IF DE (juin 2006).pdf
5235,2042,TEINF-T3IF DE (juin 2006).pdf,ESG/2006/Régime de la formation de technicien/Division informatique/TEINF-T3IF DE (juin 2006).pdf
2043,2030,Division mécanique - section mécanique automobile,ESG/2006/Régime de la formation de technicien/Division mécanique - section mécanique automobile
5215,2043,ALLEM-T3MA DE (juin 2006).pdf,ESG/2006/Régime de la formation de technicien/Division mécanique - section mécanique automobile/ALLEM-T3MA DE (juin 2006).pdf
5216,2043,CHACA-T3MA DE (juin 2006).pdf,ESG/2006/Régime de la formation de technicien/Division mécanique - section mécanique automobile/CHACA-T3MA DE (juin 2006).pdf
5217,2043,CONSE-T3MA DE (juin 2006).pdf,ESG/2006/Régime de la formation de technicien/Division mécanique - section mécanique automobile/CONSE-T3MA DE (juin 2006).pdf
5218,2043,epreuve interdisciplinaire theorique.pdf,ESG/2006/Régime de la formation de technicien/Division mécanique - section mécanique automobile/epreuve interdisciplinaire theorique.pdf
5219,2043,FRANC-T3MA FR (juin 2006).pdf,ESG/2006/Régime de la formation de technicien/Division mécanique - section mécanique automobile/FRANC-T3MA FR (juin 2006).pdf
5220,2043,FRANC-T3MA FR (repechage juin 2006).pdf,ESG/2006/Régime de la formation de technicien/Division mécanique - section mécanique automobile/FRANC-T3MA FR (repechage juin 2006).pdf
5221,2043,MATHE-T3MA FR (juin 2006).pdf,ESG/2006/Régime de la formation de technicien/Division mécanique - section mécanique automobile/MATHE-T3MA FR (juin 2006).pdf
5222,2043,SAPVE-T3MA DE (juin 2006).pdf,ESG/2006/Régime de la formation de technicien/Division mécanique - section mécanique automobile/SAPVE-T3MA DE (juin 2006).pdf
5223,2043,TRANS-T3MA DE (juin 2006).pdf,ESG/2006/Régime de la formation de technicien/Division mécanique - section mécanique automobile/TRANS-T3MA DE (juin 2006).pdf
2044,2030,Division mécanique - section mécanique générale,ESG/2006/Régime de la formation de technicien/Division mécanique - section mécanique générale
5205,2044,ALLEM-T3MG DE (juin 2006).pdf,ESG/2006/Régime de la formation de technicien/Division mécanique - section mécanique générale/ALLEM-T3MG DE (juin 2006).pdf
5206,2044,ANGLA-T3MG EN (juin 2006).pdf,ESG/2006/Régime de la formation de technicien/Division mécanique - section mécanique générale/ANGLA-T3MG EN (juin 2006).pdf
5207,2044,"ASSER-T3MG DE (juin 2006), partie I.pdf","ESG/2006/Régime de la formation de technicien/Division mécanique - section mécanique générale/ASSER-T3MG DE (juin 2006), partie I.pdf"
5208,2044,"ASSER-T3MG DE (juin 2006), partie II.pdf","ESG/2006/Régime de la formation de technicien/Division mécanique - section mécanique générale/ASSER-T3MG DE (juin 2006), partie II.pdf"
5209,2044,CAMEC-T3MG DE (juin 2006).pdf,ESG/2006/Régime de la formation de technicien/Division mécanique - section mécanique générale/CAMEC-T3MG DE (juin 2006).pdf
5210,2044,EDUCS-T3MG DE (juin 2006).pdf,ESG/2006/Régime de la formation de technicien/Division mécanique - section mécanique générale/EDUCS-T3MG DE (juin 2006).pdf
5211,2044,FRANC-T3MG FR (juin 2006).pdf,ESG/2006/Régime de la formation de technicien/Division mécanique - section mécanique générale/FRANC-T3MG FR (juin 2006).pdf
5212,2044,MATHE-T3MG FR (juin 2006).pdf,ESG/2006/Régime de la formation de technicien/Division mécanique - section mécanique générale/MATHE-T3MG FR (juin 2006).pdf
5213,2044,"TECNO-T3MG DE (juin 2006), partie I.pdf","ESG/2006/Régime de la formation de technicien/Division mécanique - section mécanique générale/TECNO-T3MG DE (juin 2006), partie I.pdf"
5214,2044,"TECNO-T3MG DE (juin 2006), partie II.pdf","ESG/2006/Régime de la formation de technicien/Division mécanique - section mécanique générale/TECNO-T3MG DE (juin 2006), partie II.pdf"
2047,2029,Régime technique,ESG/2006/Régime technique
2048,2047,Division de la formation administrative et commerciale - section communication et organisation,ESG/2006/Régime technique/Division de la formation administrative et commerciale - section communication et organisation
2049,2047,Division de la formation administrative et commerciale - section gestion,ESG/2006/Régime technique/Division de la formation administrative et commerciale - section gestion
2052,2047,Division des professions de santé et des professions sociales - section de la formation de l'infirmier,ESG/2006/Régime technique/Division des professions de santé et des professions sociales - section de la formation de l'infirmier
2050,2047,Division des professions de santé et des professions sociales - section de l'assistant technique médical - laboratoire,ESG/2006/Régime technique/Division des professions de santé et des professions sociales - section de l'assistant technique médical - laboratoire
2051,2047,Division des professions de santé et des professions sociales - section de l'assistant technique médical - radiologie,ESG/2006/Régime technique/Division des professions de santé et des professions sociales - section de l'assistant technique médical - radiologie
2053,2047,Division des professions de santé et des professions sociales - section des éducateurs,ESG/2006/Régime technique/Division des professions de santé et des professions sociales - section des éducateurs
2055,2047,Division technique générale - section technique générale,ESG/2006/Régime technique/Division technique générale - section technique générale
2054,2047,Division technique générale - section technique générale informatique,ESG/2006/Régime technique/Division technique générale - section technique générale informatique
2056,2001,2007,ESG/2007
2057,2056,Régime technique,ESG/2007/Régime technique
2058,2057,Division de la formation administrative et commerciale - section communication et organisation,ESG/2007/Régime technique/Division de la formation administrative et commerciale - section communication et organisation
5157,2058,Allemand 25.05.07.pdf,ESG/2007/Régime technique/Division de la formation administrative et commerciale - section communication et organisation/Allemand 25.05.07.pdf
5158,2058,Anglais 2007.pdf,ESG/2007/Régime technique/Division de la formation administrative et commerciale - section communication et organisation/Anglais 2007.pdf
5159,2058,Anglais 21.09.07.pdf,ESG/2007/Régime technique/Division de la formation administrative et commerciale - section communication et organisation/Anglais 21.09.07.pdf
5160,2058,Communication professionnelle et relations humaines 2007.pdf,ESG/2007/Régime technique/Division de la formation administrative et commerciale - section communication et organisation/Communication professionnelle et relations humaines 2007.pdf
5161,2058,connaissance du monde contemporain 02.06.07.pdf,ESG/2007/Régime technique/Division de la formation administrative et commerciale - section communication et organisation/connaissance du monde contemporain 02.06.07.pdf
5162,2058,connaissance du monde contemporain 20.09.07.pdf,ESG/2007/Régime technique/Division de la formation administrative et commerciale - section communication et organisation/connaissance du monde contemporain 20.09.07.pdf
5163,2058,Français 05.06.07.pdf,ESG/2007/Régime technique/Division de la formation administrative et commerciale - section communication et organisation/Français 05.06.07.pdf
5164,2058,Français 18.09.07.pdf,ESG/2007/Régime technique/Division de la formation administrative et commerciale - section communication et organisation/Français 18.09.07.pdf
5165,2058,Français dossier 1.pdf,ESG/2007/Régime technique/Division de la formation administrative et commerciale - section communication et organisation/Français dossier 1.pdf
5166,2058,Français dossier 2.pdf,ESG/2007/Régime technique/Division de la formation administrative et commerciale - section communication et organisation/Français dossier 2.pdf
5167,2058,Français dossier 3.pdf,ESG/2007/Régime technique/Division de la formation administrative et commerciale - section communication et organisation/Français dossier 3.pdf
5168,2058,Français dossier 4.pdf,ESG/2007/Régime technique/Division de la formation administrative et commerciale - section communication et organisation/Français dossier 4.pdf
5169,2058,Français dossier 5.pdf,ESG/2007/Régime technique/Division de la formation administrative et commerciale - section communication et organisation/Français dossier 5.pdf
5170,2058,Français dossier 6.pdf,ESG/2007/Régime technique/Division de la formation administrative et commerciale - section communication et organisation/Français dossier 6.pdf
5171,2058,Français dossier 7.pdf,ESG/2007/Régime technique/Division de la formation administrative et commerciale - section communication et organisation/Français dossier 7.pdf
5172,2058,Informatique 06.06.07.pdf,ESG/2007/Régime technique/Division de la formation administrative et commerciale - section communication et organisation/Informatique 06.06.07.pdf
5173,2058,Mathématiques 11.06.07.pdf,ESG/2007/Régime technique/Division de la formation administrative et commerciale - section communication et organisation/Mathématiques 11.06.07.pdf
5174,2058,Technologies de l'information et de la communication 06.07.pdf,ESG/2007/Régime technique/Division de la formation administrative et commerciale - section communication et organisation/Technologies de l'information et de la communication 06.07.pdf
2059,2057,Division de la formation administrative et commerciale - section gestion,ESG/2007/Régime technique/Division de la formation administrative et commerciale - section gestion
5150,2059,Français dossier 1.pdf,ESG/2007/Régime technique/Division de la formation administrative et commerciale - section gestion/Français dossier 1.pdf
5151,2059,Français dossier 2.pdf,ESG/2007/Régime technique/Division de la formation administrative et commerciale - section gestion/Français dossier 2.pdf
5152,2059,Français dossier 3.pdf,ESG/2007/Régime technique/Division de la formation administrative et commerciale - section gestion/Français dossier 3.pdf
5153,2059,Français dossier 4.pdf,ESG/2007/Régime technique/Division de la formation administrative et commerciale - section gestion/Français dossier 4.pdf
5154,2059,Français dossier 5.pdf,ESG/2007/Régime technique/Division de la formation administrative et commerciale - section gestion/Français dossier 5.pdf
5155,2059,Français dossier 6.pdf,ESG/2007/Régime technique/Division de la formation administrative et commerciale - section gestion/Français dossier 6.pdf
5156,2059,Français dossier 7.pdf,ESG/2007/Régime technique/Division de la formation administrative et commerciale - section gestion/Français dossier 7.pdf
2061,2057,Division des professions de santé et des professions sociales - section de la formation de l'infirmier,ESG/2007/Régime technique/Division des professions de santé et des professions sociales - section de la formation de l'infirmier
5142,2061,13 SI-ED ALLEM ajournement.PDF,ESG/2007/Régime technique/Division des professions de santé et des professions sociales - section de la formation de l'infirmier/13 SI-ED ALLEM ajournement.PDF
5143,2061,13 SI-ED ANGLA Ajournement.PDF,ESG/2007/Régime technique/Division des professions de santé et des professions sociales - section de la formation de l'infirmier/13 SI-ED ANGLA Ajournement.PDF
5144,2061,13 SI-ED FRANC Ajournement.PDF,ESG/2007/Régime technique/Division des professions de santé et des professions sociales - section de la formation de l'infirmier/13 SI-ED FRANC Ajournement.PDF
5145,2061,14SI SCMED ajournement.PDF,ESG/2007/Régime technique/Division des professions de santé et des professions sociales - section de la formation de l'infirmier/14SI SCMED ajournement.PDF
2060,2057,Division des professions de santé et des professions sociales - section de l'assistant technique médical - laboratoire,ESG/2007/Régime technique/Division des professions de santé et des professions sociales - section de l'assistant technique médical - laboratoire
5146,2060,14SL CHIME 1 ajournement.PDF,ESG/2007/Régime technique/Division des professions de santé et des professions sociales - section de l'assistant technique médical - laboratoire/14SL CHIME 1 ajournement.PDF
5147,2060,14SL CHIME 2 Ajournement.PDF,ESG/2007/Régime technique/Division des professions de santé et des professions sociales - section de l'assistant technique médical - laboratoire/14SL CHIME 2 Ajournement.PDF
5148,2060,14SL HEMAT 1 Ajournement.PDF,ESG/2007/Régime technique/Division des professions de santé et des professions sociales - section de l'assistant technique médical - laboratoire/14SL HEMAT 1 Ajournement.PDF
5149,2060,14SL HEMAT 2 Ajournement.PDF,ESG/2007/Régime technique/Division des professions de santé et des professions sociales - section de l'assistant technique médical - laboratoire/14SL HEMAT 2 Ajournement.PDF
2062,2057,Division des professions de santé et des professions sociales - section des éducateurs,ESG/2007/Régime technique/Division des professions de santé et des professions sociales - section des éducateurs
5133,2062,14ED CONMO ajournement.PDF,ESG/2007/Régime technique/Division des professions de santé et des professions sociales - section des éducateurs/14ED CONMO ajournement.PDF
5134,2062,14ED EDSAN ajournement.PDF,ESG/2007/Régime technique/Division des professions de santé et des professions sociales - section des éducateurs/14ED EDSAN ajournement.PDF
5135,2062,14ED GERONTO ajournement.PDF,ESG/2007/Régime technique/Division des professions de santé et des professions sociales - section des éducateurs/14ED GERONTO ajournement.PDF
5136,2062,14ED LEODO ajournement.PDF,ESG/2007/Régime technique/Division des professions de santé et des professions sociales - section des éducateurs/14ED LEODO ajournement.PDF
5137,2062,14ED PEDME ajournement.PDF,ESG/2007/Régime technique/Division des professions de santé et des professions sociales - section des éducateurs/14ED PEDME ajournement.PDF
5138,2062,14ED PEDSO ajournement.PDF,ESG/2007/Régime technique/Division des professions de santé et des professions sociales - section des éducateurs/14ED PEDSO ajournement.PDF
5139,2062,14ED PEDSP ajournement.PDF,ESG/2007/Régime technique/Division des professions de santé et des professions sociales - section des éducateurs/14ED PEDSP ajournement.PDF
5140,2062,14ED PSYCHO ajournement.PDF,ESG/2007/Régime technique/Division des professions de santé et des professions sociales - section des éducateurs/14ED PSYCHO ajournement.PDF
5141,2062,14ED PSYPE ajournement.PDF,ESG/2007/Régime technique/Division des professions de santé et des professions sociales - section des éducateurs/14ED PSYPE ajournement.PDF
2064,2057,Division technique générale - section technique générale,ESG/2007/Régime technique/Division technique générale - section technique générale
5113,2064,BAC 2007 Allemand GE-GI septembre.pdf,ESG/2007/Régime technique/Division technique générale - section technique générale/BAC 2007 Allemand GE-GI septembre.pdf
5114,2064,BAC 2007 Anglais GE-GI septembre.pdf,ESG/2007/Régime technique/Division technique générale - section technique générale/BAC 2007 Anglais GE-GI septembre.pdf
5115,2064,BAC 2007 Chimie GE II septembre.pdf,ESG/2007/Régime technique/Division technique générale - section technique générale/BAC 2007 Chimie GE II septembre.pdf
5116,2064,BAC 2007 Chimie GE septembre.pdf,ESG/2007/Régime technique/Division technique générale - section technique générale/BAC 2007 Chimie GE septembre.pdf
5117,2064,BAC 2007 Commoco GE-GI septembre.pdf,ESG/2007/Régime technique/Division technique générale - section technique générale/BAC 2007 Commoco GE-GI septembre.pdf
5118,2064,BAC 2007 Electrotechnique GE septembre.pdf,ESG/2007/Régime technique/Division technique générale - section technique générale/BAC 2007 Electrotechnique GE septembre.pdf
5119,2064,BAC 2007 Français GE septembre.pdf,ESG/2007/Régime technique/Division technique générale - section technique générale/BAC 2007 Français GE septembre.pdf
5120,2064,BAC 2007 GE Mathé II septembre.pdf,ESG/2007/Régime technique/Division technique générale - section technique générale/BAC 2007 GE Mathé II septembre.pdf
5121,2064,BAC 2007 Info (Partie pratique) GE septembre.pdf,ESG/2007/Régime technique/Division technique générale - section technique générale/BAC 2007 Info (Partie pratique) GE septembre.pdf
5122,2064,BAC 2007 Info (Partie théorique) GE septembre.pdf,ESG/2007/Régime technique/Division technique générale - section technique générale/BAC 2007 Info (Partie théorique) GE septembre.pdf
5123,2064,BAC 2007 Mathé I GE-GI septembre.pdf,ESG/2007/Régime technique/Division technique générale - section technique générale/BAC 2007 Mathé I GE-GI septembre.pdf
5124,2064,BAC 2007 Mécanique GE septembre.pdf,ESG/2007/Régime technique/Division technique générale - section technique générale/BAC 2007 Mécanique GE septembre.pdf
5125,2064,BAC 2007 Physique GE septembre.pdf,ESG/2007/Régime technique/Division technique générale - section technique générale/BAC 2007 Physique GE septembre.pdf
5126,2064,BAC 2007 Technologie GE septembre.pdf,ESG/2007/Régime technique/Division technique générale - section technique générale/BAC 2007 Technologie GE septembre.pdf
2063,2057,Division technique générale - section technique générale informatique,ESG/2007/Régime technique/Division technique générale - section technique générale informatique
5127,2063,BAC 2007 Allemand GE-GI septembre.pdf,ESG/2007/Régime technique/Division technique générale - section technique générale informatique/BAC 2007 Allemand GE-GI septembre.pdf
5128,2063,BAC 2007 Anglais GE-GI septembre.pdf,ESG/2007/Régime technique/Division technique générale - section technique générale informatique/BAC 2007 Anglais GE-GI septembre.pdf
5129,2063,BAC 2007 Commoco GE-GI septembre.pdf,ESG/2007/Régime technique/Division technique générale - section technique générale informatique/BAC 2007 Commoco GE-GI septembre.pdf
5130,2063,BAC 2007 Mathé I GE-GI septembre.pdf,ESG/2007/Régime technique/Division technique générale - section technique générale informatique/BAC 2007 Mathé I GE-GI septembre.pdf
5131,2063,BAC 2007 Mathé II GI septembre.pdf,ESG/2007/Régime technique/Division technique générale - section technique générale informatique/BAC 2007 Mathé II GI septembre.pdf
5132,2063,BAC 2007 Sciences naturelles & Technologie GI septembre.pdf,ESG/2007/Régime technique/Division technique générale - section technique générale informatique/BAC 2007 Sciences naturelles & Technologie GI septembre.pdf
2065,2001,2008,ESG/2008
2066,2065,Régime de la formation de technicien,ESG/2008/Régime de la formation de technicien
2067,2066,Division administrative et commerciale,ESG/2008/Régime de la formation de technicien/Division administrative et commerciale
2068,2066,Division agricole - section agricole,ESG/2008/Régime de la formation de technicien/Division agricole - section agricole
2069,2066,Division agricole - section environnement naturel,ESG/2008/Régime de la formation de technicien/Division agricole - section environnement naturel
2070,2066,Division agricole - section horticole,ESG/2008/Régime de la formation de technicien/Division agricole - section horticole
2071,2066,Division artistique - section design graphique,ESG/2008/Régime de la formation de technicien/Division artistique - section design graphique
2072,2066,Division artistique - section expression plastique,ESG/2008/Régime de la formation de technicien/Division artistique - section expression plastique
2073,2066,Division chimique,ESG/2008/Régime de la formation de technicien/Division chimique
2082,2066,Division électrotechnique - section communication,ESG/2008/Régime de la formation de technicien/Division électrotechnique - section communication
2083,2066,Division électrotechnique - section énergie,ESG/2008/Régime de la formation de technicien/Division électrotechnique - section énergie
2074,2066,Division génie civil - section bâtiment,ESG/2008/Régime de la formation de technicien/Division génie civil - section bâtiment
2075,2066,Division génie civil - section constructions civiles,ESG/2008/Régime de la formation de technicien/Division génie civil - section constructions civiles
2076,2066,Division génie civil - section travaux publics,ESG/2008/Régime de la formation de technicien/Division génie civil - section travaux publics
2077,2066,Division hôtelière et touristique - section hôtelière,ESG/2008/Régime de la formation de technicien/Division hôtelière et touristique - section hôtelière
2078,2066,Division hôtelière et touristique - section touristique,ESG/2008/Régime de la formation de technicien/Division hôtelière et touristique - section touristique
2079,2066,Division informatique,ESG/2008/Régime de la formation de technicien/Division informatique
2080,2066,Division mécanique - section mécanique automobile,ESG/2008/Régime de la formation de technicien/Division mécanique - section mécanique automobile
2081,2066,Division mécanique - section mécanique générale,ESG/2008/Régime de la formation de technicien/Division mécanique - section mécanique générale
2084,2065,Régime technique,ESG/2008/Régime technique
2085,2084,Division de la formation administrative et commerciale - section communication et organisation,ESG/2008/Régime technique/Division de la formation administrative et commerciale - section communication et organisation
5107,2085,ALLEM_13CC_DE_31052005.pdf,ESG/2008/Régime technique/Division de la formation administrative et commerciale - section communication et organisation/ALLEM_13CC_DE_31052005.pdf
5104,2085,Allemand AL  juin 2008 - épreuve écrite.pdf,ESG/2008/Régime technique/Division de la formation administrative et commerciale - section communication et organisation/Allemand AL  juin 2008 - épreuve écrite.pdf
5105,2085,Allemand FR juin 2008 - épreuve écrite.pdf,ESG/2008/Régime technique/Division de la formation administrative et commerciale - section communication et organisation/Allemand FR juin 2008 - épreuve écrite.pdf
5106,2085,Allemand juin 2008 - épreuve écrite.pdf,ESG/2008/Régime technique/Division de la formation administrative et commerciale - section communication et organisation/Allemand juin 2008 - épreuve écrite.pdf
5108,2085,Anglais juin 2008 - épreuve écrite.pdf,ESG/2008/Régime technique/Division de la formation administrative et commerciale - section communication et organisation/Anglais juin 2008 - épreuve écrite.pdf
5109,2085,Comptabilité CC - juin 2008.pdf,ESG/2008/Régime technique/Division de la formation administrative et commerciale - section communication et organisation/Comptabilité CC - juin 2008.pdf
5110,2085,COPRH - juin 2008.pdf,ESG/2008/Régime technique/Division de la formation administrative et commerciale - section communication et organisation/COPRH - juin 2008.pdf
5111,2085,ORGES juin 2008.pdf,ESG/2008/Régime technique/Division de la formation administrative et commerciale - section communication et organisation/ORGES juin 2008.pdf
5112,2085,TINCO juin 2008.pdf,ESG/2008/Régime technique/Division de la formation administrative et commerciale - section communication et organisation/TINCO juin 2008.pdf
2086,2084,Division de la formation administrative et commerciale - section gestion,ESG/2008/Régime technique/Division de la formation administrative et commerciale - section gestion
5095,2086,ALLEM_13CC_DE_31052005.pdf,ESG/2008/Régime technique/Division de la formation administrative et commerciale - section gestion/ALLEM_13CC_DE_31052005.pdf
5092,2086,Allemand AL  juin 2008 - épreuve écrite.pdf,ESG/2008/Régime technique/Division de la formation administrative et commerciale - section gestion/Allemand AL  juin 2008 - épreuve écrite.pdf
5093,2086,Allemand FR juin 2008 - épreuve écrite.pdf,ESG/2008/Régime technique/Division de la formation administrative et commerciale - section gestion/Allemand FR juin 2008 - épreuve écrite.pdf
5094,2086,Allemand juin 2008 - épreuve écrite.pdf,ESG/2008/Régime technique/Division de la formation administrative et commerciale - section gestion/Allemand juin 2008 - épreuve écrite.pdf
5096,2086,Anglais juin 2008 - épreuve écrite.pdf,ESG/2008/Régime technique/Division de la formation administrative et commerciale - section gestion/Anglais juin 2008 - épreuve écrite.pdf
5097,2086,COMOCO juin 2008.pdf,ESG/2008/Régime technique/Division de la formation administrative et commerciale - section gestion/COMOCO juin 2008.pdf
5098,2086,Comptabilité CG - juin 20081.pdf,ESG/2008/Régime technique/Division de la formation administrative et commerciale - section gestion/Comptabilité CG - juin 20081.pdf
5102,2086,Économie de gestion - juin 2008.pdf,ESG/2008/Régime technique/Division de la formation administrative et commerciale - section gestion/Économie de gestion - juin 2008.pdf
5103,2086,Économie politique - juin 2008.pdf,ESG/2008/Régime technique/Division de la formation administrative et commerciale - section gestion/Économie politique - juin 2008.pdf
5099,2086,Français juin 2008 - épreuve écrite.pdf,ESG/2008/Régime technique/Division de la formation administrative et commerciale - section gestion/Français juin 2008 - épreuve écrite.pdf
5100,2086,Informatique juin 2008.pdf,ESG/2008/Régime technique/Division de la formation administrative et commerciale - section gestion/Informatique juin 2008.pdf
5101,2086,Mathématiques juin 2008.pdf,ESG/2008/Régime technique/Division de la formation administrative et commerciale - section gestion/Mathématiques juin 2008.pdf
2089,2084,Division des professions de santé et des professions sociales - section de la formation de l'infirmier,ESG/2008/Régime technique/Division des professions de santé et des professions sociales - section de la formation de l'infirmier
5089,2089,14SI_Juin2008.zip,ESG/2008/Régime technique/Division des professions de santé et des professions sociales - section de la formation de l'infirmier/14SI_Juin2008.zip
2087,2084,Division des professions de santé et des professions sociales - section de l'assistant technique médical - laboratoire,ESG/2008/Régime technique/Division des professions de santé et des professions sociales - section de l'assistant technique médical - laboratoire
5091,2087,14SL_Juin2008.zip,ESG/2008/Régime technique/Division des professions de santé et des professions sociales - section de l'assistant technique médical - laboratoire/14SL_Juin2008.zip
2088,2084,Division des professions de santé et des professions sociales - section de l'assistant technique médical - radiologie,ESG/2008/Régime technique/Division des professions de santé et des professions sociales - section de l'assistant technique médical - radiologie
5090,2088,14SR_Juin2008.zip,ESG/2008/Régime technique/Division des professions de santé et des professions sociales - section de l'assistant technique médical - radiologie/14SR_Juin2008.zip
2090,2084,Division des professions de santé et des professions sociales - section des éducateurs,ESG/2008/Régime technique/Division des professions de santé et des professions sociales - section des éducateurs
5079,2090,14ED CONMO.pdf,ESG/2008/Régime technique/Division des professions de santé et des professions sociales - section des éducateurs/14ED CONMO.pdf
5080,2090,14ED EDSAN.pdf,ESG/2008/Régime technique/Division des professions de santé et des professions sociales - section des éducateurs/14ED EDSAN.pdf
5081,2090,14ED GERONTO.pdf,ESG/2008/Régime technique/Division des professions de santé et des professions sociales - section des éducateurs/14ED GERONTO.pdf
5082,2090,14ED LEODO.pdf,ESG/2008/Régime technique/Division des professions de santé et des professions sociales - section des éducateurs/14ED LEODO.pdf
5083,2090,14ED PEDMED.pdf,ESG/2008/Régime technique/Division des professions de santé et des professions sociales - section des éducateurs/14ED PEDMED.pdf
5084,2090,14ED PEDSO.pdf,ESG/2008/Régime technique/Division des professions de santé et des professions sociales - section des éducateurs/14ED PEDSO.pdf
5085,2090,14ED PEDSP juin.pdf,ESG/2008/Régime technique/Division des professions de santé et des professions sociales - section des éducateurs/14ED PEDSP juin.pdf
5086,2090,14ED PSYCHO juin.pdf,ESG/2008/Régime technique/Division des professions de santé et des professions sociales - section des éducateurs/14ED PSYCHO juin.pdf
5087,2090,14ED PSYPE juin.pdf,ESG/2008/Régime technique/Division des professions de santé et des professions sociales - section des éducateurs/14ED PSYPE juin.pdf
5088,2090,215865-14ED PEDSP juin.pdf,ESG/2008/Régime technique/Division des professions de santé et des professions sociales - section des éducateurs/215865-14ED PEDSP juin.pdf
2092,2084,Division technique générale - section technique générale,ESG/2008/Régime technique/Division technique générale - section technique générale
5066,2092,13GE_26052008.pdf,ESG/2008/Régime technique/Division technique générale - section technique générale/13GE_26052008.pdf
5067,2092,13GE_ALLEM_all._23.05.08.pdf,ESG/2008/Régime technique/Division technique générale - section technique générale/13GE_ALLEM_all._23.05.08.pdf
5068,2092,13GE_ANLGLA_anglais_29.05.08.pdf,ESG/2008/Régime technique/Division technique générale - section technique générale/13GE_ANLGLA_anglais_29.05.08.pdf
5069,2092,13GE_CONMO_franç_27.05.08.pdf,ESG/2008/Régime technique/Division technique générale - section technique générale/13GE_CONMO_franç_27.05.08.pdf
5070,2092,13GE_ELETE_all._27.05.08.pdf,ESG/2008/Régime technique/Division technique générale - section technique générale/13GE_ELETE_all._27.05.08.pdf
5071,2092,13GE_FRANC-franç_13.05.08.pdf,ESG/2008/Régime technique/Division technique générale - section technique générale/13GE_FRANC-franç_13.05.08.pdf
5072,2092,13GE_INFOR_franç._30.05.08.pdf,ESG/2008/Régime technique/Division technique générale - section technique générale/13GE_INFOR_franç._30.05.08.pdf
5074,2092,13GE_MATHE_franç._22.05.08.pdf,ESG/2008/Régime technique/Division technique générale - section technique générale/13GE_MATHE_franç._22.05.08.pdf
5073,2092,13GE_MATHEII_franç._02.06.08.pdf,ESG/2008/Régime technique/Division technique générale - section technique générale/13GE_MATHEII_franç._02.06.08.pdf
5075,2092,13GE_MECAN_all._26.05.08.pdf,ESG/2008/Régime technique/Division technique générale - section technique générale/13GE_MECAN_all._26.05.08.pdf
5076,2092,13GE_PHYSI_all._28.05.08.pdf,ESG/2008/Régime technique/Division technique générale - section technique générale/13GE_PHYSI_all._28.05.08.pdf
5077,2092,13GE_TECHNO_all._29.05.08.pdf,ESG/2008/Régime technique/Division technique générale - section technique générale/13GE_TECHNO_all._29.05.08.pdf
2091,2084,Division technique générale - section technique générale informatique,ESG/2008/Régime technique/Division technique générale - section technique générale informatique
5078,2091,13GI_Juin2008.zip,ESG/2008/Régime technique/Division technique générale - section technique générale informatique/13GI_Juin2008.zip
2093,2001,2009,ESG/2009
2094,2093,Régime de la formation de technicien,ESG/2009/Régime de la formation de technicien
2095,2094,Division administrative et commerciale,ESG/2009/Régime de la formation de technicien/Division administrative et commerciale
5055,2095,Allemand 2009.pdf,ESG/2009/Régime de la formation de technicien/Division administrative et commerciale/Allemand 2009.pdf
5056,2095,Anglais 2009.pdf,ESG/2009/Régime de la formation de technicien/Division administrative et commerciale/Anglais 2009.pdf
5057,2095,Communication professionnelle 2009.pdf,ESG/2009/Régime de la formation de technicien/Division administrative et commerciale/Communication professionnelle 2009.pdf
5061,2095,comptabilité-comptabilié informatisée p. 11-24 2009.pdf,ESG/2009/Régime de la formation de technicien/Division administrative et commerciale/comptabilité-comptabilié informatisée p. 11-24 2009.pdf
5058,2095,Comptabilité-comptabilité analytique 2009.pdf,ESG/2009/Régime de la formation de technicien/Division administrative et commerciale/Comptabilité-comptabilité analytique 2009.pdf
5059,2095,comptabilité-comptabilité analytique bis 2009.pdf,ESG/2009/Régime de la formation de technicien/Division administrative et commerciale/comptabilité-comptabilité analytique bis 2009.pdf
5060,2095,comptabilité-comptabilité informatisée 2009.pdf,ESG/2009/Régime de la formation de technicien/Division administrative et commerciale/comptabilité-comptabilité informatisée 2009.pdf
5062,2095,Economie politique 2009.pdf,ESG/2009/Régime de la formation de technicien/Division administrative et commerciale/Economie politique 2009.pdf
5063,2095,Education civique et sociale 2009.pdf,ESG/2009/Régime de la formation de technicien/Division administrative et commerciale/Education civique et sociale 2009.pdf
5064,2095,Français 2009.pdf,ESG/2009/Régime de la formation de technicien/Division administrative et commerciale/Français 2009.pdf
5065,2095,gestion d'entreprise 2009.pdf,ESG/2009/Régime de la formation de technicien/Division administrative et commerciale/gestion d'entreprise 2009.pdf
2096,2094,Division agricole - section agricole,ESG/2009/Régime de la formation de technicien/Division agricole - section agricole
5039,2096,Actualités agricoles0001.pdf,ESG/2009/Régime de la formation de technicien/Division agricole - section agricole/Actualités agricoles0001.pdf
5040,2096,Agronomie-partie 1 20090001.pdf,ESG/2009/Régime de la formation de technicien/Division agricole - section agricole/Agronomie-partie 1 20090001.pdf
5041,2096,Agronomie-partie 2 20090001.pdf,ESG/2009/Régime de la formation de technicien/Division agricole - section agricole/Agronomie-partie 2 20090001.pdf
5042,2096,Agronomie-Partie écrite 20090001.pdf,ESG/2009/Régime de la formation de technicien/Division agricole - section agricole/Agronomie-Partie écrite 20090001.pdf
5043,2096,Allemand 2009.pdf,ESG/2009/Régime de la formation de technicien/Division agricole - section agricole/Allemand 2009.pdf
5044,2096,Anglais 2009.pdf,ESG/2009/Régime de la formation de technicien/Division agricole - section agricole/Anglais 2009.pdf
5045,2096,Chimie 20090001.pdf,ESG/2009/Régime de la formation de technicien/Division agricole - section agricole/Chimie 20090001.pdf
5046,2096,Economie rurale I 20090001.pdf,ESG/2009/Régime de la formation de technicien/Division agricole - section agricole/Economie rurale I 20090001.pdf
5047,2096,Economie rurale II 20090001.pdf,ESG/2009/Régime de la formation de technicien/Division agricole - section agricole/Economie rurale II 20090001.pdf
5048,2096,Education civique et sociale 2009.pdf,ESG/2009/Régime de la formation de technicien/Division agricole - section agricole/Education civique et sociale 2009.pdf
5049,2096,Français 2009.pdf,ESG/2009/Régime de la formation de technicien/Division agricole - section agricole/Français 2009.pdf
5050,2096,Mathématiques 20090001.pdf,ESG/2009/Régime de la formation de technicien/Division agricole - section agricole/Mathématiques 20090001.pdf
5051,2096,Physique 20090001.pdf,ESG/2009/Régime de la formation de technicien/Division agricole - section agricole/Physique 20090001.pdf
5052,2096,Zootechnie I 20090001.pdf,ESG/2009/Régime de la formation de technicien/Division agricole - section agricole/Zootechnie I 20090001.pdf
5053,2096,Zootechnie II 20090001.pdf,ESG/2009/Régime de la formation de technicien/Division agricole - section agricole/Zootechnie II 20090001.pdf
5054,2096,Zootechnie pratique 20090001.pdf,ESG/2009/Régime de la formation de technicien/Division agricole - section agricole/Zootechnie pratique 20090001.pdf
2097,2094,Division agricole - section environnement naturel,ESG/2009/Régime de la formation de technicien/Division agricole - section environnement naturel
5020,2097,Allemand 2009.pdf,ESG/2009/Régime de la formation de technicien/Division agricole - section environnement naturel/Allemand 2009.pdf
5021,2097,Anglais 2009.pdf,ESG/2009/Régime de la formation de technicien/Division agricole - section environnement naturel/Anglais 2009.pdf
5022,2097,Chimie 2009.pdf,ESG/2009/Régime de la formation de technicien/Division agricole - section environnement naturel/Chimie 2009.pdf
5023,2097,"Economie forestière, Législation II 2009.pdf","ESG/2009/Régime de la formation de technicien/Division agricole - section environnement naturel/Economie forestière, Législation II 2009.pdf"
5024,2097,"Economie forestière, Législéation I 2009.pdf","ESG/2009/Régime de la formation de technicien/Division agricole - section environnement naturel/Economie forestière, Législéation I 2009.pdf"
5025,2097,Education civique et sociale 2009.pdf,ESG/2009/Régime de la formation de technicien/Division agricole - section environnement naturel/Education civique et sociale 2009.pdf
5026,2097,Etude de l'environnement forestier-partie I 2009.pdf,ESG/2009/Régime de la formation de technicien/Division agricole - section environnement naturel/Etude de l'environnement forestier-partie I 2009.pdf
5027,2097,Etude de l'environnement forestier-partie II 2009.pdf,ESG/2009/Régime de la formation de technicien/Division agricole - section environnement naturel/Etude de l'environnement forestier-partie II 2009.pdf
5028,2097,Etude de l'environnement naturel-partie I 2009.pdf,ESG/2009/Régime de la formation de technicien/Division agricole - section environnement naturel/Etude de l'environnement naturel-partie I 2009.pdf
5029,2097,Etude de l'environnement naturel-partie II 2009.pdf,ESG/2009/Régime de la formation de technicien/Division agricole - section environnement naturel/Etude de l'environnement naturel-partie II 2009.pdf
5030,2097,Français 2009.pdf,ESG/2009/Régime de la formation de technicien/Division agricole - section environnement naturel/Français 2009.pdf
5031,2097,Mathématiques 2009.pdf,ESG/2009/Régime de la formation de technicien/Division agricole - section environnement naturel/Mathématiques 2009.pdf
5032,2097,Mécanique-partie I (écrit) 2009.pdf,ESG/2009/Régime de la formation de technicien/Division agricole - section environnement naturel/Mécanique-partie I (écrit) 2009.pdf
5033,2097,Mécanique-partie II (pratique)2009.pdf,ESG/2009/Régime de la formation de technicien/Division agricole - section environnement naturel/Mécanique-partie II (pratique)2009.pdf
5034,2097,Physique 2009.pdf,ESG/2009/Régime de la formation de technicien/Division agricole - section environnement naturel/Physique 2009.pdf
5035,2097,"T-P Forêt, environnement 2009.pdf","ESG/2009/Régime de la formation de technicien/Division agricole - section environnement naturel/T-P Forêt, environnement 2009.pdf"
5036,2097,"TP Forêt, environnement Obstbaumschnitt 2009.pdf","ESG/2009/Régime de la formation de technicien/Division agricole - section environnement naturel/TP Forêt, environnement Obstbaumschnitt 2009.pdf"
5037,2097,"TP Forêt, environnement Pflegemaßnahme 2009.pdf","ESG/2009/Régime de la formation de technicien/Division agricole - section environnement naturel/TP Forêt, environnement Pflegemaßnahme 2009.pdf"
5038,2097,"Travaux pratiques forêt, environnement (Bestimmung von Pflanzen) 2009.pdf","ESG/2009/Régime de la formation de technicien/Division agricole - section environnement naturel/Travaux pratiques forêt, environnement (Bestimmung von Pflanzen) 2009.pdf"
2098,2094,Division agricole - section horticole,ESG/2009/Régime de la formation de technicien/Division agricole - section horticole
5003,2098,Actualités agricoles0001.pdf,ESG/2009/Régime de la formation de technicien/Division agricole - section horticole/Actualités agricoles0001.pdf
5004,2098,Agronomie-partie 1 2009.pdf,ESG/2009/Régime de la formation de technicien/Division agricole - section horticole/Agronomie-partie 1 2009.pdf
5005,2098,Agronomie-partie 2 2009.pdf,ESG/2009/Régime de la formation de technicien/Division agricole - section horticole/Agronomie-partie 2 2009.pdf
5006,2098,Agronomie-Partie écrite 2009.pdf,ESG/2009/Régime de la formation de technicien/Division agricole - section horticole/Agronomie-Partie écrite 2009.pdf
5007,2098,Allemand 2009.pdf,ESG/2009/Régime de la formation de technicien/Division agricole - section horticole/Allemand 2009.pdf
5008,2098,Anglais 2009.pdf,ESG/2009/Régime de la formation de technicien/Division agricole - section horticole/Anglais 2009.pdf
5009,2098,Atelier de productions horticoles 2009.pdf,ESG/2009/Régime de la formation de technicien/Division agricole - section horticole/Atelier de productions horticoles 2009.pdf
5010,2098,Chimie 20090001.pdf,ESG/2009/Régime de la formation de technicien/Division agricole - section horticole/Chimie 20090001.pdf
5011,2098,Economie rurale I 2009.pdf,ESG/2009/Régime de la formation de technicien/Division agricole - section horticole/Economie rurale I 2009.pdf
5012,2098,Economie rurale II 2009.pdf,ESG/2009/Régime de la formation de technicien/Division agricole - section horticole/Economie rurale II 2009.pdf
5013,2098,Education civique et sociale 2009.pdf,ESG/2009/Régime de la formation de technicien/Division agricole - section horticole/Education civique et sociale 2009.pdf
5014,2098,Français 2009.pdf,ESG/2009/Régime de la formation de technicien/Division agricole - section horticole/Français 2009.pdf
5015,2098,Mathématiques 2009.pdf,ESG/2009/Régime de la formation de technicien/Division agricole - section horticole/Mathématiques 2009.pdf
5016,2098,Physique 2009.pdf,ESG/2009/Régime de la formation de technicien/Division agricole - section horticole/Physique 2009.pdf
5017,2098,Zootechnie I 2009.pdf,ESG/2009/Régime de la formation de technicien/Division agricole - section horticole/Zootechnie I 2009.pdf
5018,2098,Zootechnie II 2009.pdf,ESG/2009/Régime de la formation de technicien/Division agricole - section horticole/Zootechnie II 2009.pdf
5019,2098,Zootechnie pratique 2009.pdf,ESG/2009/Régime de la formation de technicien/Division agricole - section horticole/Zootechnie pratique 2009.pdf
2099,2094,Division artistique - section design graphique,ESG/2009/Régime de la formation de technicien/Division artistique - section design graphique
4993,2099,Allemand 2009.pdf,ESG/2009/Régime de la formation de technicien/Division artistique - section design graphique/Allemand 2009.pdf
4994,2099,Anglais 2009.pdf,ESG/2009/Régime de la formation de technicien/Division artistique - section design graphique/Anglais 2009.pdf
4995,2099,Design Graphique 2009.pdf,ESG/2009/Régime de la formation de technicien/Division artistique - section design graphique/Design Graphique 2009.pdf
4996,2099,Dessin d'observation (modèle) 2009.pdf,ESG/2009/Régime de la formation de technicien/Division artistique - section design graphique/Dessin d'observation (modèle) 2009.pdf
4997,2099,Dessin d'observation (Objet) 2009.pdf,ESG/2009/Régime de la formation de technicien/Division artistique - section design graphique/Dessin d'observation (Objet) 2009.pdf
4998,2099,Education civique et sociale 2009.pdf,ESG/2009/Régime de la formation de technicien/Division artistique - section design graphique/Education civique et sociale 2009.pdf
4999,2099,Français 2009.pdf,ESG/2009/Régime de la formation de technicien/Division artistique - section design graphique/Français 2009.pdf
5000,2099,Infographie 2009.pdf,ESG/2009/Régime de la formation de technicien/Division artistique - section design graphique/Infographie 2009.pdf
5001,2099,mathématiques appliquées 2009.pdf,ESG/2009/Régime de la formation de technicien/Division artistique - section design graphique/mathématiques appliquées 2009.pdf
5002,2099,Photographie 2009.pdf,ESG/2009/Régime de la formation de technicien/Division artistique - section design graphique/Photographie 2009.pdf
2100,2094,Division artistique - section expression plastique,ESG/2009/Régime de la formation de technicien/Division artistique - section expression plastique
4979,2100,Allemand 2009.pdf,ESG/2009/Régime de la formation de technicien/Division artistique - section expression plastique/Allemand 2009.pdf
4980,2100,Anglais 2009.pdf,ESG/2009/Régime de la formation de technicien/Division artistique - section expression plastique/Anglais 2009.pdf
4981,2100,Education civique et sociale 2009.pdf,ESG/2009/Régime de la formation de technicien/Division artistique - section expression plastique/Education civique et sociale 2009.pdf
4982,2100,Epreuve pratique-dessijn d'observation modèle 2009.pdf,ESG/2009/Régime de la formation de technicien/Division artistique - section expression plastique/Epreuve pratique-dessijn d'observation modèle 2009.pdf
4983,2100,Epreuve pratique-dessin d'imagination 2009.pdf,ESG/2009/Régime de la formation de technicien/Division artistique - section expression plastique/Epreuve pratique-dessin d'imagination 2009.pdf
4984,2100,Epreuve pratique-dessin d'observation 2009.pdf,ESG/2009/Régime de la formation de technicien/Division artistique - section expression plastique/Epreuve pratique-dessin d'observation 2009.pdf
4985,2100,Film et Audiovisuel 2009.pdf,ESG/2009/Régime de la formation de technicien/Division artistique - section expression plastique/Film et Audiovisuel 2009.pdf
4986,2100,Français 2009.pdf,ESG/2009/Régime de la formation de technicien/Division artistique - section expression plastique/Français 2009.pdf
4987,2100,mathématiques appliquées 2009.pdf,ESG/2009/Régime de la formation de technicien/Division artistique - section expression plastique/mathématiques appliquées 2009.pdf
4988,2100,Peinture (imagination) 2009.pdf,ESG/2009/Régime de la formation de technicien/Division artistique - section expression plastique/Peinture (imagination) 2009.pdf
4989,2100,Peinture (observation) 2009.pdf,ESG/2009/Régime de la formation de technicien/Division artistique - section expression plastique/Peinture (observation) 2009.pdf
4990,2100,Photograhpie 2009.pdf,ESG/2009/Régime de la formation de technicien/Division artistique - section expression plastique/Photograhpie 2009.pdf
4991,2100,Techniques d'impression 2009.pdf,ESG/2009/Régime de la formation de technicien/Division artistique - section expression plastique/Techniques d'impression 2009.pdf
4992,2100,Volume espace 2009.pdf,ESG/2009/Régime de la formation de technicien/Division artistique - section expression plastique/Volume espace 2009.pdf
2101,2094,Division chimique,ESG/2009/Régime de la formation de technicien/Division chimique
4965,2101,Allemand 2009.pdf,ESG/2009/Régime de la formation de technicien/Division chimique/Allemand 2009.pdf
4966,2101,Anglais 2009.pdf,ESG/2009/Régime de la formation de technicien/Division chimique/Anglais 2009.pdf
4967,2101,Biocimie et Biotechnologie 2009.pdf,ESG/2009/Régime de la formation de technicien/Division chimique/Biocimie et Biotechnologie 2009.pdf
4968,2101,Chimie minérale 2009.pdf,ESG/2009/Régime de la formation de technicien/Division chimique/Chimie minérale 2009.pdf
4969,2101,Chimie organique 2009.pdf,ESG/2009/Régime de la formation de technicien/Division chimique/Chimie organique 2009.pdf
4970,2101,Chimie physique 2009.pdf,ESG/2009/Régime de la formation de technicien/Division chimique/Chimie physique 2009.pdf
4971,2101,Education civique et sociale 2009.pdf,ESG/2009/Régime de la formation de technicien/Division chimique/Education civique et sociale 2009.pdf
4972,2101,Français 2009.pdf,ESG/2009/Régime de la formation de technicien/Division chimique/Français 2009.pdf
4973,2101,Informatique 2009.pdf,ESG/2009/Régime de la formation de technicien/Division chimique/Informatique 2009.pdf
4974,2101,Mathématiques 2009.pdf,ESG/2009/Régime de la formation de technicien/Division chimique/Mathématiques 2009.pdf
4975,2101,Méthodes d'analyse physico-chimiques 2009.pdf,ESG/2009/Régime de la formation de technicien/Division chimique/Méthodes d'analyse physico-chimiques 2009.pdf
4976,2101,Physique 2009.pdf,ESG/2009/Régime de la formation de technicien/Division chimique/Physique 2009.pdf
4977,2101,"TP-Chimie analytique groupe 1,2,3 2009.pdf","ESG/2009/Régime de la formation de technicien/Division chimique/TP-Chimie analytique groupe 1,2,3 2009.pdf"
4978,2101,"TP-Chimie organique (Q1-Q11, Groupe1-3) 2009.pdf","ESG/2009/Régime de la formation de technicien/Division chimique/TP-Chimie organique (Q1-Q11, Groupe1-3) 2009.pdf"
2110,2094,Division électrotechnique - section communication,ESG/2009/Régime de la formation de technicien/Division électrotechnique - section communication
4859,2110,Allemand 2009.pdf,ESG/2009/Régime de la formation de technicien/Division électrotechnique - section communication/Allemand 2009.pdf
4860,2110,Anglais 2009.pdf,ESG/2009/Régime de la formation de technicien/Division électrotechnique - section communication/Anglais 2009.pdf
4861,2110,Education civique et sociale 2009.pdf,ESG/2009/Régime de la formation de technicien/Division électrotechnique - section communication/Education civique et sociale 2009.pdf
4862,2110,Français 2009.pdf,ESG/2009/Régime de la formation de technicien/Division électrotechnique - section communication/Français 2009.pdf
4863,2110,informatique appliquée 20090001.pdf,ESG/2009/Régime de la formation de technicien/Division électrotechnique - section communication/informatique appliquée 20090001.pdf
4864,2110,Mathématiques 2009.pdf,ESG/2009/Régime de la formation de technicien/Division électrotechnique - section communication/Mathématiques 2009.pdf
4865,2110,Microélectronique 2009.pdf,ESG/2009/Régime de la formation de technicien/Division électrotechnique - section communication/Microélectronique 2009.pdf
4866,2110,techniques Audio-Video 2009.pdf,ESG/2009/Régime de la formation de technicien/Division électrotechnique - section communication/techniques Audio-Video 2009.pdf
4869,2110,Télécommunication 2009.pdf,ESG/2009/Régime de la formation de technicien/Division électrotechnique - section communication/Télécommunication 2009.pdf
4867,2110,TP Atelier Electrotechnique 2009.pdf,ESG/2009/Régime de la formation de technicien/Division électrotechnique - section communication/TP Atelier Electrotechnique 2009.pdf
4868,2110,transmission 2009.pdf,ESG/2009/Régime de la formation de technicien/Division électrotechnique - section communication/transmission 2009.pdf
2111,2094,Division électrotechnique - section énergie,ESG/2009/Régime de la formation de technicien/Division électrotechnique - section énergie
4845,2111,Allemand 2009.pdf,ESG/2009/Régime de la formation de technicien/Division électrotechnique - section énergie/Allemand 2009.pdf
4846,2111,Anglais 2009.pdf,ESG/2009/Régime de la formation de technicien/Division électrotechnique - section énergie/Anglais 2009.pdf
4847,2111,Asservissement 2009.pdf,ESG/2009/Régime de la formation de technicien/Division électrotechnique - section énergie/Asservissement 2009.pdf
4848,2111,Attro 2009.pdf,ESG/2009/Régime de la formation de technicien/Division électrotechnique - section énergie/Attro 2009.pdf
4849,2111,Attro Aufgabe 1 2009.pdf,ESG/2009/Régime de la formation de technicien/Division électrotechnique - section énergie/Attro Aufgabe 1 2009.pdf
4850,2111,Attro Aufgabe 2 2009.pdf,ESG/2009/Régime de la formation de technicien/Division électrotechnique - section énergie/Attro Aufgabe 2 2009.pdf
4851,2111,Attro Aufgabe 3 2009.pdf,ESG/2009/Régime de la formation de technicien/Division électrotechnique - section énergie/Attro Aufgabe 3 2009.pdf
4852,2111,Automatisation 2009.pdf,ESG/2009/Régime de la formation de technicien/Division électrotechnique - section énergie/Automatisation 2009.pdf
4853,2111,Education civique et sociale 2009.pdf,ESG/2009/Régime de la formation de technicien/Division électrotechnique - section énergie/Education civique et sociale 2009.pdf
4854,2111,Electrotechnique 2009.pdf,ESG/2009/Régime de la formation de technicien/Division électrotechnique - section énergie/Electrotechnique 2009.pdf
4855,2111,Français 2009.pdf,ESG/2009/Régime de la formation de technicien/Division électrotechnique - section énergie/Français 2009.pdf
4856,2111,Machines électriques 2009.pdf,ESG/2009/Régime de la formation de technicien/Division électrotechnique - section énergie/Machines électriques 2009.pdf
4857,2111,Mathématiques 2009.pdf,ESG/2009/Régime de la formation de technicien/Division électrotechnique - section énergie/Mathématiques 2009.pdf
4858,2111,Techniques d'entraînement (TECEN) 2009.pdf,ESG/2009/Régime de la formation de technicien/Division électrotechnique - section énergie/Techniques d'entraînement (TECEN) 2009.pdf
2102,2094,Division génie civil - section bâtiment,ESG/2009/Régime de la formation de technicien/Division génie civil - section bâtiment
4953,2102,Allemand 2009.pdf,ESG/2009/Régime de la formation de technicien/Division génie civil - section bâtiment/Allemand 2009.pdf
4954,2102,Anglais 2009.pdf,ESG/2009/Régime de la formation de technicien/Division génie civil - section bâtiment/Anglais 2009.pdf
4955,2102,Chimie appliquée-partie pratique (TBA TCC) 2009.pdf,ESG/2009/Régime de la formation de technicien/Division génie civil - section bâtiment/Chimie appliquée-partie pratique (TBA TCC) 2009.pdf
4956,2102,Chimie appliquée-partie théorique 2009.pdf,ESG/2009/Régime de la formation de technicien/Division génie civil - section bâtiment/Chimie appliquée-partie théorique 2009.pdf
4957,2102,Education civique et sociale 2009.pdf,ESG/2009/Régime de la formation de technicien/Division génie civil - section bâtiment/Education civique et sociale 2009.pdf
4958,2102,Eléments d'architecture 2009.pdf,ESG/2009/Régime de la formation de technicien/Division génie civil - section bâtiment/Eléments d'architecture 2009.pdf
4959,2102,Eléments de construction 2009.pdf,ESG/2009/Régime de la formation de technicien/Division génie civil - section bâtiment/Eléments de construction 2009.pdf
4960,2102,Français 2009.pdf,ESG/2009/Régime de la formation de technicien/Division génie civil - section bâtiment/Français 2009.pdf
4961,2102,Laboratoire des matériaux de construction 2009.pdf,ESG/2009/Régime de la formation de technicien/Division génie civil - section bâtiment/Laboratoire des matériaux de construction 2009.pdf
4962,2102,Mathématiques 2009.pdf,ESG/2009/Régime de la formation de technicien/Division génie civil - section bâtiment/Mathématiques 2009.pdf
4963,2102,Topographie 2009.pdf,ESG/2009/Régime de la formation de technicien/Division génie civil - section bâtiment/Topographie 2009.pdf
4964,2102,Urbanisme 2009.pdf,ESG/2009/Régime de la formation de technicien/Division génie civil - section bâtiment/Urbanisme 2009.pdf
2103,2094,Division génie civil - section constructions civiles,ESG/2009/Régime de la formation de technicien/Division génie civil - section constructions civiles
4941,2103,Allemand 2009.pdf,ESG/2009/Régime de la formation de technicien/Division génie civil - section constructions civiles/Allemand 2009.pdf
4942,2103,Anglais 2009.pdf,ESG/2009/Régime de la formation de technicien/Division génie civil - section constructions civiles/Anglais 2009.pdf
4943,2103,Chimie appliquée-partie pratique (TBA TCC) 2009.pdf,ESG/2009/Régime de la formation de technicien/Division génie civil - section constructions civiles/Chimie appliquée-partie pratique (TBA TCC) 2009.pdf
4944,2103,Chimie appliquée-partie théorique 2009.pdf,ESG/2009/Régime de la formation de technicien/Division génie civil - section constructions civiles/Chimie appliquée-partie théorique 2009.pdf
4945,2103,Education civique et sociale 2009.pdf,ESG/2009/Régime de la formation de technicien/Division génie civil - section constructions civiles/Education civique et sociale 2009.pdf
4946,2103,Français 2009.pdf,ESG/2009/Régime de la formation de technicien/Division génie civil - section constructions civiles/Français 2009.pdf
4947,2103,Laboratoire des matériaux de construction 2009.pdf,ESG/2009/Régime de la formation de technicien/Division génie civil - section constructions civiles/Laboratoire des matériaux de construction 2009.pdf
4948,2103,Mathématiques 2009.pdf,ESG/2009/Régime de la formation de technicien/Division génie civil - section constructions civiles/Mathématiques 2009.pdf
4950,2103,Sécurité et organisation des chantiers (TTP TCC) 2009.pdf,ESG/2009/Régime de la formation de technicien/Division génie civil - section constructions civiles/Sécurité et organisation des chantiers (TTP TCC) 2009.pdf
4949,2103,Statique appliquée 2009.pdf,ESG/2009/Régime de la formation de technicien/Division génie civil - section constructions civiles/Statique appliquée 2009.pdf
4951,2103,Topographie 2009.pdf,ESG/2009/Régime de la formation de technicien/Division génie civil - section constructions civiles/Topographie 2009.pdf
4952,2103,Urbanisme 2009.pdf,ESG/2009/Régime de la formation de technicien/Division génie civil - section constructions civiles/Urbanisme 2009.pdf
2104,2094,Division génie civil - section travaux publics,ESG/2009/Régime de la formation de technicien/Division génie civil - section travaux publics
4930,2104,Allemand 2009.pdf,ESG/2009/Régime de la formation de technicien/Division génie civil - section travaux publics/Allemand 2009.pdf
4931,2104,Anglais 2009.pdf,ESG/2009/Régime de la formation de technicien/Division génie civil - section travaux publics/Anglais 2009.pdf
4932,2104,Chimie appliquée-partie théorique 2009.pdf,ESG/2009/Régime de la formation de technicien/Division génie civil - section travaux publics/Chimie appliquée-partie théorique 2009.pdf
4933,2104,Education civique et sociale 2009.pdf,ESG/2009/Régime de la formation de technicien/Division génie civil - section travaux publics/Education civique et sociale 2009.pdf
4934,2104,Eléments de construction 2009.pdf,ESG/2009/Régime de la formation de technicien/Division génie civil - section travaux publics/Eléments de construction 2009.pdf
4935,2104,Français 2009.pdf,ESG/2009/Régime de la formation de technicien/Division génie civil - section travaux publics/Français 2009.pdf
4936,2104,Laboratoire des matériaux de construction 2009.pdf,ESG/2009/Régime de la formation de technicien/Division génie civil - section travaux publics/Laboratoire des matériaux de construction 2009.pdf
4937,2104,Mathématiques 2009.pdf,ESG/2009/Régime de la formation de technicien/Division génie civil - section travaux publics/Mathématiques 2009.pdf
4938,2104,Sécurité et organisation des chantiers (TTP TCC) 2009.pdf,ESG/2009/Régime de la formation de technicien/Division génie civil - section travaux publics/Sécurité et organisation des chantiers (TTP TCC) 2009.pdf
4939,2104,Topographie 2009.pdf,ESG/2009/Régime de la formation de technicien/Division génie civil - section travaux publics/Topographie 2009.pdf
4940,2104,Urbanisme 2009.pdf,ESG/2009/Régime de la formation de technicien/Division génie civil - section travaux publics/Urbanisme 2009.pdf
2105,2094,Division hôtelière et touristique - section hôtelière,ESG/2009/Régime de la formation de technicien/Division hôtelière et touristique - section hôtelière
4918,2105,Allemand 2009.pdf,ESG/2009/Régime de la formation de technicien/Division hôtelière et touristique - section hôtelière/Allemand 2009.pdf
4919,2105,Anglais 2009.pdf,ESG/2009/Régime de la formation de technicien/Division hôtelière et touristique - section hôtelière/Anglais 2009.pdf
4920,2105,Comptabilité 2009.pdf,ESG/2009/Régime de la formation de technicien/Division hôtelière et touristique - section hôtelière/Comptabilité 2009.pdf
4921,2105,Education civique et sociale 2009.pdf,ESG/2009/Régime de la formation de technicien/Division hôtelière et touristique - section hôtelière/Education civique et sociale 2009.pdf
4922,2105,Espagnol 2009.pdf,ESG/2009/Régime de la formation de technicien/Division hôtelière et touristique - section hôtelière/Espagnol 2009.pdf
4923,2105,Français 2009.pdf,ESG/2009/Régime de la formation de technicien/Division hôtelière et touristique - section hôtelière/Français 2009.pdf
4924,2105,Informatique (tous modules).pdf,ESG/2009/Régime de la formation de technicien/Division hôtelière et touristique - section hôtelière/Informatique (tous modules).pdf
4925,2105,Italien 2009.pdf,ESG/2009/Régime de la formation de technicien/Division hôtelière et touristique - section hôtelière/Italien 2009.pdf
4926,2105,Mathématiques appliquées 2009.pdf,ESG/2009/Régime de la formation de technicien/Division hôtelière et touristique - section hôtelière/Mathématiques appliquées 2009.pdf
4927,2105,Techniques de Gestion 2009.pdf,ESG/2009/Régime de la formation de technicien/Division hôtelière et touristique - section hôtelière/Techniques de Gestion 2009.pdf
4928,2105,Technologie de reception (TOUPU) 2009.pdf,ESG/2009/Régime de la formation de technicien/Division hôtelière et touristique - section hôtelière/Technologie de reception (TOUPU) 2009.pdf
4929,2105,Technologie de reception 2009.pdf,ESG/2009/Régime de la formation de technicien/Division hôtelière et touristique - section hôtelière/Technologie de reception 2009.pdf
2106,2094,Division hôtelière et touristique - section touristique,ESG/2009/Régime de la formation de technicien/Division hôtelière et touristique - section touristique
4903,2106,Allemand 2009.pdf,ESG/2009/Régime de la formation de technicien/Division hôtelière et touristique - section touristique/Allemand 2009.pdf
4904,2106,Anglais 2009.pdf,ESG/2009/Régime de la formation de technicien/Division hôtelière et touristique - section touristique/Anglais 2009.pdf
4905,2106,Boisson 2009.pdf,ESG/2009/Régime de la formation de technicien/Division hôtelière et touristique - section touristique/Boisson 2009.pdf
4906,2106,Comptabilité 2009.pdf,ESG/2009/Régime de la formation de technicien/Division hôtelière et touristique - section touristique/Comptabilité 2009.pdf
4908,2106,education civique et sociale-partie éd. civique 2009.pdf,ESG/2009/Régime de la formation de technicien/Division hôtelière et touristique - section touristique/education civique et sociale-partie éd. civique 2009.pdf
4907,2106,Education civique et sociale-partie législation 2009.pdf,ESG/2009/Régime de la formation de technicien/Division hôtelière et touristique - section touristique/Education civique et sociale-partie législation 2009.pdf
4909,2106,Espagnol 2009.pdf,ESG/2009/Régime de la formation de technicien/Division hôtelière et touristique - section touristique/Espagnol 2009.pdf
4910,2106,Français 2009.pdf,ESG/2009/Régime de la formation de technicien/Division hôtelière et touristique - section touristique/Français 2009.pdf
4911,2106,Histoire de l'art 2009.pdf,ESG/2009/Régime de la formation de technicien/Division hôtelière et touristique - section touristique/Histoire de l'art 2009.pdf
4912,2106,Histoire et Géographie-partie géographie 2009.pdf,ESG/2009/Régime de la formation de technicien/Division hôtelière et touristique - section touristique/Histoire et Géographie-partie géographie 2009.pdf
4913,2106,Informatique (tous modules).pdf,ESG/2009/Régime de la formation de technicien/Division hôtelière et touristique - section touristique/Informatique (tous modules).pdf
4914,2106,Italien 2009.pdf,ESG/2009/Régime de la formation de technicien/Division hôtelière et touristique - section touristique/Italien 2009.pdf
4915,2106,Mathématiques appliquées 2009.pdf,ESG/2009/Régime de la formation de technicien/Division hôtelière et touristique - section touristique/Mathématiques appliquées 2009.pdf
4916,2106,Techniques de Gestion 2009.pdf,ESG/2009/Régime de la formation de technicien/Division hôtelière et touristique - section touristique/Techniques de Gestion 2009.pdf
4917,2106,Technologie Touristique 2009 (partie 1 et 2.pdf,ESG/2009/Régime de la formation de technicien/Division hôtelière et touristique - section touristique/Technologie Touristique 2009 (partie 1 et 2.pdf
2107,2094,Division informatique,ESG/2009/Régime de la formation de technicien/Division informatique
4891,2107,Allemand 2009.pdf,ESG/2009/Régime de la formation de technicien/Division informatique/Allemand 2009.pdf
4892,2107,Anglais 2009.pdf,ESG/2009/Régime de la formation de technicien/Division informatique/Anglais 2009.pdf
4893,2107,Architechture des ordinateurs 2009.pdf,ESG/2009/Régime de la formation de technicien/Division informatique/Architechture des ordinateurs 2009.pdf
4894,2107,Education civique et sociale 2009.pdf,ESG/2009/Régime de la formation de technicien/Division informatique/Education civique et sociale 2009.pdf
4895,2107,Français 2009.pdf,ESG/2009/Régime de la formation de technicien/Division informatique/Français 2009.pdf
4896,2107,Informatique appliquée 2009.pdf,ESG/2009/Régime de la formation de technicien/Division informatique/Informatique appliquée 2009.pdf
4897,2107,Informatique générale 2009.pdf,ESG/2009/Régime de la formation de technicien/Division informatique/Informatique générale 2009.pdf
4898,2107,informatique industrielle 2009.pdf,ESG/2009/Régime de la formation de technicien/Division informatique/informatique industrielle 2009.pdf
4899,2107,Mathématiques 2009.pdf,ESG/2009/Régime de la formation de technicien/Division informatique/Mathématiques 2009.pdf
4900,2107,Systèmes d'exploitation 2009.pdf,ESG/2009/Régime de la formation de technicien/Division informatique/Systèmes d'exploitation 2009.pdf
4901,2107,Techniques Multimedia 2009.pdf,ESG/2009/Régime de la formation de technicien/Division informatique/Techniques Multimedia 2009.pdf
4902,2107,Téléinformatique et réseaux 2009.pdf,ESG/2009/Régime de la formation de technicien/Division informatique/Téléinformatique et réseaux 2009.pdf
2108,2094,Division mécanique - section mécanique automobile,ESG/2009/Régime de la formation de technicien/Division mécanique - section mécanique automobile
4880,2108,Allemand 2009.pdf,ESG/2009/Régime de la formation de technicien/Division mécanique - section mécanique automobile/Allemand 2009.pdf
4881,2108,Anglais 2009.pdf,ESG/2009/Régime de la formation de technicien/Division mécanique - section mécanique automobile/Anglais 2009.pdf
4882,2108,Châssis et carrosserie 2009.pdf,ESG/2009/Régime de la formation de technicien/Division mécanique - section mécanique automobile/Châssis et carrosserie 2009.pdf
4883,2108,Education civique et sociale 2009.pdf,ESG/2009/Régime de la formation de technicien/Division mécanique - section mécanique automobile/Education civique et sociale 2009.pdf
4884,2108,Epreuve interdisciplinaire pratique 20090001.pdf,ESG/2009/Régime de la formation de technicien/Division mécanique - section mécanique automobile/Epreuve interdisciplinaire pratique 20090001.pdf
4885,2108,Epreuve interdisciplinaire théorique0001.pdf,ESG/2009/Régime de la formation de technicien/Division mécanique - section mécanique automobile/Epreuve interdisciplinaire théorique0001.pdf
4886,2108,Français 2009.pdf,ESG/2009/Régime de la formation de technicien/Division mécanique - section mécanique automobile/Français 2009.pdf
4887,2108,Mathématiques 2009.pdf,ESG/2009/Régime de la formation de technicien/Division mécanique - section mécanique automobile/Mathématiques 2009.pdf
4888,2108,Systèmes d'allumage et de préchauffage 20090001.pdf,ESG/2009/Régime de la formation de technicien/Division mécanique - section mécanique automobile/Systèmes d'allumage et de préchauffage 20090001.pdf
4889,2108,Systèmes de carburation et d'échappement 20090002.pdf,ESG/2009/Régime de la formation de technicien/Division mécanique - section mécanique automobile/Systèmes de carburation et d'échappement 20090002.pdf
4890,2108,Transmission 20090001.pdf,ESG/2009/Régime de la formation de technicien/Division mécanique - section mécanique automobile/Transmission 20090001.pdf
2109,2094,Division mécanique - section mécanique générale,ESG/2009/Régime de la formation de technicien/Division mécanique - section mécanique générale
4870,2109,Allemand 2009.pdf,ESG/2009/Régime de la formation de technicien/Division mécanique - section mécanique générale/Allemand 2009.pdf
4871,2109,Anglais 2009.pdf,ESG/2009/Régime de la formation de technicien/Division mécanique - section mécanique générale/Anglais 2009.pdf
4872,2109,Asservissements I 20090001.pdf,ESG/2009/Régime de la formation de technicien/Division mécanique - section mécanique générale/Asservissements I 20090001.pdf
4873,2109,Asservissements II 20090001.pdf,ESG/2009/Régime de la formation de technicien/Division mécanique - section mécanique générale/Asservissements II 20090001.pdf
4874,2109,Calcul et mécanique (épreuve écrite) 20090001.pdf,ESG/2009/Régime de la formation de technicien/Division mécanique - section mécanique générale/Calcul et mécanique (épreuve écrite) 20090001.pdf
4875,2109,Education civique et sociale 2009.pdf,ESG/2009/Régime de la formation de technicien/Division mécanique - section mécanique générale/Education civique et sociale 2009.pdf
4876,2109,Français 2009.pdf,ESG/2009/Régime de la formation de technicien/Division mécanique - section mécanique générale/Français 2009.pdf
4877,2109,Mathématiques 2009.pdf,ESG/2009/Régime de la formation de technicien/Division mécanique - section mécanique générale/Mathématiques 2009.pdf
4878,2109,Technologie 1 20090001.pdf,ESG/2009/Régime de la formation de technicien/Division mécanique - section mécanique générale/Technologie 1 20090001.pdf
4879,2109,Technologie 2 20090001.pdf,ESG/2009/Régime de la formation de technicien/Division mécanique - section mécanique générale/Technologie 2 20090001.pdf
2112,2093,Régime technique,ESG/2009/Régime technique
2113,2112,Division de la formation administrative et commerciale - section communication et organisation,ESG/2009/Régime technique/Division de la formation administrative et commerciale - section communication et organisation
4834,2113,Allemand écrit juin 2009.pdf,ESG/2009/Régime technique/Division de la formation administrative et commerciale - section communication et organisation/Allemand écrit juin 2009.pdf
4835,2113,Anglais écrit juin 2009.pdf,ESG/2009/Régime technique/Division de la formation administrative et commerciale - section communication et organisation/Anglais écrit juin 2009.pdf
4836,2113,Comptabilité CC - juin 2009.pdf,ESG/2009/Régime technique/Division de la formation administrative et commerciale - section communication et organisation/Comptabilité CC - juin 2009.pdf
4837,2113,Connaissance du monde - juin 2009.pdf,ESG/2009/Régime technique/Division de la formation administrative et commerciale - section communication et organisation/Connaissance du monde - juin 2009.pdf
4838,2113,COPRH - juin 2009.pdf,ESG/2009/Régime technique/Division de la formation administrative et commerciale - section communication et organisation/COPRH - juin 2009.pdf
4839,2113,ECOGE juin 2009.pdf,ESG/2009/Régime technique/Division de la formation administrative et commerciale - section communication et organisation/ECOGE juin 2009.pdf
4840,2113,ECOPO - juin 2009.pdf,ESG/2009/Régime technique/Division de la formation administrative et commerciale - section communication et organisation/ECOPO - juin 2009.pdf
4841,2113,Français écrit juin 2009.pdf,ESG/2009/Régime technique/Division de la formation administrative et commerciale - section communication et organisation/Français écrit juin 2009.pdf
4842,2113,Mathématiques juin 2009.pdf,ESG/2009/Régime technique/Division de la formation administrative et commerciale - section communication et organisation/Mathématiques juin 2009.pdf
4843,2113,ORGES - juin 2009.pdf,ESG/2009/Régime technique/Division de la formation administrative et commerciale - section communication et organisation/ORGES - juin 2009.pdf
4844,2113,TINCO-juin 2009.pdf,ESG/2009/Régime technique/Division de la formation administrative et commerciale - section communication et organisation/TINCO-juin 2009.pdf
2114,2112,Division de la formation administrative et commerciale - section gestion,ESG/2009/Régime technique/Division de la formation administrative et commerciale - section gestion
4825,2114,Allemand écrit juin 2009.pdf,ESG/2009/Régime technique/Division de la formation administrative et commerciale - section gestion/Allemand écrit juin 2009.pdf
4826,2114,Anglais écrit juin 2009.pdf,ESG/2009/Régime technique/Division de la formation administrative et commerciale - section gestion/Anglais écrit juin 2009.pdf
4827,2114,Comptabilité CG - juin 2009.pdf,ESG/2009/Régime technique/Division de la formation administrative et commerciale - section gestion/Comptabilité CG - juin 2009.pdf
4828,2114,Connaissance du monde - juin 2009.pdf,ESG/2009/Régime technique/Division de la formation administrative et commerciale - section gestion/Connaissance du monde - juin 2009.pdf
4829,2114,ECOGE juin 2009.pdf,ESG/2009/Régime technique/Division de la formation administrative et commerciale - section gestion/ECOGE juin 2009.pdf
4830,2114,ECOPO - juin 2009.pdf,ESG/2009/Régime technique/Division de la formation administrative et commerciale - section gestion/ECOPO - juin 2009.pdf
4831,2114,Français écrit juin 2009.pdf,ESG/2009/Régime technique/Division de la formation administrative et commerciale - section gestion/Français écrit juin 2009.pdf
4832,2114,Informatique juin 2009.pdf,ESG/2009/Régime technique/Division de la formation administrative et commerciale - section gestion/Informatique juin 2009.pdf
4833,2114,Mathématiques juin 2009.pdf,ESG/2009/Régime technique/Division de la formation administrative et commerciale - section gestion/Mathématiques juin 2009.pdf
2117,2112,Division des professions de santé et des professions sociales - section de la formation de l'infirmier,ESG/2009/Régime technique/Division des professions de santé et des professions sociales - section de la formation de l'infirmier
4794,2117,13SI SL SR ED Allemand.PDF,ESG/2009/Régime technique/Division des professions de santé et des professions sociales - section de la formation de l'infirmier/13SI SL SR ED Allemand.PDF
4795,2117,13SI SL SR ED Français.PDF,ESG/2009/Régime technique/Division des professions de santé et des professions sociales - section de la formation de l'infirmier/13SI SL SR ED Français.PDF
4796,2117,13SI SR SL ED Anglais.PDF,ESG/2009/Régime technique/Division des professions de santé et des professions sociales - section de la formation de l'infirmier/13SI SR SL ED Anglais.PDF
4797,2117,14SI COMPR.PDF,ESG/2009/Régime technique/Division des professions de santé et des professions sociales - section de la formation de l'infirmier/14SI COMPR.PDF
4799,2117,14SI COSPI étude de cas.PDF,ESG/2009/Régime technique/Division des professions de santé et des professions sociales - section de la formation de l'infirmier/14SI COSPI étude de cas.PDF
4798,2117,14SI COSPI liste.PDF,ESG/2009/Régime technique/Division des professions de santé et des professions sociales - section de la formation de l'infirmier/14SI COSPI liste.PDF
4800,2117,14SI SCHUS.PDF,ESG/2009/Régime technique/Division des professions de santé et des professions sociales - section de la formation de l'infirmier/14SI SCHUS.PDF
4801,2117,14SI SCMED.PDF,ESG/2009/Régime technique/Division des professions de santé et des professions sociales - section de la formation de l'infirmier/14SI SCMED.PDF
2115,2112,Division des professions de santé et des professions sociales - section de l'assistant technique médical - laboratoire,ESG/2009/Régime technique/Division des professions de santé et des professions sociales - section de l'assistant technique médical - laboratoire
4814,2115,13SI SL SR ED Allemand.PDF,ESG/2009/Régime technique/Division des professions de santé et des professions sociales - section de l'assistant technique médical - laboratoire/13SI SL SR ED Allemand.PDF
4815,2115,13SI SL SR ED Français.PDF,ESG/2009/Régime technique/Division des professions de santé et des professions sociales - section de l'assistant technique médical - laboratoire/13SI SL SR ED Français.PDF
4816,2115,13SI SR SL ED Anglais.PDF,ESG/2009/Régime technique/Division des professions de santé et des professions sociales - section de l'assistant technique médical - laboratoire/13SI SR SL ED Anglais.PDF
4817,2115,14SL CHIME I.PDF,ESG/2009/Régime technique/Division des professions de santé et des professions sociales - section de l'assistant technique médical - laboratoire/14SL CHIME I.PDF
4818,2115,14SL CHIME II.PDF,ESG/2009/Régime technique/Division des professions de santé et des professions sociales - section de l'assistant technique médical - laboratoire/14SL CHIME II.PDF
4819,2115,14SL CONPR.PDF,ESG/2009/Régime technique/Division des professions de santé et des professions sociales - section de l'assistant technique médical - laboratoire/14SL CONPR.PDF
4820,2115,14SL HEMAT I.PDF,ESG/2009/Régime technique/Division des professions de santé et des professions sociales - section de l'assistant technique médical - laboratoire/14SL HEMAT I.PDF
4821,2115,14SL HEMAT II.PDF,ESG/2009/Régime technique/Division des professions de santé et des professions sociales - section de l'assistant technique médical - laboratoire/14SL HEMAT II.PDF
4822,2115,14SL MICBI I.PDF,ESG/2009/Régime technique/Division des professions de santé et des professions sociales - section de l'assistant technique médical - laboratoire/14SL MICBI I.PDF
4823,2115,14SL MICBI II.PDF,ESG/2009/Régime technique/Division des professions de santé et des professions sociales - section de l'assistant technique médical - laboratoire/14SL MICBI II.PDF
4824,2115,14SL SCHUS.PDF,ESG/2009/Régime technique/Division des professions de santé et des professions sociales - section de l'assistant technique médical - laboratoire/14SL SCHUS.PDF
2116,2112,Division des professions de santé et des professions sociales - section de l'assistant technique médical - radiologie,ESG/2009/Régime technique/Division des professions de santé et des professions sociales - section de l'assistant technique médical - radiologie
4802,2116,13SI SL SR ED Allemand.PDF,ESG/2009/Régime technique/Division des professions de santé et des professions sociales - section de l'assistant technique médical - radiologie/13SI SL SR ED Allemand.PDF
4803,2116,13SI SL SR ED Français.PDF,ESG/2009/Régime technique/Division des professions de santé et des professions sociales - section de l'assistant technique médical - radiologie/13SI SL SR ED Français.PDF
4804,2116,13SI SR SL ED Anglais.PDF,ESG/2009/Régime technique/Division des professions de santé et des professions sociales - section de l'assistant technique médical - radiologie/13SI SR SL ED Anglais.PDF
4805,2116,14SR CONPR.PDF,ESG/2009/Régime technique/Division des professions de santé et des professions sociales - section de l'assistant technique médical - radiologie/14SR CONPR.PDF
4806,2116,14SR COSPR I.PDF,ESG/2009/Régime technique/Division des professions de santé et des professions sociales - section de l'assistant technique médical - radiologie/14SR COSPR I.PDF
4807,2116,14SR COSPR II.PDF,ESG/2009/Régime technique/Division des professions de santé et des professions sociales - section de l'assistant technique médical - radiologie/14SR COSPR II.PDF
4808,2116,14SR COSPR III.PDF,ESG/2009/Régime technique/Division des professions de santé et des professions sociales - section de l'assistant technique médical - radiologie/14SR COSPR III.PDF
4809,2116,14SR IMMED II.PDF,ESG/2009/Régime technique/Division des professions de santé et des professions sociales - section de l'assistant technique médical - radiologie/14SR IMMED II.PDF
4810,2116,14SR IMMED IRM.PDF,ESG/2009/Régime technique/Division des professions de santé et des professions sociales - section de l'assistant technique médical - radiologie/14SR IMMED IRM.PDF
4811,2116,14SR IMMED MNU.PDF,ESG/2009/Régime technique/Division des professions de santé et des professions sociales - section de l'assistant technique médical - radiologie/14SR IMMED MNU.PDF
4812,2116,14SR IMMED TDM.PDF,ESG/2009/Régime technique/Division des professions de santé et des professions sociales - section de l'assistant technique médical - radiologie/14SR IMMED TDM.PDF
4813,2116,14SR SCHUS.PDF,ESG/2009/Régime technique/Division des professions de santé et des professions sociales - section de l'assistant technique médical - radiologie/14SR SCHUS.PDF
2118,2112,Division des professions de santé et des professions sociales - section des éducateurs,ESG/2009/Régime technique/Division des professions de santé et des professions sociales - section des éducateurs
4782,2118,13SI SL SR ED Allemand.PDF,ESG/2009/Régime technique/Division des professions de santé et des professions sociales - section des éducateurs/13SI SL SR ED Allemand.PDF
4783,2118,13SI SL SR ED Français.PDF,ESG/2009/Régime technique/Division des professions de santé et des professions sociales - section des éducateurs/13SI SL SR ED Français.PDF
4784,2118,13SI SR SL ED Anglais.PDF,ESG/2009/Régime technique/Division des professions de santé et des professions sociales - section des éducateurs/13SI SR SL ED Anglais.PDF
4785,2118,14ED COMOCO.PDF,ESG/2009/Régime technique/Division des professions de santé et des professions sociales - section des éducateurs/14ED COMOCO.PDF
4786,2118,14ED EDSAN.PDF,ESG/2009/Régime technique/Division des professions de santé et des professions sociales - section des éducateurs/14ED EDSAN.PDF
4787,2118,14ED GERON.PDF,ESG/2009/Régime technique/Division des professions de santé et des professions sociales - section des éducateurs/14ED GERON.PDF
4788,2118,14ED LEDEO.PDF,ESG/2009/Régime technique/Division des professions de santé et des professions sociales - section des éducateurs/14ED LEDEO.PDF
4789,2118,14ED PEDME.PDF,ESG/2009/Régime technique/Division des professions de santé et des professions sociales - section des éducateurs/14ED PEDME.PDF
4790,2118,14ED PEDSO.PDF,ESG/2009/Régime technique/Division des professions de santé et des professions sociales - section des éducateurs/14ED PEDSO.PDF
4791,2118,14ED PEDSP.PDF,ESG/2009/Régime technique/Division des professions de santé et des professions sociales - section des éducateurs/14ED PEDSP.PDF
4792,2118,14ED PSYCH.PDF,ESG/2009/Régime technique/Division des professions de santé et des professions sociales - section des éducateurs/14ED PSYCH.PDF
4793,2118,14ED PSYPE.PDF,ESG/2009/Régime technique/Division des professions de santé et des professions sociales - section des éducateurs/14ED PSYPE.PDF
2120,2112,Division technique générale - section technique générale,ESG/2009/Régime technique/Division technique générale - section technique générale
4759,2120,13GE_Info_pr_2009.pdf,ESG/2009/Régime technique/Division technique générale - section technique générale/13GE_Info_pr_2009.pdf
4760,2120,13GE_Info_th_2009.pdf,ESG/2009/Régime technique/Division technique générale - section technique générale/13GE_Info_th_2009.pdf
4761,2120,13Ge_quest_Elete_2009.pdf,ESG/2009/Régime technique/Division technique générale - section technique générale/13Ge_quest_Elete_2009.pdf
4762,2120,13GE_Tecno_épreuve écrite_0809.pdf,ESG/2009/Régime technique/Division technique générale - section technique générale/13GE_Tecno_épreuve écrite_0809.pdf
4763,2120,Anglais_Ecrit.pdf,ESG/2009/Régime technique/Division technique générale - section technique générale/Anglais_Ecrit.pdf
4764,2120,Chimie_Examen_juin09.pdf,ESG/2009/Régime technique/Division technique générale - section technique générale/Chimie_Examen_juin09.pdf
4765,2120,Connaissance du monde - juin 2009.pdf,ESG/2009/Régime technique/Division technique générale - section technique générale/Connaissance du monde - juin 2009.pdf
4766,2120,Deutsch_ 2009 - Ecrit GE-GI.pdf,ESG/2009/Régime technique/Division technique générale - section technique générale/Deutsch_ 2009 - Ecrit GE-GI.pdf
4767,2120,Français_13GE Questionnaire 2009.pdf,ESG/2009/Régime technique/Division technique générale - section technique générale/Français_13GE Questionnaire 2009.pdf
4768,2120,MathéI_13GE_EXAMEN1_2009.pdf,ESG/2009/Régime technique/Division technique générale - section technique générale/MathéI_13GE_EXAMEN1_2009.pdf
4769,2120,méca 08-09 exa 13 GE_questionnaire.pdf,ESG/2009/Régime technique/Division technique générale - section technique générale/méca 08-09 exa 13 GE_questionnaire.pdf
4770,2120,Physique Questionnaire allemand.pdf,ESG/2009/Régime technique/Division technique générale - section technique générale/Physique Questionnaire allemand.pdf
4771,2120,Physique Questionnaire français.pdf,ESG/2009/Régime technique/Division technique générale - section technique générale/Physique Questionnaire français.pdf
2119,2112,Division technique générale - section technique générale informatique,ESG/2009/Régime technique/Division technique générale - section technique générale informatique
4772,2119,Anglais_Ecrit.pdf,ESG/2009/Régime technique/Division technique générale - section technique générale informatique/Anglais_Ecrit.pdf
4773,2119,Bases de Données 2009.pdf,ESG/2009/Régime technique/Division technique générale - section technique générale informatique/Bases de Données 2009.pdf
4774,2119,Connaissance du monde - juin 2009.pdf,ESG/2009/Régime technique/Division technique générale - section technique générale informatique/Connaissance du monde - juin 2009.pdf
4775,2119,Deutsch_ 2009 - Ecrit GE-GI.pdf,ESG/2009/Régime technique/Division technique générale - section technique générale informatique/Deutsch_ 2009 - Ecrit GE-GI.pdf
4776,2119,Français_13GE Questionnaire 2009.pdf,ESG/2009/Régime technique/Division technique générale - section technique générale informatique/Français_13GE Questionnaire 2009.pdf
4777,2119,MathéI_13GE_EXAMEN1_2009.pdf,ESG/2009/Régime technique/Division technique générale - section technique générale informatique/MathéI_13GE_EXAMEN1_2009.pdf
4778,2119,Mathématiques II 2009.pdf,ESG/2009/Régime technique/Division technique générale - section technique générale informatique/Mathématiques II 2009.pdf
4779,2119,Programmation 2009.pdf,ESG/2009/Régime technique/Division technique générale - section technique générale informatique/Programmation 2009.pdf
4780,2119,sciences naturelles et technologie 2009.pdf,ESG/2009/Régime technique/Division technique générale - section technique générale informatique/sciences naturelles et technologie 2009.pdf
4781,2119,Téléinformatique et réseaux 2009.pdf,ESG/2009/Régime technique/Division technique générale - section technique générale informatique/Téléinformatique et réseaux 2009.pdf
2121,2001,2010,ESG/2010
2122,2121,Technicien,ESG/2010/Technicien
2123,2122,division administrative et commerciale,ESG/2010/Technicien/division administrative et commerciale
2124,2123,TCM,ESG/2010/Technicien/division administrative et commerciale/TCM
4744,2124,CM allemand (écrit).pdf,ESG/2010/Technicien/division administrative et commerciale/TCM/CM allemand (écrit).pdf
4743,2124,CM allemand (oral).pdf,ESG/2010/Technicien/division administrative et commerciale/TCM/CM allemand (oral).pdf
4745,2124,CM anglais.pdf,ESG/2010/Technicien/division administrative et commerciale/TCM/CM anglais.pdf
4746,2124,CM communication professionnelle (joueur B).pdf,ESG/2010/Technicien/division administrative et commerciale/TCM/CM communication professionnelle (joueur B).pdf
4747,2124,CM communication professionnelle (joueur).pdf,ESG/2010/Technicien/division administrative et commerciale/TCM/CM communication professionnelle (joueur).pdf
4748,2124,CM communication professionnelle.pdf,ESG/2010/Technicien/division administrative et commerciale/TCM/CM communication professionnelle.pdf
4749,2124,CM comptabilité I (informatisée).pdf,ESG/2010/Technicien/division administrative et commerciale/TCM/CM comptabilité I (informatisée).pdf
4750,2124,"CM comptabilité I (informatisée, feuilles à remplir).pdf","ESG/2010/Technicien/division administrative et commerciale/TCM/CM comptabilité I (informatisée, feuilles à remplir).pdf"
4751,2124,CM comptabilité II (analytique).pdf,ESG/2010/Technicien/division administrative et commerciale/TCM/CM comptabilité II (analytique).pdf
4755,2124,CM économie politique.pdf,ESG/2010/Technicien/division administrative et commerciale/TCM/CM économie politique.pdf
4756,2124,CM éducation civique et sociale.pdf,ESG/2010/Technicien/division administrative et commerciale/TCM/CM éducation civique et sociale.pdf
4753,2124,CM français (écrit).pdf,ESG/2010/Technicien/division administrative et commerciale/TCM/CM français (écrit).pdf
4752,2124,CM français (oral).pdf,ESG/2010/Technicien/division administrative et commerciale/TCM/CM français (oral).pdf
4754,2124,CM gestion d'entreprise.pdf,ESG/2010/Technicien/division administrative et commerciale/TCM/CM gestion d'entreprise.pdf
4758,2124,éducation civique et sociale.pdf,ESG/2010/Technicien/division administrative et commerciale/TCM/éducation civique et sociale.pdf
4757,2124,mathématiques.pdf,ESG/2010/Technicien/division administrative et commerciale/TCM/mathématiques.pdf
2125,2122,division agricole,ESG/2010/Technicien/division agricole
2126,2125,TAG,ESG/2010/Technicien/division agricole/TAG
4730,2126,AG actualités agricoles.pdf,ESG/2010/Technicien/division agricole/TAG/AG actualités agricoles.pdf
4732,2126,AG agronomie - partie 1.pdf,ESG/2010/Technicien/division agricole/TAG/AG agronomie - partie 1.pdf
4731,2126,AG agronomie (partie II).pdf,ESG/2010/Technicien/division agricole/TAG/AG agronomie (partie II).pdf
4733,2126,AG agronomie pratique (écrit).pdf,ESG/2010/Technicien/division agricole/TAG/AG agronomie pratique (écrit).pdf
4736,2126,AG économie rurale (partie I).pdf,ESG/2010/Technicien/division agricole/TAG/AG économie rurale (partie I).pdf
4737,2126,AG économie rurale (partie II).pdf,ESG/2010/Technicien/division agricole/TAG/AG économie rurale (partie II).pdf
4734,2126,AG zootechnie I.pdf,ESG/2010/Technicien/division agricole/TAG/AG zootechnie I.pdf
4735,2126,AG zootechnie II.pdf,ESG/2010/Technicien/division agricole/TAG/AG zootechnie II.pdf
4738,2126,allemand.pdf,ESG/2010/Technicien/division agricole/TAG/allemand.pdf
4739,2126,anglais.pdf,ESG/2010/Technicien/division agricole/TAG/anglais.pdf
4740,2126,français.pdf,ESG/2010/Technicien/division agricole/TAG/français.pdf
4741,2126,mathématiques.pdf,ESG/2010/Technicien/division agricole/TAG/mathématiques.pdf
4742,2126,physique.pdf,ESG/2010/Technicien/division agricole/TAG/physique.pdf
2127,2125,TEN,ESG/2010/Technicien/division agricole/TEN
4717,2127,allemand.pdf,ESG/2010/Technicien/division agricole/TEN/allemand.pdf
4718,2127,anglais.pdf,ESG/2010/Technicien/division agricole/TEN/anglais.pdf
4721,2127,"EN économie forestière, législation (partie I)0001.pdf","ESG/2010/Technicien/division agricole/TEN/EN économie forestière, législation (partie I)0001.pdf"
4722,2127,"EN économie forestière, législation (partie II).pdf","ESG/2010/Technicien/division agricole/TEN/EN économie forestière, législation (partie II).pdf"
4723,2127,EN étude de l'environnement forestier I.pdf,ESG/2010/Technicien/division agricole/TEN/EN étude de l'environnement forestier I.pdf
4724,2127,EN étude de l'environnement naturel (partie I).pdf,ESG/2010/Technicien/division agricole/TEN/EN étude de l'environnement naturel (partie I).pdf
4725,2127,EN étude de l'environnement naturel (partie II).pdf,ESG/2010/Technicien/division agricole/TEN/EN étude de l'environnement naturel (partie II).pdf
4726,2127,EN étude du milieu forestier (partie II).pdf,ESG/2010/Technicien/division agricole/TEN/EN étude du milieu forestier (partie II).pdf
4719,2127,EN mécanique (ép. prat. partie I).pdf,ESG/2010/Technicien/division agricole/TEN/EN mécanique (ép. prat. partie I).pdf
4720,2127,EN mécanique (ép. prat. partie II).pdf,ESG/2010/Technicien/division agricole/TEN/EN mécanique (ép. prat. partie II).pdf
4727,2127,français.pdf,ESG/2010/Technicien/division agricole/TEN/français.pdf
4728,2127,mathématiques.pdf,ESG/2010/Technicien/division agricole/TEN/mathématiques.pdf
4729,2127,physique.pdf,ESG/2010/Technicien/division agricole/TEN/physique.pdf
2128,2125,THR,ESG/2010/Technicien/division agricole/THR
4704,2128,allemand.pdf,ESG/2010/Technicien/division agricole/THR/allemand.pdf
4705,2128,anglais.pdf,ESG/2010/Technicien/division agricole/THR/anglais.pdf
4706,2128,français.pdf,ESG/2010/Technicien/division agricole/THR/français.pdf
4707,2128,HR atelier de productions horticoles.pdf,ESG/2010/Technicien/division agricole/THR/HR atelier de productions horticoles.pdf
4708,2128,HR atelier prestation de services (partie I).pdf,ESG/2010/Technicien/division agricole/THR/HR atelier prestation de services (partie I).pdf
4709,2128,HR atelier prestations de services (partie II).pdf,ESG/2010/Technicien/division agricole/THR/HR atelier prestations de services (partie II).pdf
4710,2128,HR chimie.pdf,ESG/2010/Technicien/division agricole/THR/HR chimie.pdf
4713,2128,HR économie de gestion (partie 1).pdf,ESG/2010/Technicien/division agricole/THR/HR économie de gestion (partie 1).pdf
4714,2128,HR économie de gestion (partie 2).pdf,ESG/2010/Technicien/division agricole/THR/HR économie de gestion (partie 2).pdf
4711,2128,HR sciences et techniques horticoles (partie 1).pdf,ESG/2010/Technicien/division agricole/THR/HR sciences et techniques horticoles (partie 1).pdf
4712,2128,HR sciences et techniques horticoles (partie 2).pdf,ESG/2010/Technicien/division agricole/THR/HR sciences et techniques horticoles (partie 2).pdf
4715,2128,mathématiques.pdf,ESG/2010/Technicien/division agricole/THR/mathématiques.pdf
4716,2128,physique.pdf,ESG/2010/Technicien/division agricole/THR/physique.pdf
2129,2122,division artistique,ESG/2010/Technicien/division artistique
2130,2129,TAU,ESG/2010/Technicien/division artistique/TAU
4696,2130,allemand.pdf,ESG/2010/Technicien/division artistique/TAU/allemand.pdf
4697,2130,anglais.pdf,ESG/2010/Technicien/division artistique/TAU/anglais.pdf
4698,2130,AU mathématiques appliquées.pdf,ESG/2010/Technicien/division artistique/TAU/AU mathématiques appliquées.pdf
4699,2130,AU photographie.pdf,ESG/2010/Technicien/division artistique/TAU/AU photographie.pdf
4700,2130,AU traitement de l'image.pdf,ESG/2010/Technicien/division artistique/TAU/AU traitement de l'image.pdf
4702,2130,AU vidéo- dessin appliqué - (Videt).pdf,ESG/2010/Technicien/division artistique/TAU/AU vidéo- dessin appliqué - (Videt).pdf
4701,2130,AU vidéo et son.pdf,ESG/2010/Technicien/division artistique/TAU/AU vidéo et son.pdf
4703,2130,français.pdf,ESG/2010/Technicien/division artistique/TAU/français.pdf
2131,2129,TSA,ESG/2010/Technicien/division artistique/TSA
4687,2131,allemand.pdf,ESG/2010/Technicien/division artistique/TSA/allemand.pdf
4688,2131,anglais.pdf,ESG/2010/Technicien/division artistique/TSA/anglais.pdf
4689,2131,français.pdf,ESG/2010/Technicien/division artistique/TSA/français.pdf
4690,2131,SA communication et culture artistique.pdf,ESG/2010/Technicien/division artistique/TSA/SA communication et culture artistique.pdf
4691,2131,SA langage visuel 1 -  dessin d'observation.pdf,ESG/2010/Technicien/division artistique/TSA/SA langage visuel 1 -  dessin d'observation.pdf
4692,2131,SA mathématiques appliquées.pdf,ESG/2010/Technicien/division artistique/TSA/SA mathématiques appliquées.pdf
4693,2131,SA peinture.pdf,ESG/2010/Technicien/division artistique/TSA/SA peinture.pdf
4694,2131,SA procédés d'impression.pdf,ESG/2010/Technicien/division artistique/TSA/SA procédés d'impression.pdf
4695,2131,"SA sculpture, installation, dessin appliqué.pdf","ESG/2010/Technicien/division artistique/TSA/SA sculpture, installation, dessin appliqué.pdf"
2132,2129,TSE,ESG/2010/Technicien/division artistique/TSE
4680,2132,allemand.pdf,ESG/2010/Technicien/division artistique/TSE/allemand.pdf
4681,2132,anglais.pdf,ESG/2010/Technicien/division artistique/TSE/anglais.pdf
4682,2132,français.pdf,ESG/2010/Technicien/division artistique/TSE/français.pdf
4683,2132,"SE design graphique, infographie.pdf","ESG/2010/Technicien/division artistique/TSE/SE design graphique, infographie.pdf"
4684,2132,"SE graphisme, DYEG.pdf","ESG/2010/Technicien/division artistique/TSE/SE graphisme, DYEG.pdf"
4685,2132,"SE graphisme, SEGRA.pdf","ESG/2010/Technicien/division artistique/TSE/SE graphisme, SEGRA.pdf"
4686,2132,SE mathématiques appliquées.pdf,ESG/2010/Technicien/division artistique/TSE/SE mathématiques appliquées.pdf
2133,2122,division chimique,ESG/2010/Technicien/division chimique
2134,2133,TCH,ESG/2010/Technicien/division chimique/TCH
4665,2134,allemand.pdf,ESG/2010/Technicien/division chimique/TCH/allemand.pdf
4666,2134,anglais.pdf,ESG/2010/Technicien/division chimique/TCH/anglais.pdf
4667,2134,CH  chimie physique.pdf,ESG/2010/Technicien/division chimique/TCH/CH  chimie physique.pdf
4668,2134,CH biochimie et biotechnologie.pdf,ESG/2010/Technicien/division chimique/TCH/CH biochimie et biotechnologie.pdf
4669,2134,CH chimie minérale.pdf,ESG/2010/Technicien/division chimique/TCH/CH chimie minérale.pdf
4670,2134,CH chimie organique.pdf,ESG/2010/Technicien/division chimique/TCH/CH chimie organique.pdf
4671,2134,CH informatique.pdf,ESG/2010/Technicien/division chimique/TCH/CH informatique.pdf
4672,2134,CH méthodes d'analyse physico-chimique.pdf,ESG/2010/Technicien/division chimique/TCH/CH méthodes d'analyse physico-chimique.pdf
4673,2134,CH physique.pdf,ESG/2010/Technicien/division chimique/TCH/CH physique.pdf
4674,2134,CH TP chimie analytique.pdf,ESG/2010/Technicien/division chimique/TCH/CH TP chimie analytique.pdf
4675,2134,"CH TP chimie organique (question 1, groupe 1).pdf","ESG/2010/Technicien/division chimique/TCH/CH TP chimie organique (question 1, groupe 1).pdf"
4676,2134,"CH TP chimie organique (question 6, groupe 2).pdf","ESG/2010/Technicien/division chimique/TCH/CH TP chimie organique (question 6, groupe 2).pdf"
4679,2134,éducation civique et sociale.pdf,ESG/2010/Technicien/division chimique/TCH/éducation civique et sociale.pdf
4677,2134,français.pdf,ESG/2010/Technicien/division chimique/TCH/français.pdf
4678,2134,mathématiques.pdf,ESG/2010/Technicien/division chimique/TCH/mathématiques.pdf
2147,2122,division électrotechnique,ESG/2010/Technicien/division électrotechnique
2148,2147,TEC,ESG/2010/Technicien/division électrotechnique/TEC
4527,2148,allemand.pdf,ESG/2010/Technicien/division électrotechnique/TEC/allemand.pdf
4528,2148,anglais.pdf,ESG/2010/Technicien/division électrotechnique/TEC/anglais.pdf
4529,2148,EC informatique appliquée.pdf,ESG/2010/Technicien/division électrotechnique/TEC/EC informatique appliquée.pdf
4530,2148,EC microélectronique.pdf,ESG/2010/Technicien/division électrotechnique/TEC/EC microélectronique.pdf
4531,2148,EC techniques audio vidéo.pdf,ESG/2010/Technicien/division électrotechnique/TEC/EC techniques audio vidéo.pdf
4533,2148,EC télécommunication.pdf,ESG/2010/Technicien/division électrotechnique/TEC/EC télécommunication.pdf
4532,2148,EC transmissions.pdf,ESG/2010/Technicien/division électrotechnique/TEC/EC transmissions.pdf
4536,2148,éducation civique et sociale.pdf,ESG/2010/Technicien/division électrotechnique/TEC/éducation civique et sociale.pdf
4534,2148,français.pdf,ESG/2010/Technicien/division électrotechnique/TEC/français.pdf
4535,2148,mathématiques.pdf,ESG/2010/Technicien/division électrotechnique/TEC/mathématiques.pdf
2149,2147,TEE,ESG/2010/Technicien/division électrotechnique/TEE
4517,2149,allemand.pdf,ESG/2010/Technicien/division électrotechnique/TEE/allemand.pdf
4518,2149,anglais.pdf,ESG/2010/Technicien/division électrotechnique/TEE/anglais.pdf
4526,2149,éducation civique et sociale.pdf,ESG/2010/Technicien/division électrotechnique/TEE/éducation civique et sociale.pdf
4519,2149,EE asservissements.pdf,ESG/2010/Technicien/division électrotechnique/TEE/EE asservissements.pdf
4520,2149,EE automatisation.pdf,ESG/2010/Technicien/division électrotechnique/TEE/EE automatisation.pdf
4523,2149,EE électrotechnique.pdf,ESG/2010/Technicien/division électrotechnique/TEE/EE électrotechnique.pdf
4521,2149,EE machines électriques.pdf,ESG/2010/Technicien/division électrotechnique/TEE/EE machines électriques.pdf
4522,2149,EE techniques d'entraînement TECEN.pdf,ESG/2010/Technicien/division électrotechnique/TEE/EE techniques d'entraînement TECEN.pdf
4524,2149,français.pdf,ESG/2010/Technicien/division électrotechnique/TEE/français.pdf
4525,2149,mathématiques.pdf,ESG/2010/Technicien/division électrotechnique/TEE/mathématiques.pdf
2135,2122,division génie civil,ESG/2010/Technicien/division génie civil
2136,2135,TBA,ESG/2010/Technicien/division génie civil/TBA
4654,2136,allemand.pdf,ESG/2010/Technicien/division génie civil/TBA/allemand.pdf
4655,2136,anglais.pdf,ESG/2010/Technicien/division génie civil/TBA/anglais.pdf
4656,2136,BA chimie appliquée (théorie).pdf,ESG/2010/Technicien/division génie civil/TBA/BA chimie appliquée (théorie).pdf
4660,2136,BA éléments d'architecture.pdf,ESG/2010/Technicien/division génie civil/TBA/BA éléments d'architecture.pdf
4661,2136,BA éléments de construction.pdf,ESG/2010/Technicien/division génie civil/TBA/BA éléments de construction.pdf
4657,2136,BA laboratoire des matériaux de construction.pdf,ESG/2010/Technicien/division génie civil/TBA/BA laboratoire des matériaux de construction.pdf
4658,2136,BA topographie.pdf,ESG/2010/Technicien/division génie civil/TBA/BA topographie.pdf
4659,2136,BA urbanisme et infrastructures.pdf,ESG/2010/Technicien/division génie civil/TBA/BA urbanisme et infrastructures.pdf
4664,2136,éducation civique et sociale.pdf,ESG/2010/Technicien/division génie civil/TBA/éducation civique et sociale.pdf
4662,2136,français.pdf,ESG/2010/Technicien/division génie civil/TBA/français.pdf
4663,2136,mathématiques.pdf,ESG/2010/Technicien/division génie civil/TBA/mathématiques.pdf
2137,2135,TCC,ESG/2010/Technicien/division génie civil/TCC
4643,2137,allemand.pdf,ESG/2010/Technicien/division génie civil/TCC/allemand.pdf
4644,2137,anglais.pdf,ESG/2010/Technicien/division génie civil/TCC/anglais.pdf
4645,2137,CC chimie appliquée (théorie).pdf,ESG/2010/Technicien/division génie civil/TCC/CC chimie appliquée (théorie).pdf
4646,2137,CC laboratoire des matériaux de construction.pdf,ESG/2010/Technicien/division génie civil/TCC/CC laboratoire des matériaux de construction.pdf
4648,2137,CC sécurité et organisation des chantiers0001.pdf,ESG/2010/Technicien/division génie civil/TCC/CC sécurité et organisation des chantiers0001.pdf
4647,2137,CC statique appliquée.pdf,ESG/2010/Technicien/division génie civil/TCC/CC statique appliquée.pdf
4649,2137,CC topographie.pdf,ESG/2010/Technicien/division génie civil/TCC/CC topographie.pdf
4650,2137,CC urbanisme et infrastructures.pdf,ESG/2010/Technicien/division génie civil/TCC/CC urbanisme et infrastructures.pdf
4653,2137,éducation civique et sociale.pdf,ESG/2010/Technicien/division génie civil/TCC/éducation civique et sociale.pdf
4651,2137,français.pdf,ESG/2010/Technicien/division génie civil/TCC/français.pdf
4652,2137,mathématiques.pdf,ESG/2010/Technicien/division génie civil/TCC/mathématiques.pdf
2138,2135,TTP,ESG/2010/Technicien/division génie civil/TTP
4632,2138,allemand.pdf,ESG/2010/Technicien/division génie civil/TTP/allemand.pdf
4633,2138,anglais.pdf,ESG/2010/Technicien/division génie civil/TTP/anglais.pdf
4642,2138,éducation civique et sociale.pdf,ESG/2010/Technicien/division génie civil/TTP/éducation civique et sociale.pdf
4634,2138,français.pdf,ESG/2010/Technicien/division génie civil/TTP/français.pdf
4635,2138,mathématiques.pdf,ESG/2010/Technicien/division génie civil/TTP/mathématiques.pdf
4636,2138,TP chimie appliquée (théorie).pdf,ESG/2010/Technicien/division génie civil/TTP/TP chimie appliquée (théorie).pdf
4641,2138,TP éléments de construction.pdf,ESG/2010/Technicien/division génie civil/TTP/TP éléments de construction.pdf
4637,2138,TP laboratoire des matériaux de construction.pdf,ESG/2010/Technicien/division génie civil/TTP/TP laboratoire des matériaux de construction.pdf
4638,2138,TP sécurité et organisation des chantiers.pdf,ESG/2010/Technicien/division génie civil/TTP/TP sécurité et organisation des chantiers.pdf
4639,2138,TP topographie.pdf,ESG/2010/Technicien/division génie civil/TTP/TP topographie.pdf
4640,2138,TP urbanisme et infrastructures.pdf,ESG/2010/Technicien/division génie civil/TTP/TP urbanisme et infrastructures.pdf
2139,2122,division hôtelière et touristique,ESG/2010/Technicien/division hôtelière et touristique
2140,2139,THO,ESG/2010/Technicien/division hôtelière et touristique/THO
4604,2140,allemand (14.05.2010).pdf,ESG/2010/Technicien/division hôtelière et touristique/THO/allemand (14.05.2010).pdf
4605,2140,allemand (juin 2010) I.pdf,ESG/2010/Technicien/division hôtelière et touristique/THO/allemand (juin 2010) I.pdf
4606,2140,allemand (juin 2010) II.pdf,ESG/2010/Technicien/division hôtelière et touristique/THO/allemand (juin 2010) II.pdf
4607,2140,allemand (juin 2010) III.pdf,ESG/2010/Technicien/division hôtelière et touristique/THO/allemand (juin 2010) III.pdf
4609,2140,"anglais, écrit (19.05.2010).pdf","ESG/2010/Technicien/division hôtelière et touristique/THO/anglais, écrit (19.05.2010).pdf"
4608,2140,"anglais, oral (juin 2010).pdf","ESG/2010/Technicien/division hôtelière et touristique/THO/anglais, oral (juin 2010).pdf"
4610,2140,espagnol (17.05.2010).pdf,ESG/2010/Technicien/division hôtelière et touristique/THO/espagnol (17.05.2010).pdf
4611,2140,espagnol (juin 2010) I.pdf,ESG/2010/Technicien/division hôtelière et touristique/THO/espagnol (juin 2010) I.pdf
4612,2140,espagnol (juin 2010) II.pdf,ESG/2010/Technicien/division hôtelière et touristique/THO/espagnol (juin 2010) II.pdf
4613,2140,français.pdf,ESG/2010/Technicien/division hôtelière et touristique/THO/français.pdf
4614,2140,HO Boissons (21.05.2010).pdf,ESG/2010/Technicien/division hôtelière et touristique/THO/HO Boissons (21.05.2010).pdf
4615,2140,HO comptabilité(21.05.2010).pdf,ESG/2010/Technicien/division hôtelière et touristique/THO/HO comptabilité(21.05.2010).pdf
4623,2140,HO éducation civique et sociale (21.05.2010).pdf,ESG/2010/Technicien/division hôtelière et touristique/THO/HO éducation civique et sociale (21.05.2010).pdf
4616,2140,HO français (juin 2010) I.pdf,ESG/2010/Technicien/division hôtelière et touristique/THO/HO français (juin 2010) I.pdf
4617,2140,HO français (juin 2010) II.pdf,ESG/2010/Technicien/division hôtelière et touristique/THO/HO français (juin 2010) II.pdf
4618,2140,HO techniques de gestion (14.05.2010) I.pdf,ESG/2010/Technicien/division hôtelière et touristique/THO/HO techniques de gestion (14.05.2010) I.pdf
4619,2140,HO techniques de gestion (14.05.2010) II.pdf,ESG/2010/Technicien/division hôtelière et touristique/THO/HO techniques de gestion (14.05.2010) II.pdf
4620,2140,HO technologie et réception (15.05.2010).pdf,ESG/2010/Technicien/division hôtelière et touristique/THO/HO technologie et réception (15.05.2010).pdf
4621,2140,HO technologie et réception (19.05.2010).pdf,ESG/2010/Technicien/division hôtelière et touristique/THO/HO technologie et réception (19.05.2010).pdf
4622,2140,HO TOUPU (19.05.2010).pdf,ESG/2010/Technicien/division hôtelière et touristique/THO/HO TOUPU (19.05.2010).pdf
4624,2140,informatique (19.05.2010) I.PDF,ESG/2010/Technicien/division hôtelière et touristique/THO/informatique (19.05.2010) I.PDF
4625,2140,informatique (19.05.2010) II.PDF,ESG/2010/Technicien/division hôtelière et touristique/THO/informatique (19.05.2010) II.PDF
4626,2140,informatique (19.05.2010) III.PDF,ESG/2010/Technicien/division hôtelière et touristique/THO/informatique (19.05.2010) III.PDF
4627,2140,informatique (19.05.2010) IV.PDF,ESG/2010/Technicien/division hôtelière et touristique/THO/informatique (19.05.2010) IV.PDF
4628,2140,italien (17.05.2010).pdf,ESG/2010/Technicien/division hôtelière et touristique/THO/italien (17.05.2010).pdf
4629,2140,italien (juin 2010) I.pdf,ESG/2010/Technicien/division hôtelière et touristique/THO/italien (juin 2010) I.pdf
4630,2140,italien (juin 2010) II.pdf,ESG/2010/Technicien/division hôtelière et touristique/THO/italien (juin 2010) II.pdf
4631,2140,mathématiques appliquées (17.05.2010).pdf,ESG/2010/Technicien/division hôtelière et touristique/THO/mathématiques appliquées (17.05.2010).pdf
2141,2139,TTO,ESG/2010/Technicien/division hôtelière et touristique/TTO
4571,2141,allemand (14.05.2010).pdf,ESG/2010/Technicien/division hôtelière et touristique/TTO/allemand (14.05.2010).pdf
4572,2141,allemand (juin 2010) I.pdf,ESG/2010/Technicien/division hôtelière et touristique/TTO/allemand (juin 2010) I.pdf
4573,2141,allemand (juin 2010) II.pdf,ESG/2010/Technicien/division hôtelière et touristique/TTO/allemand (juin 2010) II.pdf
4574,2141,allemand (juin 2010) III.pdf,ESG/2010/Technicien/division hôtelière et touristique/TTO/allemand (juin 2010) III.pdf
4576,2141,"anglais, écrit (19.05.2010).pdf","ESG/2010/Technicien/division hôtelière et touristique/TTO/anglais, écrit (19.05.2010).pdf"
4575,2141,"anglais, oral (juin 2010).pdf","ESG/2010/Technicien/division hôtelière et touristique/TTO/anglais, oral (juin 2010).pdf"
4577,2141,espagnol (17.05.2010).pdf,ESG/2010/Technicien/division hôtelière et touristique/TTO/espagnol (17.05.2010).pdf
4578,2141,espagnol (juin 2010) I.pdf,ESG/2010/Technicien/division hôtelière et touristique/TTO/espagnol (juin 2010) I.pdf
4579,2141,espagnol (juin 2010) II.pdf,ESG/2010/Technicien/division hôtelière et touristique/TTO/espagnol (juin 2010) II.pdf
4580,2141,français.pdf,ESG/2010/Technicien/division hôtelière et touristique/TTO/français.pdf
4581,2141,HO technologie et réception (19.05.2010).pdf,ESG/2010/Technicien/division hôtelière et touristique/TTO/HO technologie et réception (19.05.2010).pdf
4582,2141,HO TOUPU (19.05.2010).pdf,ESG/2010/Technicien/division hôtelière et touristique/TTO/HO TOUPU (19.05.2010).pdf
4583,2141,informatique (19.05.2010) I.PDF,ESG/2010/Technicien/division hôtelière et touristique/TTO/informatique (19.05.2010) I.PDF
4584,2141,informatique (19.05.2010) II.PDF,ESG/2010/Technicien/division hôtelière et touristique/TTO/informatique (19.05.2010) II.PDF
4585,2141,informatique (19.05.2010) III.PDF,ESG/2010/Technicien/division hôtelière et touristique/TTO/informatique (19.05.2010) III.PDF
4586,2141,informatique (19.05.2010) IV.PDF,ESG/2010/Technicien/division hôtelière et touristique/TTO/informatique (19.05.2010) IV.PDF
4587,2141,italien (17.05.2010).pdf,ESG/2010/Technicien/division hôtelière et touristique/TTO/italien (17.05.2010).pdf
4588,2141,italien (juin 2010) I.pdf,ESG/2010/Technicien/division hôtelière et touristique/TTO/italien (juin 2010) I.pdf
4589,2141,italien (juin 2010) II.pdf,ESG/2010/Technicien/division hôtelière et touristique/TTO/italien (juin 2010) II.pdf
4590,2141,mathématiques appliquées (17.05.2010).pdf,ESG/2010/Technicien/division hôtelière et touristique/TTO/mathématiques appliquées (17.05.2010).pdf
4591,2141,TO comptabilité (21.05.2010).pdf,ESG/2010/Technicien/division hôtelière et touristique/TTO/TO comptabilité (21.05.2010).pdf
4602,2141,TO éducation civique et sociale (19.05.2010).pdf,ESG/2010/Technicien/division hôtelière et touristique/TTO/TO éducation civique et sociale (19.05.2010).pdf
4603,2141,"TO éducation civique et sociale, législation (19.05.2010).pdf","ESG/2010/Technicien/division hôtelière et touristique/TTO/TO éducation civique et sociale, législation (19.05.2010).pdf"
4592,2141,TO français (juin 2010) I.pdf,ESG/2010/Technicien/division hôtelière et touristique/TTO/TO français (juin 2010) I.pdf
4593,2141,TO français (juin 2010) II.pdf,ESG/2010/Technicien/division hôtelière et touristique/TTO/TO français (juin 2010) II.pdf
4594,2141,TO géographie (15.05.2010).pdf,ESG/2010/Technicien/division hôtelière et touristique/TTO/TO géographie (15.05.2010).pdf
4595,2141,TO histoire (15.05.2010).pdf,ESG/2010/Technicien/division hôtelière et touristique/TTO/TO histoire (15.05.2010).pdf
4596,2141,TO histoire de l'art (15.05.2010).pdf,ESG/2010/Technicien/division hôtelière et touristique/TTO/TO histoire de l'art (15.05.2010).pdf
4597,2141,TO techniques de gestion (14.05.2010).pdf,ESG/2010/Technicien/division hôtelière et touristique/TTO/TO techniques de gestion (14.05.2010).pdf
4598,2141,TO techniques de gestion (partie B-Marketing) (14.05.2010).pdf,ESG/2010/Technicien/division hôtelière et touristique/TTO/TO techniques de gestion (partie B-Marketing) (14.05.2010).pdf
4601,2141,TO technologie touristique (écrit) (21.05.2010).pdf,ESG/2010/Technicien/division hôtelière et touristique/TTO/TO technologie touristique (écrit) (21.05.2010).pdf
4599,2141,TO technologie touristique (oral) B (18.05.2010).pdf,ESG/2010/Technicien/division hôtelière et touristique/TTO/TO technologie touristique (oral) B (18.05.2010).pdf
4600,2141,TO technologie touristique (oral) C (18.05.2010).pdf,ESG/2010/Technicien/division hôtelière et touristique/TTO/TO technologie touristique (oral) C (18.05.2010).pdf
2142,2122,division informatique,ESG/2010/Technicien/division informatique
2143,2142,TIF,ESG/2010/Technicien/division informatique/TIF
4559,2143,allemand.pdf,ESG/2010/Technicien/division informatique/TIF/allemand.pdf
4560,2143,anglais.pdf,ESG/2010/Technicien/division informatique/TIF/anglais.pdf
4570,2143,éducation civique et sociale.pdf,ESG/2010/Technicien/division informatique/TIF/éducation civique et sociale.pdf
4561,2143,français.pdf,ESG/2010/Technicien/division informatique/TIF/français.pdf
4562,2143,IF architecture des ordinateurs.pdf,ESG/2010/Technicien/division informatique/TIF/IF architecture des ordinateurs.pdf
4563,2143,IF information industrielle.pdf,ESG/2010/Technicien/division informatique/TIF/IF information industrielle.pdf
4564,2143,IF informatique appliquée.pdf,ESG/2010/Technicien/division informatique/TIF/IF informatique appliquée.pdf
4565,2143,IF informatique générale.pdf,ESG/2010/Technicien/division informatique/TIF/IF informatique générale.pdf
4566,2143,IF systèmes d'exploitation.pdf,ESG/2010/Technicien/division informatique/TIF/IF systèmes d'exploitation.pdf
4567,2143,IF techniques multimédia.pdf,ESG/2010/Technicien/division informatique/TIF/IF techniques multimédia.pdf
4568,2143,IF téléinformatique et réseaux.pdf,ESG/2010/Technicien/division informatique/TIF/IF téléinformatique et réseaux.pdf
4569,2143,mathématiques.pdf,ESG/2010/Technicien/division informatique/TIF/mathématiques.pdf
2144,2122,division mécanique,ESG/2010/Technicien/division mécanique
2145,2144,TMA,ESG/2010/Technicien/division mécanique/TMA
4547,2145,allemand.pdf,ESG/2010/Technicien/division mécanique/TMA/allemand.pdf
4548,2145,anglais.pdf,ESG/2010/Technicien/division mécanique/TMA/anglais.pdf
4558,2145,éducation civique et sociale.pdf,ESG/2010/Technicien/division mécanique/TMA/éducation civique et sociale.pdf
4549,2145,français.pdf,ESG/2010/Technicien/division mécanique/TMA/français.pdf
4550,2145,MA châssis et carrosserie.pdf,ESG/2010/Technicien/division mécanique/TMA/MA châssis et carrosserie.pdf
4554,2145,MA épreuve interdisciplinaire pratique.pdf,ESG/2010/Technicien/division mécanique/TMA/MA épreuve interdisciplinaire pratique.pdf
4555,2145,MA épreuve interdisciplinaire théorique.pdf,ESG/2010/Technicien/division mécanique/TMA/MA épreuve interdisciplinaire théorique.pdf
4556,2145,MA équipements de confort et de sécurité$.pdf,ESG/2010/Technicien/division mécanique/TMA/MA équipements de confort et de sécurité$.pdf
4551,2145,MA systèmes de carburation et d'échappement.pdf,ESG/2010/Technicien/division mécanique/TMA/MA systèmes de carburation et d'échappement.pdf
4552,2145,MA sytèmes d'allumage et de préchauffage.pdf,ESG/2010/Technicien/division mécanique/TMA/MA sytèmes d'allumage et de préchauffage.pdf
4553,2145,MA transmissions.pdf,ESG/2010/Technicien/division mécanique/TMA/MA transmissions.pdf
4557,2145,mathématiques.pdf,ESG/2010/Technicien/division mécanique/TMA/mathématiques.pdf
2146,2144,TMG,ESG/2010/Technicien/division mécanique/TMG
4537,2146,allemand.pdf,ESG/2010/Technicien/division mécanique/TMG/allemand.pdf
4538,2146,anglais.pdf,ESG/2010/Technicien/division mécanique/TMG/anglais.pdf
4546,2146,éducation civique et sociale.pdf,ESG/2010/Technicien/division mécanique/TMG/éducation civique et sociale.pdf
4539,2146,français.pdf,ESG/2010/Technicien/division mécanique/TMG/français.pdf
4540,2146,mathématiques.pdf,ESG/2010/Technicien/division mécanique/TMG/mathématiques.pdf
4541,2146,MG asservissements I.pdf,ESG/2010/Technicien/division mécanique/TMG/MG asservissements I.pdf
4542,2146,MG asservissements II.pdf,ESG/2010/Technicien/division mécanique/TMG/MG asservissements II.pdf
4543,2146,MG calcul et mécanique(épreuve écrite).pdf,ESG/2010/Technicien/division mécanique/TMG/MG calcul et mécanique(épreuve écrite).pdf
4544,2146,MG technologie 1.pdf,ESG/2010/Technicien/division mécanique/TMG/MG technologie 1.pdf
4545,2146,MG technologie 2.pdf,ESG/2010/Technicien/division mécanique/TMG/MG technologie 2.pdf
2150,2122,toutes technicien sauf agricole et artistique,ESG/2010/Technicien/toutes technicien sauf agricole et artistique
4516,2150,éducation civique et sociale.pdf,ESG/2010/Technicien/toutes technicien sauf agricole et artistique/éducation civique et sociale.pdf
4515,2150,mathématiques.pdf,ESG/2010/Technicien/toutes technicien sauf agricole et artistique/mathématiques.pdf
2151,2122,"Toutes technicien, sauf TCM","ESG/2010/Technicien/Toutes technicien, sauf TCM"
4512,2151,allemand.pdf,"ESG/2010/Technicien/Toutes technicien, sauf TCM/allemand.pdf"
4513,2151,anglais.pdf,"ESG/2010/Technicien/Toutes technicien, sauf TCM/anglais.pdf"
4514,2151,français.pdf,"ESG/2010/Technicien/Toutes technicien, sauf TCM/français.pdf"
2152,2121,Technique,ESG/2010/Technique
2153,2152,Division administrative et commerciale,ESG/2010/Technique/Division administrative et commerciale
2154,2153,CC,ESG/2010/Technique/Division administrative et commerciale/CC
4503,2154,CC communication professionnelle et relations humaines.pdf,ESG/2010/Technique/Division administrative et commerciale/CC/CC communication professionnelle et relations humaines.pdf
4504,2154,CC comptabilité.pdf,ESG/2010/Technique/Division administrative et commerciale/CC/CC comptabilité.pdf
4505,2154,CC organisation et gestion d'activités.pdf,ESG/2010/Technique/Division administrative et commerciale/CC/CC organisation et gestion d'activités.pdf
4506,2154,CC technologies de l'information et de la communication.pdf,ESG/2010/Technique/Division administrative et commerciale/CC/CC technologies de l'information et de la communication.pdf
4507,2154,"CC, CG francais.pdf","ESG/2010/Technique/Division administrative et commerciale/CC/CC, CG francais.pdf"
4508,2154,"CC, connaissance du monde contemporain.pdf","ESG/2010/Technique/Division administrative et commerciale/CC/CC, connaissance du monde contemporain.pdf"
4509,2154,"CG,CC allemand.pdf","ESG/2010/Technique/Division administrative et commerciale/CC/CG,CC allemand.pdf"
4510,2154,"CG,CC anglais.pdf","ESG/2010/Technique/Division administrative et commerciale/CC/CG,CC anglais.pdf"
4511,2154,"CG,CC économie de gestion.pdf","ESG/2010/Technique/Division administrative et commerciale/CC/CG,CC économie de gestion.pdf"
2155,2153,CG,ESG/2010/Technique/Division administrative et commerciale/CG
4494,2155,"CC, CG francais.pdf","ESG/2010/Technique/Division administrative et commerciale/CG/CC, CG francais.pdf"
4495,2155,CG comptabilité.pdf,ESG/2010/Technique/Division administrative et commerciale/CG/CG comptabilité.pdf
4498,2155,CG économie politique.pdf,ESG/2010/Technique/Division administrative et commerciale/CG/CG économie politique.pdf
4496,2155,CG informatique.pdf,ESG/2010/Technique/Division administrative et commerciale/CG/CG informatique.pdf
4497,2155,CG mathématiques.pdf,ESG/2010/Technique/Division administrative et commerciale/CG/CG mathématiques.pdf
4499,2155,"CG, connaissance du monde contemporain.pdf","ESG/2010/Technique/Division administrative et commerciale/CG/CG, connaissance du monde contemporain.pdf"
4500,2155,"CG,CC allemand.pdf","ESG/2010/Technique/Division administrative et commerciale/CG/CG,CC allemand.pdf"
4501,2155,"CG,CC anglais.pdf","ESG/2010/Technique/Division administrative et commerciale/CG/CG,CC anglais.pdf"
4502,2155,"CG,CC économie de gestion.pdf","ESG/2010/Technique/Division administrative et commerciale/CG/CG,CC économie de gestion.pdf"
2156,2152,Division professions de santé et des professions sociales,ESG/2010/Technique/Division professions de santé et des professions sociales
2157,2156,ED,ESG/2010/Technique/Division professions de santé et des professions sociales/ED
4482,2157,14 ED connaissance du monde contemporain.pdf,ESG/2010/Technique/Division professions de santé et des professions sociales/ED/14 ED connaissance du monde contemporain.pdf
4490,2157,14 ED éducation à la santé.pdf,ESG/2010/Technique/Division professions de santé et des professions sociales/ED/14 ED éducation à la santé.pdf
4483,2157,14 ED gérontologie.pdf,ESG/2010/Technique/Division professions de santé et des professions sociales/ED/14 ED gérontologie.pdf
4484,2157,14 ED législation et déontologie.pdf,ESG/2010/Technique/Division professions de santé et des professions sociales/ED/14 ED législation et déontologie.pdf
4487,2157,14 ED pédagogie des médias.pdf,ESG/2010/Technique/Division professions de santé et des professions sociales/ED/14 ED pédagogie des médias.pdf
4488,2157,14 ED pédagogie sociale.pdf,ESG/2010/Technique/Division professions de santé et des professions sociales/ED/14 ED pédagogie sociale.pdf
4489,2157,14 ED pédagogie spéciale.pdf,ESG/2010/Technique/Division professions de santé et des professions sociales/ED/14 ED pédagogie spéciale.pdf
4485,2157,14 ED psychologie.pdf,ESG/2010/Technique/Division professions de santé et des professions sociales/ED/14 ED psychologie.pdf
4486,2157,14 ED psychopédagogie.pdf,ESG/2010/Technique/Division professions de santé et des professions sociales/ED/14 ED psychopédagogie.pdf
2158,2156,SI,ESG/2010/Technique/Division professions de santé et des professions sociales/SI
4477,2158,14 SI COMPR.pdf,ESG/2010/Technique/Division professions de santé et des professions sociales/SI/14 SI COMPR.pdf
4479,2158,14 SI COSPI étude de cas.pdf,ESG/2010/Technique/Division professions de santé et des professions sociales/SI/14 SI COSPI étude de cas.pdf
4478,2158,14 SI COSPI liste de questions.pdf,ESG/2010/Technique/Division professions de santé et des professions sociales/SI/14 SI COSPI liste de questions.pdf
4480,2158,14 SI SCHUS.pdf,ESG/2010/Technique/Division professions de santé et des professions sociales/SI/14 SI SCHUS.pdf
4481,2158,14 SI SCMED.pdf,ESG/2010/Technique/Division professions de santé et des professions sociales/SI/14 SI SCMED.pdf
2159,2156,SL,ESG/2010/Technique/Division professions de santé et des professions sociales/SL
4469,2159,14 SL chimie médicale I.pdf,ESG/2010/Technique/Division professions de santé et des professions sociales/SL/14 SL chimie médicale I.pdf
4470,2159,14 SL chimie médicale II.pdf,ESG/2010/Technique/Division professions de santé et des professions sociales/SL/14 SL chimie médicale II.pdf
4471,2159,14 SL connaissance du monde professionnel.pdf,ESG/2010/Technique/Division professions de santé et des professions sociales/SL/14 SL connaissance du monde professionnel.pdf
4472,2159,14 SL hématologie I.pdf,ESG/2010/Technique/Division professions de santé et des professions sociales/SL/14 SL hématologie I.pdf
4473,2159,14 SL hématologie II.pdf,ESG/2010/Technique/Division professions de santé et des professions sociales/SL/14 SL hématologie II.pdf
4474,2159,14 SL microbiologie I.pdf,ESG/2010/Technique/Division professions de santé et des professions sociales/SL/14 SL microbiologie I.pdf
4475,2159,14 SL microbiologie II.pdf,ESG/2010/Technique/Division professions de santé et des professions sociales/SL/14 SL microbiologie II.pdf
4476,2159,14 SL SCHUS.pdf,ESG/2010/Technique/Division professions de santé et des professions sociales/SL/14 SL SCHUS.pdf
2160,2156,SR,ESG/2010/Technique/Division professions de santé et des professions sociales/SR
4460,2160,14 SR CONPR.pdf,ESG/2010/Technique/Division professions de santé et des professions sociales/SR/14 SR CONPR.pdf
4461,2160,14 SR COSPR I.pdf,ESG/2010/Technique/Division professions de santé et des professions sociales/SR/14 SR COSPR I.pdf
4462,2160,14 SR COSPR II.pdf,ESG/2010/Technique/Division professions de santé et des professions sociales/SR/14 SR COSPR II.pdf
4463,2160,14 SR COSPR III.pdf,ESG/2010/Technique/Division professions de santé et des professions sociales/SR/14 SR COSPR III.pdf
4464,2160,"14 SR IMMED I, IRM.pdf","ESG/2010/Technique/Division professions de santé et des professions sociales/SR/14 SR IMMED I, IRM.pdf"
4465,2160,"14 SR IMMED I, MNU.pdf","ESG/2010/Technique/Division professions de santé et des professions sociales/SR/14 SR IMMED I, MNU.pdf"
4466,2160,"14 SR IMMED I, TDM.pdf","ESG/2010/Technique/Division professions de santé et des professions sociales/SR/14 SR IMMED I, TDM.pdf"
4467,2160,14 SR IMMED II.pdf,ESG/2010/Technique/Division professions de santé et des professions sociales/SR/14 SR IMMED II.pdf
4468,2160,14 SR SCHUS.pdf,ESG/2010/Technique/Division professions de santé et des professions sociales/SR/14 SR SCHUS.pdf
4491,2156,13 allemand.pdf,ESG/2010/Technique/Division professions de santé et des professions sociales/13 allemand.pdf
4492,2156,13 anglais.pdf,ESG/2010/Technique/Division professions de santé et des professions sociales/13 anglais.pdf
4493,2156,13 français.pdf,ESG/2010/Technique/Division professions de santé et des professions sociales/13 français.pdf
2161,2152,Division technique générale,ESG/2010/Technique/Division technique générale
4458,2161,"GE, connaissance du monde contemporain - Copy.pdf","ESG/2010/Technique/Division technique générale/GE, connaissance du monde contemporain - Copy.pdf"
4459,2161,"GI, connaissance du monde contemporain.pdf","ESG/2010/Technique/Division technique générale/GI, connaissance du monde contemporain.pdf"
2162,2001,2011,ESG/2011
2163,2162,Régime de la formation de technicien,ESG/2011/Régime de la formation de technicien
2164,2163,Division administrative et commerciale,ESG/2011/Régime de la formation de technicien/Division administrative et commerciale
4446,2164,ALLEMAND_AL_T3CM_JUIN.pdf,ESG/2011/Régime de la formation de technicien/Division administrative et commerciale/ALLEMAND_AL_T3CM_JUIN.pdf
4447,2164,ALLEMAND_FR_T3CM_JUIN.pdf,ESG/2011/Régime de la formation de technicien/Division administrative et commerciale/ALLEMAND_FR_T3CM_JUIN.pdf
4448,2164,ALLEMAND_T3CM_JUIN.pdf,ESG/2011/Régime de la formation de technicien/Division administrative et commerciale/ALLEMAND_T3CM_JUIN.pdf
4449,2164,ANGLAIS_T3CM_JUIN.pdf,ESG/2011/Régime de la formation de technicien/Division administrative et commerciale/ANGLAIS_T3CM_JUIN.pdf
4450,2164,COMMUNICATION -PROFESSIONNELLE_ET_ORGANISATION_T3CM_JUIN.pdf,ESG/2011/Régime de la formation de technicien/Division administrative et commerciale/COMMUNICATION -PROFESSIONNELLE_ET_ORGANISATION_T3CM_JUIN.pdf
4451,2164,COMPTABILITE_I(INFORMATISEE)_T3CM_JUIN.pdf,ESG/2011/Régime de la formation de technicien/Division administrative et commerciale/COMPTABILITE_I(INFORMATISEE)_T3CM_JUIN.pdf
4452,2164,COMPTABILITE_II(ANALYTIQUE)_T3CM_JUIN.pdf,ESG/2011/Régime de la formation de technicien/Division administrative et commerciale/COMPTABILITE_II(ANALYTIQUE)_T3CM_JUIN.pdf
4453,2164,ECONOMIE_POLITIQUE_T3CM_JUIN.pdf,ESG/2011/Régime de la formation de technicien/Division administrative et commerciale/ECONOMIE_POLITIQUE_T3CM_JUIN.pdf
4454,2164,EDUCATION_CIVIQUE_ET_SOCIALE_DE_T3CM_JUIN0001.pdf,ESG/2011/Régime de la formation de technicien/Division administrative et commerciale/EDUCATION_CIVIQUE_ET_SOCIALE_DE_T3CM_JUIN0001.pdf
4455,2164,EDUCATION_CIVIQUE_ET_SOCIALE_FR_T3CM_JUIN.pdf,ESG/2011/Régime de la formation de technicien/Division administrative et commerciale/EDUCATION_CIVIQUE_ET_SOCIALE_FR_T3CM_JUIN.pdf
4456,2164,FRANCAIS_T3CM_JUIN.pdf,ESG/2011/Régime de la formation de technicien/Division administrative et commerciale/FRANCAIS_T3CM_JUIN.pdf
4457,2164,GESTION_D_ENTREPRISE_T3CM_JUIN.pdf,ESG/2011/Régime de la formation de technicien/Division administrative et commerciale/GESTION_D_ENTREPRISE_T3CM_JUIN.pdf
2165,2163,Division agricole - section agricole,ESG/2011/Régime de la formation de technicien/Division agricole - section agricole
2166,2163,Division agricole - section environnement naturel,ESG/2011/Régime de la formation de technicien/Division agricole - section environnement naturel
2167,2163,Division agricole - section horticole,ESG/2011/Régime de la formation de technicien/Division agricole - section horticole
2168,2163,Division artistique - section design graphique,ESG/2011/Régime de la formation de technicien/Division artistique - section design graphique
2169,2163,Division artistique - section expression plastique,ESG/2011/Régime de la formation de technicien/Division artistique - section expression plastique
2170,2163,Division chimique,ESG/2011/Régime de la formation de technicien/Division chimique
2179,2163,Division électrotechnique - section communication,ESG/2011/Régime de la formation de technicien/Division électrotechnique - section communication
2180,2163,Division électrotechnique - section énergie,ESG/2011/Régime de la formation de technicien/Division électrotechnique - section énergie
2171,2163,Division génie civil - section bâtiment,ESG/2011/Régime de la formation de technicien/Division génie civil - section bâtiment
2172,2163,Division génie civil - section constructions civiles,ESG/2011/Régime de la formation de technicien/Division génie civil - section constructions civiles
2173,2163,Division génie civil - section travaux publics,ESG/2011/Régime de la formation de technicien/Division génie civil - section travaux publics
2174,2163,Division hôtelière et touristique - section hôtelière,ESG/2011/Régime de la formation de technicien/Division hôtelière et touristique - section hôtelière
2175,2163,Division hôtelière et touristique - section touristique,ESG/2011/Régime de la formation de technicien/Division hôtelière et touristique - section touristique
2176,2163,Division informatique,ESG/2011/Régime de la formation de technicien/Division informatique
2177,2163,Division mécanique - section mécanique automobile,ESG/2011/Régime de la formation de technicien/Division mécanique - section mécanique automobile
2178,2163,Division mécanique - section mécanique générale,ESG/2011/Régime de la formation de technicien/Division mécanique - section mécanique générale
2181,2162,Régime technique,ESG/2011/Régime technique
2182,2181,Division de la formation administrative et commerciale - section communication et organisation,ESG/2011/Régime technique/Division de la formation administrative et commerciale - section communication et organisation
4433,2182,"ALLEMAND_AL_CG,CC_JUIN.pdf","ESG/2011/Régime technique/Division de la formation administrative et commerciale - section communication et organisation/ALLEMAND_AL_CG,CC_JUIN.pdf"
4434,2182,"ALLEMAND_CG,CC_JUIN.pdf","ESG/2011/Régime technique/Division de la formation administrative et commerciale - section communication et organisation/ALLEMAND_CG,CC_JUIN.pdf"
4435,2182,"ALLEMAND_FR_CG,CC_JUIN.pdf","ESG/2011/Régime technique/Division de la formation administrative et commerciale - section communication et organisation/ALLEMAND_FR_CG,CC_JUIN.pdf"
4436,2182,"ANGLAIS_CG,CC_JUIN.pdf","ESG/2011/Régime technique/Division de la formation administrative et commerciale - section communication et organisation/ANGLAIS_CG,CC_JUIN.pdf"
4437,2182,COMMUNICATION_ET_RELATIONS_HUMAINES_CC_JUIN.pdf,ESG/2011/Régime technique/Division de la formation administrative et commerciale - section communication et organisation/COMMUNICATION_ET_RELATIONS_HUMAINES_CC_JUIN.pdf
4438,2182,COMPTABILITE_CC_JUIN.pdf,ESG/2011/Régime technique/Division de la formation administrative et commerciale - section communication et organisation/COMPTABILITE_CC_JUIN.pdf
4439,2182,"CONNAISSANCE_DU_MONDE_CONTEMPORAIN_CG,CC,GE,GI_JUIN.pdf","ESG/2011/Régime technique/Division de la formation administrative et commerciale - section communication et organisation/CONNAISSANCE_DU_MONDE_CONTEMPORAIN_CG,CC,GE,GI_JUIN.pdf"
4440,2182,"CONNAISSANCE_DU_MONDE_CONTEMPORAIN_REP_CG,CC,GE,GI_JUIN.pdf","ESG/2011/Régime technique/Division de la formation administrative et commerciale - section communication et organisation/CONNAISSANCE_DU_MONDE_CONTEMPORAIN_REP_CG,CC,GE,GI_JUIN.pdf"
4441,2182,"ECONOMIE_DE_GESTION_CG,CC_JUIN.pdf","ESG/2011/Régime technique/Division de la formation administrative et commerciale - section communication et organisation/ECONOMIE_DE_GESTION_CG,CC_JUIN.pdf"
4442,2182,"ECONOMIE_POLITIQUE_CG,CC_JUIN.pdf","ESG/2011/Régime technique/Division de la formation administrative et commerciale - section communication et organisation/ECONOMIE_POLITIQUE_CG,CC_JUIN.pdf"
4443,2182,FRANCAIS_CG_CC_JUIN.pdf,ESG/2011/Régime technique/Division de la formation administrative et commerciale - section communication et organisation/FRANCAIS_CG_CC_JUIN.pdf
4444,2182,"ORGANISATION_ET_GESTION_D_ACTIVITES_CG,CC_JUIN.pdf","ESG/2011/Régime technique/Division de la formation administrative et commerciale - section communication et organisation/ORGANISATION_ET_GESTION_D_ACTIVITES_CG,CC_JUIN.pdf"
4445,2182,TECHNOLOGIE_DE_L_INFORMATION_ET_DE_COMMUNICATION_CC_JUIN.pdf,ESG/2011/Régime technique/Division de la formation administrative et commerciale - section communication et organisation/TECHNOLOGIE_DE_L_INFORMATION_ET_DE_COMMUNICATION_CC_JUIN.pdf
2183,2181,Division de la formation administrative et commerciale - section gestion,ESG/2011/Régime technique/Division de la formation administrative et commerciale - section gestion
4420,2183,"ALLEMAND_AL_CG,CC_JUIN.pdf","ESG/2011/Régime technique/Division de la formation administrative et commerciale - section gestion/ALLEMAND_AL_CG,CC_JUIN.pdf"
4421,2183,"ALLEMAND_CG,CC_JUIN.pdf","ESG/2011/Régime technique/Division de la formation administrative et commerciale - section gestion/ALLEMAND_CG,CC_JUIN.pdf"
4422,2183,"ALLEMAND_FR_CG,CC_JUIN.pdf","ESG/2011/Régime technique/Division de la formation administrative et commerciale - section gestion/ALLEMAND_FR_CG,CC_JUIN.pdf"
4423,2183,"ANGLAIS_CG,CC_JUIN.pdf","ESG/2011/Régime technique/Division de la formation administrative et commerciale - section gestion/ANGLAIS_CG,CC_JUIN.pdf"
4424,2183,COMPTABILITE_CG_JUIN.pdf,ESG/2011/Régime technique/Division de la formation administrative et commerciale - section gestion/COMPTABILITE_CG_JUIN.pdf
4425,2183,"CONNAISSANCE_DU_MONDE_CONTEMPORAIN_CG,CC,GE,GI_JUIN.pdf","ESG/2011/Régime technique/Division de la formation administrative et commerciale - section gestion/CONNAISSANCE_DU_MONDE_CONTEMPORAIN_CG,CC,GE,GI_JUIN.pdf"
4426,2183,"CONNAISSANCE_DU_MONDE_CONTEMPORAIN_REP_CG,CC,GE,GI_JUIN.pdf","ESG/2011/Régime technique/Division de la formation administrative et commerciale - section gestion/CONNAISSANCE_DU_MONDE_CONTEMPORAIN_REP_CG,CC,GE,GI_JUIN.pdf"
4427,2183,"ECONOMIE_DE_GESTION_CG,CC_JUIN.pdf","ESG/2011/Régime technique/Division de la formation administrative et commerciale - section gestion/ECONOMIE_DE_GESTION_CG,CC_JUIN.pdf"
4428,2183,"ECONOMIE_POLITIQUE_CG,CC_JUIN.pdf","ESG/2011/Régime technique/Division de la formation administrative et commerciale - section gestion/ECONOMIE_POLITIQUE_CG,CC_JUIN.pdf"
4429,2183,FRANCAIS_CG_CC_JUIN.pdf,ESG/2011/Régime technique/Division de la formation administrative et commerciale - section gestion/FRANCAIS_CG_CC_JUIN.pdf
4430,2183,INFORMATIQUE_CG_JUIN.pdf,ESG/2011/Régime technique/Division de la formation administrative et commerciale - section gestion/INFORMATIQUE_CG_JUIN.pdf
4431,2183,MATHEMATIQUES_CG_JUIN.pdf,ESG/2011/Régime technique/Division de la formation administrative et commerciale - section gestion/MATHEMATIQUES_CG_JUIN.pdf
4432,2183,"ORGANISATION_ET_GESTION_D_ACTIVITES_CG,CC_JUIN.pdf","ESG/2011/Régime technique/Division de la formation administrative et commerciale - section gestion/ORGANISATION_ET_GESTION_D_ACTIVITES_CG,CC_JUIN.pdf"
2186,2181,Division des professions de santé et des professions sociales - section de la formation de l'infirmier,ESG/2011/Régime technique/Division des professions de santé et des professions sociales - section de la formation de l'infirmier
4397,2186,14SI COMPR.pdf,ESG/2011/Régime technique/Division des professions de santé et des professions sociales - section de la formation de l'infirmier/14SI COMPR.pdf
4398,2186,14SI COSPI Etude de cas.pdf,ESG/2011/Régime technique/Division des professions de santé et des professions sociales - section de la formation de l'infirmier/14SI COSPI Etude de cas.pdf
4399,2186,14SI COSPI Liste de questions.pdf,ESG/2011/Régime technique/Division des professions de santé et des professions sociales - section de la formation de l'infirmier/14SI COSPI Liste de questions.pdf
4400,2186,14SI SCHUS.pdf,ESG/2011/Régime technique/Division des professions de santé et des professions sociales - section de la formation de l'infirmier/14SI SCHUS.pdf
4401,2186,14SI SCMED.pdf,ESG/2011/Régime technique/Division des professions de santé et des professions sociales - section de la formation de l'infirmier/14SI SCMED.pdf
2184,2181,Division des professions de santé et des professions sociales - section de l'assistant technique médical - laboratoire,ESG/2011/Régime technique/Division des professions de santé et des professions sociales - section de l'assistant technique médical - laboratoire
4411,2184,14SL CHIME I.pdf,ESG/2011/Régime technique/Division des professions de santé et des professions sociales - section de l'assistant technique médical - laboratoire/14SL CHIME I.pdf
4412,2184,14SL CHIME II.pdf,ESG/2011/Régime technique/Division des professions de santé et des professions sociales - section de l'assistant technique médical - laboratoire/14SL CHIME II.pdf
4413,2184,14SL CONPR.pdf,ESG/2011/Régime technique/Division des professions de santé et des professions sociales - section de l'assistant technique médical - laboratoire/14SL CONPR.pdf
4414,2184,14SL HEMAT I.pdf,ESG/2011/Régime technique/Division des professions de santé et des professions sociales - section de l'assistant technique médical - laboratoire/14SL HEMAT I.pdf
4415,2184,14SL HEMAT Ibis.pdf,ESG/2011/Régime technique/Division des professions de santé et des professions sociales - section de l'assistant technique médical - laboratoire/14SL HEMAT Ibis.pdf
4416,2184,14SL HEMAT II.pdf,ESG/2011/Régime technique/Division des professions de santé et des professions sociales - section de l'assistant technique médical - laboratoire/14SL HEMAT II.pdf
4417,2184,14SL MICBI I.pdf,ESG/2011/Régime technique/Division des professions de santé et des professions sociales - section de l'assistant technique médical - laboratoire/14SL MICBI I.pdf
4418,2184,14SL MICBI II.pdf,ESG/2011/Régime technique/Division des professions de santé et des professions sociales - section de l'assistant technique médical - laboratoire/14SL MICBI II.pdf
4419,2184,14SL SCHUS.pdf,ESG/2011/Régime technique/Division des professions de santé et des professions sociales - section de l'assistant technique médical - laboratoire/14SL SCHUS.pdf
2185,2181,Division des professions de santé et des professions sociales - section de l'assistant technique médical - radiologie,ESG/2011/Régime technique/Division des professions de santé et des professions sociales - section de l'assistant technique médical - radiologie
4402,2185,14SR CONPR.pdf,ESG/2011/Régime technique/Division des professions de santé et des professions sociales - section de l'assistant technique médical - radiologie/14SR CONPR.pdf
4403,2185,14SR COSPR I.pdf,ESG/2011/Régime technique/Division des professions de santé et des professions sociales - section de l'assistant technique médical - radiologie/14SR COSPR I.pdf
4404,2185,14SR COSPR II.pdf,ESG/2011/Régime technique/Division des professions de santé et des professions sociales - section de l'assistant technique médical - radiologie/14SR COSPR II.pdf
4405,2185,14SR COSPR III.pdf,ESG/2011/Régime technique/Division des professions de santé et des professions sociales - section de l'assistant technique médical - radiologie/14SR COSPR III.pdf
4406,2185,14SR IMMED I IRM.pdf,ESG/2011/Régime technique/Division des professions de santé et des professions sociales - section de l'assistant technique médical - radiologie/14SR IMMED I IRM.pdf
4407,2185,14SR IMMED I MNU.pdf,ESG/2011/Régime technique/Division des professions de santé et des professions sociales - section de l'assistant technique médical - radiologie/14SR IMMED I MNU.pdf
4408,2185,14SR IMMED I TDM.pdf,ESG/2011/Régime technique/Division des professions de santé et des professions sociales - section de l'assistant technique médical - radiologie/14SR IMMED I TDM.pdf
4409,2185,14SR IMMED II.pdf,ESG/2011/Régime technique/Division des professions de santé et des professions sociales - section de l'assistant technique médical - radiologie/14SR IMMED II.pdf
4410,2185,14SR SCHUS.pdf,ESG/2011/Régime technique/Division des professions de santé et des professions sociales - section de l'assistant technique médical - radiologie/14SR SCHUS.pdf
2187,2181,Division des professions de santé et des professions sociales - section des éducateurs,ESG/2011/Régime technique/Division des professions de santé et des professions sociales - section des éducateurs
4388,2187,14ED CONMO.pdf,ESG/2011/Régime technique/Division des professions de santé et des professions sociales - section des éducateurs/14ED CONMO.pdf
4389,2187,14ED EDSAN.pdf,ESG/2011/Régime technique/Division des professions de santé et des professions sociales - section des éducateurs/14ED EDSAN.pdf
4390,2187,14ED GERON.pdf,ESG/2011/Régime technique/Division des professions de santé et des professions sociales - section des éducateurs/14ED GERON.pdf
4391,2187,14ED LEDEO.pdf,ESG/2011/Régime technique/Division des professions de santé et des professions sociales - section des éducateurs/14ED LEDEO.pdf
4392,2187,14ED PEDME.pdf,ESG/2011/Régime technique/Division des professions de santé et des professions sociales - section des éducateurs/14ED PEDME.pdf
4393,2187,14ED PEDSO.pdf,ESG/2011/Régime technique/Division des professions de santé et des professions sociales - section des éducateurs/14ED PEDSO.pdf
4394,2187,14ED PEDSP.pdf,ESG/2011/Régime technique/Division des professions de santé et des professions sociales - section des éducateurs/14ED PEDSP.pdf
4395,2187,14ED PSYCHO.pdf,ESG/2011/Régime technique/Division des professions de santé et des professions sociales - section des éducateurs/14ED PSYCHO.pdf
4396,2187,14ED PSYPE.pdf,ESG/2011/Régime technique/Division des professions de santé et des professions sociales - section des éducateurs/14ED PSYPE.pdf
2189,2181,Division technique générale - section technique générale,ESG/2011/Régime technique/Division technique générale - section technique générale
4359,2189,ALLEMAND_GE_JUIN.pdf,ESG/2011/Régime technique/Division technique générale - section technique générale/ALLEMAND_GE_JUIN.pdf
4360,2189,ANGLAIS_GE_JUIN.pdf,ESG/2011/Régime technique/Division technique générale - section technique générale/ANGLAIS_GE_JUIN.pdf
4361,2189,CHIMIE_DE_GE_JUIN.pdf,ESG/2011/Régime technique/Division technique générale - section technique générale/CHIMIE_DE_GE_JUIN.pdf
4362,2189,CHIMIE_DE_REPECHAGE_GE_JUIN.pdf,ESG/2011/Régime technique/Division technique générale - section technique générale/CHIMIE_DE_REPECHAGE_GE_JUIN.pdf
4363,2189,CHIMIE_FR_GE_JUIN.pdf,ESG/2011/Régime technique/Division technique générale - section technique générale/CHIMIE_FR_GE_JUIN.pdf
4364,2189,"CONNAISSANCE_DU_MONDE_CONTEMPORAIN_CG,CC,GE,GI_JUIN.pdf","ESG/2011/Régime technique/Division technique générale - section technique générale/CONNAISSANCE_DU_MONDE_CONTEMPORAIN_CG,CC,GE,GI_JUIN.pdf"
4365,2189,"CONNAISSANCE_DU_MONDE_CONTEMPORAIN_REP_CG,CC,GE,GI_JUIN.pdf","ESG/2011/Régime technique/Division technique générale - section technique générale/CONNAISSANCE_DU_MONDE_CONTEMPORAIN_REP_CG,CC,GE,GI_JUIN.pdf"
4366,2189,ELECTROTECHNIQUE_DE_GE_JUIN.pdf,ESG/2011/Régime technique/Division technique générale - section technique générale/ELECTROTECHNIQUE_DE_GE_JUIN.pdf
4367,2189,ELECTROTECHNIQUE_FR_GE_JUIN.pdf,ESG/2011/Régime technique/Division technique générale - section technique générale/ELECTROTECHNIQUE_FR_GE_JUIN.pdf
4368,2189,FRANCAIS_GE_JUIN.pdf,ESG/2011/Régime technique/Division technique générale - section technique générale/FRANCAIS_GE_JUIN.pdf
4369,2189,INFORMATIQUE_(PRATIQUE)_GE_JUIN.pdf,ESG/2011/Régime technique/Division technique générale - section technique générale/INFORMATIQUE_(PRATIQUE)_GE_JUIN.pdf
4370,2189,INFORMATIQUE_(THEORIE)_GE_JUIN.pdf,ESG/2011/Régime technique/Division technique générale - section technique générale/INFORMATIQUE_(THEORIE)_GE_JUIN.pdf
4373,2189,MATHEMATIQUES_I_GE_JUIN.pdf,ESG/2011/Régime technique/Division technique générale - section technique générale/MATHEMATIQUES_I_GE_JUIN.pdf
4371,2189,MATHEMATIQUES_II_GE_JUIN.pdf,ESG/2011/Régime technique/Division technique générale - section technique générale/MATHEMATIQUES_II_GE_JUIN.pdf
4372,2189,MATHEMATIQUES_II_REP_GE_JUIN.pdf,ESG/2011/Régime technique/Division technique générale - section technique générale/MATHEMATIQUES_II_REP_GE_JUIN.pdf
4374,2189,MECANIQUE_DE_GE_JUIN bis.pdf,ESG/2011/Régime technique/Division technique générale - section technique générale/MECANIQUE_DE_GE_JUIN bis.pdf
4375,2189,MECANIQUE_DE_GE_JUIN.pdf,ESG/2011/Régime technique/Division technique générale - section technique générale/MECANIQUE_DE_GE_JUIN.pdf
4376,2189,MECANIQUE_FR_GE_JUIN.pdf,ESG/2011/Régime technique/Division technique générale - section technique générale/MECANIQUE_FR_GE_JUIN.pdf
4377,2189,PHYSIQUE_GE_JUIN.pdf,ESG/2011/Régime technique/Division technique générale - section technique générale/PHYSIQUE_GE_JUIN.pdf
4378,2189,PHYSIQUE_REP_GE_JUIN.pdf,ESG/2011/Régime technique/Division technique générale - section technique générale/PHYSIQUE_REP_GE_JUIN.pdf
4379,2189,TECHNOLOGIE_GE_JUIN.pdf,ESG/2011/Régime technique/Division technique générale - section technique générale/TECHNOLOGIE_GE_JUIN.pdf
2188,2181,Division technique générale - section technique générale informatique,ESG/2011/Régime technique/Division technique générale - section technique générale informatique
4380,2188,BASES_DE_DONNEES_GI_JUIN.pdf,ESG/2011/Régime technique/Division technique générale - section technique générale informatique/BASES_DE_DONNEES_GI_JUIN.pdf
4381,2188,BASES_DE_DONNEES_REPECHAGE_GI_JUIN.pdf,ESG/2011/Régime technique/Division technique générale - section technique générale informatique/BASES_DE_DONNEES_REPECHAGE_GI_JUIN.pdf
4382,2188,"CONNAISSANCE_DU_MONDE_CONTEMPORAIN_CG,CC,GE,GI_JUIN.pdf","ESG/2011/Régime technique/Division technique générale - section technique générale informatique/CONNAISSANCE_DU_MONDE_CONTEMPORAIN_CG,CC,GE,GI_JUIN.pdf"
4383,2188,"CONNAISSANCE_DU_MONDE_CONTEMPORAIN_REP_CG,CC,GE,GI_JUIN.pdf","ESG/2011/Régime technique/Division technique générale - section technique générale informatique/CONNAISSANCE_DU_MONDE_CONTEMPORAIN_REP_CG,CC,GE,GI_JUIN.pdf"
4384,2188,MATHEMATIQUES_II_GI_JUIN.pdf,ESG/2011/Régime technique/Division technique générale - section technique générale informatique/MATHEMATIQUES_II_GI_JUIN.pdf
4385,2188,PROGRAMMATION_GI_JUIN.pdf,ESG/2011/Régime technique/Division technique générale - section technique générale informatique/PROGRAMMATION_GI_JUIN.pdf
4386,2188,SCIENCES_NATURELLES_ET_TECHNOLOGIE_GI_JUIN.pdf,ESG/2011/Régime technique/Division technique générale - section technique générale informatique/SCIENCES_NATURELLES_ET_TECHNOLOGIE_GI_JUIN.pdf
4387,2188,TELEINFORMATIQUE_ET_RESEAUX_GI_JUIN.pdf,ESG/2011/Régime technique/Division technique générale - section technique générale informatique/TELEINFORMATIQUE_ET_RESEAUX_GI_JUIN.pdf
2190,2001,2012,ESG/2012
2191,2190,Régime de la formation de technicien,ESG/2012/Régime de la formation de technicien
2192,2191,13èm TDEAN,ESG/2012/Régime de la formation de technicien/13èm TDEAN
4357,2192,13TDEAN_Communication et Culture artistique_Juin 2012.pdf,ESG/2012/Régime de la formation de technicien/13èm TDEAN/13TDEAN_Communication et Culture artistique_Juin 2012.pdf
4358,2192,13TDEAN_Mathématiques Appliquées_Mai 2012.pdf,ESG/2012/Régime de la formation de technicien/13èm TDEAN/13TDEAN_Mathématiques Appliquées_Mai 2012.pdf
2193,2191,13ème MAUTO,ESG/2012/Régime de la formation de technicien/13ème MAUTO
4352,2193,13MAUTO_Châsie et Carrosserie_Juin 2012.pdf,ESG/2012/Régime de la formation de technicien/13ème MAUTO/13MAUTO_Châsie et Carrosserie_Juin 2012.pdf
4353,2193,13MAUTO_Epreuve intégrée théorie_Juin 2012.pdf,ESG/2012/Régime de la formation de technicien/13ème MAUTO/13MAUTO_Epreuve intégrée théorie_Juin 2012.pdf
4354,2193,13MAUTO_Equipements de confort et de sécurité_Juin 2012.pdf,ESG/2012/Régime de la formation de technicien/13ème MAUTO/13MAUTO_Equipements de confort et de sécurité_Juin 2012.pdf
4355,2193,13MAUTO_Systemes d'allumage et de préchauffage_Mai 2012.pdf,ESG/2012/Régime de la formation de technicien/13ème MAUTO/13MAUTO_Systemes d'allumage et de préchauffage_Mai 2012.pdf
4356,2193,13MAUTO_Systèmes e carburation et d'échappement_Juin 2012.pdf,ESG/2012/Régime de la formation de technicien/13ème MAUTO/13MAUTO_Systèmes e carburation et d'échappement_Juin 2012.pdf
2194,2191,13ème MGAN,ESG/2012/Régime de la formation de technicien/13ème MGAN
4346,2194,113MGAN_Communication technique_Juin 2012.pdf,ESG/2012/Régime de la formation de technicien/13ème MGAN/113MGAN_Communication technique_Juin 2012.pdf
4348,2194,13MGAN_Asservisements I_Juin 2012.pdf,ESG/2012/Régime de la formation de technicien/13ème MGAN/13MGAN_Asservisements I_Juin 2012.pdf
4347,2194,13MGAN_Asservisements II_Juin 2012.pdf,ESG/2012/Régime de la formation de technicien/13ème MGAN/13MGAN_Asservisements II_Juin 2012.pdf
4349,2194,13MGAN_Calcul et Mécanique_Juin 2012.pdf,ESG/2012/Régime de la formation de technicien/13ème MGAN/13MGAN_Calcul et Mécanique_Juin 2012.pdf
4351,2194,13MGAN_Technologie I_Juin 2012.pdf,ESG/2012/Régime de la formation de technicien/13ème MGAN/13MGAN_Technologie I_Juin 2012.pdf
4350,2194,13MGAN_Technologie II_Juin 2012.pdf,ESG/2012/Régime de la formation de technicien/13ème MGAN/13MGAN_Technologie II_Juin 2012.pdf
2195,2191,13ème TAUAN,ESG/2012/Régime de la formation de technicien/13ème TAUAN
4344,2195,13TAUAN_Communication et Culture artistique_Juin 2012.pdf,ESG/2012/Régime de la formation de technicien/13ème TAUAN/13TAUAN_Communication et Culture artistique_Juin 2012.pdf
4345,2195,13TAUAN_Mathématiques Appliquées_Mai 2012.pdf,ESG/2012/Régime de la formation de technicien/13ème TAUAN/13TAUAN_Mathématiques Appliquées_Mai 2012.pdf
2196,2191,13ème TCHAN,ESG/2012/Régime de la formation de technicien/13ème TCHAN
4337,2196,13TCHAN_Biochimie et Biotechnologie_Mai 2012.pdf,ESG/2012/Régime de la formation de technicien/13ème TCHAN/13TCHAN_Biochimie et Biotechnologie_Mai 2012.pdf
4338,2196,13TCHAN_Chimie minérale_Juin 2012.pdf,ESG/2012/Régime de la formation de technicien/13ème TCHAN/13TCHAN_Chimie minérale_Juin 2012.pdf
4339,2196,13TCHAN_Chimie organique_Juin 2012.pdf,ESG/2012/Régime de la formation de technicien/13ème TCHAN/13TCHAN_Chimie organique_Juin 2012.pdf
4340,2196,13TCHAN_Chimie physique_Juin 2012.pdf,ESG/2012/Régime de la formation de technicien/13ème TCHAN/13TCHAN_Chimie physique_Juin 2012.pdf
4341,2196,13TCHAN_Informatique_Mai 2012.pdf,ESG/2012/Régime de la formation de technicien/13ème TCHAN/13TCHAN_Informatique_Mai 2012.pdf
4342,2196,13TCHAN_Méthodes d'analyse physico-chimiques_Juin 2012.pdf,ESG/2012/Régime de la formation de technicien/13ème TCHAN/13TCHAN_Méthodes d'analyse physico-chimiques_Juin 2012.pdf
4343,2196,13TCHAN_Physique_Mai 2012.pdf,ESG/2012/Régime de la formation de technicien/13ème TCHAN/13TCHAN_Physique_Mai 2012.pdf
2197,2191,13ème TCM,ESG/2012/Régime de la formation de technicien/13ème TCM
4327,2197,ALLEM AL.pdf,ESG/2012/Régime de la formation de technicien/13ème TCM/ALLEM AL.pdf
4328,2197,ALLEM FR.pdf,ESG/2012/Régime de la formation de technicien/13ème TCM/ALLEM FR.pdf
4329,2197,ALLEM.pdf,ESG/2012/Régime de la formation de technicien/13ème TCM/ALLEM.pdf
4330,2197,ANGLA.pdf,ESG/2012/Régime de la formation de technicien/13ème TCM/ANGLA.pdf
4331,2197,COMGE.pdf,ESG/2012/Régime de la formation de technicien/13ème TCM/COMGE.pdf
4332,2197,COPOR.pdf,ESG/2012/Régime de la formation de technicien/13ème TCM/COPOR.pdf
4333,2197,ECOPO.pdf,ESG/2012/Régime de la formation de technicien/13ème TCM/ECOPO.pdf
4334,2197,EDUCS.pdf,ESG/2012/Régime de la formation de technicien/13ème TCM/EDUCS.pdf
4335,2197,FRANC.pdf,ESG/2012/Régime de la formation de technicien/13ème TCM/FRANC.pdf
4336,2197,GESEN.pdf,ESG/2012/Régime de la formation de technicien/13ème TCM/GESEN.pdf
2198,2191,13ème TECAN,ESG/2012/Régime de la formation de technicien/13ème TECAN
4319,2198,13TECAN_FR_Techniques audio-vidéo_Mai 2012.pdf,ESG/2012/Régime de la formation de technicien/13ème TECAN/13TECAN_FR_Techniques audio-vidéo_Mai 2012.pdf
4321,2198,13TECAN_FR_Télécommunictions_Mai 2012.pdf,ESG/2012/Régime de la formation de technicien/13ème TECAN/13TECAN_FR_Télécommunictions_Mai 2012.pdf
4320,2198,13TECAN_FR_Transmissions_Juin 2012.pdf,ESG/2012/Régime de la formation de technicien/13ème TECAN/13TECAN_FR_Transmissions_Juin 2012.pdf
4322,2198,13TECAN_Informatique appliquée_Mai 2012.pdf,ESG/2012/Régime de la formation de technicien/13ème TECAN/13TECAN_Informatique appliquée_Mai 2012.pdf
4323,2198,13TECAN_Microélctronique_Juin 2012.pdf,ESG/2012/Régime de la formation de technicien/13ème TECAN/13TECAN_Microélctronique_Juin 2012.pdf
4324,2198,13TECAN_Techniques audio-vidéo_Mai 2012.pdf,ESG/2012/Régime de la formation de technicien/13ème TECAN/13TECAN_Techniques audio-vidéo_Mai 2012.pdf
4326,2198,13TECAN_Télécommunications_Mai 2012.pdf,ESG/2012/Régime de la formation de technicien/13ème TECAN/13TECAN_Télécommunications_Mai 2012.pdf
4325,2198,13TECAN_Trnmision_Juin 2012.pdf,ESG/2012/Régime de la formation de technicien/13ème TECAN/13TECAN_Trnmision_Juin 2012.pdf
2199,2191,13ème Techniciens,ESG/2012/Régime de la formation de technicien/13ème Techniciens
2200,2199,13èm TDEAN,ESG/2012/Régime de la formation de technicien/13ème Techniciens/13èm TDEAN
4317,2200,13TDEAN_Communication et Culture artistique_Juin 2012.pdf,ESG/2012/Régime de la formation de technicien/13ème Techniciens/13èm TDEAN/13TDEAN_Communication et Culture artistique_Juin 2012.pdf
4318,2200,13TDEAN_Mathématiques Appliquées_Mai 2012.pdf,ESG/2012/Régime de la formation de technicien/13ème Techniciens/13èm TDEAN/13TDEAN_Mathématiques Appliquées_Mai 2012.pdf
2201,2199,13ème MAUTO,ESG/2012/Régime de la formation de technicien/13ème Techniciens/13ème MAUTO
4312,2201,13MAUTO_Châsie et Carrosserie_Juin 2012.pdf,ESG/2012/Régime de la formation de technicien/13ème Techniciens/13ème MAUTO/13MAUTO_Châsie et Carrosserie_Juin 2012.pdf
4313,2201,13MAUTO_Epreuve intégrée théorie_Juin 2012.pdf,ESG/2012/Régime de la formation de technicien/13ème Techniciens/13ème MAUTO/13MAUTO_Epreuve intégrée théorie_Juin 2012.pdf
4314,2201,13MAUTO_Equipements de confort et de sécurité_Juin 2012.pdf,ESG/2012/Régime de la formation de technicien/13ème Techniciens/13ème MAUTO/13MAUTO_Equipements de confort et de sécurité_Juin 2012.pdf
4315,2201,13MAUTO_Systemes d'allumage et de préchauffage_Mai 2012.pdf,ESG/2012/Régime de la formation de technicien/13ème Techniciens/13ème MAUTO/13MAUTO_Systemes d'allumage et de préchauffage_Mai 2012.pdf
4316,2201,13MAUTO_Systèmes e carburation et d'échappement_Juin 2012.pdf,ESG/2012/Régime de la formation de technicien/13ème Techniciens/13ème MAUTO/13MAUTO_Systèmes e carburation et d'échappement_Juin 2012.pdf
2202,2199,13ème MGAN,ESG/2012/Régime de la formation de technicien/13ème Techniciens/13ème MGAN
4306,2202,113MGAN_Communication technique_Juin 2012.pdf,ESG/2012/Régime de la formation de technicien/13ème Techniciens/13ème MGAN/113MGAN_Communication technique_Juin 2012.pdf
4308,2202,13MGAN_Asservisements I_Juin 2012.pdf,ESG/2012/Régime de la formation de technicien/13ème Techniciens/13ème MGAN/13MGAN_Asservisements I_Juin 2012.pdf
4307,2202,13MGAN_Asservisements II_Juin 2012.pdf,ESG/2012/Régime de la formation de technicien/13ème Techniciens/13ème MGAN/13MGAN_Asservisements II_Juin 2012.pdf
4309,2202,13MGAN_Calcul et Mécanique_Juin 2012.pdf,ESG/2012/Régime de la formation de technicien/13ème Techniciens/13ème MGAN/13MGAN_Calcul et Mécanique_Juin 2012.pdf
4311,2202,13MGAN_Technologie I_Juin 2012.pdf,ESG/2012/Régime de la formation de technicien/13ème Techniciens/13ème MGAN/13MGAN_Technologie I_Juin 2012.pdf
4310,2202,13MGAN_Technologie II_Juin 2012.pdf,ESG/2012/Régime de la formation de technicien/13ème Techniciens/13ème MGAN/13MGAN_Technologie II_Juin 2012.pdf
2203,2199,13ème TAUAN,ESG/2012/Régime de la formation de technicien/13ème Techniciens/13ème TAUAN
4304,2203,13TAUAN_Communication et Culture artistique_Juin 2012.pdf,ESG/2012/Régime de la formation de technicien/13ème Techniciens/13ème TAUAN/13TAUAN_Communication et Culture artistique_Juin 2012.pdf
4305,2203,13TAUAN_Mathématiques Appliquées_Mai 2012.pdf,ESG/2012/Régime de la formation de technicien/13ème Techniciens/13ème TAUAN/13TAUAN_Mathématiques Appliquées_Mai 2012.pdf
2204,2199,13ème TCHAN,ESG/2012/Régime de la formation de technicien/13ème Techniciens/13ème TCHAN
4297,2204,13TCHAN_Biochimie et Biotechnologie_Mai 2012.pdf,ESG/2012/Régime de la formation de technicien/13ème Techniciens/13ème TCHAN/13TCHAN_Biochimie et Biotechnologie_Mai 2012.pdf
4298,2204,13TCHAN_Chimie minérale_Juin 2012.pdf,ESG/2012/Régime de la formation de technicien/13ème Techniciens/13ème TCHAN/13TCHAN_Chimie minérale_Juin 2012.pdf
4299,2204,13TCHAN_Chimie organique_Juin 2012.pdf,ESG/2012/Régime de la formation de technicien/13ème Techniciens/13ème TCHAN/13TCHAN_Chimie organique_Juin 2012.pdf
4300,2204,13TCHAN_Chimie physique_Juin 2012.pdf,ESG/2012/Régime de la formation de technicien/13ème Techniciens/13ème TCHAN/13TCHAN_Chimie physique_Juin 2012.pdf
4301,2204,13TCHAN_Informatique_Mai 2012.pdf,ESG/2012/Régime de la formation de technicien/13ème Techniciens/13ème TCHAN/13TCHAN_Informatique_Mai 2012.pdf
4302,2204,13TCHAN_Méthodes d'analyse physico-chimiques_Juin 2012.pdf,ESG/2012/Régime de la formation de technicien/13ème Techniciens/13ème TCHAN/13TCHAN_Méthodes d'analyse physico-chimiques_Juin 2012.pdf
4303,2204,13TCHAN_Physique_Mai 2012.pdf,ESG/2012/Régime de la formation de technicien/13ème Techniciens/13ème TCHAN/13TCHAN_Physique_Mai 2012.pdf
2205,2199,13ème TCM,ESG/2012/Régime de la formation de technicien/13ème Techniciens/13ème TCM
4287,2205,ALLEM AL.pdf,ESG/2012/Régime de la formation de technicien/13ème Techniciens/13ème TCM/ALLEM AL.pdf
4288,2205,ALLEM FR.pdf,ESG/2012/Régime de la formation de technicien/13ème Techniciens/13ème TCM/ALLEM FR.pdf
4289,2205,ALLEM.pdf,ESG/2012/Régime de la formation de technicien/13ème Techniciens/13ème TCM/ALLEM.pdf
4290,2205,ANGLA.pdf,ESG/2012/Régime de la formation de technicien/13ème Techniciens/13ème TCM/ANGLA.pdf
4291,2205,COMGE.pdf,ESG/2012/Régime de la formation de technicien/13ème Techniciens/13ème TCM/COMGE.pdf
4292,2205,COPOR.pdf,ESG/2012/Régime de la formation de technicien/13ème Techniciens/13ème TCM/COPOR.pdf
4293,2205,ECOPO.pdf,ESG/2012/Régime de la formation de technicien/13ème Techniciens/13ème TCM/ECOPO.pdf
4294,2205,EDUCS.pdf,ESG/2012/Régime de la formation de technicien/13ème Techniciens/13ème TCM/EDUCS.pdf
4295,2205,FRANC.pdf,ESG/2012/Régime de la formation de technicien/13ème Techniciens/13ème TCM/FRANC.pdf
4296,2205,GESEN.pdf,ESG/2012/Régime de la formation de technicien/13ème Techniciens/13ème TCM/GESEN.pdf
2206,2199,13ème TECAN,ESG/2012/Régime de la formation de technicien/13ème Techniciens/13ème TECAN
4279,2206,13TECAN_FR_Techniques audio-vidéo_Mai 2012.pdf,ESG/2012/Régime de la formation de technicien/13ème Techniciens/13ème TECAN/13TECAN_FR_Techniques audio-vidéo_Mai 2012.pdf
4281,2206,13TECAN_FR_Télécommunictions_Mai 2012.pdf,ESG/2012/Régime de la formation de technicien/13ème Techniciens/13ème TECAN/13TECAN_FR_Télécommunictions_Mai 2012.pdf
4280,2206,13TECAN_FR_Transmissions_Juin 2012.pdf,ESG/2012/Régime de la formation de technicien/13ème Techniciens/13ème TECAN/13TECAN_FR_Transmissions_Juin 2012.pdf
4282,2206,13TECAN_Informatique appliquée_Mai 2012.pdf,ESG/2012/Régime de la formation de technicien/13ème Techniciens/13ème TECAN/13TECAN_Informatique appliquée_Mai 2012.pdf
4283,2206,13TECAN_Microélctronique_Juin 2012.pdf,ESG/2012/Régime de la formation de technicien/13ème Techniciens/13ème TECAN/13TECAN_Microélctronique_Juin 2012.pdf
4284,2206,13TECAN_Techniques audio-vidéo_Mai 2012.pdf,ESG/2012/Régime de la formation de technicien/13ème Techniciens/13ème TECAN/13TECAN_Techniques audio-vidéo_Mai 2012.pdf
4286,2206,13TECAN_Télécommunications_Mai 2012.pdf,ESG/2012/Régime de la formation de technicien/13ème Techniciens/13ème TECAN/13TECAN_Télécommunications_Mai 2012.pdf
4285,2206,13TECAN_Trnmision_Juin 2012.pdf,ESG/2012/Régime de la formation de technicien/13ème Techniciens/13ème TECAN/13TECAN_Trnmision_Juin 2012.pdf
2207,2199,13ème TEE,ESG/2012/Régime de la formation de technicien/13ème Techniciens/13ème TEE
4274,2207,13TEE_Assvisements_Juin 2012.pdf,ESG/2012/Régime de la formation de technicien/13ème Techniciens/13ème TEE/13TEE_Assvisements_Juin 2012.pdf
4275,2207,13TEE_Automatisation_juin 2012.pdf,ESG/2012/Régime de la formation de technicien/13ème Techniciens/13ème TEE/13TEE_Automatisation_juin 2012.pdf
4276,2207,13TEE_Electrotechnique_Juin 2012.pdf,ESG/2012/Régime de la formation de technicien/13ème Techniciens/13ème TEE/13TEE_Electrotechnique_Juin 2012.pdf
4277,2207,13TEE_Machines Electriques_Juin 2012.pdf,ESG/2012/Régime de la formation de technicien/13ème Techniciens/13ème TEE/13TEE_Machines Electriques_Juin 2012.pdf
4278,2207,13TEE_Techniques d'Entraînement_Juin 2012.pdf,ESG/2012/Régime de la formation de technicien/13ème Techniciens/13ème TEE/13TEE_Techniques d'Entraînement_Juin 2012.pdf
2208,2199,13ème TIF,ESG/2012/Régime de la formation de technicien/13ème Techniciens/13ème TIF
4271,2208,13TIF_Architecture des ordinateurs_Juin 2012.pdf,ESG/2012/Régime de la formation de technicien/13ème Techniciens/13ème TIF/13TIF_Architecture des ordinateurs_Juin 2012.pdf
4272,2208,13TIF_Informatique industrielle_Mai 2012.pdf,ESG/2012/Régime de la formation de technicien/13ème Techniciens/13ème TIF/13TIF_Informatique industrielle_Mai 2012.pdf
4273,2208,13TIF_Informtique Générale_Mai 2012.pdf,ESG/2012/Régime de la formation de technicien/13ème Techniciens/13ème TIF/13TIF_Informtique Générale_Mai 2012.pdf
4267,2208,13TIFAN_Informatique appliquée_Juin 2012.pdf,ESG/2012/Régime de la formation de technicien/13ème Techniciens/13ème TIF/13TIFAN_Informatique appliquée_Juin 2012.pdf
4268,2208,13TIFAN_Systèmes d'eploitation_Juin 2012.pdf,ESG/2012/Régime de la formation de technicien/13ème Techniciens/13ème TIF/13TIFAN_Systèmes d'eploitation_Juin 2012.pdf
4269,2208,13TIFAN_techniques multimediaMai 2012.pdf,ESG/2012/Régime de la formation de technicien/13ème Techniciens/13ème TIF/13TIFAN_techniques multimediaMai 2012.pdf
4270,2208,13TIFAN_Téléinformatique et Réseaux_Juin 2012.pdf,ESG/2012/Régime de la formation de technicien/13ème Techniciens/13ème TIF/13TIFAN_Téléinformatique et Réseaux_Juin 2012.pdf
2209,2199,13ème TMAAN,ESG/2012/Régime de la formation de technicien/13ème Techniciens/13ème TMAAN
4266,2209,13TMAAN_Transmissions_Mai 2012.pdf,ESG/2012/Régime de la formation de technicien/13ème Techniciens/13ème TMAAN/13TMAAN_Transmissions_Mai 2012.pdf
2210,2199,13ème TSAAN,ESG/2012/Régime de la formation de technicien/13ème Techniciens/13ème TSAAN
4264,2210,13TSAAN_Communication et Culture artistique_Juin 2012.pdf,ESG/2012/Régime de la formation de technicien/13ème Techniciens/13ème TSAAN/13TSAAN_Communication et Culture artistique_Juin 2012.pdf
4265,2210,13TSAAN_Mathématiques Appliquées_Mai 2012.pdf,ESG/2012/Régime de la formation de technicien/13ème Techniciens/13ème TSAAN/13TSAAN_Mathématiques Appliquées_Mai 2012.pdf
2211,2199,13ème TSGAN,ESG/2012/Régime de la formation de technicien/13ème Techniciens/13ème TSGAN
4262,2211,13TSGAN_Communication et Culture artistique_Juin 2012.pdf,ESG/2012/Régime de la formation de technicien/13ème Techniciens/13ème TSGAN/13TSGAN_Communication et Culture artistique_Juin 2012.pdf
4263,2211,13TSGAN_Mathématiques Appliquées_Mai 2012.pdf,ESG/2012/Régime de la formation de technicien/13ème Techniciens/13ème TSGAN/13TSGAN_Mathématiques Appliquées_Mai 2012.pdf
2212,2191,13ème TEE,ESG/2012/Régime de la formation de technicien/13ème TEE
4257,2212,13TEE_Assvisements_Juin 2012.pdf,ESG/2012/Régime de la formation de technicien/13ème TEE/13TEE_Assvisements_Juin 2012.pdf
4258,2212,13TEE_Automatisation_juin 2012.pdf,ESG/2012/Régime de la formation de technicien/13ème TEE/13TEE_Automatisation_juin 2012.pdf
4259,2212,13TEE_Electrotechnique_Juin 2012.pdf,ESG/2012/Régime de la formation de technicien/13ème TEE/13TEE_Electrotechnique_Juin 2012.pdf
4260,2212,13TEE_Machines Electriques_Juin 2012.pdf,ESG/2012/Régime de la formation de technicien/13ème TEE/13TEE_Machines Electriques_Juin 2012.pdf
4261,2212,13TEE_Techniques d'Entraînement_Juin 2012.pdf,ESG/2012/Régime de la formation de technicien/13ème TEE/13TEE_Techniques d'Entraînement_Juin 2012.pdf
2213,2191,13ème TIF,ESG/2012/Régime de la formation de technicien/13ème TIF
4254,2213,13TIF_Architecture des ordinateurs_Juin 2012.pdf,ESG/2012/Régime de la formation de technicien/13ème TIF/13TIF_Architecture des ordinateurs_Juin 2012.pdf
4255,2213,13TIF_Informatique industrielle_Mai 2012.pdf,ESG/2012/Régime de la formation de technicien/13ème TIF/13TIF_Informatique industrielle_Mai 2012.pdf
4256,2213,13TIF_Informtique Générale_Mai 2012.pdf,ESG/2012/Régime de la formation de technicien/13ème TIF/13TIF_Informtique Générale_Mai 2012.pdf
4250,2213,13TIFAN_Informatique appliquée_Juin 2012.pdf,ESG/2012/Régime de la formation de technicien/13ème TIF/13TIFAN_Informatique appliquée_Juin 2012.pdf
4251,2213,13TIFAN_Systèmes d'eploitation_Juin 2012.pdf,ESG/2012/Régime de la formation de technicien/13ème TIF/13TIFAN_Systèmes d'eploitation_Juin 2012.pdf
4252,2213,13TIFAN_techniques multimediaMai 2012.pdf,ESG/2012/Régime de la formation de technicien/13ème TIF/13TIFAN_techniques multimediaMai 2012.pdf
4253,2213,13TIFAN_Téléinformatique et Réseaux_Juin 2012.pdf,ESG/2012/Régime de la formation de technicien/13ème TIF/13TIFAN_Téléinformatique et Réseaux_Juin 2012.pdf
2214,2191,13ème TMAAN,ESG/2012/Régime de la formation de technicien/13ème TMAAN
4249,2214,13TMAAN_Transmissions_Mai 2012.pdf,ESG/2012/Régime de la formation de technicien/13ème TMAAN/13TMAAN_Transmissions_Mai 2012.pdf
2215,2191,13ème TSAAN,ESG/2012/Régime de la formation de technicien/13ème TSAAN
4247,2215,13TSAAN_Communication et Culture artistique_Juin 2012.pdf,ESG/2012/Régime de la formation de technicien/13ème TSAAN/13TSAAN_Communication et Culture artistique_Juin 2012.pdf
4248,2215,13TSAAN_Mathématiques Appliquées_Mai 2012.pdf,ESG/2012/Régime de la formation de technicien/13ème TSAAN/13TSAAN_Mathématiques Appliquées_Mai 2012.pdf
2216,2191,13ème TSGAN,ESG/2012/Régime de la formation de technicien/13ème TSGAN
4245,2216,13TSGAN_Communication et Culture artistique_Juin 2012.pdf,ESG/2012/Régime de la formation de technicien/13ème TSGAN/13TSGAN_Communication et Culture artistique_Juin 2012.pdf
4246,2216,13TSGAN_Mathématiques Appliquées_Mai 2012.pdf,ESG/2012/Régime de la formation de technicien/13ème TSGAN/13TSGAN_Mathématiques Appliquées_Mai 2012.pdf
2217,2191,Branches communes,ESG/2012/Régime de la formation de technicien/Branches communes
4238,2217,ALLEM_E_1_2012_BC.pdf,ESG/2012/Régime de la formation de technicien/Branches communes/ALLEM_E_1_2012_BC.pdf
4239,2217,ALLEM_O_1_2012_BC.pdf,ESG/2012/Régime de la formation de technicien/Branches communes/ALLEM_O_1_2012_BC.pdf
4240,2217,ANGLA_E_1_2012_BC.pdf,ESG/2012/Régime de la formation de technicien/Branches communes/ANGLA_E_1_2012_BC.pdf
4241,2217,ANGLA_O_1_2012_BC.pdf,ESG/2012/Régime de la formation de technicien/Branches communes/ANGLA_O_1_2012_BC.pdf
4242,2217,FRANC_E_1_2012_BC.pdf,ESG/2012/Régime de la formation de technicien/Branches communes/FRANC_E_1_2012_BC.pdf
4243,2217,FRANC_O_1_2012_BC.pdf,ESG/2012/Régime de la formation de technicien/Branches communes/FRANC_O_1_2012_BC.pdf
4244,2217,MATHE_E_1_2012_BC.pdf,ESG/2012/Régime de la formation de technicien/Branches communes/MATHE_E_1_2012_BC.pdf
2218,2191,Division agricole,ESG/2012/Régime de la formation de technicien/Division agricole
2219,2218,Branches communes,ESG/2012/Régime de la formation de technicien/Division agricole/Branches communes
4235,2219,CHIMI_E_1_2012_TAG_TEN_THR.pdf,ESG/2012/Régime de la formation de technicien/Division agricole/Branches communes/CHIMI_E_1_2012_TAG_TEN_THR.pdf
4236,2219,MATHE_E_1_2012_TAG_TEN_THR.pdf,ESG/2012/Régime de la formation de technicien/Division agricole/Branches communes/MATHE_E_1_2012_TAG_TEN_THR.pdf
4237,2219,PHYSI_E_1_2012_TAG_TEN_THR.pdf,ESG/2012/Régime de la formation de technicien/Division agricole/Branches communes/PHYSI_E_1_2012_TAG_TEN_THR.pdf
10424,2219,Thumbs.db,ESG/2012/Régime de la formation de technicien/Division agricole/Branches communes/Thumbs.db
2220,2218,Section agricole (TAG),ESG/2012/Régime de la formation de technicien/Division agricole/Section agricole (TAG)
4227,2220,ACTAG_E_1_2012_TAG.pdf,ESG/2012/Régime de la formation de technicien/Division agricole/Section agricole (TAG)/ACTAG_E_1_2012_TAG.pdf
4228,2220,AGRON_E_1_2012_TAG.pdf,ESG/2012/Régime de la formation de technicien/Division agricole/Section agricole (TAG)/AGRON_E_1_2012_TAG.pdf
4229,2220,AGRON_P_1_2012_TAG.pdf,ESG/2012/Régime de la formation de technicien/Division agricole/Section agricole (TAG)/AGRON_P_1_2012_TAG.pdf
4230,2220,ECORU1_E_1_2012_TAG.pdf,ESG/2012/Régime de la formation de technicien/Division agricole/Section agricole (TAG)/ECORU1_E_1_2012_TAG.pdf
4231,2220,ECORU2_E_1_2012_TAG.pdf,ESG/2012/Régime de la formation de technicien/Division agricole/Section agricole (TAG)/ECORU2_E_1_2012_TAG.pdf
10423,2220,Thumbs.db,ESG/2012/Régime de la formation de technicien/Division agricole/Section agricole (TAG)/Thumbs.db
4234,2220,ZOOTE_P_1_2012_TAG.pdf,ESG/2012/Régime de la formation de technicien/Division agricole/Section agricole (TAG)/ZOOTE_P_1_2012_TAG.pdf
4232,2220,ZOOTE1_E_1_2012_TAG.pdf,ESG/2012/Régime de la formation de technicien/Division agricole/Section agricole (TAG)/ZOOTE1_E_1_2012_TAG.pdf
4233,2220,ZOOTE2_E_1_2012_TAG.pdf,ESG/2012/Régime de la formation de technicien/Division agricole/Section agricole (TAG)/ZOOTE2_E_1_2012_TAG.pdf
2221,2218,Section environnement naturel (TEN),ESG/2012/Régime de la formation de technicien/Division agricole/Section environnement naturel (TEN)
4216,2221,ECOLF1_E_1_2012_TEN.pdf,ESG/2012/Régime de la formation de technicien/Division agricole/Section environnement naturel (TEN)/ECOLF1_E_1_2012_TEN.pdf
4217,2221,ECOLF2_E_1_2012_TEN.pdf,ESG/2012/Régime de la formation de technicien/Division agricole/Section environnement naturel (TEN)/ECOLF2_E_1_2012_TEN.pdf
4218,2221,ETENV1_E_1_2012_TEN.pdf,ESG/2012/Régime de la formation de technicien/Division agricole/Section environnement naturel (TEN)/ETENV1_E_1_2012_TEN.pdf
4219,2221,ETENV2_E_1_2012_TEN.pdf,ESG/2012/Régime de la formation de technicien/Division agricole/Section environnement naturel (TEN)/ETENV2_E_1_2012_TEN.pdf
4220,2221,ETFOR1_E_1_2012_TEN.pdf,ESG/2012/Régime de la formation de technicien/Division agricole/Section environnement naturel (TEN)/ETFOR1_E_1_2012_TEN.pdf
4221,2221,ETFOR2_E_1_2012_TEN.pdf,ESG/2012/Régime de la formation de technicien/Division agricole/Section environnement naturel (TEN)/ETFOR2_E_1_2012_TEN.pdf
4222,2221,MECAN_E_1_2012_TEN.pdf,ESG/2012/Régime de la formation de technicien/Division agricole/Section environnement naturel (TEN)/MECAN_E_1_2012_TEN.pdf
4223,2221,MECAN_P_1_2012_TEN.pdf,ESG/2012/Régime de la formation de technicien/Division agricole/Section environnement naturel (TEN)/MECAN_P_1_2012_TEN.pdf
10422,2221,Thumbs.db,ESG/2012/Régime de la formation de technicien/Division agricole/Section environnement naturel (TEN)/Thumbs.db
4224,2221,TPFOE1_P_1_2012_TEN.pdf,ESG/2012/Régime de la formation de technicien/Division agricole/Section environnement naturel (TEN)/TPFOE1_P_1_2012_TEN.pdf
4225,2221,TPFOE2_P_1_2012_TEN.pdf,ESG/2012/Régime de la formation de technicien/Division agricole/Section environnement naturel (TEN)/TPFOE2_P_1_2012_TEN.pdf
4226,2221,TPFOE3_P_1_2012_TEN.pdf,ESG/2012/Régime de la formation de technicien/Division agricole/Section environnement naturel (TEN)/TPFOE3_P_1_2012_TEN.pdf
2222,2218,Section horticole (THR),ESG/2012/Régime de la formation de technicien/Division agricole/Section horticole (THR)
4209,2222,ATPRH_P_1_2012_THR.pdf,ESG/2012/Régime de la formation de technicien/Division agricole/Section horticole (THR)/ATPRH_P_1_2012_THR.pdf
4210,2222,ATPSE1_P_1_2012_THR.pdf,ESG/2012/Régime de la formation de technicien/Division agricole/Section horticole (THR)/ATPSE1_P_1_2012_THR.pdf
4211,2222,ATPSE2_P_1_2012_THR.pdf,ESG/2012/Régime de la formation de technicien/Division agricole/Section horticole (THR)/ATPSE2_P_1_2012_THR.pdf
4212,2222,ECOGE1_E_1_2012_THR.pdf,ESG/2012/Régime de la formation de technicien/Division agricole/Section horticole (THR)/ECOGE1_E_1_2012_THR.pdf
4213,2222,ECOGE2_E_1_2012_THR.pdf,ESG/2012/Régime de la formation de technicien/Division agricole/Section horticole (THR)/ECOGE2_E_1_2012_THR.pdf
4214,2222,STHOR1_E_1_2012_THR.pdf,ESG/2012/Régime de la formation de technicien/Division agricole/Section horticole (THR)/STHOR1_E_1_2012_THR.pdf
4215,2222,STHOR2_E_1_2012_THR.pdf,ESG/2012/Régime de la formation de technicien/Division agricole/Section horticole (THR)/STHOR2_E_1_2012_THR.pdf
10421,2222,Thumbs.db,ESG/2012/Régime de la formation de technicien/Division agricole/Section horticole (THR)/Thumbs.db
2223,2191,Division génie civil,ESG/2012/Régime de la formation de technicien/Division génie civil
2224,2223,Section Batiment (TBA),ESG/2012/Régime de la formation de technicien/Division génie civil/Section Batiment (TBA)
4207,2224,ARCHI_E_1_2012_TBA.pdf,ESG/2012/Régime de la formation de technicien/Division génie civil/Section Batiment (TBA)/ARCHI_E_1_2012_TBA.pdf
4208,2224,CONBA_E_1_2012_TBA.pdf,ESG/2012/Régime de la formation de technicien/Division génie civil/Section Batiment (TBA)/CONBA_E_1_2012_TBA.pdf
10420,2224,Thumbs.db,ESG/2012/Régime de la formation de technicien/Division génie civil/Section Batiment (TBA)/Thumbs.db
2225,2223,Section Constructions civiles (TCC),ESG/2012/Régime de la formation de technicien/Division génie civil/Section Constructions civiles (TCC)
4206,2225,STAAP_E_1_2012_TCC.pdf,ESG/2012/Régime de la formation de technicien/Division génie civil/Section Constructions civiles (TCC)/STAAP_E_1_2012_TCC.pdf
2226,2223,Section Travaux publics (TTP),ESG/2012/Régime de la formation de technicien/Division génie civil/Section Travaux publics (TTP)
4205,2226,CONTP_E_1_2012_TTP.pdf,ESG/2012/Régime de la formation de technicien/Division génie civil/Section Travaux publics (TTP)/CONTP_E_1_2012_TTP.pdf
2227,2223,Sections TBA-TTP-TCC,ESG/2012/Régime de la formation de technicien/Division génie civil/Sections TBA-TTP-TCC
4198,2227,CHIAP1_E_1_2012_TBA_TCC_TTP.pdf,ESG/2012/Régime de la formation de technicien/Division génie civil/Sections TBA-TTP-TCC/CHIAP1_E_1_2012_TBA_TCC_TTP.pdf
4199,2227,CHIAP2_E_1_2012_TBA_TCC_TTP.pdf,ESG/2012/Régime de la formation de technicien/Division génie civil/Sections TBA-TTP-TCC/CHIAP2_E_1_2012_TBA_TCC_TTP.pdf
4200,2227,LAMAC_E_1_2012_TBA_TCC_TTP.pdf,ESG/2012/Régime de la formation de technicien/Division génie civil/Sections TBA-TTP-TCC/LAMAC_E_1_2012_TBA_TCC_TTP.pdf
4201,2227,LAMAC_O_1_2012_TBA_TCC_TTP.pdf,ESG/2012/Régime de la formation de technicien/Division génie civil/Sections TBA-TTP-TCC/LAMAC_O_1_2012_TBA_TCC_TTP.pdf
10419,2227,Thumbs.db,ESG/2012/Régime de la formation de technicien/Division génie civil/Sections TBA-TTP-TCC/Thumbs.db
4202,2227,TOPOG_E_1_2012_TBA_TCC_TTP.pdf,ESG/2012/Régime de la formation de technicien/Division génie civil/Sections TBA-TTP-TCC/TOPOG_E_1_2012_TBA_TCC_TTP.pdf
4203,2227,TOPOG_P_1_2012_TBA_TCC_TTP.pdf,ESG/2012/Régime de la formation de technicien/Division génie civil/Sections TBA-TTP-TCC/TOPOG_P_1_2012_TBA_TCC_TTP.pdf
4204,2227,URBAN_E_1_2012_TBA_TCC_TTP.pdf,ESG/2012/Régime de la formation de technicien/Division génie civil/Sections TBA-TTP-TCC/URBAN_E_1_2012_TBA_TCC_TTP.pdf
2228,2223,Sections TTP-TCC,ESG/2012/Régime de la formation de technicien/Division génie civil/Sections TTP-TCC
4197,2228,CHANT_E_1_2012_TCC_TTP.pdf,ESG/2012/Régime de la formation de technicien/Division génie civil/Sections TTP-TCC/CHANT_E_1_2012_TCC_TTP.pdf
2229,2191,Division hoteliere et touristique,ESG/2012/Régime de la formation de technicien/Division hoteliere et touristique
2230,2229,Branches communes,ESG/2012/Régime de la formation de technicien/Division hoteliere et touristique/Branches communes
4186,2230,ALLEM_E_1_2012_THO_TTO.pdf,ESG/2012/Régime de la formation de technicien/Division hoteliere et touristique/Branches communes/ALLEM_E_1_2012_THO_TTO.pdf
4187,2230,ALLEM_O_1_2012_THO_TTO.pdf,ESG/2012/Régime de la formation de technicien/Division hoteliere et touristique/Branches communes/ALLEM_O_1_2012_THO_TTO.pdf
4188,2230,ANGLA_E_1_2012_THO_TTO.pdf,ESG/2012/Régime de la formation de technicien/Division hoteliere et touristique/Branches communes/ANGLA_E_1_2012_THO_TTO.pdf
4189,2230,ANGLA_O_1_2012_THO_TTO.pdf,ESG/2012/Régime de la formation de technicien/Division hoteliere et touristique/Branches communes/ANGLA_O_1_2012_THO_TTO.pdf
4190,2230,ESPAG_E_1_2012_THO_TTO.pdf,ESG/2012/Régime de la formation de technicien/Division hoteliere et touristique/Branches communes/ESPAG_E_1_2012_THO_TTO.pdf
4191,2230,ESPAG_O_1_2012_THO_TTO.pdf,ESG/2012/Régime de la formation de technicien/Division hoteliere et touristique/Branches communes/ESPAG_O_1_2012_THO_TTO.pdf
4192,2230,FRANC_E_1_2012_THO_TTO.pdf,ESG/2012/Régime de la formation de technicien/Division hoteliere et touristique/Branches communes/FRANC_E_1_2012_THO_TTO.pdf
4193,2230,INFOR_E_1_2012_THO_TTO.pdf,ESG/2012/Régime de la formation de technicien/Division hoteliere et touristique/Branches communes/INFOR_E_1_2012_THO_TTO.pdf
4194,2230,ITALI_E_1_2012_THO_TTO.pdf,ESG/2012/Régime de la formation de technicien/Division hoteliere et touristique/Branches communes/ITALI_E_1_2012_THO_TTO.pdf
4195,2230,ITALI_O_1_2012_THO_TTO.pdf,ESG/2012/Régime de la formation de technicien/Division hoteliere et touristique/Branches communes/ITALI_O_1_2012_THO_TTO.pdf
4196,2230,MATHE_E_1_2012_THO_TTO.pdf,ESG/2012/Régime de la formation de technicien/Division hoteliere et touristique/Branches communes/MATHE_E_1_2012_THO_TTO.pdf
10417,2230,Thumbs.db,ESG/2012/Régime de la formation de technicien/Division hoteliere et touristique/Branches communes/Thumbs.db
2231,2229,Section hôtelière (THO),ESG/2012/Régime de la formation de technicien/Division hoteliere et touristique/Section hôtelière (THO)
4178,2231,BOOEN_E_1_2012_THO.pdf,ESG/2012/Régime de la formation de technicien/Division hoteliere et touristique/Section hôtelière (THO)/BOOEN_E_1_2012_THO.pdf
4179,2231,COMGE_E_1_2012_THO.pdf,ESG/2012/Régime de la formation de technicien/Division hoteliere et touristique/Section hôtelière (THO)/COMGE_E_1_2012_THO.pdf
4180,2231,EDUCS_E_1_2012_THO.pdf,ESG/2012/Régime de la formation de technicien/Division hoteliere et touristique/Section hôtelière (THO)/EDUCS_E_1_2012_THO.pdf
4181,2231,FRANC_O_1_2012_THO.pdf,ESG/2012/Régime de la formation de technicien/Division hoteliere et touristique/Section hôtelière (THO)/FRANC_O_1_2012_THO.pdf
4182,2231,TECGE_E_1_2012_THO.pdf,ESG/2012/Régime de la formation de technicien/Division hoteliere et touristique/Section hôtelière (THO)/TECGE_E_1_2012_THO.pdf
4185,2231,TEREC_O_1_2012_THO.pdf,ESG/2012/Régime de la formation de technicien/Division hoteliere et touristique/Section hôtelière (THO)/TEREC_O_1_2012_THO.pdf
4183,2231,TEREC1_E_1_2012_THO.pdf,ESG/2012/Régime de la formation de technicien/Division hoteliere et touristique/Section hôtelière (THO)/TEREC1_E_1_2012_THO.pdf
4184,2231,TEREC2_E_1_2012_THO.pdf,ESG/2012/Régime de la formation de technicien/Division hoteliere et touristique/Section hôtelière (THO)/TEREC2_E_1_2012_THO.pdf
10416,2231,Thumbs.db,ESG/2012/Régime de la formation de technicien/Division hoteliere et touristique/Section hôtelière (THO)/Thumbs.db
2232,2229,Section touristique (TTO),ESG/2012/Régime de la formation de technicien/Division hoteliere et touristique/Section touristique (TTO)
4169,2232,COMGE_E_1_2012_TTO.pdf,ESG/2012/Régime de la formation de technicien/Division hoteliere et touristique/Section touristique (TTO)/COMGE_E_1_2012_TTO.pdf
4170,2232,EDUCS1_E_1_2012_TTO.pdf,ESG/2012/Régime de la formation de technicien/Division hoteliere et touristique/Section touristique (TTO)/EDUCS1_E_1_2012_TTO.pdf
4171,2232,EDUCS2_E_1_2012_TTO.pdf,ESG/2012/Régime de la formation de technicien/Division hoteliere et touristique/Section touristique (TTO)/EDUCS2_E_1_2012_TTO.pdf
4172,2232,FRANC_O_1_2012_TTO.pdf,ESG/2012/Régime de la formation de technicien/Division hoteliere et touristique/Section touristique (TTO)/FRANC_O_1_2012_TTO.pdf
4173,2232,HIGEO1_E_1_2012_TTO.pdf,ESG/2012/Régime de la formation de technicien/Division hoteliere et touristique/Section touristique (TTO)/HIGEO1_E_1_2012_TTO.pdf
4174,2232,HIGEO2_E_1_2012_TTO.pdf,ESG/2012/Régime de la formation de technicien/Division hoteliere et touristique/Section touristique (TTO)/HIGEO2_E_1_2012_TTO.pdf
4175,2232,TECGE_E_1_2012_TTO.pdf,ESG/2012/Régime de la formation de technicien/Division hoteliere et touristique/Section touristique (TTO)/TECGE_E_1_2012_TTO.pdf
4176,2232,TETOU_E_1_2012_TTO.pdf,ESG/2012/Régime de la formation de technicien/Division hoteliere et touristique/Section touristique (TTO)/TETOU_E_1_2012_TTO.pdf
4177,2232,TETOU_O_1_2012_TTO.pdf,ESG/2012/Régime de la formation de technicien/Division hoteliere et touristique/Section touristique (TTO)/TETOU_O_1_2012_TTO.pdf
10415,2232,Thumbs.db,ESG/2012/Régime de la formation de technicien/Division hoteliere et touristique/Section touristique (TTO)/Thumbs.db
10418,2229,Thumbs.db,ESG/2012/Régime de la formation de technicien/Division hoteliere et touristique/Thumbs.db
2233,2190,Régime technique,ESG/2012/Régime technique
2234,2233,13ème CC,ESG/2012/Régime technique/13ème CC
4160,2234,13CC_Allemand FR_Juin 2012.pdf,ESG/2012/Régime technique/13ème CC/13CC_Allemand FR_Juin 2012.pdf
4161,2234,13CC_Allemand_Juin 2012.pdf,ESG/2012/Régime technique/13ème CC/13CC_Allemand_Juin 2012.pdf
4162,2234,13CC_Anglais_Mai 2012.pdf,ESG/2012/Régime technique/13ème CC/13CC_Anglais_Mai 2012.pdf
4163,2234,13CC_Communication professuionnelle et relations humaines_Mai 2012.pdf,ESG/2012/Régime technique/13ème CC/13CC_Communication professuionnelle et relations humaines_Mai 2012.pdf
4164,2234,13CC_Comptabilité_Mai 2012.pdf,ESG/2012/Régime technique/13ème CC/13CC_Comptabilité_Mai 2012.pdf
4165,2234,13CC_Economie politique_Mai 2012.pdf,ESG/2012/Régime technique/13ème CC/13CC_Economie politique_Mai 2012.pdf
4166,2234,13CC_Français_Mai 2012.pdf,ESG/2012/Régime technique/13ème CC/13CC_Français_Mai 2012.pdf
4167,2234,13CC_Organisation et gestion d'activités_Mai 2012.pdf,ESG/2012/Régime technique/13ème CC/13CC_Organisation et gestion d'activités_Mai 2012.pdf
4168,2234,13CC_Technologies de l'information et de communication_Juin 2012.pdf,ESG/2012/Régime technique/13ème CC/13CC_Technologies de l'information et de communication_Juin 2012.pdf
2235,2233,13ème CG,ESG/2012/Régime technique/13ème CG
4149,2235,13CG_Allemand AL_Juin 2012.pdf,ESG/2012/Régime technique/13ème CG/13CG_Allemand AL_Juin 2012.pdf
4150,2235,13CG_Allemand FR_Juin 2012.pdf,ESG/2012/Régime technique/13ème CG/13CG_Allemand FR_Juin 2012.pdf
4151,2235,13CG_Allemand_Juin 2012.pdf,ESG/2012/Régime technique/13ème CG/13CG_Allemand_Juin 2012.pdf
4152,2235,13CG_Anglais_Mai 2012.pdf,ESG/2012/Régime technique/13ème CG/13CG_Anglais_Mai 2012.pdf
4153,2235,13CG_Comptabilité_Mai 2012.pdf,ESG/2012/Régime technique/13ème CG/13CG_Comptabilité_Mai 2012.pdf
4154,2235,13CG_Connaissance du monde contemporain_Mai 2012.pdf,ESG/2012/Régime technique/13ème CG/13CG_Connaissance du monde contemporain_Mai 2012.pdf
4155,2235,13CG_Economie de gestion_Mai 2012.pdf,ESG/2012/Régime technique/13ème CG/13CG_Economie de gestion_Mai 2012.pdf
4156,2235,13CG_Economie politique_Mai 2012.pdf,ESG/2012/Régime technique/13ème CG/13CG_Economie politique_Mai 2012.pdf
4157,2235,13CG_Français_Mai 2012.pdf,ESG/2012/Régime technique/13ème CG/13CG_Français_Mai 2012.pdf
4158,2235,13CG_Informatique_Mai 2012.pdf,ESG/2012/Régime technique/13ème CG/13CG_Informatique_Mai 2012.pdf
4159,2235,13CG_Mathématiques_Juin 2012.pdf,ESG/2012/Régime technique/13ème CG/13CG_Mathématiques_Juin 2012.pdf
2236,2233,13ème ED_langues,ESG/2012/Régime technique/13ème ED_langues
4146,2236,13ED_Allemand_Questionnaire Ecrit_Juin 2012.pdf,ESG/2012/Régime technique/13ème ED_langues/13ED_Allemand_Questionnaire Ecrit_Juin 2012.pdf
4147,2236,13ED_Anglais_Questionnaire Ecrit_Juin 2012.pdf,ESG/2012/Régime technique/13ème ED_langues/13ED_Anglais_Questionnaire Ecrit_Juin 2012.pdf
4148,2236,13ED_Français_Questionnaire Ecrit_Juin 2012.pdf,ESG/2012/Régime technique/13ème ED_langues/13ED_Français_Questionnaire Ecrit_Juin 2012.pdf
2237,2233,13ème GE,ESG/2012/Régime technique/13ème GE
4133,2237,13GE_Allemand_Mai 2012.pdf,ESG/2012/Régime technique/13ème GE/13GE_Allemand_Mai 2012.pdf
4134,2237,13GE_Anglais_Mai 2012.pdf,ESG/2012/Régime technique/13ème GE/13GE_Anglais_Mai 2012.pdf
4135,2237,13GE_Chimie_Juin 2012.pdf,ESG/2012/Régime technique/13ème GE/13GE_Chimie_Juin 2012.pdf
4136,2237,13GE_Connaissance du monde contemporain_Mai 2012.pdf,ESG/2012/Régime technique/13ème GE/13GE_Connaissance du monde contemporain_Mai 2012.pdf
4137,2237,13GE_Electrotechnique_Mai 2012.pdf,ESG/2012/Régime technique/13ème GE/13GE_Electrotechnique_Mai 2012.pdf
4138,2237,13GE_Français_Mai 2012.pdf,ESG/2012/Régime technique/13ème GE/13GE_Français_Mai 2012.pdf
4140,2237,13GE_Informatique_écrite_Mai 2012.pdf,ESG/2012/Régime technique/13ème GE/13GE_Informatique_écrite_Mai 2012.pdf
4139,2237,13GE_Informatique_pratique_Mai 2012.pdf,ESG/2012/Régime technique/13ème GE/13GE_Informatique_pratique_Mai 2012.pdf
4142,2237,13GE_Mathémtiques I_Mai 2012.pdf,ESG/2012/Régime technique/13ème GE/13GE_Mathémtiques I_Mai 2012.pdf
4141,2237,13GE_Mathémtiques II_Juin 2012.pdf,ESG/2012/Régime technique/13ème GE/13GE_Mathémtiques II_Juin 2012.pdf
4143,2237,13GE_Mécanique_Juin 2012.pdf,ESG/2012/Régime technique/13ème GE/13GE_Mécanique_Juin 2012.pdf
4144,2237,13GE_Physique_Mai 2012.pdf,ESG/2012/Régime technique/13ème GE/13GE_Physique_Mai 2012.pdf
4145,2237,13GE_Technologie_Mai 2012.pdf,ESG/2012/Régime technique/13ème GE/13GE_Technologie_Mai 2012.pdf
2238,2233,13ème GI,ESG/2012/Régime technique/13ème GI
4122,2238,13GI_Allemand_Mai 2012.pdf,ESG/2012/Régime technique/13ème GI/13GI_Allemand_Mai 2012.pdf
4123,2238,13GI_Anglais_Mai 2012.pdf,ESG/2012/Régime technique/13ème GI/13GI_Anglais_Mai 2012.pdf
4124,2238,13GI_Bases de données_Juin 2012.pdf,ESG/2012/Régime technique/13ème GI/13GI_Bases de données_Juin 2012.pdf
4125,2238,13GI_Connaissance du monde contemporain_Mai 2012.pdf,ESG/2012/Régime technique/13ème GI/13GI_Connaissance du monde contemporain_Mai 2012.pdf
4126,2238,13GI_Français_Mai 2012.pdf,ESG/2012/Régime technique/13ème GI/13GI_Français_Mai 2012.pdf
4127,2238,13GI_Mathématiques II.pdf,ESG/2012/Régime technique/13ème GI/13GI_Mathématiques II.pdf
4128,2238,13GI_Mathématiques II_Juin 2012.pdf,ESG/2012/Régime technique/13ème GI/13GI_Mathématiques II_Juin 2012.pdf
4129,2238,13GI_Mathémtiques I_Mai 2012.pdf,ESG/2012/Régime technique/13ème GI/13GI_Mathémtiques I_Mai 2012.pdf
4130,2238,13GI_Programmtion_Mi 2012.pdf,ESG/2012/Régime technique/13ème GI/13GI_Programmtion_Mi 2012.pdf
4131,2238,13GI_Sciences naturelle et technologie_Mai 2012.pdf,ESG/2012/Régime technique/13ème GI/13GI_Sciences naturelle et technologie_Mai 2012.pdf
4132,2238,13GI_Téléinformatique et réseaux_Mai 2012.pdf,ESG/2012/Régime technique/13ème GI/13GI_Téléinformatique et réseaux_Mai 2012.pdf
2239,2233,13ème SI et SH,ESG/2012/Régime technique/13ème SI et SH
4112,2239,13SH_Chimie Médicale_Questionnaire Ecrit_Juin 2012.pdf,ESG/2012/Régime technique/13ème SI et SH/13SH_Chimie Médicale_Questionnaire Ecrit_Juin 2012.pdf
4113,2239,13SH_Physique médicale_Questionnaire Ecrit_Juin 2012.pdf,ESG/2012/Régime technique/13ème SI et SH/13SH_Physique médicale_Questionnaire Ecrit_Juin 2012.pdf
4114,2239,13SI et SH_Allemand_Questionnaire Ecrit_Juin 2012.pdf,ESG/2012/Régime technique/13ème SI et SH/13SI et SH_Allemand_Questionnaire Ecrit_Juin 2012.pdf
4115,2239,13SI et SH_Anglais_Questionnaire Ecrit_Juin 2012.pdf,ESG/2012/Régime technique/13ème SI et SH/13SI et SH_Anglais_Questionnaire Ecrit_Juin 2012.pdf
4116,2239,13SI et SH_Biologie Humaine_Mai 2012.pdf,ESG/2012/Régime technique/13ème SI et SH/13SI et SH_Biologie Humaine_Mai 2012.pdf
4117,2239,13SI et SH_Français_Questionnaire Ecrit_Juin 2012.pdf,ESG/2012/Régime technique/13ème SI et SH/13SI et SH_Français_Questionnaire Ecrit_Juin 2012.pdf
4118,2239,13SI et SH_Sciences humaines et sociales_Juin 2012.pdf,ESG/2012/Régime technique/13ème SI et SH/13SI et SH_Sciences humaines et sociales_Juin 2012.pdf
4119,2239,13SI et SH_Sciences médicales_ALL et FR_Juin 2012.pdf,ESG/2012/Régime technique/13ème SI et SH/13SI et SH_Sciences médicales_ALL et FR_Juin 2012.pdf
4120,2239,13SI_Concepts de soins et problèmes infirmiers_Etude de cas_Juin 2012.pdf,ESG/2012/Régime technique/13ème SI et SH/13SI_Concepts de soins et problèmes infirmiers_Etude de cas_Juin 2012.pdf
4121,2239,13SI_Concepts de soins et problèmes infirmiers_Liste de questions_Juin 2012.pdf,ESG/2012/Régime technique/13ème SI et SH/13SI_Concepts de soins et problèmes infirmiers_Liste de questions_Juin 2012.pdf
2240,2233,14ème ED,ESG/2012/Régime technique/14ème ED
4103,2240,14ED_Connaisance du monde contemporain_Juin 2012.pdf,ESG/2012/Régime technique/14ème ED/14ED_Connaisance du monde contemporain_Juin 2012.pdf
4104,2240,14ED_Education à la santé_Juin 2012.pdf,ESG/2012/Régime technique/14ème ED/14ED_Education à la santé_Juin 2012.pdf
4105,2240,14ED_Gérontologie_Juin 2012.pdf,ESG/2012/Régime technique/14ème ED/14ED_Gérontologie_Juin 2012.pdf
4106,2240,14ED_Législation et déontologie_Mai 2012.pdf,ESG/2012/Régime technique/14ème ED/14ED_Législation et déontologie_Mai 2012.pdf
4109,2240,14ED_Pédagogie des médias_Juin 2012.pdf,ESG/2012/Régime technique/14ème ED/14ED_Pédagogie des médias_Juin 2012.pdf
4110,2240,14ED_Pédagogie sociale_Questionnaire Ecrit_Juin 2012.pdf,ESG/2012/Régime technique/14ème ED/14ED_Pédagogie sociale_Questionnaire Ecrit_Juin 2012.pdf
4111,2240,14ED_Pédagogie spéciale_Questionnaire Ecrit_Juin 2012.pdf,ESG/2012/Régime technique/14ème ED/14ED_Pédagogie spéciale_Questionnaire Ecrit_Juin 2012.pdf
4107,2240,14ED_Psychologie_Juin 2012.pdf,ESG/2012/Régime technique/14ème ED/14ED_Psychologie_Juin 2012.pdf
4108,2240,14ED_Psychopédagogie_Juin 2012.pdf,ESG/2012/Régime technique/14ème ED/14ED_Psychopédagogie_Juin 2012.pdf
2241,2001,2013,ESG/2013
2242,2241,Technicien,ESG/2013/Technicien
2243,2242,TAG,ESG/2013/Technicien/TAG
4090,2243,TAG-ACTAG Ecrit.pdf,ESG/2013/Technicien/TAG/TAG-ACTAG Ecrit.pdf
4091,2243,TAG-AGRON1 Ecrit.pdf,ESG/2013/Technicien/TAG/TAG-AGRON1 Ecrit.pdf
4092,2243,TAG-ALLEM Ecrit.pdf,ESG/2013/Technicien/TAG/TAG-ALLEM Ecrit.pdf
4093,2243,TAG-ANGLA Ecrit.pdf,ESG/2013/Technicien/TAG/TAG-ANGLA Ecrit.pdf
4094,2243,TAG-CHIMI Ecrit.pdf,ESG/2013/Technicien/TAG/TAG-CHIMI Ecrit.pdf
4095,2243,TAG-ECORU1 Ecrit.pdf,ESG/2013/Technicien/TAG/TAG-ECORU1 Ecrit.pdf
4096,2243,TAG-ECORU2 Ecrit.pdf,ESG/2013/Technicien/TAG/TAG-ECORU2 Ecrit.pdf
4097,2243,TAG-EDUCS Ecrit.pdf,ESG/2013/Technicien/TAG/TAG-EDUCS Ecrit.pdf
4098,2243,TAG-FRANC Ecrit.pdf,ESG/2013/Technicien/TAG/TAG-FRANC Ecrit.pdf
4099,2243,TAG-MATHE Ecrit.pdf,ESG/2013/Technicien/TAG/TAG-MATHE Ecrit.pdf
4100,2243,TAG-PHYSI Ecrit.pdf,ESG/2013/Technicien/TAG/TAG-PHYSI Ecrit.pdf
4101,2243,TAG-ZOOTE1 Ecrit.pdf,ESG/2013/Technicien/TAG/TAG-ZOOTE1 Ecrit.pdf
4102,2243,TAG-ZOOTE2 Ecrit.pdf,ESG/2013/Technicien/TAG/TAG-ZOOTE2 Ecrit.pdf
10413,2243,Thumbs.db,ESG/2013/Technicien/TAG/Thumbs.db
2244,2242,TAU,ESG/2013/Technicien/TAU
4085,2244,TAU-ALLEM Ecrit.pdf,ESG/2013/Technicien/TAU/TAU-ALLEM Ecrit.pdf
4086,2244,TAU-ANGLA Ecrit.pdf,ESG/2013/Technicien/TAU/TAU-ANGLA Ecrit.pdf
4087,2244,TAU-EDUCS Ecrit.pdf,ESG/2013/Technicien/TAU/TAU-EDUCS Ecrit.pdf
4088,2244,TAU-FRANC Ecrit.pdf,ESG/2013/Technicien/TAU/TAU-FRANC Ecrit.pdf
4089,2244,TAU-MATHA Ecrit.pdf,ESG/2013/Technicien/TAU/TAU-MATHA Ecrit.pdf
10412,2244,Thumbs.db,ESG/2013/Technicien/TAU/Thumbs.db
2245,2242,TBA,ESG/2013/Technicien/TBA
4073,2245,TBA-ALLEM Ecrit.pdf,ESG/2013/Technicien/TBA/TBA-ALLEM Ecrit.pdf
4074,2245,TBA-ANGLA Ecrit.pdf,ESG/2013/Technicien/TBA/TBA-ANGLA Ecrit.pdf
4075,2245,TBA-ARCHI Ecrit.pdf,ESG/2013/Technicien/TBA/TBA-ARCHI Ecrit.pdf
4076,2245,TBA-CHIAP Ecrit 30 min.pdf,ESG/2013/Technicien/TBA/TBA-CHIAP Ecrit 30 min.pdf
4077,2245,TBA-CHIAP Ecrit.pdf,ESG/2013/Technicien/TBA/TBA-CHIAP Ecrit.pdf
4078,2245,TBA-CONBA Ecrit.pdf,ESG/2013/Technicien/TBA/TBA-CONBA Ecrit.pdf
4079,2245,TBA-EDUCS Ecrit.pdf,ESG/2013/Technicien/TBA/TBA-EDUCS Ecrit.pdf
4080,2245,TBA-FRANC Ecrit.pdf,ESG/2013/Technicien/TBA/TBA-FRANC Ecrit.pdf
4081,2245,TBA-LAMAC Ecrit.pdf,ESG/2013/Technicien/TBA/TBA-LAMAC Ecrit.pdf
4082,2245,TBA-MATHE Ecrit.pdf,ESG/2013/Technicien/TBA/TBA-MATHE Ecrit.pdf
4083,2245,TBA-TOPOG Ecrit.pdf,ESG/2013/Technicien/TBA/TBA-TOPOG Ecrit.pdf
4084,2245,TBA-URBAN Ecrit.pdf,ESG/2013/Technicien/TBA/TBA-URBAN Ecrit.pdf
10411,2245,Thumbs.db,ESG/2013/Technicien/TBA/Thumbs.db
2246,2242,TCC,ESG/2013/Technicien/TCC
4061,2246,TCC-ALLEM Ecrit.pdf,ESG/2013/Technicien/TCC/TCC-ALLEM Ecrit.pdf
4062,2246,TCC-ANGLA Ecrit.pdf,ESG/2013/Technicien/TCC/TCC-ANGLA Ecrit.pdf
4063,2246,TCC-CHANT Ecrit.pdf,ESG/2013/Technicien/TCC/TCC-CHANT Ecrit.pdf
4064,2246,TCC-CHIAP Ecrit 30 min.pdf,ESG/2013/Technicien/TCC/TCC-CHIAP Ecrit 30 min.pdf
4065,2246,TCC-CHIAP Ecrit.pdf,ESG/2013/Technicien/TCC/TCC-CHIAP Ecrit.pdf
4066,2246,TCC-EDUCS Ecrit.pdf,ESG/2013/Technicien/TCC/TCC-EDUCS Ecrit.pdf
4067,2246,TCC-FRANC Ecrit.pdf,ESG/2013/Technicien/TCC/TCC-FRANC Ecrit.pdf
4068,2246,TCC-LAMAC Ecrit.pdf,ESG/2013/Technicien/TCC/TCC-LAMAC Ecrit.pdf
4069,2246,TCC-MATHE Ecrit.pdf,ESG/2013/Technicien/TCC/TCC-MATHE Ecrit.pdf
4070,2246,TCC-STAAP Ecrit.pdf,ESG/2013/Technicien/TCC/TCC-STAAP Ecrit.pdf
4071,2246,TCC-TOPOG Ecrit.pdf,ESG/2013/Technicien/TCC/TCC-TOPOG Ecrit.pdf
4072,2246,TCC-URBAN Ecrit.pdf,ESG/2013/Technicien/TCC/TCC-URBAN Ecrit.pdf
10410,2246,Thumbs.db,ESG/2013/Technicien/TCC/Thumbs.db
2247,2242,TCH,ESG/2013/Technicien/TCH
4049,2247,TCH-ALLEM Ecrit.pdf,ESG/2013/Technicien/TCH/TCH-ALLEM Ecrit.pdf
4050,2247,TCH-ANGLA Ecrit.pdf,ESG/2013/Technicien/TCH/TCH-ANGLA Ecrit.pdf
4051,2247,TCH-BIOTE Ecrit.pdf,ESG/2013/Technicien/TCH/TCH-BIOTE Ecrit.pdf
4052,2247,TCH-CHIMN Ecrit.pdf,ESG/2013/Technicien/TCH/TCH-CHIMN Ecrit.pdf
4053,2247,TCH-CHIMO Ecrit.pdf,ESG/2013/Technicien/TCH/TCH-CHIMO Ecrit.pdf
4054,2247,TCH-CHIPH Ecrit.pdf,ESG/2013/Technicien/TCH/TCH-CHIPH Ecrit.pdf
4055,2247,TCH-EDUCS Ecrit.pdf,ESG/2013/Technicien/TCH/TCH-EDUCS Ecrit.pdf
4056,2247,TCH-FRANC Ecrit.pdf,ESG/2013/Technicien/TCH/TCH-FRANC Ecrit.pdf
4057,2247,TCH-INFOR Ecrit.pdf,ESG/2013/Technicien/TCH/TCH-INFOR Ecrit.pdf
4058,2247,TCH-MATHE Ecrit.pdf,ESG/2013/Technicien/TCH/TCH-MATHE Ecrit.pdf
4059,2247,TCH-MEAPC Ecrit.pdf,ESG/2013/Technicien/TCH/TCH-MEAPC Ecrit.pdf
4060,2247,TCH-PHYSI Ecrit.pdf,ESG/2013/Technicien/TCH/TCH-PHYSI Ecrit.pdf
10409,2247,Thumbs.db,ESG/2013/Technicien/TCH/Thumbs.db
2248,2242,TCMAN,ESG/2013/Technicien/TCMAN
4030,2248,Coûts complets Elèves.xlsx,ESG/2013/Technicien/TCMAN/Coûts complets Elèves.xlsx
4031,2248,TCMAN - ANGLAIS ECRIT - JUIN 12-13.pdf,ESG/2013/Technicien/TCMAN/TCMAN - ANGLAIS ECRIT - JUIN 12-13.pdf
4032,2248,TCMAN - ANGLAIS ECRIT - REPECHAGE JUIN 12-13.pdf,ESG/2013/Technicien/TCMAN/TCMAN - ANGLAIS ECRIT - REPECHAGE JUIN 12-13.pdf
4033,2248,TCMAN - COMGE I - 1 - JUIN 12-13.pdf,ESG/2013/Technicien/TCMAN/TCMAN - COMGE I - 1 - JUIN 12-13.pdf
4034,2248,TCMAN - COMGE I - 1 - REPECHAGE JUIN 12-13.pdf,ESG/2013/Technicien/TCMAN/TCMAN - COMGE I - 1 - REPECHAGE JUIN 12-13.pdf
4035,2248,TCMAN - COMGE I - 2 - JUIN 12-13.pdf,ESG/2013/Technicien/TCMAN/TCMAN - COMGE I - 2 - JUIN 12-13.pdf
4036,2248,TCMAN - COMGE I - 2 - REPECHAGE JUIN 12-13.pdf,ESG/2013/Technicien/TCMAN/TCMAN - COMGE I - 2 - REPECHAGE JUIN 12-13.pdf
4037,2248,TCMAN - COMPTA II - JUIN 12-13.pdf,ESG/2013/Technicien/TCMAN/TCMAN - COMPTA II - JUIN 12-13.pdf
4038,2248,TCMAN - COPOR ECRIT JUIN 12-13.pdf,ESG/2013/Technicien/TCMAN/TCMAN - COPOR ECRIT JUIN 12-13.pdf
4039,2248,TCMAN - COPOR ECRIT REPECHAGE JUIN 12-13.pdf,ESG/2013/Technicien/TCMAN/TCMAN - COPOR ECRIT REPECHAGE JUIN 12-13.pdf
4040,2248,TCMAN - ECOPOL - JUIN 12-13.pdf,ESG/2013/Technicien/TCMAN/TCMAN - ECOPOL - JUIN 12-13.pdf
4041,2248,TCMAN - ECOPOL - REPECHAGE JUIN 12-13.pdf,ESG/2013/Technicien/TCMAN/TCMAN - ECOPOL - REPECHAGE JUIN 12-13.pdf
4042,2248,TCMAN - FRANC ECRIT JUIN 12-13.pdf,ESG/2013/Technicien/TCMAN/TCMAN - FRANC ECRIT JUIN 12-13.pdf
4043,2248,TCMAN - GESEN - JUIN 12-13.pdf,ESG/2013/Technicien/TCMAN/TCMAN - GESEN - JUIN 12-13.pdf
4044,2248,TCMAN - GESEN - REPECHAGE JUIN 12-13.pdf,ESG/2013/Technicien/TCMAN/TCMAN - GESEN - REPECHAGE JUIN 12-13.pdf
4047,2248,TCMAN EDUCS - REPECHAGE JUIN 12-13.pdf,ESG/2013/Technicien/TCMAN/TCMAN EDUCS - REPECHAGE JUIN 12-13.pdf
4045,2248,TCMAN EDUCS (de) - JUIN 12-13.pdf,ESG/2013/Technicien/TCMAN/TCMAN EDUCS (de) - JUIN 12-13.pdf
4046,2248,TCMAN EDUCS (fr) - JUIN 12-13.pdf,ESG/2013/Technicien/TCMAN/TCMAN EDUCS (fr) - JUIN 12-13.pdf
4048,2248,TCMAN-EDUCS Ecrit.pdf,ESG/2013/Technicien/TCMAN/TCMAN-EDUCS Ecrit.pdf
10408,2248,Thumbs.db,ESG/2013/Technicien/TCMAN/Thumbs.db
2249,2242,TDE,ESG/2013/Technicien/TDE
4026,2249,TDE-ALLEM Ecrit.pdf,ESG/2013/Technicien/TDE/TDE-ALLEM Ecrit.pdf
4027,2249,TDE-EDUCS Ecrit.pdf,ESG/2013/Technicien/TDE/TDE-EDUCS Ecrit.pdf
4028,2249,TDE-FRANC Ecrit.pdf,ESG/2013/Technicien/TDE/TDE-FRANC Ecrit.pdf
4029,2249,TDE-MATHA Ecrit.pdf,ESG/2013/Technicien/TDE/TDE-MATHA Ecrit.pdf
10407,2249,Thumbs.db,ESG/2013/Technicien/TDE/Thumbs.db
2250,2242,TEC,ESG/2013/Technicien/TEC
4016,2250,TEC-ALLEM Ecrit.pdf,ESG/2013/Technicien/TEC/TEC-ALLEM Ecrit.pdf
4017,2250,TEC-ANGLA Ecrit.pdf,ESG/2013/Technicien/TEC/TEC-ANGLA Ecrit.pdf
4018,2250,TEC-EDUCS Ecrit.pdf,ESG/2013/Technicien/TEC/TEC-EDUCS Ecrit.pdf
4019,2250,TEC-FRANC Ecrit.pdf,ESG/2013/Technicien/TEC/TEC-FRANC Ecrit.pdf
4020,2250,TEC-INFAP Ecrit.pdf,ESG/2013/Technicien/TEC/TEC-INFAP Ecrit.pdf
4021,2250,TEC-MATHE Ecrit.pdf,ESG/2013/Technicien/TEC/TEC-MATHE Ecrit.pdf
4022,2250,TEC-MICEL Ecrit.pdf,ESG/2013/Technicien/TEC/TEC-MICEL Ecrit.pdf
4023,2250,TEC-TECAV Ecrit.pdf,ESG/2013/Technicien/TEC/TEC-TECAV Ecrit.pdf
4024,2250,TEC-TELCO Ecrit.pdf,ESG/2013/Technicien/TEC/TEC-TELCO Ecrit.pdf
4025,2250,TEC-TRANS Ecrit.pdf,ESG/2013/Technicien/TEC/TEC-TRANS Ecrit.pdf
10406,2250,Thumbs.db,ESG/2013/Technicien/TEC/Thumbs.db
2251,2242,TECF,ESG/2013/Technicien/TECF
4010,2251,TECF-INFAP Ecrit.pdf,ESG/2013/Technicien/TECF/TECF-INFAP Ecrit.pdf
4011,2251,TECF-MATHE Ecrit.pdf,ESG/2013/Technicien/TECF/TECF-MATHE Ecrit.pdf
4012,2251,TECF-MICEL Ecrit.pdf,ESG/2013/Technicien/TECF/TECF-MICEL Ecrit.pdf
4013,2251,TECF-TECAV Ecrit.pdf,ESG/2013/Technicien/TECF/TECF-TECAV Ecrit.pdf
4014,2251,TECF-TELCO Ecrit.pdf,ESG/2013/Technicien/TECF/TECF-TELCO Ecrit.pdf
4015,2251,TECF-TRANS Ecrit.pdf,ESG/2013/Technicien/TECF/TECF-TRANS Ecrit.pdf
10405,2251,Thumbs.db,ESG/2013/Technicien/TECF/Thumbs.db
2252,2242,TEE,ESG/2013/Technicien/TEE
4000,2252,TEE-ALLEM Ecrit.pdf,ESG/2013/Technicien/TEE/TEE-ALLEM Ecrit.pdf
4001,2252,TEE-ANGLA Ecrit.pdf,ESG/2013/Technicien/TEE/TEE-ANGLA Ecrit.pdf
4002,2252,TEE-ASSER Ecrit.pdf,ESG/2013/Technicien/TEE/TEE-ASSER Ecrit.pdf
4003,2252,TEE-AUTOM Ecrit.pdf,ESG/2013/Technicien/TEE/TEE-AUTOM Ecrit.pdf
4004,2252,TEE-EDUCS Ecrit.pdf,ESG/2013/Technicien/TEE/TEE-EDUCS Ecrit.pdf
4005,2252,TEE-ELTE Ecrit.pdf,ESG/2013/Technicien/TEE/TEE-ELTE Ecrit.pdf
4006,2252,TEE-FRANC Ecrit.pdf,ESG/2013/Technicien/TEE/TEE-FRANC Ecrit.pdf
4007,2252,TEE-MACEL Ecrit.pdf,ESG/2013/Technicien/TEE/TEE-MACEL Ecrit.pdf
4008,2252,TEE-MATHE Ecrit.pdf,ESG/2013/Technicien/TEE/TEE-MATHE Ecrit.pdf
4009,2252,TEE-TECEN Ecrit.pdf,ESG/2013/Technicien/TEE/TEE-TECEN Ecrit.pdf
10404,2252,Thumbs.db,ESG/2013/Technicien/TEE/Thumbs.db
2253,2242,TEN,ESG/2013/Technicien/TEN
3988,2253,TEN-ALLEM Ecrit.pdf,ESG/2013/Technicien/TEN/TEN-ALLEM Ecrit.pdf
3989,2253,TEN-ANGLA Ecrit.pdf,ESG/2013/Technicien/TEN/TEN-ANGLA Ecrit.pdf
3990,2253,TEN-CHIMI Ecrit.pdf,ESG/2013/Technicien/TEN/TEN-CHIMI Ecrit.pdf
3991,2253,TEN-EDUCS Ecrit.pdf,ESG/2013/Technicien/TEN/TEN-EDUCS Ecrit.pdf
3992,2253,TEN-ETENV1 Ecrit.pdf,ESG/2013/Technicien/TEN/TEN-ETENV1 Ecrit.pdf
3993,2253,TEN-ETENV2 Ecrit.pdf,ESG/2013/Technicien/TEN/TEN-ETENV2 Ecrit.pdf
3994,2253,TEN-ETFOR II Ecrit.pdf,ESG/2013/Technicien/TEN/TEN-ETFOR II Ecrit.pdf
3995,2253,TEN-ETFOR1 Ecrit.pdf,ESG/2013/Technicien/TEN/TEN-ETFOR1 Ecrit.pdf
3996,2253,TEN-FRANC Ecrit.pdf,ESG/2013/Technicien/TEN/TEN-FRANC Ecrit.pdf
3997,2253,TEN-MATHE Ecrit.pdf,ESG/2013/Technicien/TEN/TEN-MATHE Ecrit.pdf
3998,2253,TEN-MECAN Ecrit.pdf,ESG/2013/Technicien/TEN/TEN-MECAN Ecrit.pdf
3999,2253,TEN-PHYSI Ecrit.pdf,ESG/2013/Technicien/TEN/TEN-PHYSI Ecrit.pdf
10403,2253,Thumbs.db,ESG/2013/Technicien/TEN/Thumbs.db
2254,2242,THO,ESG/2013/Technicien/THO
3976,2254,THO-ALLEM Ecrit.pdf,ESG/2013/Technicien/THO/THO-ALLEM Ecrit.pdf
3977,2254,THO-BOOEN Ecrit.pdf,ESG/2013/Technicien/THO/THO-BOOEN Ecrit.pdf
3978,2254,THO-COMGE Ecrit.pdf,ESG/2013/Technicien/THO/THO-COMGE Ecrit.pdf
3979,2254,THO-EDUCS Ecrit.pdf,ESG/2013/Technicien/THO/THO-EDUCS Ecrit.pdf
3980,2254,THO-ESPAG Ecrit.pdf,ESG/2013/Technicien/THO/THO-ESPAG Ecrit.pdf
3981,2254,THO-FRANC Ecrit.pdf,ESG/2013/Technicien/THO/THO-FRANC Ecrit.pdf
3982,2254,THO-INFOR Ecrit.pdf,ESG/2013/Technicien/THO/THO-INFOR Ecrit.pdf
3983,2254,THO-ITALI Ecrit.pdf,ESG/2013/Technicien/THO/THO-ITALI Ecrit.pdf
3984,2254,THO-MATHA Ecrit.pdf,ESG/2013/Technicien/THO/THO-MATHA Ecrit.pdf
3985,2254,THO-TECGE Ecrit.pdf,ESG/2013/Technicien/THO/THO-TECGE Ecrit.pdf
3986,2254,THO-TEREC 1 Ecrit.pdf,ESG/2013/Technicien/THO/THO-TEREC 1 Ecrit.pdf
3987,2254,THO-TEREC 2 Ecrit.pdf,ESG/2013/Technicien/THO/THO-TEREC 2 Ecrit.pdf
10402,2254,Thumbs.db,ESG/2013/Technicien/THO/Thumbs.db
2255,2242,THR,ESG/2013/Technicien/THR
3965,2255,THR-ALLEM Ecrit.pdf,ESG/2013/Technicien/THR/THR-ALLEM Ecrit.pdf
3966,2255,THR-ANGLA Ecrit.pdf,ESG/2013/Technicien/THR/THR-ANGLA Ecrit.pdf
3967,2255,THR-CHIMI Ecrit.pdf,ESG/2013/Technicien/THR/THR-CHIMI Ecrit.pdf
3968,2255,THR-ECOGE1 Ecrit.pdf,ESG/2013/Technicien/THR/THR-ECOGE1 Ecrit.pdf
3969,2255,THR-ECOGE2 Ecrit.pdf,ESG/2013/Technicien/THR/THR-ECOGE2 Ecrit.pdf
3970,2255,THR-EDUCS Ecrit.pdf,ESG/2013/Technicien/THR/THR-EDUCS Ecrit.pdf
3971,2255,THR-FRANC Ecrit.pdf,ESG/2013/Technicien/THR/THR-FRANC Ecrit.pdf
3972,2255,THR-MATHE Ecrit.pdf,ESG/2013/Technicien/THR/THR-MATHE Ecrit.pdf
3973,2255,THR-PHYSI Ecrit.pdf,ESG/2013/Technicien/THR/THR-PHYSI Ecrit.pdf
3974,2255,THR-STHOR1 Ecrit.pdf,ESG/2013/Technicien/THR/THR-STHOR1 Ecrit.pdf
3975,2255,THR-STHOR2 Ecrit.pdf,ESG/2013/Technicien/THR/THR-STHOR2 Ecrit.pdf
10401,2255,Thumbs.db,ESG/2013/Technicien/THR/Thumbs.db
2256,2242,TIF,ESG/2013/Technicien/TIF
10400,2256,Thumbs.db,ESG/2013/Technicien/TIF/Thumbs.db
3953,2256,TIF-ALLEM Ecrit.pdf,ESG/2013/Technicien/TIF/TIF-ALLEM Ecrit.pdf
3954,2256,TIF-ANGLA Ecrit.pdf,ESG/2013/Technicien/TIF/TIF-ANGLA Ecrit.pdf
3955,2256,TIF-ARCOR Ecrit.pdf,ESG/2013/Technicien/TIF/TIF-ARCOR Ecrit.pdf
3956,2256,TIF-EDUCS Ecrit.pdf,ESG/2013/Technicien/TIF/TIF-EDUCS Ecrit.pdf
3957,2256,TIF-FRANC Ecrit.pdf,ESG/2013/Technicien/TIF/TIF-FRANC Ecrit.pdf
3958,2256,TIF-INFAP Ecrit.pdf,ESG/2013/Technicien/TIF/TIF-INFAP Ecrit.pdf
3959,2256,TIF-INFGE Ecrit.pdf,ESG/2013/Technicien/TIF/TIF-INFGE Ecrit.pdf
3960,2256,TIF-INFIN Ecrit.pdf,ESG/2013/Technicien/TIF/TIF-INFIN Ecrit.pdf
3961,2256,TIF-MATHE Ecrit.pdf,ESG/2013/Technicien/TIF/TIF-MATHE Ecrit.pdf
3962,2256,TIF-SYSEX Ecrit.pdf,ESG/2013/Technicien/TIF/TIF-SYSEX Ecrit.pdf
3963,2256,TIF-TECMU Ecrit.pdf,ESG/2013/Technicien/TIF/TIF-TECMU Ecrit.pdf
3964,2256,TIF-TEINF Ecrit.pdf,ESG/2013/Technicien/TIF/TIF-TEINF Ecrit.pdf
2257,2242,TMA,ESG/2013/Technicien/TMA
10399,2257,Thumbs.db,ESG/2013/Technicien/TMA/Thumbs.db
3943,2257,TMA-ALLEM Ecrit.pdf,ESG/2013/Technicien/TMA/TMA-ALLEM Ecrit.pdf
3944,2257,TMA-ANGLA Ecrit.pdf,ESG/2013/Technicien/TMA/TMA-ANGLA Ecrit.pdf
3945,2257,TMA-CHACA Ecrit.pdf,ESG/2013/Technicien/TMA/TMA-CHACA Ecrit.pdf
3946,2257,TMA-CONSE Ecrit.pdf,ESG/2013/Technicien/TMA/TMA-CONSE Ecrit.pdf
3947,2257,TMA-EDUCS Ecrit.pdf,ESG/2013/Technicien/TMA/TMA-EDUCS Ecrit.pdf
3948,2257,TMA-FRANC Ecrit.pdf,ESG/2013/Technicien/TMA/TMA-FRANC Ecrit.pdf
3949,2257,TMA-MATHE Ecrit.pdf,ESG/2013/Technicien/TMA/TMA-MATHE Ecrit.pdf
3950,2257,TMA-SYALL Ecrit.pdf,ESG/2013/Technicien/TMA/TMA-SYALL Ecrit.pdf
3951,2257,TMA-SYCAR Ecrit.pdf,ESG/2013/Technicien/TMA/TMA-SYCAR Ecrit.pdf
3952,2257,TMA-TRANS Ecrit.pdf,ESG/2013/Technicien/TMA/TMA-TRANS Ecrit.pdf
2258,2242,TMG,ESG/2013/Technicien/TMG
10398,2258,Thumbs.db,ESG/2013/Technicien/TMG/Thumbs.db
3933,2258,TMG-ALLEM Ecrit.pdf,ESG/2013/Technicien/TMG/TMG-ALLEM Ecrit.pdf
3934,2258,TMG-ANGLA Ecrit.pdf,ESG/2013/Technicien/TMG/TMG-ANGLA Ecrit.pdf
3935,2258,TMG-ASSER1 Ecrit.pdf,ESG/2013/Technicien/TMG/TMG-ASSER1 Ecrit.pdf
3936,2258,TMG-ASSER2 Ecrit.pdf,ESG/2013/Technicien/TMG/TMG-ASSER2 Ecrit.pdf
3937,2258,TMG-CAMEC Ecrit.pdf,ESG/2013/Technicien/TMG/TMG-CAMEC Ecrit.pdf
3938,2258,TMG-EDUCS Ecrit.pdf,ESG/2013/Technicien/TMG/TMG-EDUCS Ecrit.pdf
3939,2258,TMG-FRANC Ecrit.pdf,ESG/2013/Technicien/TMG/TMG-FRANC Ecrit.pdf
3940,2258,TMG-MATHE Ecrit.pdf,ESG/2013/Technicien/TMG/TMG-MATHE Ecrit.pdf
3941,2258,TMG-TECNO1 Ecrit.pdf,ESG/2013/Technicien/TMG/TMG-TECNO1 Ecrit.pdf
3942,2258,TMG-TECNO2 Ecrit.pdf,ESG/2013/Technicien/TMG/TMG-TECNO2 Ecrit.pdf
2259,2242,TSA,ESG/2013/Technicien/TSA
10397,2259,Thumbs.db,ESG/2013/Technicien/TSA/Thumbs.db
3928,2259,TSA-ALLEM Ecrit.pdf,ESG/2013/Technicien/TSA/TSA-ALLEM Ecrit.pdf
3929,2259,TSA-ANGLA Ecrit.pdf,ESG/2013/Technicien/TSA/TSA-ANGLA Ecrit.pdf
3930,2259,TSA-EDUCS Ecrit.pdf,ESG/2013/Technicien/TSA/TSA-EDUCS Ecrit.pdf
3931,2259,TSA-FRANC Ecrit.pdf,ESG/2013/Technicien/TSA/TSA-FRANC Ecrit.pdf
3932,2259,TSA-MATHA Ecrit.pdf,ESG/2013/Technicien/TSA/TSA-MATHA Ecrit.pdf
2260,2242,TSG,ESG/2013/Technicien/TSG
10396,2260,Thumbs.db,ESG/2013/Technicien/TSG/Thumbs.db
3923,2260,TSG-ALLEM Ecrit.pdf,ESG/2013/Technicien/TSG/TSG-ALLEM Ecrit.pdf
3924,2260,TSG-ANGLA Ecrit.pdf,ESG/2013/Technicien/TSG/TSG-ANGLA Ecrit.pdf
3925,2260,TSG-EDUCS Ecrit.pdf,ESG/2013/Technicien/TSG/TSG-EDUCS Ecrit.pdf
3926,2260,TSG-FRANC Ecrit.pdf,ESG/2013/Technicien/TSG/TSG-FRANC Ecrit.pdf
3927,2260,TSG-MATHA Ecrit.pdf,ESG/2013/Technicien/TSG/TSG-MATHA Ecrit.pdf
2261,2242,TTO,ESG/2013/Technicien/TTO
10395,2261,Thumbs.db,ESG/2013/Technicien/TTO/Thumbs.db
3910,2261,TTO-ALLEM Ecrit.pdf,ESG/2013/Technicien/TTO/TTO-ALLEM Ecrit.pdf
3911,2261,TTO-ANGLA Ecrit.pdf,ESG/2013/Technicien/TTO/TTO-ANGLA Ecrit.pdf
3912,2261,TTO-EDUCS1 Ecrit.pdf,ESG/2013/Technicien/TTO/TTO-EDUCS1 Ecrit.pdf
3913,2261,TTO-EDUCS2 Ecrit.pdf,ESG/2013/Technicien/TTO/TTO-EDUCS2 Ecrit.pdf
3914,2261,TTO-ESPAG Ecrit.pdf,ESG/2013/Technicien/TTO/TTO-ESPAG Ecrit.pdf
3915,2261,TTO-FRANC Ecrit.pdf,ESG/2013/Technicien/TTO/TTO-FRANC Ecrit.pdf
3916,2261,TTo-HIEGO Ecrit.pdf,ESG/2013/Technicien/TTO/TTo-HIEGO Ecrit.pdf
3917,2261,TTO-HIGEO Ecrit.pdf,ESG/2013/Technicien/TTO/TTO-HIGEO Ecrit.pdf
3918,2261,TTO-INFOR Ecrit.pdf,ESG/2013/Technicien/TTO/TTO-INFOR Ecrit.pdf
3919,2261,TTO-ITALI Ecrit.pdf,ESG/2013/Technicien/TTO/TTO-ITALI Ecrit.pdf
3920,2261,TTO-MATHA Ecrit.pdf,ESG/2013/Technicien/TTO/TTO-MATHA Ecrit.pdf
3921,2261,TTO-TECGE Ecrit.pdf,ESG/2013/Technicien/TTO/TTO-TECGE Ecrit.pdf
3922,2261,TTO-TETOU Ecrit.pdf,ESG/2013/Technicien/TTO/TTO-TETOU Ecrit.pdf
2262,2242,TTP,ESG/2013/Technicien/TTP
10394,2262,Thumbs.db,ESG/2013/Technicien/TTP/Thumbs.db
3899,2262,TTP-ALLEM Ecrit.pdf,ESG/2013/Technicien/TTP/TTP-ALLEM Ecrit.pdf
3900,2262,TTP-ANGLA Ecrit.pdf,ESG/2013/Technicien/TTP/TTP-ANGLA Ecrit.pdf
3901,2262,TTP-CHANT Ecrit.pdf,ESG/2013/Technicien/TTP/TTP-CHANT Ecrit.pdf
3902,2262,TTP-CHIAP Ecrit 30 min.pdf,ESG/2013/Technicien/TTP/TTP-CHIAP Ecrit 30 min.pdf
3903,2262,TTP-CHIAP Ecrit.pdf,ESG/2013/Technicien/TTP/TTP-CHIAP Ecrit.pdf
3904,2262,TTP-EDUCS Ecrit.pdf,ESG/2013/Technicien/TTP/TTP-EDUCS Ecrit.pdf
3905,2262,TTP-FRANC Ecrit.pdf,ESG/2013/Technicien/TTP/TTP-FRANC Ecrit.pdf
3906,2262,TTP-LAMAC Ecrit.pdf,ESG/2013/Technicien/TTP/TTP-LAMAC Ecrit.pdf
3907,2262,TTP-MATHE Ecrit.pdf,ESG/2013/Technicien/TTP/TTP-MATHE Ecrit.pdf
3908,2262,TTP-TOPOG Ecrit.pdf,ESG/2013/Technicien/TTP/TTP-TOPOG Ecrit.pdf
3909,2262,TTP-URBAN Ecrit.pdf,ESG/2013/Technicien/TTP/TTP-URBAN Ecrit.pdf
10414,2242,Thumbs.db,ESG/2013/Technicien/Thumbs.db
2263,2241,Technique,ESG/2013/Technique
2264,2263,13CC,ESG/2013/Technique/13CC
2265,2264,New folder,ESG/2013/Technique/13CC/New folder
3890,2264,ALLEM_juin2013.pdf,ESG/2013/Technique/13CC/ALLEM_juin2013.pdf
3891,2264,ANGLA_juin2013.pdf,ESG/2013/Technique/13CC/ANGLA_juin2013.pdf
3892,2264,COMPT_juin2013.pdf,ESG/2013/Technique/13CC/COMPT_juin2013.pdf
3893,2264,CONMO_juin2013.pdf,ESG/2013/Technique/13CC/CONMO_juin2013.pdf
3894,2264,COPRH_juin2013.pdf,ESG/2013/Technique/13CC/COPRH_juin2013.pdf
3895,2264,ECOGES_juin2013.pdf,ESG/2013/Technique/13CC/ECOGES_juin2013.pdf
3896,2264,FRANC_juin2013.pdf,ESG/2013/Technique/13CC/FRANC_juin2013.pdf
3897,2264,ORGES_juin2013.pdf,ESG/2013/Technique/13CC/ORGES_juin2013.pdf
10393,2264,Thumbs.db,ESG/2013/Technique/13CC/Thumbs.db
3898,2264,TINCO_juin2013.pdf,ESG/2013/Technique/13CC/TINCO_juin2013.pdf
2266,2263,13CG,ESG/2013/Technique/13CG
3883,2266,ANGLA_juin2013.pdf,ESG/2013/Technique/13CG/ANGLA_juin2013.pdf
3884,2266,COMPT_juin2013.pdf,ESG/2013/Technique/13CG/COMPT_juin2013.pdf
3885,2266,CONMO_juin2013.pdf,ESG/2013/Technique/13CG/CONMO_juin2013.pdf
3886,2266,ECOGES_juin2013.pdf,ESG/2013/Technique/13CG/ECOGES_juin2013.pdf
3887,2266,FRANC_juin2013.pdf,ESG/2013/Technique/13CG/FRANC_juin2013.pdf
3888,2266,INFOR_juin2013.pdf,ESG/2013/Technique/13CG/INFOR_juin2013.pdf
3889,2266,MATH_juin2013.pdf,ESG/2013/Technique/13CG/MATH_juin2013.pdf
10392,2266,Thumbs.db,ESG/2013/Technique/13CG/Thumbs.db
2267,2263,13GE,ESG/2013/Technique/13GE
3868,2267,ALLEM_juin2013.pdf,ESG/2013/Technique/13GE/ALLEM_juin2013.pdf
3869,2267,ANGLA_juin2013.pdf,ESG/2013/Technique/13GE/ANGLA_juin2013.pdf
3870,2267,CHIMI_juin2013.pdf,ESG/2013/Technique/13GE/CHIMI_juin2013.pdf
3871,2267,ELETE_juin2013.pdf,ESG/2013/Technique/13GE/ELETE_juin2013.pdf
3872,2267,Formulestrigo.pdf,ESG/2013/Technique/13GE/Formulestrigo.pdf
3873,2267,FRANC_juin2013.pdf,ESG/2013/Technique/13GE/FRANC_juin2013.pdf
3874,2267,INFOD_juin2013.pdf,ESG/2013/Technique/13GE/INFOD_juin2013.pdf
3875,2267,INFOD_pratique_juin2013.pdf,ESG/2013/Technique/13GE/INFOD_pratique_juin2013.pdf
3876,2267,INFOJ_juin2013.pdf,ESG/2013/Technique/13GE/INFOJ_juin2013.pdf
3877,2267,MATHE1_juin2013.pdf,ESG/2013/Technique/13GE/MATHE1_juin2013.pdf
3878,2267,MATHE2_juin2013.pdf,ESG/2013/Technique/13GE/MATHE2_juin2013.pdf
3879,2267,MECAN_juin2013.pdf,ESG/2013/Technique/13GE/MECAN_juin2013.pdf
3881,2267,PHYSI_juin2013.pdf,ESG/2013/Technique/13GE/PHYSI_juin2013.pdf
3880,2267,physiqueconstantes.pdf,ESG/2013/Technique/13GE/physiqueconstantes.pdf
3882,2267,TECHNO_juin2013.pdf,ESG/2013/Technique/13GE/TECHNO_juin2013.pdf
10391,2267,Thumbs.db,ESG/2013/Technique/13GE/Thumbs.db
2268,2263,13GI,ESG/2013/Technique/13GI
3857,2268,ALLEM_juin2013.pdf,ESG/2013/Technique/13GI/ALLEM_juin2013.pdf
3858,2268,ANGLA_juin2013.pdf,ESG/2013/Technique/13GI/ANGLA_juin2013.pdf
3859,2268,BASDO_juin2013.pdf,ESG/2013/Technique/13GI/BASDO_juin2013.pdf
3860,2268,Formulestrigo.pdf,ESG/2013/Technique/13GI/Formulestrigo.pdf
3861,2268,FRANC_juin2013.pdf,ESG/2013/Technique/13GI/FRANC_juin2013.pdf
3862,2268,MATHE1_juin2013.pdf,ESG/2013/Technique/13GI/MATHE1_juin2013.pdf
3863,2268,MATHE2_juin2013.pdf,ESG/2013/Technique/13GI/MATHE2_juin2013.pdf
3864,2268,PROGRD_juin2013.pdf,ESG/2013/Technique/13GI/PROGRD_juin2013.pdf
3865,2268,PROGRJ_juin2013.pdf,ESG/2013/Technique/13GI/PROGRJ_juin2013.pdf
3866,2268,SNTEC_juin2013.pdf,ESG/2013/Technique/13GI/SNTEC_juin2013.pdf
3867,2268,TEINF_juin2013.pdf,ESG/2013/Technique/13GI/TEINF_juin2013.pdf
2269,2263,13SH,ESG/2013/Technique/13SH
3849,2269,ALLEM_juin2013.pdf,ESG/2013/Technique/13SH/ALLEM_juin2013.pdf
3850,2269,ANGLA_juin2013.pdf,ESG/2013/Technique/13SH/ANGLA_juin2013.pdf
3851,2269,BIOHU_juin2013.pdf,ESG/2013/Technique/13SH/BIOHU_juin2013.pdf
3852,2269,CHIME_juin2013.pdf,ESG/2013/Technique/13SH/CHIME_juin2013.pdf
3853,2269,FRANC_juin2013.pdf,ESG/2013/Technique/13SH/FRANC_juin2013.pdf
3854,2269,PHYME_juin2013.pdf,ESG/2013/Technique/13SH/PHYME_juin2013.pdf
3855,2269,SCHUS_juin2013.pdf,ESG/2013/Technique/13SH/SCHUS_juin2013.pdf
3856,2269,SCMED_juin2013.pdf,ESG/2013/Technique/13SH/SCMED_juin2013.pdf
10390,2269,Thumbs.db,ESG/2013/Technique/13SH/Thumbs.db
2270,2263,13SI,ESG/2013/Technique/13SI
3841,2270,ALLEM_juin2013.pdf,ESG/2013/Technique/13SI/ALLEM_juin2013.pdf
3842,2270,ANGLA_juin2013.pdf,ESG/2013/Technique/13SI/ANGLA_juin2013.pdf
3843,2270,BIOHU_juin2013.pdf,ESG/2013/Technique/13SI/BIOHU_juin2013.pdf
3844,2270,COSPI_casconcrets_juin2013.pdf,ESG/2013/Technique/13SI/COSPI_casconcrets_juin2013.pdf
3845,2270,COSPI_listequest_juin2013.pdf,ESG/2013/Technique/13SI/COSPI_listequest_juin2013.pdf
3846,2270,FRANC_juin2013.pdf,ESG/2013/Technique/13SI/FRANC_juin2013.pdf
3847,2270,SCHUS_juin2013.pdf,ESG/2013/Technique/13SI/SCHUS_juin2013.pdf
3848,2270,SCMED_juin2013.pdf,ESG/2013/Technique/13SI/SCMED_juin2013.pdf
10389,2270,Thumbs.db,ESG/2013/Technique/13SI/Thumbs.db
2271,2263,14ED,ESG/2013/Technique/14ED
3829,2271,ALLEM_juin2013.pdf,ESG/2013/Technique/14ED/ALLEM_juin2013.pdf
3830,2271,ANGLA_juin2013.pdf,ESG/2013/Technique/14ED/ANGLA_juin2013.pdf
3831,2271,connmondecont_juin2013.pdf,ESG/2013/Technique/14ED/connmondecont_juin2013.pdf
3832,2271,educsanté_juin2013.pdf,ESG/2013/Technique/14ED/educsanté_juin2013.pdf
3833,2271,FRANC_juin2013.pdf,ESG/2013/Technique/14ED/FRANC_juin2013.pdf
3834,2271,geron_juin2013.pdf,ESG/2013/Technique/14ED/geron_juin2013.pdf
3835,2271,legisdeon_juin2013.pdf,ESG/2013/Technique/14ED/legisdeon_juin2013.pdf
3838,2271,pédamed_juin2013.pdf,ESG/2013/Technique/14ED/pédamed_juin2013.pdf
3839,2271,pédasoc_juin2013.pdf,ESG/2013/Technique/14ED/pédasoc_juin2013.pdf
3840,2271,pédaspé_juin2013.pdf,ESG/2013/Technique/14ED/pédaspé_juin2013.pdf
3837,2271,psycho_juin2013.pdf,ESG/2013/Technique/14ED/psycho_juin2013.pdf
3836,2271,psychopéda_juin2013.pdf,ESG/2013/Technique/14ED/psychopéda_juin2013.pdf
10388,2271,Thumbs.db,ESG/2013/Technique/14ED/Thumbs.db
2272,2263,14SL,ESG/2013/Technique/14SL
2273,2263,14SR,ESG/2013/Technique/14SR
10387,2273,Thumbs.db,ESG/2013/Technique/14SR/Thumbs.db
4500,2001,2014,ESG/2014
4501,4500,Technicien,ESG/2014/Technicien
4502,4501,TAG,ESG/2014/Technicien/TAG
16495,4502,13_T3AGAN_ACTAG_JUIN20140001.pdf,ESG/2014/Technicien/TAG/13_T3AGAN_ACTAG_JUIN20140001.pdf
16496,4502,13_TAGAN_AGRON1+2_JUIN20140001.pdf,ESG/2014/Technicien/TAG/13_TAGAN_AGRON1+2_JUIN20140001.pdf
16497,4502,13_TAGAN_ECORU1+2_JUIN20140001.pdf,ESG/2014/Technicien/TAG/13_TAGAN_ECORU1+2_JUIN20140001.pdf
16498,4502,13_TAGAN_TENAN_THRAN_CHIMI_JUIN20140001.pdf,ESG/2014/Technicien/TAG/13_TAGAN_TENAN_THRAN_CHIMI_JUIN20140001.pdf
16499,4502,13_TAGAN_TENAN_THRAN_MATHE_JUIN20140001.pdf,ESG/2014/Technicien/TAG/13_TAGAN_TENAN_THRAN_MATHE_JUIN20140001.pdf
16500,4502,13_TAGAN_TENAN_THRAN_MATHE_JUIN20140002.pdf,ESG/2014/Technicien/TAG/13_TAGAN_TENAN_THRAN_MATHE_JUIN20140002.pdf
16501,4502,13_TAGAN_TENAN_THRAN_PHYSI_JUIN20140001.pdf,ESG/2014/Technicien/TAG/13_TAGAN_TENAN_THRAN_PHYSI_JUIN20140001.pdf
16502,4502,13_TAGAN_ZOOTE.PRAT_JUIN20140001.pdf,ESG/2014/Technicien/TAG/13_TAGAN_ZOOTE.PRAT_JUIN20140001.pdf
16503,4502,13_TAGAN_ZOOTE1_JUIN20140001.pdf,ESG/2014/Technicien/TAG/13_TAGAN_ZOOTE1_JUIN20140001.pdf
16504,4502,13_TAGAN_ZOOTE2_JUIN20140001.pdf,ESG/2014/Technicien/TAG/13_TAGAN_ZOOTE2_JUIN20140001.pdf
16505,4502,13_TECHNICIEN_ANGLA_JUIN20140001.pdf,ESG/2014/Technicien/TAG/13_TECHNICIEN_ANGLA_JUIN20140001.pdf
16506,4502,13_TECHNICIEN_EDUCS_JUIN20140001.pdf,ESG/2014/Technicien/TAG/13_TECHNICIEN_EDUCS_JUIN20140001.pdf
16507,4502,13_TECHNICIEN_FRANC_JUIN20140001.pdf,ESG/2014/Technicien/TAG/13_TECHNICIEN_FRANC_JUIN20140001.pdf
16508,4502,13_TECHNICIEN_MATHE_JUIN20140001.pdf,ESG/2014/Technicien/TAG/13_TECHNICIEN_MATHE_JUIN20140001.pdf
16509,4502,13_TECHNICIEN_MATHE_JUIN20140002.pdf,ESG/2014/Technicien/TAG/13_TECHNICIEN_MATHE_JUIN20140002.pdf
16510,4502,EDUCS_JUIN.pdf,ESG/2014/Technicien/TAG/EDUCS_JUIN.pdf
4503,4501,TAU,ESG/2014/Technicien/TAU
16485,4503,13_TAUAN_PHOTR.PRAT_JUIN20140001.pdf,ESG/2014/Technicien/TAU/13_TAUAN_PHOTR.PRAT_JUIN20140001.pdf
16486,4503,13_TAUAN_VIDEO.PRAT_JUIN20140001.pdf,ESG/2014/Technicien/TAU/13_TAUAN_VIDEO.PRAT_JUIN20140001.pdf
16487,4503,13_TAUAN_VIDET.PRAT_JUIN20140001.pdf,ESG/2014/Technicien/TAU/13_TAUAN_VIDET.PRAT_JUIN20140001.pdf
16488,4503,13_TECHNICIEN_ANGLA_JUIN20140001.pdf,ESG/2014/Technicien/TAU/13_TECHNICIEN_ANGLA_JUIN20140001.pdf
16489,4503,13_TECHNICIEN_EDUCS_JUIN20140001.pdf,ESG/2014/Technicien/TAU/13_TECHNICIEN_EDUCS_JUIN20140001.pdf
16490,4503,13_TECHNICIEN_FRANC_JUIN20140001.pdf,ESG/2014/Technicien/TAU/13_TECHNICIEN_FRANC_JUIN20140001.pdf
16491,4503,13_TECHNICIEN_MATHE_JUIN20140001.pdf,ESG/2014/Technicien/TAU/13_TECHNICIEN_MATHE_JUIN20140001.pdf
16492,4503,13_TECHNICIEN_MATHE_JUIN20140002.pdf,ESG/2014/Technicien/TAU/13_TECHNICIEN_MATHE_JUIN20140002.pdf
16493,4503,13_TSAUAN_TAUAN_TDEAN_LAVI1_JUIN20140001.pdf,ESG/2014/Technicien/TAU/13_TSAUAN_TAUAN_TDEAN_LAVI1_JUIN20140001.pdf
16494,4503,EDUCS_JUIN.pdf,ESG/2014/Technicien/TAU/EDUCS_JUIN.pdf
4504,4501,TBA,ESG/2014/Technicien/TBA
16471,4504,13_TBAAN_ARCHI_JUIN20140001.pdf,ESG/2014/Technicien/TBA/13_TBAAN_ARCHI_JUIN20140001.pdf
16472,4504,13_TBAAN_CONBA_JUIN20140001.pdf,ESG/2014/Technicien/TBA/13_TBAAN_CONBA_JUIN20140001.pdf
16473,4504,13_TBAAN_TCCAN_TTPAN_CHIAP_JUIN20140001.pdf,ESG/2014/Technicien/TBA/13_TBAAN_TCCAN_TTPAN_CHIAP_JUIN20140001.pdf
16474,4504,13_TBAAN_TCCAN_TTPAN_LAMAC.ORAL_JUIN20140001.pdf,ESG/2014/Technicien/TBA/13_TBAAN_TCCAN_TTPAN_LAMAC.ORAL_JUIN20140001.pdf
16475,4504,13_TBAAN_TCCAN_TTPAN_LAMAC_JUIN20140001.pdf,ESG/2014/Technicien/TBA/13_TBAAN_TCCAN_TTPAN_LAMAC_JUIN20140001.pdf
16476,4504,13_TBAAN_TCCAN_TTPAN_TOPOG_JUIN20140001.pdf,ESG/2014/Technicien/TBA/13_TBAAN_TCCAN_TTPAN_TOPOG_JUIN20140001.pdf
16477,4504,13_TBAAN_TCCAN_TTPAN_TOPOG_JUIN20140002.pdf,ESG/2014/Technicien/TBA/13_TBAAN_TCCAN_TTPAN_TOPOG_JUIN20140002.pdf
16478,4504,13_TBAAN_TCCAN_TTPAN_URBAN_JUIN20140001.pdf,ESG/2014/Technicien/TBA/13_TBAAN_TCCAN_TTPAN_URBAN_JUIN20140001.pdf
16479,4504,13_TECHNICIEN_ANGLA_JUIN20140001.pdf,ESG/2014/Technicien/TBA/13_TECHNICIEN_ANGLA_JUIN20140001.pdf
16480,4504,13_TECHNICIEN_EDUCS_JUIN20140001.pdf,ESG/2014/Technicien/TBA/13_TECHNICIEN_EDUCS_JUIN20140001.pdf
16481,4504,13_TECHNICIEN_FRANC_JUIN20140001.pdf,ESG/2014/Technicien/TBA/13_TECHNICIEN_FRANC_JUIN20140001.pdf
16482,4504,13_TECHNICIEN_MATHE_JUIN20140001.pdf,ESG/2014/Technicien/TBA/13_TECHNICIEN_MATHE_JUIN20140001.pdf
16483,4504,13_TECHNICIEN_MATHE_JUIN20140002.pdf,ESG/2014/Technicien/TBA/13_TECHNICIEN_MATHE_JUIN20140002.pdf
16484,4504,EDUCS_JUIN.pdf,ESG/2014/Technicien/TBA/EDUCS_JUIN.pdf
4505,4501,TCC,ESG/2014/Technicien/TCC
16463,4505,13_TCCAN_STAAP_JUIN20140001.pdf,ESG/2014/Technicien/TCC/13_TCCAN_STAAP_JUIN20140001.pdf
16464,4505,13_TCCAN_TTPAN_CHANT_JUIN20140001.pdf,ESG/2014/Technicien/TCC/13_TCCAN_TTPAN_CHANT_JUIN20140001.pdf
16465,4505,13_TECHNICIEN_ANGLA_JUIN20140001.pdf,ESG/2014/Technicien/TCC/13_TECHNICIEN_ANGLA_JUIN20140001.pdf
16466,4505,13_TECHNICIEN_EDUCS_JUIN20140001.pdf,ESG/2014/Technicien/TCC/13_TECHNICIEN_EDUCS_JUIN20140001.pdf
16467,4505,13_TECHNICIEN_FRANC_JUIN20140001.pdf,ESG/2014/Technicien/TCC/13_TECHNICIEN_FRANC_JUIN20140001.pdf
16468,4505,13_TECHNICIEN_MATHE_JUIN20140001.pdf,ESG/2014/Technicien/TCC/13_TECHNICIEN_MATHE_JUIN20140001.pdf
16469,4505,13_TECHNICIEN_MATHE_JUIN20140002.pdf,ESG/2014/Technicien/TCC/13_TECHNICIEN_MATHE_JUIN20140002.pdf
16470,4505,EDUCS_JUIN.pdf,ESG/2014/Technicien/TCC/EDUCS_JUIN.pdf
4506,4501,TCH,ESG/2014/Technicien/TCH
16442,4506,13_TCHAN_BIOTE_JUIN20140001.pdf,ESG/2014/Technicien/TCH/13_TCHAN_BIOTE_JUIN20140001.pdf
16443,4506,13_TCHAN_CHIMN_JUIN20140001.pdf,ESG/2014/Technicien/TCH/13_TCHAN_CHIMN_JUIN20140001.pdf
16444,4506,13_TCHAN_CHIMO1_JUIN20140001.pdf,ESG/2014/Technicien/TCH/13_TCHAN_CHIMO1_JUIN20140001.pdf
16445,4506,13_TCHAN_CHIMO2_JUIN20140001.pdf,ESG/2014/Technicien/TCH/13_TCHAN_CHIMO2_JUIN20140001.pdf
16446,4506,13_TCHAN_CHIMO3_JUIN20140001.pdf,ESG/2014/Technicien/TCH/13_TCHAN_CHIMO3_JUIN20140001.pdf
16447,4506,13_TCHAN_CHIPH_JUIN20140001.pdf,ESG/2014/Technicien/TCH/13_TCHAN_CHIPH_JUIN20140001.pdf
16448,4506,13_TCHAN_MEAPC_JUIN20140001.pdf,ESG/2014/Technicien/TCH/13_TCHAN_MEAPC_JUIN20140001.pdf
16449,4506,13_TCHAN_PHYSI_JUIN20140001.pdf,ESG/2014/Technicien/TCH/13_TCHAN_PHYSI_JUIN20140001.pdf
16450,4506,13_TCHAN_TPCHI.ANALY.Q1_JUIN20140001.pdf,ESG/2014/Technicien/TCH/13_TCHAN_TPCHI.ANALY.Q1_JUIN20140001.pdf
16451,4506,13_TCHAN_TPCHI.ANALY.Q2_JUIN20140001.pdf,ESG/2014/Technicien/TCH/13_TCHAN_TPCHI.ANALY.Q2_JUIN20140001.pdf
16452,4506,13_TCHAN_TPCHI.ANALY.Q3_JUIN20140001.pdf,ESG/2014/Technicien/TCH/13_TCHAN_TPCHI.ANALY.Q3_JUIN20140001.pdf
16453,4506,13_TCHAN_TPCHI.ANALY.Q4_JUIN20140001.pdf,ESG/2014/Technicien/TCH/13_TCHAN_TPCHI.ANALY.Q4_JUIN20140001.pdf
16454,4506,13_TCHAN_TPCHI.ANALY.Q5_JUIN20140001.pdf,ESG/2014/Technicien/TCH/13_TCHAN_TPCHI.ANALY.Q5_JUIN20140001.pdf
16455,4506,13_TCHAN_TPCHI.ANALY.Q60001.pdf,ESG/2014/Technicien/TCH/13_TCHAN_TPCHI.ANALY.Q60001.pdf
16456,4506,13_TCHAN_TPCHI.ORG.Q1_JUIN20140001.pdf,ESG/2014/Technicien/TCH/13_TCHAN_TPCHI.ORG.Q1_JUIN20140001.pdf
16457,4506,13_TECHNICIEN_ANGLA_JUIN20140001.pdf,ESG/2014/Technicien/TCH/13_TECHNICIEN_ANGLA_JUIN20140001.pdf
16458,4506,13_TECHNICIEN_EDUCS_JUIN20140001.pdf,ESG/2014/Technicien/TCH/13_TECHNICIEN_EDUCS_JUIN20140001.pdf
16459,4506,13_TECHNICIEN_FRANC_JUIN20140001.pdf,ESG/2014/Technicien/TCH/13_TECHNICIEN_FRANC_JUIN20140001.pdf
16460,4506,13_TECHNICIEN_MATHE_JUIN20140001.pdf,ESG/2014/Technicien/TCH/13_TECHNICIEN_MATHE_JUIN20140001.pdf
16461,4506,13_TECHNICIEN_MATHE_JUIN20140002.pdf,ESG/2014/Technicien/TCH/13_TECHNICIEN_MATHE_JUIN20140002.pdf
16462,4506,EDUCS_JUIN.pdf,ESG/2014/Technicien/TCH/EDUCS_JUIN.pdf
4507,4501,TCMAN,ESG/2014/Technicien/TCMAN
16431,4507,4 ECRIT QUESTIONNAIRE - ALLEM.pdf,ESG/2014/Technicien/TCMAN/4 ECRIT QUESTIONNAIRE - ALLEM.pdf
16432,4507,ALLEM_FR_ECRIT QUESTIONNAIRE.pdf,ESG/2014/Technicien/TCMAN/ALLEM_FR_ECRIT QUESTIONNAIRE.pdf
16433,4507,ALLEM_JUIN.pdf,ESG/2014/Technicien/TCMAN/ALLEM_JUIN.pdf
16434,4507,ANGLA_JUIN.pdf,ESG/2014/Technicien/TCMAN/ANGLA_JUIN.pdf
16435,4507,COMGE1_JUIN.pdf,ESG/2014/Technicien/TCMAN/COMGE1_JUIN.pdf
16436,4507,COMGE2_JUIN.pdf,ESG/2014/Technicien/TCMAN/COMGE2_JUIN.pdf
16437,4507,COPOR_JUIN.pdf,ESG/2014/Technicien/TCMAN/COPOR_JUIN.pdf
16438,4507,ECOPO_JUIN.pdf,ESG/2014/Technicien/TCMAN/ECOPO_JUIN.pdf
16439,4507,EDUCS_JUIN.pdf,ESG/2014/Technicien/TCMAN/EDUCS_JUIN.pdf
16440,4507,FRANC_JUIN.pdf,ESG/2014/Technicien/TCMAN/FRANC_JUIN.pdf
16441,4507,GESEN_JUIN.pdf,ESG/2014/Technicien/TCMAN/GESEN_JUIN.pdf
4508,4501,TDE,ESG/2014/Technicien/TDE
16421,4508,13_TDEAN_DESAO.PRAT_JUIN20140001.pdf,ESG/2014/Technicien/TDE/13_TDEAN_DESAO.PRAT_JUIN20140001.pdf
16422,4508,13_TDEAN_INFMA.PRAT_JUIN20140001.pdf,ESG/2014/Technicien/TDE/13_TDEAN_INFMA.PRAT_JUIN20140001.pdf
16423,4508,13_TDEAN_MODMA.PRAT_JUIN20140001.pdf,ESG/2014/Technicien/TDE/13_TDEAN_MODMA.PRAT_JUIN20140001.pdf
16424,4508,13_TECHNICIEN_ANGLA_JUIN20140001.pdf,ESG/2014/Technicien/TDE/13_TECHNICIEN_ANGLA_JUIN20140001.pdf
16425,4508,13_TECHNICIEN_EDUCS_JUIN20140001.pdf,ESG/2014/Technicien/TDE/13_TECHNICIEN_EDUCS_JUIN20140001.pdf
16426,4508,13_TECHNICIEN_FRANC_JUIN20140001.pdf,ESG/2014/Technicien/TDE/13_TECHNICIEN_FRANC_JUIN20140001.pdf
16427,4508,13_TECHNICIEN_MATHE_JUIN20140001.pdf,ESG/2014/Technicien/TDE/13_TECHNICIEN_MATHE_JUIN20140001.pdf
16428,4508,13_TECHNICIEN_MATHE_JUIN20140002.pdf,ESG/2014/Technicien/TDE/13_TECHNICIEN_MATHE_JUIN20140002.pdf
16429,4508,13_TSAUAN_TAUAN_TDEAN_LAVI1_JUIN20140001.pdf,ESG/2014/Technicien/TDE/13_TSAUAN_TAUAN_TDEAN_LAVI1_JUIN20140001.pdf
16430,4508,EDUCS_JUIN.pdf,ESG/2014/Technicien/TDE/EDUCS_JUIN.pdf
4509,4501,TEC,ESG/2014/Technicien/TEC
16411,4509,13_TECAN_INFAP_JUIN20140001.pdf,ESG/2014/Technicien/TEC/13_TECAN_INFAP_JUIN20140001.pdf
16412,4509,13_TECAN_TECAV_JUIN20140001.pdf,ESG/2014/Technicien/TEC/13_TECAN_TECAV_JUIN20140001.pdf
16413,4509,13_TECAN_TELCO_JUIN20140001.pdf,ESG/2014/Technicien/TEC/13_TECAN_TELCO_JUIN20140001.pdf
16414,4509,13_TECAN_TRANS_JUIN20140001.pdf,ESG/2014/Technicien/TEC/13_TECAN_TRANS_JUIN20140001.pdf
16415,4509,13_TECHNICIEN_ANGLA_JUIN20140001.pdf,ESG/2014/Technicien/TEC/13_TECHNICIEN_ANGLA_JUIN20140001.pdf
16416,4509,13_TECHNICIEN_EDUCS_JUIN20140001.pdf,ESG/2014/Technicien/TEC/13_TECHNICIEN_EDUCS_JUIN20140001.pdf
16417,4509,13_TECHNICIEN_FRANC_JUIN20140001.pdf,ESG/2014/Technicien/TEC/13_TECHNICIEN_FRANC_JUIN20140001.pdf
16418,4509,13_TECHNICIEN_MATHE_JUIN20140001.pdf,ESG/2014/Technicien/TEC/13_TECHNICIEN_MATHE_JUIN20140001.pdf
16419,4509,13_TECHNICIEN_MATHE_JUIN20140002.pdf,ESG/2014/Technicien/TEC/13_TECHNICIEN_MATHE_JUIN20140002.pdf
16420,4509,EDUCS_JUIN.pdf,ESG/2014/Technicien/TEC/EDUCS_JUIN.pdf
4510,4501,TECF,ESG/2014/Technicien/TECF
16410,4510,13_TECF_TECAV_JUIN20140001.pdf,ESG/2014/Technicien/TECF/13_TECF_TECAV_JUIN20140001.pdf
16408,4510,13_TECFAN_INFAP_JUIN20140001.pdf,ESG/2014/Technicien/TECF/13_TECFAN_INFAP_JUIN20140001.pdf
16409,4510,13_TECFAN_MICEL_JUIN20140001.pdf,ESG/2014/Technicien/TECF/13_TECFAN_MICEL_JUIN20140001.pdf
4511,4501,TEE,ESG/2014/Technicien/TEE
16398,4511,13_TECHNICIEN_ANGLA_JUIN20140001.pdf,ESG/2014/Technicien/TEE/13_TECHNICIEN_ANGLA_JUIN20140001.pdf
16399,4511,13_TECHNICIEN_EDUCS_JUIN20140001.pdf,ESG/2014/Technicien/TEE/13_TECHNICIEN_EDUCS_JUIN20140001.pdf
16400,4511,13_TECHNICIEN_FRANC_JUIN20140001.pdf,ESG/2014/Technicien/TEE/13_TECHNICIEN_FRANC_JUIN20140001.pdf
16401,4511,13_TECHNICIEN_MATHE_JUIN20140001.pdf,ESG/2014/Technicien/TEE/13_TECHNICIEN_MATHE_JUIN20140001.pdf
16402,4511,13_TECHNICIEN_MATHE_JUIN20140002.pdf,ESG/2014/Technicien/TEE/13_TECHNICIEN_MATHE_JUIN20140002.pdf
16403,4511,13_TEEAN_AUTOM_JUIN20140001.pdf,ESG/2014/Technicien/TEE/13_TEEAN_AUTOM_JUIN20140001.pdf
16404,4511,13_TEEAN_ELETE_JUIN20140001.pdf,ESG/2014/Technicien/TEE/13_TEEAN_ELETE_JUIN20140001.pdf
16405,4511,13_TEEAN_MACEL_JUIN20140001.pdf,ESG/2014/Technicien/TEE/13_TEEAN_MACEL_JUIN20140001.pdf
16406,4511,13_TEEAN_TECEN_JUIN20140001.pdf,ESG/2014/Technicien/TEE/13_TEEAN_TECEN_JUIN20140001.pdf
16407,4511,EDUCS_JUIN.pdf,ESG/2014/Technicien/TEE/EDUCS_JUIN.pdf
4512,4501,TEN,ESG/2014/Technicien/TEN
16383,4512,13_T3ENAN_ECOLF1_JUIN20140001.pdf,ESG/2014/Technicien/TEN/13_T3ENAN_ECOLF1_JUIN20140001.pdf
16384,4512,13_T3ENAN_ECOLF2_JUIN20140001.pdf,ESG/2014/Technicien/TEN/13_T3ENAN_ECOLF2_JUIN20140001.pdf
16385,4512,13_T3ENAN_ETENV1_JUIN20140001.pdf,ESG/2014/Technicien/TEN/13_T3ENAN_ETENV1_JUIN20140001.pdf
16386,4512,13_TECHNICIEN_ANGLA_JUIN20140001.pdf,ESG/2014/Technicien/TEN/13_TECHNICIEN_ANGLA_JUIN20140001.pdf
16387,4512,13_TECHNICIEN_EDUCS_JUIN20140001.pdf,ESG/2014/Technicien/TEN/13_TECHNICIEN_EDUCS_JUIN20140001.pdf
16388,4512,13_TECHNICIEN_FRANC_JUIN20140001.pdf,ESG/2014/Technicien/TEN/13_TECHNICIEN_FRANC_JUIN20140001.pdf
16389,4512,13_TECHNICIEN_MATHE_JUIN20140001.pdf,ESG/2014/Technicien/TEN/13_TECHNICIEN_MATHE_JUIN20140001.pdf
16390,4512,13_TECHNICIEN_MATHE_JUIN20140002.pdf,ESG/2014/Technicien/TEN/13_TECHNICIEN_MATHE_JUIN20140002.pdf
16396,4512,13_TEN_ETFOR1_JUIN20140001.pdf,ESG/2014/Technicien/TEN/13_TEN_ETFOR1_JUIN20140001.pdf
16391,4512,13_TENAN_ETENV2_JUIN20140001.pdf,ESG/2014/Technicien/TEN/13_TENAN_ETENV2_JUIN20140001.pdf
16392,4512,13_TENAN_ETFOR2_JUIN20140001.pdf,ESG/2014/Technicien/TEN/13_TENAN_ETFOR2_JUIN20140001.pdf
16393,4512,13_TENAN_MECAN.PRAT_JUIN20140001.pdf,ESG/2014/Technicien/TEN/13_TENAN_MECAN.PRAT_JUIN20140001.pdf
16394,4512,13_TENAN_MECAN_JUIN20140001.pdf,ESG/2014/Technicien/TEN/13_TENAN_MECAN_JUIN20140001.pdf
16395,4512,13_TENAN_TPOE.PRAT_JUIN20140001.pdf,ESG/2014/Technicien/TEN/13_TENAN_TPOE.PRAT_JUIN20140001.pdf
16397,4512,EDUCS_JUIN.pdf,ESG/2014/Technicien/TEN/EDUCS_JUIN.pdf
4513,4501,THO,ESG/2014/Technicien/THO
16375,4513,13_HOTELLERIE_TECGE_JUIN20140001.pdf,ESG/2014/Technicien/THO/13_HOTELLERIE_TECGE_JUIN20140001.pdf
16381,4513,13_THO_BOOEN_JUIN20140001.pdf,ESG/2014/Technicien/THO/13_THO_BOOEN_JUIN20140001.pdf
16376,4513,13_THOAN_COMGE_JUIN20140001.pdf,ESG/2014/Technicien/THO/13_THOAN_COMGE_JUIN20140001.pdf
16377,4513,13_THOAN_EDUCS.LEG_JUIN20140001.pdf,ESG/2014/Technicien/THO/13_THOAN_EDUCS.LEG_JUIN20140001.pdf
16378,4513,13_THOAN_TEREC1(TOUPU)_JUIN20140001.pdf,ESG/2014/Technicien/THO/13_THOAN_TEREC1(TOUPU)_JUIN20140001.pdf
16379,4513,13_THOAN_TEREC2_JUIN20140001.pdf,ESG/2014/Technicien/THO/13_THOAN_TEREC2_JUIN20140001.pdf
16380,4513,13_THOAN_TTOAN_INFOR_JUIN20140001.pdf,ESG/2014/Technicien/THO/13_THOAN_TTOAN_INFOR_JUIN20140001.pdf
16382,4513,EDUCS_JUIN.pdf,ESG/2014/Technicien/THO/EDUCS_JUIN.pdf
4514,4501,THR,ESG/2014/Technicien/THR
16361,4514,13_TECHNICIEN_ANGLA_JUIN20140001.pdf,ESG/2014/Technicien/THR/13_TECHNICIEN_ANGLA_JUIN20140001.pdf
16362,4514,13_TECHNICIEN_EDUCS_JUIN20140001.pdf,ESG/2014/Technicien/THR/13_TECHNICIEN_EDUCS_JUIN20140001.pdf
16363,4514,13_TECHNICIEN_FRANC_JUIN20140001.pdf,ESG/2014/Technicien/THR/13_TECHNICIEN_FRANC_JUIN20140001.pdf
16364,4514,13_TECHNICIEN_MATHE_JUIN20140001.pdf,ESG/2014/Technicien/THR/13_TECHNICIEN_MATHE_JUIN20140001.pdf
16365,4514,13_TECHNICIEN_MATHE_JUIN20140002.pdf,ESG/2014/Technicien/THR/13_TECHNICIEN_MATHE_JUIN20140002.pdf
16366,4514,13_THRAN_ATPRH.PRAT_JUIN20140001.pdf,ESG/2014/Technicien/THR/13_THRAN_ATPRH.PRAT_JUIN20140001.pdf
16367,4514,13_THRAN_ATPSE1.PRAT_JUIN20140001.pdf,ESG/2014/Technicien/THR/13_THRAN_ATPSE1.PRAT_JUIN20140001.pdf
16368,4514,13_THRAN_ATPSE2.PRAT_JUIN20140001.pdf,ESG/2014/Technicien/THR/13_THRAN_ATPSE2.PRAT_JUIN20140001.pdf
16369,4514,13_THRAN_ECOGE1_JUIN20140001.pdf,ESG/2014/Technicien/THR/13_THRAN_ECOGE1_JUIN20140001.pdf
16370,4514,13_THRAN_ECOGE2_JUIN20140001.pdf,ESG/2014/Technicien/THR/13_THRAN_ECOGE2_JUIN20140001.pdf
16371,4514,13_THRAN_STHOR1_JUIN20140001.pdf,ESG/2014/Technicien/THR/13_THRAN_STHOR1_JUIN20140001.pdf
16372,4514,13_THRAN_STHOR1_JUIN20140002.pdf,ESG/2014/Technicien/THR/13_THRAN_STHOR1_JUIN20140002.pdf
16373,4514,13_THRAN_STHOR2_JUIN20140001.pdf,ESG/2014/Technicien/THR/13_THRAN_STHOR2_JUIN20140001.pdf
16374,4514,EDUCS_JUIN.pdf,ESG/2014/Technicien/THR/EDUCS_JUIN.pdf
4515,4501,TIF,ESG/2014/Technicien/TIF
16346,4515,13_TECHNICIEN_ANGLA_JUIN20140001.pdf,ESG/2014/Technicien/TIF/13_TECHNICIEN_ANGLA_JUIN20140001.pdf
16347,4515,13_TECHNICIEN_EDUCS_JUIN20140001.pdf,ESG/2014/Technicien/TIF/13_TECHNICIEN_EDUCS_JUIN20140001.pdf
16348,4515,13_TECHNICIEN_FRANC_JUIN20140001.pdf,ESG/2014/Technicien/TIF/13_TECHNICIEN_FRANC_JUIN20140001.pdf
16349,4515,13_TECHNICIEN_MATHE_JUIN20140001.pdf,ESG/2014/Technicien/TIF/13_TECHNICIEN_MATHE_JUIN20140001.pdf
16350,4515,13_TECHNICIEN_MATHE_JUIN20140002.pdf,ESG/2014/Technicien/TIF/13_TECHNICIEN_MATHE_JUIN20140002.pdf
16359,4515,13_TIF_INFAP_JUIN20140001.pdf,ESG/2014/Technicien/TIF/13_TIF_INFAP_JUIN20140001.pdf
16351,4515,13_TIFAN_ARCOR_JUIN20140001.pdf,ESG/2014/Technicien/TIF/13_TIFAN_ARCOR_JUIN20140001.pdf
16352,4515,13_TIFAN_ARCOR_JUIN20140002.pdf,ESG/2014/Technicien/TIF/13_TIFAN_ARCOR_JUIN20140002.pdf
16353,4515,13_TIFAN_INFGE_JUIN20140001.pdf,ESG/2014/Technicien/TIF/13_TIFAN_INFGE_JUIN20140001.pdf
16354,4515,13_TIFAN_INFGE_JUIN20140002.pdf,ESG/2014/Technicien/TIF/13_TIFAN_INFGE_JUIN20140002.pdf
16355,4515,13_TIFAN_INFIN_JUIN20140001.pdf,ESG/2014/Technicien/TIF/13_TIFAN_INFIN_JUIN20140001.pdf
16356,4515,13_TIFAN_SYSEX_JUIN20140001.pdf,ESG/2014/Technicien/TIF/13_TIFAN_SYSEX_JUIN20140001.pdf
16357,4515,13_TIFAN_TECMU_JUIN20140001.pdf,ESG/2014/Technicien/TIF/13_TIFAN_TECMU_JUIN20140001.pdf
16358,4515,13_TIFAN_TEINF_JUIN20140001.pdf,ESG/2014/Technicien/TIF/13_TIFAN_TEINF_JUIN20140001.pdf
16360,4515,EDUCS_JUIN.pdf,ESG/2014/Technicien/TIF/EDUCS_JUIN.pdf
4516,4501,TMA,ESG/2014/Technicien/TMA
16332,4516,13_T3MAAN_EPINT2_JUIN20140001.pdf,ESG/2014/Technicien/TMA/13_T3MAAN_EPINT2_JUIN20140001.pdf
16333,4516,13_TECHNICIEN_ANGLA_JUIN20140001.pdf,ESG/2014/Technicien/TMA/13_TECHNICIEN_ANGLA_JUIN20140001.pdf
16334,4516,13_TECHNICIEN_EDUCS_JUIN20140001.pdf,ESG/2014/Technicien/TMA/13_TECHNICIEN_EDUCS_JUIN20140001.pdf
16335,4516,13_TECHNICIEN_FRANC_JUIN20140001.pdf,ESG/2014/Technicien/TMA/13_TECHNICIEN_FRANC_JUIN20140001.pdf
16336,4516,13_TECHNICIEN_MATHE_JUIN20140001.pdf,ESG/2014/Technicien/TMA/13_TECHNICIEN_MATHE_JUIN20140001.pdf
16337,4516,13_TECHNICIEN_MATHE_JUIN20140002.pdf,ESG/2014/Technicien/TMA/13_TECHNICIEN_MATHE_JUIN20140002.pdf
16338,4516,13_TMAAN_CHACA_JUIN20140001.pdf,ESG/2014/Technicien/TMA/13_TMAAN_CHACA_JUIN20140001.pdf
16339,4516,13_TMAAN_CONSE_JUIN20140001.pdf,ESG/2014/Technicien/TMA/13_TMAAN_CONSE_JUIN20140001.pdf
16340,4516,13_TMAAN_EPINT1_JUIN20140001.pdf,ESG/2014/Technicien/TMA/13_TMAAN_EPINT1_JUIN20140001.pdf
16341,4516,13_TMAAN_SYALL_JUIN20140001.pdf,ESG/2014/Technicien/TMA/13_TMAAN_SYALL_JUIN20140001.pdf
16342,4516,13_TMAAN_SYCAR_JUIN20140001.pdf,ESG/2014/Technicien/TMA/13_TMAAN_SYCAR_JUIN20140001.pdf
16343,4516,13_TMAAN_SYCAR_JUIN20140002.pdf,ESG/2014/Technicien/TMA/13_TMAAN_SYCAR_JUIN20140002.pdf
16344,4516,13_TMAAN_TRANS_JUIN20140001.pdf,ESG/2014/Technicien/TMA/13_TMAAN_TRANS_JUIN20140001.pdf
16345,4516,EDUCS_JUIN.pdf,ESG/2014/Technicien/TMA/EDUCS_JUIN.pdf
4517,4501,TMG,ESG/2014/Technicien/TMG
16316,4517,13_TECHNICIEN_ANGLA_JUIN20140001.pdf,ESG/2014/Technicien/TMG/13_TECHNICIEN_ANGLA_JUIN20140001.pdf
16317,4517,13_TECHNICIEN_EDUCS_JUIN20140001.pdf,ESG/2014/Technicien/TMG/13_TECHNICIEN_EDUCS_JUIN20140001.pdf
16318,4517,13_TECHNICIEN_FRANC_JUIN20140001.pdf,ESG/2014/Technicien/TMG/13_TECHNICIEN_FRANC_JUIN20140001.pdf
16319,4517,13_TECHNICIEN_MATHE_JUIN20140001.pdf,ESG/2014/Technicien/TMG/13_TECHNICIEN_MATHE_JUIN20140001.pdf
16320,4517,13_TECHNICIEN_MATHE_JUIN20140002.pdf,ESG/2014/Technicien/TMG/13_TECHNICIEN_MATHE_JUIN20140002.pdf
16321,4517,13_TMGAN_ASSER.PRAT_JUIN20140001 - Copy.pdf,ESG/2014/Technicien/TMG/13_TMGAN_ASSER.PRAT_JUIN20140001 - Copy.pdf
16322,4517,13_TMGAN_ASSER.PRAT_JUIN20140001.pdf,ESG/2014/Technicien/TMG/13_TMGAN_ASSER.PRAT_JUIN20140001.pdf
16323,4517,13_TMGAN_ASSER1_JUIN20140001 - Copy.pdf,ESG/2014/Technicien/TMG/13_TMGAN_ASSER1_JUIN20140001 - Copy.pdf
16324,4517,13_TMGAN_ASSER1_JUIN20140001.pdf,ESG/2014/Technicien/TMG/13_TMGAN_ASSER1_JUIN20140001.pdf
16325,4517,13_TMGAN_ASSER2_JUIN20140001 - Copy.pdf,ESG/2014/Technicien/TMG/13_TMGAN_ASSER2_JUIN20140001 - Copy.pdf
16326,4517,13_TMGAN_ASSER2_JUIN20140001.pdf,ESG/2014/Technicien/TMG/13_TMGAN_ASSER2_JUIN20140001.pdf
16327,4517,13_TMGAN_CAMEC_JUIN20140001 - Copy.pdf,ESG/2014/Technicien/TMG/13_TMGAN_CAMEC_JUIN20140001 - Copy.pdf
16328,4517,13_TMGAN_CAMEC_JUIN20140001.pdf,ESG/2014/Technicien/TMG/13_TMGAN_CAMEC_JUIN20140001.pdf
16329,4517,13_TMGAN_TECNO1_JUIN20140001.pdf,ESG/2014/Technicien/TMG/13_TMGAN_TECNO1_JUIN20140001.pdf
16330,4517,13_TMGAN_TECNO2_JUIN20140001.pdf,ESG/2014/Technicien/TMG/13_TMGAN_TECNO2_JUIN20140001.pdf
16331,4517,EDUCS_JUIN.pdf,ESG/2014/Technicien/TMG/EDUCS_JUIN.pdf
4518,4501,TSA,ESG/2014/Technicien/TSA
16304,4518,13_TECHNICIEN_ANGLA_JUIN20140001.pdf,ESG/2014/Technicien/TSA/13_TECHNICIEN_ANGLA_JUIN20140001.pdf
16305,4518,13_TECHNICIEN_EDUCS_JUIN20140001.pdf,ESG/2014/Technicien/TSA/13_TECHNICIEN_EDUCS_JUIN20140001.pdf
16306,4518,13_TECHNICIEN_FRANC_JUIN20140001.pdf,ESG/2014/Technicien/TSA/13_TECHNICIEN_FRANC_JUIN20140001.pdf
16307,4518,13_TECHNICIEN_MATHE_JUIN20140001.pdf,ESG/2014/Technicien/TSA/13_TECHNICIEN_MATHE_JUIN20140001.pdf
16308,4518,13_TECHNICIEN_MATHE_JUIN20140002.pdf,ESG/2014/Technicien/TSA/13_TECHNICIEN_MATHE_JUIN20140002.pdf
16309,4518,13_TSAAN_IMPPR.PRAT_JUIN20140001.pdf,ESG/2014/Technicien/TSA/13_TSAAN_IMPPR.PRAT_JUIN20140001.pdf
16310,4518,13_TSAAN_PEINT.PRAT_JUIN20140001.pdf,ESG/2014/Technicien/TSA/13_TSAAN_PEINT.PRAT_JUIN20140001.pdf
16311,4518,13_TSAAN_SCUDE.PRAT_JUIN20140001.pdf,ESG/2014/Technicien/TSA/13_TSAAN_SCUDE.PRAT_JUIN20140001.pdf
16312,4518,13_TSAAN_TAUAN_TDEAN_COMCA_JUIN20140001.pdf,ESG/2014/Technicien/TSA/13_TSAAN_TAUAN_TDEAN_COMCA_JUIN20140001.pdf
16313,4518,13_TSAAN_TAUAN_TDEAN_MATHA_JUIN20140001.pdf,ESG/2014/Technicien/TSA/13_TSAAN_TAUAN_TDEAN_MATHA_JUIN20140001.pdf
16314,4518,13_TSAUAN_TAUAN_TDEAN_LAVI1_JUIN20140001.pdf,ESG/2014/Technicien/TSA/13_TSAUAN_TAUAN_TDEAN_LAVI1_JUIN20140001.pdf
16315,4518,EDUCS_JUIN.pdf,ESG/2014/Technicien/TSA/EDUCS_JUIN.pdf
4519,4501,TSG,ESG/2014/Technicien/TSG
16298,4519,13_TECHNICIEN_ANGLA_JUIN20140001.pdf,ESG/2014/Technicien/TSG/13_TECHNICIEN_ANGLA_JUIN20140001.pdf
16299,4519,13_TECHNICIEN_EDUCS_JUIN20140001.pdf,ESG/2014/Technicien/TSG/13_TECHNICIEN_EDUCS_JUIN20140001.pdf
16300,4519,13_TECHNICIEN_FRANC_JUIN20140001.pdf,ESG/2014/Technicien/TSG/13_TECHNICIEN_FRANC_JUIN20140001.pdf
16301,4519,13_TECHNICIEN_MATHE_JUIN20140001.pdf,ESG/2014/Technicien/TSG/13_TECHNICIEN_MATHE_JUIN20140001.pdf
16302,4519,13_TECHNICIEN_MATHE_JUIN20140002.pdf,ESG/2014/Technicien/TSG/13_TECHNICIEN_MATHE_JUIN20140002.pdf
16303,4519,EDUCS_JUIN.pdf,ESG/2014/Technicien/TSG/EDUCS_JUIN.pdf
4520,4501,TTO,ESG/2014/Technicien/TTO
16283,4520,13_TTOAN_COMGE_JUIN20140001.pdf,ESG/2014/Technicien/TTO/13_TTOAN_COMGE_JUIN20140001.pdf
16284,4520,13_TTOAN_EDUCS.CIV_JUIN20140001.pdf,ESG/2014/Technicien/TTO/13_TTOAN_EDUCS.CIV_JUIN20140001.pdf
16285,4520,13_TTOAN_EDUCS.LEG_JUIN20140001.pdf,ESG/2014/Technicien/TTO/13_TTOAN_EDUCS.LEG_JUIN20140001.pdf
16286,4520,13_TTOAN_HIGEO.GEO_JUIN20140001.pdf,ESG/2014/Technicien/TTO/13_TTOAN_HIGEO.GEO_JUIN20140001.pdf
16287,4520,13_TTOAN_HIGEO.HISDELART_JUIN20140001.pdf,ESG/2014/Technicien/TTO/13_TTOAN_HIGEO.HISDELART_JUIN20140001.pdf
16288,4520,13_TTOAN_TECGE_JUIN20140001.pdf,ESG/2014/Technicien/TTO/13_TTOAN_TECGE_JUIN20140001.pdf
16289,4520,13_TTOAN_TETOU_JUIN20140001.pdf,ESG/2014/Technicien/TTO/13_TTOAN_TETOU_JUIN20140001.pdf
16290,4520,13_TTOAN_TETOU_JUIN20140002.pdf,ESG/2014/Technicien/TTO/13_TTOAN_TETOU_JUIN20140002.pdf
16291,4520,13_TTOAN_THOAN_ALLEM_JUIN20140001.pdf,ESG/2014/Technicien/TTO/13_TTOAN_THOAN_ALLEM_JUIN20140001.pdf
16292,4520,13_TTOAN_THOAN_ANGLA_JUIN20140001.pdf,ESG/2014/Technicien/TTO/13_TTOAN_THOAN_ANGLA_JUIN20140001.pdf
16293,4520,13_TTOAN_THOAN_ESPAG_JUIN20140001.pdf,ESG/2014/Technicien/TTO/13_TTOAN_THOAN_ESPAG_JUIN20140001.pdf
16294,4520,13_TTOAN_THOAN_FRANC_JUIN20140001.pdf,ESG/2014/Technicien/TTO/13_TTOAN_THOAN_FRANC_JUIN20140001.pdf
16295,4520,13_TTOAN_THOAN_ITALI_JUIN20140001.pdf,ESG/2014/Technicien/TTO/13_TTOAN_THOAN_ITALI_JUIN20140001.pdf
16296,4520,13_TTOAN_THOAN_MATHA_JUIN20140001.pdf,ESG/2014/Technicien/TTO/13_TTOAN_THOAN_MATHA_JUIN20140001.pdf
16297,4520,EDUCS_JUIN.pdf,ESG/2014/Technicien/TTO/EDUCS_JUIN.pdf
4521,4501,TTP,ESG/2014/Technicien/TTP
16276,4521,13_TECHNICIEN_ANGLA_JUIN20140001.pdf,ESG/2014/Technicien/TTP/13_TECHNICIEN_ANGLA_JUIN20140001.pdf
16277,4521,13_TECHNICIEN_EDUCS_JUIN20140001.pdf,ESG/2014/Technicien/TTP/13_TECHNICIEN_EDUCS_JUIN20140001.pdf
16278,4521,13_TECHNICIEN_FRANC_JUIN20140001.pdf,ESG/2014/Technicien/TTP/13_TECHNICIEN_FRANC_JUIN20140001.pdf
16279,4521,13_TECHNICIEN_MATHE_JUIN20140001.pdf,ESG/2014/Technicien/TTP/13_TECHNICIEN_MATHE_JUIN20140001.pdf
16280,4521,13_TECHNICIEN_MATHE_JUIN20140002.pdf,ESG/2014/Technicien/TTP/13_TECHNICIEN_MATHE_JUIN20140002.pdf
16281,4521,13_TTPAN_CONTP_JUIN20140001.pdf,ESG/2014/Technicien/TTP/13_TTPAN_CONTP_JUIN20140001.pdf
16282,4521,EDUCS_JUIN.pdf,ESG/2014/Technicien/TTP/EDUCS_JUIN.pdf
4522,4500,Technique,ESG/2014/Technique
4523,4522,13AR,ESG/2014/Technique/13AR
16264,4523,13_AR_COGRI_JUIN2014.pdf,ESG/2014/Technique/13AR/13_AR_COGRI_JUIN2014.pdf
16265,4523,13_AR_FRANC_JUIN2014.pdf,ESG/2014/Technique/13AR/13_AR_FRANC_JUIN2014.pdf
16266,4523,13_AR_HISAR_JUIN2014.pdf,ESG/2014/Technique/13AR/13_AR_HISAR_JUIN2014.pdf
16267,4523,13_AR_LAPLA.DESAP_JUIN2014.pdf,ESG/2014/Technique/13AR/13_AR_LAPLA.DESAP_JUIN2014.pdf
16268,4523,13_AR_LAPLA.DESMA1_JUIN2014.pdf,ESG/2014/Technique/13AR/13_AR_LAPLA.DESMA1_JUIN2014.pdf
16269,4523,13_AR_LAPLA.DESMA2_JUIN2014.pdf,ESG/2014/Technique/13AR/13_AR_LAPLA.DESMA2_JUIN2014.pdf
16270,4523,13_AR_MATHE_JUIN2014.pdf,ESG/2014/Technique/13AR/13_AR_MATHE_JUIN2014.pdf
16271,4523,13_AR_SCIEN(CH)_JUIN2014.pdf,ESG/2014/Technique/13AR/13_AR_SCIEN(CH)_JUIN2014.pdf
16272,4523,13_AR_SCIEN_JUIN2014.pdf,ESG/2014/Technique/13AR/13_AR_SCIEN_JUIN2014.pdf
16273,4523,13_AR_VOLCO_JUIN2014.pdf,ESG/2014/Technique/13AR/13_AR_VOLCO_JUIN2014.pdf
16275,4523,13_CG_CC_GE_GI_AR_CONMO_JUIN2014.pdf,ESG/2014/Technique/13AR/13_CG_CC_GE_GI_AR_CONMO_JUIN2014.pdf
16274,4523,13_CG_CC_GE_GI_AR_CONMO2_JUIN2014.pdf,ESG/2014/Technique/13AR/13_CG_CC_GE_GI_AR_CONMO2_JUIN2014.pdf
16261,4523,13GE_GI_AR_ALLEM_JUIN.pdf,ESG/2014/Technique/13AR/13GE_GI_AR_ALLEM_JUIN.pdf
16262,4523,13GE_GI_AR_ANGLA_JUIN.pdf,ESG/2014/Technique/13AR/13GE_GI_AR_ANGLA_JUIN.pdf
16263,4523,13GE_GI_AR_CG_CC_CONMO_JUIN.pdf,ESG/2014/Technique/13AR/13GE_GI_AR_CG_CC_CONMO_JUIN.pdf
4524,4522,13CC,ESG/2014/Technique/13CC
16250,4524,13_CC_COMPT_JUIN2014.pdf,ESG/2014/Technique/13CC/13_CC_COMPT_JUIN2014.pdf
16251,4524,13_CC_COPRH_JUIN2014.pdf,ESG/2014/Technique/13CC/13_CC_COPRH_JUIN2014.pdf
16252,4524,13_CC_ORGES_JUIN2014.pdf,ESG/2014/Technique/13CC/13_CC_ORGES_JUIN2014.pdf
16253,4524,13_CC_TINCO_JUIN2014.pdf,ESG/2014/Technique/13CC/13_CC_TINCO_JUIN2014.pdf
16254,4524,13_CG_CC_ALLEM_JUIN2014.pdf,ESG/2014/Technique/13CC/13_CG_CC_ALLEM_JUIN2014.pdf
16255,4524,13_CG_CC_ANGLA_JUIN2014.pdf,ESG/2014/Technique/13CC/13_CG_CC_ANGLA_JUIN2014.pdf
16256,4524,13_CG_CC_ECOGE_JUIN2014.pdf,ESG/2014/Technique/13CC/13_CG_CC_ECOGE_JUIN2014.pdf
16257,4524,13_CG_CC_ECOPO_JUIN2014.pdf,ESG/2014/Technique/13CC/13_CG_CC_ECOPO_JUIN2014.pdf
16258,4524,13_CG_CC_FRANC_JUIN2014.pdf,ESG/2014/Technique/13CC/13_CG_CC_FRANC_JUIN2014.pdf
16260,4524,13_CG_CC_GE_GI_AR_CONMO_JUIN2014.pdf,ESG/2014/Technique/13CC/13_CG_CC_GE_GI_AR_CONMO_JUIN2014.pdf
16259,4524,13_CG_CC_GE_GI_AR_CONMO2_JUIN2014.pdf,ESG/2014/Technique/13CC/13_CG_CC_GE_GI_AR_CONMO2_JUIN2014.pdf
4525,4522,13CG,ESG/2014/Technique/13CG
16240,4525,13_CG_CC_ALLEM_JUIN2014.pdf,ESG/2014/Technique/13CG/13_CG_CC_ALLEM_JUIN2014.pdf
16241,4525,13_CG_CC_ANGLA_JUIN2014.pdf,ESG/2014/Technique/13CG/13_CG_CC_ANGLA_JUIN2014.pdf
16242,4525,13_CG_CC_ECOGE_JUIN2014.pdf,ESG/2014/Technique/13CG/13_CG_CC_ECOGE_JUIN2014.pdf
16243,4525,13_CG_CC_ECOPO_JUIN2014.pdf,ESG/2014/Technique/13CG/13_CG_CC_ECOPO_JUIN2014.pdf
16244,4525,13_CG_CC_FRANC_JUIN2014.pdf,ESG/2014/Technique/13CG/13_CG_CC_FRANC_JUIN2014.pdf
16246,4525,13_CG_CC_GE_GI_AR_CONMO_JUIN2014.pdf,ESG/2014/Technique/13CG/13_CG_CC_GE_GI_AR_CONMO_JUIN2014.pdf
16245,4525,13_CG_CC_GE_GI_AR_CONMO2_JUIN2014.pdf,ESG/2014/Technique/13CG/13_CG_CC_GE_GI_AR_CONMO2_JUIN2014.pdf
16247,4525,13_CG_COMPT_JUIN2014.pdf,ESG/2014/Technique/13CG/13_CG_COMPT_JUIN2014.pdf
16248,4525,13_CG_INFOR_JUIN2014.pdf,ESG/2014/Technique/13CG/13_CG_INFOR_JUIN2014.pdf
16249,4525,13_CG_MATH_JUIN2014.pdf,ESG/2014/Technique/13CG/13_CG_MATH_JUIN2014.pdf
4526,4522,13GE,ESG/2014/Technique/13GE
16239,4526,13_CG_CC_GE_GI_AR_CONMO_JUIN2014.pdf,ESG/2014/Technique/13GE/13_CG_CC_GE_GI_AR_CONMO_JUIN2014.pdf
16238,4526,13_CG_CC_GE_GI_AR_CONMO2_JUIN2014.pdf,ESG/2014/Technique/13GE/13_CG_CC_GE_GI_AR_CONMO2_JUIN2014.pdf
16224,4526,13GE_CHIMI_JUIN.pdf,ESG/2014/Technique/13GE/13GE_CHIMI_JUIN.pdf
16225,4526,13GE_ELETE_JUIN.pdf,ESG/2014/Technique/13GE/13GE_ELETE_JUIN.pdf
16226,4526,13GE_GI_AR_ALLEM_JUIN.pdf,ESG/2014/Technique/13GE/13GE_GI_AR_ALLEM_JUIN.pdf
16227,4526,13GE_GI_AR_ANGLA_JUIN.pdf,ESG/2014/Technique/13GE/13GE_GI_AR_ANGLA_JUIN.pdf
16228,4526,13GE_GI_AR_CG_CC_CONMO_JUIN.pdf,ESG/2014/Technique/13GE/13GE_GI_AR_CG_CC_CONMO_JUIN.pdf
16229,4526,13GE_GI_FRANC_JUIN.pdf,ESG/2014/Technique/13GE/13GE_GI_FRANC_JUIN.pdf
16230,4526,13GE_GI_MATHE_1_JUIN.pdf,ESG/2014/Technique/13GE/13GE_GI_MATHE_1_JUIN.pdf
16231,4526,13GE_INFOR_D_P_JUIN.pdf,ESG/2014/Technique/13GE/13GE_INFOR_D_P_JUIN.pdf
16232,4526,13GE_INFOR_D_T_JUIN.pdf,ESG/2014/Technique/13GE/13GE_INFOR_D_T_JUIN.pdf
16233,4526,13GE_INFOR_J_JUIN.pdf,ESG/2014/Technique/13GE/13GE_INFOR_J_JUIN.pdf
16234,4526,13GE_MATHE_2_JUIN.pdf,ESG/2014/Technique/13GE/13GE_MATHE_2_JUIN.pdf
16235,4526,13GE_MECAN_JUIN.pdf,ESG/2014/Technique/13GE/13GE_MECAN_JUIN.pdf
16236,4526,13GE_PHYSI_JUIN.pdf,ESG/2014/Technique/13GE/13GE_PHYSI_JUIN.pdf
16237,4526,13GE_TECHNO_JUIN.pdf,ESG/2014/Technique/13GE/13GE_TECHNO_JUIN.pdf
4527,4522,13GI,ESG/2014/Technique/13GI
16223,4527,13_CG_CC_GE_GI_AR_CONMO_JUIN2014.pdf,ESG/2014/Technique/13GI/13_CG_CC_GE_GI_AR_CONMO_JUIN2014.pdf
16222,4527,13_CG_CC_GE_GI_AR_CONMO2_JUIN2014.pdf,ESG/2014/Technique/13GI/13_CG_CC_GE_GI_AR_CONMO2_JUIN2014.pdf
16217,4527,13GE_GI_AR_ALLEM_JUIN.pdf,ESG/2014/Technique/13GI/13GE_GI_AR_ALLEM_JUIN.pdf
16218,4527,13GE_GI_AR_ANGLA_JUIN.pdf,ESG/2014/Technique/13GI/13GE_GI_AR_ANGLA_JUIN.pdf
16219,4527,13GE_GI_AR_CG_CC_CONMO_JUIN.pdf,ESG/2014/Technique/13GI/13GE_GI_AR_CG_CC_CONMO_JUIN.pdf
16220,4527,13GE_GI_FRANC_JUIN.pdf,ESG/2014/Technique/13GI/13GE_GI_FRANC_JUIN.pdf
16221,4527,13GE_GI_MATHE_1_JUIN.pdf,ESG/2014/Technique/13GI/13GE_GI_MATHE_1_JUIN.pdf
4528,4522,13SH,ESG/2014/Technique/13SH
16211,4528,13_ED_SI_SH_ALLEM_JUIN20140001.pdf,ESG/2014/Technique/13SH/13_ED_SI_SH_ALLEM_JUIN20140001.pdf
16212,4528,13_ED_SI_SH_ANGLA_JUIN20140001.pdf,ESG/2014/Technique/13SH/13_ED_SI_SH_ANGLA_JUIN20140001.pdf
16213,4528,13_ED_SI_SH_FRANC_JUIN20140001.pdf,ESG/2014/Technique/13SH/13_ED_SI_SH_FRANC_JUIN20140001.pdf
16214,4528,13_SH_CHIMMED_JUIN20140001.pdf,ESG/2014/Technique/13SH/13_SH_CHIMMED_JUIN20140001.pdf
16215,4528,13_SH_PHYSMED_JUIN20140001.pdf,ESG/2014/Technique/13SH/13_SH_PHYSMED_JUIN20140001.pdf
16216,4528,13_SH_PHYSMED_REPJUIN20140001.pdf,ESG/2014/Technique/13SH/13_SH_PHYSMED_REPJUIN20140001.pdf
4529,4522,13SI,ESG/2014/Technique/13SI
16203,4529,13_ED_SI_SH_ALLEM_JUIN20140001.pdf,ESG/2014/Technique/13SI/13_ED_SI_SH_ALLEM_JUIN20140001.pdf
16204,4529,13_ED_SI_SH_ANGLA_JUIN20140001.pdf,ESG/2014/Technique/13SI/13_ED_SI_SH_ANGLA_JUIN20140001.pdf
16205,4529,13_ED_SI_SH_FRANC_JUIN20140001.pdf,ESG/2014/Technique/13SI/13_ED_SI_SH_FRANC_JUIN20140001.pdf
16206,4529,13_SI_BIOHUM_JUIN20140001.pdf,ESG/2014/Technique/13SI/13_SI_BIOHUM_JUIN20140001.pdf
16207,4529,13_SI_COSPI_JUIN20140001.pdf,ESG/2014/Technique/13SI/13_SI_COSPI_JUIN20140001.pdf
16208,4529,13_SI_SCHUS_JUIN20140001.pdf,ESG/2014/Technique/13SI/13_SI_SCHUS_JUIN20140001.pdf
16209,4529,13_SI_SCMED_JUIN20140001.pdf,ESG/2014/Technique/13SI/13_SI_SCMED_JUIN20140001.pdf
16210,4529,13_SI_SCMED_REPJUIN20140001.pdf,ESG/2014/Technique/13SI/13_SI_SCMED_REPJUIN20140001.pdf
4530,4522,14ED,ESG/2014/Technique/14ED
16192,4530,13_ED_SI_SH_ALLEM_JUIN20140001.pdf,ESG/2014/Technique/14ED/13_ED_SI_SH_ALLEM_JUIN20140001.pdf
16193,4530,13_ED_SI_SH_ANGLA_JUIN20140001.pdf,ESG/2014/Technique/14ED/13_ED_SI_SH_ANGLA_JUIN20140001.pdf
16194,4530,13_ED_SI_SH_FRANC_JUIN20140001.pdf,ESG/2014/Technique/14ED/13_ED_SI_SH_FRANC_JUIN20140001.pdf
16195,4530,14_ED_CONDUMONDECONT_JUIN20140001.pdf,ESG/2014/Technique/14ED/14_ED_CONDUMONDECONT_JUIN20140001.pdf
16196,4530,14_ED_EDS_JUIN20140001.pdf,ESG/2014/Technique/14ED/14_ED_EDS_JUIN20140001.pdf
16197,4530,14_ED_GERONT_JUIN20140001.pdf,ESG/2014/Technique/14ED/14_ED_GERONT_JUIN20140001.pdf
16198,4530,14_ED_LEG+DE_JUIN20140001.pdf,ESG/2014/Technique/14ED/14_ED_LEG+DE_JUIN20140001.pdf
16199,4530,14_ED_PEDME_JUIN20140001.pdf,ESG/2014/Technique/14ED/14_ED_PEDME_JUIN20140001.pdf
16200,4530,14_ED_PEDSCO_JUIN20140001.pdf,ESG/2014/Technique/14ED/14_ED_PEDSCO_JUIN20140001.pdf
16202,4530,14_ED_PSYCH_JUIN20140001.pdf,ESG/2014/Technique/14ED/14_ED_PSYCH_JUIN20140001.pdf
16201,4530,14_ED_PSYCHOPED_JUIN20140001.pdf,ESG/2014/Technique/14ED/14_ED_PSYCHOPED_JUIN20140001.pdf
4531,2001,2015,ESG/2015
4532,4531,Technicien,ESG/2015/Technicien
4533,4532,TAU,ESG/2015/Technicien/TAU
16185,4533,ALLEM_TAUAN-TCHAN-TEEAN-TBAAN-TCCAN-TTPAN-TIFAN-TMAAN-TMGAN_écrit_mai.pdf,ESG/2015/Technicien/TAU/ALLEM_TAUAN-TCHAN-TEEAN-TBAAN-TCCAN-TTPAN-TIFAN-TMAAN-TMGAN_écrit_mai.pdf
16186,4533,ANGLA_TAUAN-TCHAN-TEEAN-TBAAN-TCCAN-TTPAN-TIFAN-TMAAN-TMGAN_écrit_mai.pdf,ESG/2015/Technicien/TAU/ANGLA_TAUAN-TCHAN-TEEAN-TBAAN-TCCAN-TTPAN-TIFAN-TMAAN-TMGAN_écrit_mai.pdf
16187,4533,COMCA_TAUAN_écrit_juin.pdf,ESG/2015/Technicien/TAU/COMCA_TAUAN_écrit_juin.pdf
16188,4533,EDUCS_TCMAN-TCHAN-TEEAN-TBAAN-TCCAN-TTPAN-TIFAN-TMAAN-TMGAN_écrit_juin.pdf,ESG/2015/Technicien/TAU/EDUCS_TCMAN-TCHAN-TEEAN-TBAAN-TCCAN-TTPAN-TIFAN-TMAAN-TMGAN_écrit_juin.pdf
16189,4533,FRANC_TAUAN-TCHAN-TEEAN-TBAAN-TCCAN-TTPAN-TIFAN-TMAAN-TMGAN_écrit_mai.pdf,ESG/2015/Technicien/TAU/FRANC_TAUAN-TCHAN-TEEAN-TBAAN-TCCAN-TTPAN-TIFAN-TMAAN-TMGAN_écrit_mai.pdf
16190,4533,LAVI1_TAUAN_écrit_mai.pdf,ESG/2015/Technicien/TAU/LAVI1_TAUAN_écrit_mai.pdf
16191,4533,MATHA_TAU_écrit_juin.pdf,ESG/2015/Technicien/TAU/MATHA_TAU_écrit_juin.pdf
4534,4532,TBA,ESG/2015/Technicien/TBA
16173,4534,ALLEM_TAUAN-TCHAN-TEEAN-TBAAN-TCCAN-TTPAN-TIFAN-TMAAN-TMGAN_écrit_mai.pdf,ESG/2015/Technicien/TBA/ALLEM_TAUAN-TCHAN-TEEAN-TBAAN-TCCAN-TTPAN-TIFAN-TMAAN-TMGAN_écrit_mai.pdf
16174,4534,ARCHI_TBAAN-TCCAN-TTPAN_écrit_mai.pdf,ESG/2015/Technicien/TBA/ARCHI_TBAAN-TCCAN-TTPAN_écrit_mai.pdf
16175,4534,CHIAP_TBAAN-TCCAN-TTPAN_écrit_mai.pdf,ESG/2015/Technicien/TBA/CHIAP_TBAAN-TCCAN-TTPAN_écrit_mai.pdf
16176,4534,CONBA_TBAAN-TCCAN-TTPAN_écrit_juin.pdf,ESG/2015/Technicien/TBA/CONBA_TBAAN-TCCAN-TTPAN_écrit_juin.pdf
16177,4534,CONTP_TBAAN-TCCAN-TTPAN_écrit_juin.pdf,ESG/2015/Technicien/TBA/CONTP_TBAAN-TCCAN-TTPAN_écrit_juin.pdf
16178,4534,EDUCS_TCMAN-TCHAN-TEEAN-TBAAN-TCCAN-TTPAN-TIFAN-TMAAN-TMGAN_écrit_juin.pdf,ESG/2015/Technicien/TBA/EDUCS_TCMAN-TCHAN-TEEAN-TBAAN-TCCAN-TTPAN-TIFAN-TMAAN-TMGAN_écrit_juin.pdf
16179,4534,FRANC_TAUAN-TCHAN-TEEAN-TBAAN-TCCAN-TTPAN-TIFAN-TMAAN-TMGAN_écrit_mai.pdf,ESG/2015/Technicien/TBA/FRANC_TAUAN-TCHAN-TEEAN-TBAAN-TCCAN-TTPAN-TIFAN-TMAAN-TMGAN_écrit_mai.pdf
16180,4534,LAMAC_TBAAN-TTPAN-TCCAN_écrit_mai.pdf,ESG/2015/Technicien/TBA/LAMAC_TBAAN-TTPAN-TCCAN_écrit_mai.pdf
16181,4534,MATHE_TCHAN-TEEAN-TBAAN-TCCAN-TTPAN-TIFAN-TMAAN-TMGAN_écrit_juin.pdf,ESG/2015/Technicien/TBA/MATHE_TCHAN-TEEAN-TBAAN-TCCAN-TTPAN-TIFAN-TMAAN-TMGAN_écrit_juin.pdf
16182,4534,STAAP_TBAAN-TCCAN-TTPAN_écrit_juin.pdf,ESG/2015/Technicien/TBA/STAAP_TBAAN-TCCAN-TTPAN_écrit_juin.pdf
16183,4534,TOPOG_TBAAN_TCCAN_TTPAN_écrit_juin.pdf,ESG/2015/Technicien/TBA/TOPOG_TBAAN_TCCAN_TTPAN_écrit_juin.pdf
16184,4534,URBAN_TBAAN-TCCAN-TTPAN_écrit_juin.pdf,ESG/2015/Technicien/TBA/URBAN_TBAAN-TCCAN-TTPAN_écrit_juin.pdf
4535,4532,TCC,ESG/2015/Technicien/TCC
16160,4535,ALLEM_TAUAN-TCHAN-TEEAN-TBAAN-TCCAN-TTPAN-TIFAN-TMAAN-TMGAN_écrit_mai.pdf,ESG/2015/Technicien/TCC/ALLEM_TAUAN-TCHAN-TEEAN-TBAAN-TCCAN-TTPAN-TIFAN-TMAAN-TMGAN_écrit_mai.pdf
16161,4535,ARCHI_TBAAN-TCCAN-TTPAN_écrit_mai.pdf,ESG/2015/Technicien/TCC/ARCHI_TBAAN-TCCAN-TTPAN_écrit_mai.pdf
16162,4535,CHANT_TCCAN-TTPAN_écrit_mai.pdf,ESG/2015/Technicien/TCC/CHANT_TCCAN-TTPAN_écrit_mai.pdf
16163,4535,CHIAP_TBAAN-TCCAN-TTPAN_écrit_mai.pdf,ESG/2015/Technicien/TCC/CHIAP_TBAAN-TCCAN-TTPAN_écrit_mai.pdf
16164,4535,CONBA_TBAAN-TCCAN-TTPAN_écrit_juin.pdf,ESG/2015/Technicien/TCC/CONBA_TBAAN-TCCAN-TTPAN_écrit_juin.pdf
16165,4535,CONTP_TBAAN-TCCAN-TTPAN_écrit_juin.pdf,ESG/2015/Technicien/TCC/CONTP_TBAAN-TCCAN-TTPAN_écrit_juin.pdf
16166,4535,EDUCS_TCMAN-TCHAN-TEEAN-TBAAN-TCCAN-TTPAN-TIFAN-TMAAN-TMGAN_écrit_juin.pdf,ESG/2015/Technicien/TCC/EDUCS_TCMAN-TCHAN-TEEAN-TBAAN-TCCAN-TTPAN-TIFAN-TMAAN-TMGAN_écrit_juin.pdf
16167,4535,FRANC_TAUAN-TCHAN-TEEAN-TBAAN-TCCAN-TTPAN-TIFAN-TMAAN-TMGAN_écrit_mai.pdf,ESG/2015/Technicien/TCC/FRANC_TAUAN-TCHAN-TEEAN-TBAAN-TCCAN-TTPAN-TIFAN-TMAAN-TMGAN_écrit_mai.pdf
16168,4535,LAMAC_TBAAN-TTPAN-TCCAN_écrit_mai.pdf,ESG/2015/Technicien/TCC/LAMAC_TBAAN-TTPAN-TCCAN_écrit_mai.pdf
16169,4535,MATHE_TCHAN-TEEAN-TBAAN-TCCAN-TTPAN-TIFAN-TMAAN-TMGAN_écrit_juin.pdf,ESG/2015/Technicien/TCC/MATHE_TCHAN-TEEAN-TBAAN-TCCAN-TTPAN-TIFAN-TMAAN-TMGAN_écrit_juin.pdf
16170,4535,STAAP_TBAAN-TCCAN-TTPAN_écrit_juin.pdf,ESG/2015/Technicien/TCC/STAAP_TBAAN-TCCAN-TTPAN_écrit_juin.pdf
16171,4535,TOPOG_TBAAN_TCCAN_TTPAN_écrit_juin.pdf,ESG/2015/Technicien/TCC/TOPOG_TBAAN_TCCAN_TTPAN_écrit_juin.pdf
16172,4535,URBAN_TBAAN-TCCAN-TTPAN_écrit_juin.pdf,ESG/2015/Technicien/TCC/URBAN_TBAAN-TCCAN-TTPAN_écrit_juin.pdf
4536,4532,TCH,ESG/2015/Technicien/TCH
16149,4536,ALLEM_TAUAN-TCHAN-TEEAN-TBAAN-TCCAN-TTPAN-TIFAN-TMAAN-TMGAN_écrit_mai.pdf,ESG/2015/Technicien/TCH/ALLEM_TAUAN-TCHAN-TEEAN-TBAAN-TCCAN-TTPAN-TIFAN-TMAAN-TMGAN_écrit_mai.pdf
16150,4536,BIOTE_TCHAN_écrit_mai.pdf,ESG/2015/Technicien/TCH/BIOTE_TCHAN_écrit_mai.pdf
16151,4536,CHIMN_TCHAN_écrit_juin.pdf,ESG/2015/Technicien/TCH/CHIMN_TCHAN_écrit_juin.pdf
16152,4536,CHIMO_TCHAN_écrit_mai.pdf,ESG/2015/Technicien/TCH/CHIMO_TCHAN_écrit_mai.pdf
16153,4536,CHIPH_TCHAN_écrit_juin.pdf,ESG/2015/Technicien/TCH/CHIPH_TCHAN_écrit_juin.pdf
16154,4536,EDUCS_TCMAN-TCHAN-TEEAN-TBAAN-TCCAN-TTPAN-TIFAN-TMAAN-TMGAN_écrit_juin.pdf,ESG/2015/Technicien/TCH/EDUCS_TCMAN-TCHAN-TEEAN-TBAAN-TCCAN-TTPAN-TIFAN-TMAAN-TMGAN_écrit_juin.pdf
16155,4536,FRANC_TAUAN-TCHAN-TEEAN-TBAAN-TCCAN-TTPAN-TIFAN-TMAAN-TMGAN_écrit_mai.pdf,ESG/2015/Technicien/TCH/FRANC_TAUAN-TCHAN-TEEAN-TBAAN-TCCAN-TTPAN-TIFAN-TMAAN-TMGAN_écrit_mai.pdf
16156,4536,INFOR_TCHAN_écrit_juin.pdf,ESG/2015/Technicien/TCH/INFOR_TCHAN_écrit_juin.pdf
16157,4536,MATHE_TCHAN-TEEAN-TBAAN-TCCAN-TTPAN-TIFAN-TMAAN-TMGAN_écrit_juin.pdf,ESG/2015/Technicien/TCH/MATHE_TCHAN-TEEAN-TBAAN-TCCAN-TTPAN-TIFAN-TMAAN-TMGAN_écrit_juin.pdf
16158,4536,MEAPC_TCHAN_écrit_mai.pdf,ESG/2015/Technicien/TCH/MEAPC_TCHAN_écrit_mai.pdf
16159,4536,PHYSI_TCHAN_écrit_mai.pdf,ESG/2015/Technicien/TCH/PHYSI_TCHAN_écrit_mai.pdf
4537,4532,TCMAN,ESG/2015/Technicien/TCMAN
16133,4537,ALLEM_AAN_TCM_écrit_juin.pdf,ESG/2015/Technicien/TCMAN/ALLEM_AAN_TCM_écrit_juin.pdf
16134,4537,ALLEM_FAN_TCM_écrit_juin.pdf,ESG/2015/Technicien/TCMAN/ALLEM_FAN_TCM_écrit_juin.pdf
16136,4537,ALLEM_TCM_écrit_juin.pdf,ESG/2015/Technicien/TCMAN/ALLEM_TCM_écrit_juin.pdf
16135,4537,ALLEM_TCMAN_écrit_repechage.pdf,ESG/2015/Technicien/TCMAN/ALLEM_TCMAN_écrit_repechage.pdf
16137,4537,ANGLA_TCMAN_écrit_juin.pdf,ESG/2015/Technicien/TCMAN/ANGLA_TCMAN_écrit_juin.pdf
16142,4537,COMGEI_TCMAN_écrit_juin.pdf,ESG/2015/Technicien/TCMAN/COMGEI_TCMAN_écrit_juin.pdf
16138,4537,COMGEII_TCMAN_écrit_juin.pdf,ESG/2015/Technicien/TCMAN/COMGEII_TCMAN_écrit_juin.pdf
16139,4537,COMGEII_TCMAN_écrit_juin_Excel.pdf,ESG/2015/Technicien/TCMAN/COMGEII_TCMAN_écrit_juin_Excel.pdf
16140,4537,COMGEII_TCMAN_écrit_repechage.pdf,ESG/2015/Technicien/TCMAN/COMGEII_TCMAN_écrit_repechage.pdf
16141,4537,COMGEII_TCMAN_écrit_repechage_Excel.pdf,ESG/2015/Technicien/TCMAN/COMGEII_TCMAN_écrit_repechage_Excel.pdf
16143,4537,COPOR_TCMAN_écrit_juin.pdf,ESG/2015/Technicien/TCMAN/COPOR_TCMAN_écrit_juin.pdf
16144,4537,ECOPO_TCMAN_écrit_juin.pdf,ESG/2015/Technicien/TCMAN/ECOPO_TCMAN_écrit_juin.pdf
16145,4537,EDUCS_TCMAN-TCHAN-TEEAN-TBAAN-TCCAN-TTPAN-TIFAN-TMAAN-TMGAN_écrit_juin.pdf,ESG/2015/Technicien/TCMAN/EDUCS_TCMAN-TCHAN-TEEAN-TBAAN-TCCAN-TTPAN-TIFAN-TMAAN-TMGAN_écrit_juin.pdf
16146,4537,FRANC_TCMAN_écrit_juin.pdf,ESG/2015/Technicien/TCMAN/FRANC_TCMAN_écrit_juin.pdf
16147,4537,GESEN_TCMAN_écrit_juin.pdf,ESG/2015/Technicien/TCMAN/GESEN_TCMAN_écrit_juin.pdf
16148,4537,GESEN_TCMAN_écrit_repechage.pdf,ESG/2015/Technicien/TCMAN/GESEN_TCMAN_écrit_repechage.pdf
4538,4532,TEE,ESG/2015/Technicien/TEE
16124,4538,ALLEM_TAUAN-TCHAN-TEEAN-TBAAN-TCCAN-TTPAN-TIFAN-TMAAN-TMGAN_écrit_mai.pdf,ESG/2015/Technicien/TEE/ALLEM_TAUAN-TCHAN-TEEAN-TBAAN-TCCAN-TTPAN-TIFAN-TMAAN-TMGAN_écrit_mai.pdf
16125,4538,ASSER_TEEAN_écrit_juin.pdf,ESG/2015/Technicien/TEE/ASSER_TEEAN_écrit_juin.pdf
16126,4538,AUTOM_TEEAN_écrit_juin.pdf,ESG/2015/Technicien/TEE/AUTOM_TEEAN_écrit_juin.pdf
16127,4538,EDUCS_TCMAN-TCHAN-TEEAN-TBAAN-TCCAN-TTPAN-TIFAN-TMAAN-TMGAN_écrit_juin.pdf,ESG/2015/Technicien/TEE/EDUCS_TCMAN-TCHAN-TEEAN-TBAAN-TCCAN-TTPAN-TIFAN-TMAAN-TMGAN_écrit_juin.pdf
16128,4538,ELETE_TEEAN_écrit_juin.pdf,ESG/2015/Technicien/TEE/ELETE_TEEAN_écrit_juin.pdf
16129,4538,FRANC_TAUAN-TCHAN-TEEAN-TBAAN-TCCAN-TTPAN-TIFAN-TMAAN-TMGAN_écrit_mai.pdf,ESG/2015/Technicien/TEE/FRANC_TAUAN-TCHAN-TEEAN-TBAAN-TCCAN-TTPAN-TIFAN-TMAAN-TMGAN_écrit_mai.pdf
16130,4538,MACEL_TEEAN_écrit_juin.pdf,ESG/2015/Technicien/TEE/MACEL_TEEAN_écrit_juin.pdf
16131,4538,MATHE_TCHAN-TEEAN-TBAAN-TCCAN-TTPAN-TIFAN-TMAAN-TMGAN_écrit_juin.pdf,ESG/2015/Technicien/TEE/MATHE_TCHAN-TEEAN-TBAAN-TCCAN-TTPAN-TIFAN-TMAAN-TMGAN_écrit_juin.pdf
16132,4538,TECEN_TEEAN_écrit_juin.pdf,ESG/2015/Technicien/TEE/TECEN_TEEAN_écrit_juin.pdf
4539,4532,TIF,ESG/2015/Technicien/TIF
16114,4539,ALLEM_TAUAN-TCHAN-TEEAN-TBAAN-TCCAN-TTPAN-TIFAN-TMAAN-TMGAN_écrit_mai.pdf,ESG/2015/Technicien/TIF/ALLEM_TAUAN-TCHAN-TEEAN-TBAAN-TCCAN-TTPAN-TIFAN-TMAAN-TMGAN_écrit_mai.pdf
16115,4539,ARCOR_TIFAN_écrit_juin.pdf,ESG/2015/Technicien/TIF/ARCOR_TIFAN_écrit_juin.pdf
16116,4539,EDUCS_TCMAN-TCHAN-TEEAN-TBAAN-TCCAN-TTPAN-TIFAN-TMAAN-TMGAN_écrit_juin.pdf,ESG/2015/Technicien/TIF/EDUCS_TCMAN-TCHAN-TEEAN-TBAAN-TCCAN-TTPAN-TIFAN-TMAAN-TMGAN_écrit_juin.pdf
16117,4539,FRANC_TAUAN-TCHAN-TEEAN-TBAAN-TCCAN-TTPAN-TIFAN-TMAAN-TMGAN_écrit_mai.pdf,ESG/2015/Technicien/TIF/FRANC_TAUAN-TCHAN-TEEAN-TBAAN-TCCAN-TTPAN-TIFAN-TMAAN-TMGAN_écrit_mai.pdf
16118,4539,INFAP_TIFAN_écrit_mai.pdf,ESG/2015/Technicien/TIF/INFAP_TIFAN_écrit_mai.pdf
16119,4539,INFGE_TIFAN_écrit_juin.pdf,ESG/2015/Technicien/TIF/INFGE_TIFAN_écrit_juin.pdf
16120,4539,MATHE_TCHAN-TEEAN-TBAAN-TCCAN-TTPAN-TIFAN-TMAAN-TMGAN_écrit_juin.pdf,ESG/2015/Technicien/TIF/MATHE_TCHAN-TEEAN-TBAAN-TCCAN-TTPAN-TIFAN-TMAAN-TMGAN_écrit_juin.pdf
16121,4539,SYSEX_TIF_écrit_mai.pdf,ESG/2015/Technicien/TIF/SYSEX_TIF_écrit_mai.pdf
16122,4539,TECMU_TIFAN_écrit_mai.pdf,ESG/2015/Technicien/TIF/TECMU_TIFAN_écrit_mai.pdf
16123,4539,TEINF_TIFAN_écrit_juin.pdf,ESG/2015/Technicien/TIF/TEINF_TIFAN_écrit_juin.pdf
4540,4532,TMA,ESG/2015/Technicien/TMA
16110,4540,ALLEM_TAUAN-TCHAN-TEEAN-TBAAN-TCCAN-TTPAN-TIFAN-TMAAN-TMGAN_écrit_mai.pdf,ESG/2015/Technicien/TMA/ALLEM_TAUAN-TCHAN-TEEAN-TBAAN-TCCAN-TTPAN-TIFAN-TMAAN-TMGAN_écrit_mai.pdf
16111,4540,EDUCS_TCMAN-TCHAN-TEEAN-TBAAN-TCCAN-TTPAN-TIFAN-TMAAN-TMGAN_écrit_juin.pdf,ESG/2015/Technicien/TMA/EDUCS_TCMAN-TCHAN-TEEAN-TBAAN-TCCAN-TTPAN-TIFAN-TMAAN-TMGAN_écrit_juin.pdf
16112,4540,FRANC_TAUAN-TCHAN-TEEAN-TBAAN-TCCAN-TTPAN-TIFAN-TMAAN-TMGAN_écrit_mai.pdf,ESG/2015/Technicien/TMA/FRANC_TAUAN-TCHAN-TEEAN-TBAAN-TCCAN-TTPAN-TIFAN-TMAAN-TMGAN_écrit_mai.pdf
16113,4540,MATHE_TCHAN-TEEAN-TBAAN-TCCAN-TTPAN-TIFAN-TMAAN-TMGAN_écrit_juin.pdf,ESG/2015/Technicien/TMA/MATHE_TCHAN-TEEAN-TBAAN-TCCAN-TTPAN-TIFAN-TMAAN-TMGAN_écrit_juin.pdf
4541,4532,TMG,ESG/2015/Technicien/TMG
16101,4541,ALLEM_TAUAN-TCHAN-TEEAN-TBAAN-TCCAN-TTPAN-TIFAN-TMAAN-TMGAN_écrit_mai.pdf,ESG/2015/Technicien/TMG/ALLEM_TAUAN-TCHAN-TEEAN-TBAAN-TCCAN-TTPAN-TIFAN-TMAAN-TMGAN_écrit_mai.pdf
16102,4541,ASSER 1_TMGAN_écrit_juin.pdf,ESG/2015/Technicien/TMG/ASSER 1_TMGAN_écrit_juin.pdf
16103,4541,ASSER 2_TMGAN_écrit_juin.pdf,ESG/2015/Technicien/TMG/ASSER 2_TMGAN_écrit_juin.pdf
16104,4541,CAMEC_TMGAN_écrit_mai.pdf,ESG/2015/Technicien/TMG/CAMEC_TMGAN_écrit_mai.pdf
16105,4541,EDUCS_TCMAN-TCHAN-TEEAN-TBAAN-TCCAN-TTPAN-TIFAN-TMAAN-TMGAN_écrit_juin.pdf,ESG/2015/Technicien/TMG/EDUCS_TCMAN-TCHAN-TEEAN-TBAAN-TCCAN-TTPAN-TIFAN-TMAAN-TMGAN_écrit_juin.pdf
16106,4541,FRANC_TAUAN-TCHAN-TEEAN-TBAAN-TCCAN-TTPAN-TIFAN-TMAAN-TMGAN_écrit_mai.pdf,ESG/2015/Technicien/TMG/FRANC_TAUAN-TCHAN-TEEAN-TBAAN-TCCAN-TTPAN-TIFAN-TMAAN-TMGAN_écrit_mai.pdf
16107,4541,MATHE_TCHAN-TEEAN-TBAAN-TCCAN-TTPAN-TIFAN-TMAAN-TMGAN_écrit_juin.pdf,ESG/2015/Technicien/TMG/MATHE_TCHAN-TEEAN-TBAAN-TCCAN-TTPAN-TIFAN-TMAAN-TMGAN_écrit_juin.pdf
16108,4541,TECNO1_TMGAN_écrit_mai.pdf,ESG/2015/Technicien/TMG/TECNO1_TMGAN_écrit_mai.pdf
16109,4541,TECNO2_TMGAN_écrit_mai.pdf,ESG/2015/Technicien/TMG/TECNO2_TMGAN_écrit_mai.pdf
4542,4532,TTP,ESG/2015/Technicien/TTP
16089,4542,ALLEM_TAUAN-TCHAN-TEEAN-TBAAN-TCCAN-TTPAN-TIFAN-TMAAN-TMGAN_écrit_mai.pdf,ESG/2015/Technicien/TTP/ALLEM_TAUAN-TCHAN-TEEAN-TBAAN-TCCAN-TTPAN-TIFAN-TMAAN-TMGAN_écrit_mai.pdf
16090,4542,ARCHI_TBAAN-TCCAN-TTPAN_écrit_mai.pdf,ESG/2015/Technicien/TTP/ARCHI_TBAAN-TCCAN-TTPAN_écrit_mai.pdf
16091,4542,CHIAP_TBAAN-TCCAN-TTPAN_écrit_mai.pdf,ESG/2015/Technicien/TTP/CHIAP_TBAAN-TCCAN-TTPAN_écrit_mai.pdf
16092,4542,CONBA_TBAAN-TCCAN-TTPAN_écrit_juin.pdf,ESG/2015/Technicien/TTP/CONBA_TBAAN-TCCAN-TTPAN_écrit_juin.pdf
16093,4542,CONTP_TBAAN-TCCAN-TTPAN_écrit_juin.pdf,ESG/2015/Technicien/TTP/CONTP_TBAAN-TCCAN-TTPAN_écrit_juin.pdf
16094,4542,EDUCS_TCMAN-TCHAN-TEEAN-TBAAN-TCCAN-TTPAN-TIFAN-TMAAN-TMGAN_écrit_juin.pdf,ESG/2015/Technicien/TTP/EDUCS_TCMAN-TCHAN-TEEAN-TBAAN-TCCAN-TTPAN-TIFAN-TMAAN-TMGAN_écrit_juin.pdf
16095,4542,FRANC_TAUAN-TCHAN-TEEAN-TBAAN-TCCAN-TTPAN-TIFAN-TMAAN-TMGAN_écrit_mai.pdf,ESG/2015/Technicien/TTP/FRANC_TAUAN-TCHAN-TEEAN-TBAAN-TCCAN-TTPAN-TIFAN-TMAAN-TMGAN_écrit_mai.pdf
16096,4542,LAMAC_TBAAN-TTPAN-TCCAN_écrit_mai.pdf,ESG/2015/Technicien/TTP/LAMAC_TBAAN-TTPAN-TCCAN_écrit_mai.pdf
16097,4542,MATHE_TCHAN-TEEAN-TBAAN-TCCAN-TTPAN-TIFAN-TMAAN-TMGAN_écrit_juin.pdf,ESG/2015/Technicien/TTP/MATHE_TCHAN-TEEAN-TBAAN-TCCAN-TTPAN-TIFAN-TMAAN-TMGAN_écrit_juin.pdf
16098,4542,STAAP_TBAAN-TCCAN-TTPAN_écrit_juin.pdf,ESG/2015/Technicien/TTP/STAAP_TBAAN-TCCAN-TTPAN_écrit_juin.pdf
16099,4542,TOPOG_TBAAN_TCCAN_TTPAN_écrit_juin.pdf,ESG/2015/Technicien/TTP/TOPOG_TBAAN_TCCAN_TTPAN_écrit_juin.pdf
16100,4542,URBAN_TBAAN-TCCAN-TTPAN_écrit_juin.pdf,ESG/2015/Technicien/TTP/URBAN_TBAAN-TCCAN-TTPAN_écrit_juin.pdf
4543,4531,Technique,ESG/2015/Technique
4544,4543,13AR,ESG/2015/Technique/13AR
16074,4544,ALLEM_GE-GI-AR_écrit_mai.pdf,ESG/2015/Technique/13AR/ALLEM_GE-GI-AR_écrit_mai.pdf
16075,4544,ALLEM_GE-GI-AR_écrit_repêchage.pdf,ESG/2015/Technique/13AR/ALLEM_GE-GI-AR_écrit_repêchage.pdf
16076,4544,ANGLA_GE-GI-AR_écrit_mai.pdf,ESG/2015/Technique/13AR/ANGLA_GE-GI-AR_écrit_mai.pdf
16077,4544,Communication graphique et  inforgraphie_AR_écrit_juin.pdf,ESG/2015/Technique/13AR/Communication graphique et  inforgraphie_AR_écrit_juin.pdf
16078,4544,CONMO_CG-CC-GE-GI-AR_écrit_ repechage.pdf,ESG/2015/Technique/13AR/CONMO_CG-CC-GE-GI-AR_écrit_ repechage.pdf
16079,4544,CONMO_CG-CC-GE-GI-AR_écrit_mai.pdf,ESG/2015/Technique/13AR/CONMO_CG-CC-GE-GI-AR_écrit_mai.pdf
16081,4544,Dessin à main levée 1 _AR_écrit_juin.pdf,ESG/2015/Technique/13AR/Dessin à main levée 1 _AR_écrit_juin.pdf
16082,4544,Dessin à main levée 2 _AR_écrit_juin.pdf,ESG/2015/Technique/13AR/Dessin à main levée 2 _AR_écrit_juin.pdf
16080,4544,Dessin appliqué _AR_écrit_juin.pdf,ESG/2015/Technique/13AR/Dessin appliqué _AR_écrit_juin.pdf
16083,4544,Français_AR_écrit_juin.pdf,ESG/2015/Technique/13AR/Français_AR_écrit_juin.pdf
16084,4544,Histoire de l’Art_AR_écrit_juin.pdf,ESG/2015/Technique/13AR/Histoire de l’Art_AR_écrit_juin.pdf
16085,4544,Mathématiques_AR_écrit_juin.pdf,ESG/2015/Technique/13AR/Mathématiques_AR_écrit_juin.pdf
16086,4544,SCIENCES (CHIMIE)_AR_écrit_juin.pdf,ESG/2015/Technique/13AR/SCIENCES (CHIMIE)_AR_écrit_juin.pdf
16087,4544,SCIENCES (PHYSIQUE)_AR_écrit_juin.pdf,ESG/2015/Technique/13AR/SCIENCES (PHYSIQUE)_AR_écrit_juin.pdf
16088,4544,Volume et Conception 3D_AR_écrit_juin.pdf,ESG/2015/Technique/13AR/Volume et Conception 3D_AR_écrit_juin.pdf
4545,4543,13CC,ESG/2015/Technique/13CC
16055,4545,ALLEM_AL_CC-CG_écrit_juin.pdf,ESG/2015/Technique/13CC/ALLEM_AL_CC-CG_écrit_juin.pdf
16056,4545,ALLEM_CG-CC_écrit_ repechage.pdf,ESG/2015/Technique/13CC/ALLEM_CG-CC_écrit_ repechage.pdf
16053,4545,Allemand FR_CG-CC_écrit_juin.pdf,ESG/2015/Technique/13CC/Allemand FR_CG-CC_écrit_juin.pdf
16054,4545,Allemand_CC-CG_écrit_juin.pdf,ESG/2015/Technique/13CC/Allemand_CC-CG_écrit_juin.pdf
16057,4545,ANGLA_CC-CG_écrit_juin.pdf,ESG/2015/Technique/13CC/ANGLA_CC-CG_écrit_juin.pdf
16058,4545,ANGLA_CG-CC_écrit_ repechage.pdf,ESG/2015/Technique/13CC/ANGLA_CG-CC_écrit_ repechage.pdf
16059,4545,COMPTA CC_écrit_juin.pdf,ESG/2015/Technique/13CC/COMPTA CC_écrit_juin.pdf
16062,4545,CONMO__CC-CG-GE-GE-AR_écrit_juin.pdf,ESG/2015/Technique/13CC/CONMO__CC-CG-GE-GE-AR_écrit_juin.pdf
16060,4545,CONMO_CG-CC-GE-GI-AR_écrit_ repechage.pdf,ESG/2015/Technique/13CC/CONMO_CG-CC-GE-GI-AR_écrit_ repechage.pdf
16061,4545,CONMO_CG-CC-GE-GI-AR_écrit_mai.pdf,ESG/2015/Technique/13CC/CONMO_CG-CC-GE-GI-AR_écrit_mai.pdf
16063,4545,COPRH_CC_écrit_juin.pdf,ESG/2015/Technique/13CC/COPRH_CC_écrit_juin.pdf
16064,4545,ECOGE _CG-CC_écrit_ repechage.pdf,ESG/2015/Technique/13CC/ECOGE _CG-CC_écrit_ repechage.pdf
16065,4545,ECOGE_CG-CC_écrit_juin.pdf,ESG/2015/Technique/13CC/ECOGE_CG-CC_écrit_juin.pdf
16066,4545,ECOPO_CC-CG_écrit_juin.pdf,ESG/2015/Technique/13CC/ECOPO_CC-CG_écrit_juin.pdf
16067,4545,ECOPO_CG-CC_écrit_ repechage.pdf,ESG/2015/Technique/13CC/ECOPO_CG-CC_écrit_ repechage.pdf
16068,4545,FRANC_CC-CG_écrit_juin.pdf,ESG/2015/Technique/13CC/FRANC_CC-CG_écrit_juin.pdf
16069,4545,FRANC_CG-CC_écrit_ repechage.pdf,ESG/2015/Technique/13CC/FRANC_CG-CC_écrit_ repechage.pdf
16070,4545,FRANC_SLP_CC-CG_écrit_juin.pdf,ESG/2015/Technique/13CC/FRANC_SLP_CC-CG_écrit_juin.pdf
16071,4545,ORGES_CC_écrit_ repechage.pdf,ESG/2015/Technique/13CC/ORGES_CC_écrit_ repechage.pdf
16072,4545,ORGES_CC_écrit_juin.pdf,ESG/2015/Technique/13CC/ORGES_CC_écrit_juin.pdf
16073,4545,TINCO_CC_écrit_juin.pdf,ESG/2015/Technique/13CC/TINCO_CC_écrit_juin.pdf
4546,4543,13CG,ESG/2015/Technique/13CG
16031,4546,ALLEM_AL_CC-CG_écrit_juin.pdf,ESG/2015/Technique/13CG/ALLEM_AL_CC-CG_écrit_juin.pdf
16032,4546,ALLEM_CG-CC_écrit_ repechage.pdf,ESG/2015/Technique/13CG/ALLEM_CG-CC_écrit_ repechage.pdf
16029,4546,Allemand FR_CG-CC_écrit_juin.pdf,ESG/2015/Technique/13CG/Allemand FR_CG-CC_écrit_juin.pdf
16030,4546,Allemand_CC-CG_écrit_juin.pdf,ESG/2015/Technique/13CG/Allemand_CC-CG_écrit_juin.pdf
16033,4546,ANGLA_CC-CG_écrit_juin.pdf,ESG/2015/Technique/13CG/ANGLA_CC-CG_écrit_juin.pdf
16034,4546,ANGLA_CG-CC_écrit_ repechage.pdf,ESG/2015/Technique/13CG/ANGLA_CG-CC_écrit_ repechage.pdf
16036,4546,COMPTA _CG_écrit_ repechage.pdf,ESG/2015/Technique/13CG/COMPTA _CG_écrit_ repechage.pdf
16035,4546,COMPTA CC_écrit_juin.pdf,ESG/2015/Technique/13CG/COMPTA CC_écrit_juin.pdf
16038,4546,Comptabilité_CG_écrit_juin.pdf,ESG/2015/Technique/13CG/Comptabilité_CG_écrit_juin.pdf
16037,4546,Comptabilité_CG_feuilles à remplir_juin.pdf,ESG/2015/Technique/13CG/Comptabilité_CG_feuilles à remplir_juin.pdf
16041,4546,CONMO__CC-CG-GE-GE-AR_écrit_juin.pdf,ESG/2015/Technique/13CG/CONMO__CC-CG-GE-GE-AR_écrit_juin.pdf
16039,4546,CONMO_CG-CC-GE-GI-AR_écrit_ repechage.pdf,ESG/2015/Technique/13CG/CONMO_CG-CC-GE-GI-AR_écrit_ repechage.pdf
16040,4546,CONMO_CG-CC-GE-GI-AR_écrit_mai.pdf,ESG/2015/Technique/13CG/CONMO_CG-CC-GE-GI-AR_écrit_mai.pdf
16042,4546,ECOGE _CG-CC_écrit_ repechage.pdf,ESG/2015/Technique/13CG/ECOGE _CG-CC_écrit_ repechage.pdf
16043,4546,ECOGE_CG_écrit_juin.pdf,ESG/2015/Technique/13CG/ECOGE_CG_écrit_juin.pdf
16044,4546,ECOPO_CC-CG_écrit_juin.pdf,ESG/2015/Technique/13CG/ECOPO_CC-CG_écrit_juin.pdf
16045,4546,ECOPO_CG-CC_écrit_ repechage.pdf,ESG/2015/Technique/13CG/ECOPO_CG-CC_écrit_ repechage.pdf
16046,4546,FRANC_CC-CG_écrit_juin.pdf,ESG/2015/Technique/13CG/FRANC_CC-CG_écrit_juin.pdf
16047,4546,FRANC_CG-CC_écrit_ repechage.pdf,ESG/2015/Technique/13CG/FRANC_CG-CC_écrit_ repechage.pdf
16048,4546,FRANC_SLP_CC-CG_écrit_juin.pdf,ESG/2015/Technique/13CG/FRANC_SLP_CC-CG_écrit_juin.pdf
16049,4546,INFOR _CG_écrit_ repechage.pdf,ESG/2015/Technique/13CG/INFOR _CG_écrit_ repechage.pdf
16050,4546,INFOR_CG_écrit_juinl.pdf,ESG/2015/Technique/13CG/INFOR_CG_écrit_juinl.pdf
16051,4546,MATHE_CG_écrit_ repechage.pdf,ESG/2015/Technique/13CG/MATHE_CG_écrit_ repechage.pdf
16052,4546,Mathe_CG_écrit_juin.pdf,ESG/2015/Technique/13CG/Mathe_CG_écrit_juin.pdf
4547,4543,13ED,ESG/2015/Technique/13ED
16026,4547,ALLEM_ED-SI-SH_écrit_juin.pdf,ESG/2015/Technique/13ED/ALLEM_ED-SI-SH_écrit_juin.pdf
16027,4547,ANGLA_ED-SI-SH_écrit_juin.pdf,ESG/2015/Technique/13ED/ANGLA_ED-SI-SH_écrit_juin.pdf
16028,4547,FRANC_ED-SI-SH_écrit_mai.pdf,ESG/2015/Technique/13ED/FRANC_ED-SI-SH_écrit_mai.pdf
4548,4543,13GE,ESG/2015/Technique/13GE
16005,4548,ALLEM_GE-GI-AR_écrit_mai.pdf,ESG/2015/Technique/13GE/ALLEM_GE-GI-AR_écrit_mai.pdf
16006,4548,ALLEM_GE-GI-AR_écrit_repêchage.pdf,ESG/2015/Technique/13GE/ALLEM_GE-GI-AR_écrit_repêchage.pdf
16007,4548,ANGLA_GE-GI-AR_écrit_mai.pdf,ESG/2015/Technique/13GE/ANGLA_GE-GI-AR_écrit_mai.pdf
16008,4548,CHIMI_GE_écrit_juin.pdf,ESG/2015/Technique/13GE/CHIMI_GE_écrit_juin.pdf
16009,4548,CONMO_CG-CC-GE-GI-AR_écrit_ repechage.pdf,ESG/2015/Technique/13GE/CONMO_CG-CC-GE-GI-AR_écrit_ repechage.pdf
16010,4548,CONMO_CG-CC-GE-GI-AR_écrit_mai.pdf,ESG/2015/Technique/13GE/CONMO_CG-CC-GE-GI-AR_écrit_mai.pdf
16011,4548,ELETE_GE_écrit_juin.pdf,ESG/2015/Technique/13GE/ELETE_GE_écrit_juin.pdf
16012,4548,ELETE_GE_écrit_repêchage.pdf,ESG/2015/Technique/13GE/ELETE_GE_écrit_repêchage.pdf
16013,4548,FRANC_GE-GI_écrit_mai.pdf,ESG/2015/Technique/13GE/FRANC_GE-GI_écrit_mai.pdf
16014,4548,FRANC_GE-GI_écrit_repêchage.pdf,ESG/2015/Technique/13GE/FRANC_GE-GI_écrit_repêchage.pdf
16015,4548,INFOR_GE_écrit_juin.pdf,ESG/2015/Technique/13GE/INFOR_GE_écrit_juin.pdf
16016,4548,INFOR_GE_écrit_repêchage.pdf,ESG/2015/Technique/13GE/INFOR_GE_écrit_repêchage.pdf
16017,4548,MATHE 1_GE-GI_écrit_mai.pdf,ESG/2015/Technique/13GE/MATHE 1_GE-GI_écrit_mai.pdf
16018,4548,MATHE 2_GE_écrit_juin.pdf,ESG/2015/Technique/13GE/MATHE 2_GE_écrit_juin.pdf
16019,4548,MATHE 2_GE_écrit_repêchage.pdf,ESG/2015/Technique/13GE/MATHE 2_GE_écrit_repêchage.pdf
16021,4548,MECA_GE_écrit_mai.pdf,ESG/2015/Technique/13GE/MECA_GE_écrit_mai.pdf
16020,4548,MECAN_GE_écrit_repêchage.pdf,ESG/2015/Technique/13GE/MECAN_GE_écrit_repêchage.pdf
16022,4548,PHYSI_GE_écrit_mai.pdf,ESG/2015/Technique/13GE/PHYSI_GE_écrit_mai.pdf
16023,4548,PHYSI_GE_écrit_repêchage.pdf,ESG/2015/Technique/13GE/PHYSI_GE_écrit_repêchage.pdf
16024,4548,TECNO_GE_écrit_juin.pdf,ESG/2015/Technique/13GE/TECNO_GE_écrit_juin.pdf
16025,4548,TECNO_GE_écrit_repêchage.pdf,ESG/2015/Technique/13GE/TECNO_GE_écrit_repêchage.pdf
4549,4543,13GI,ESG/2015/Technique/13GI
15992,4549,ALLEM_GE-GI-AR_écrit_mai.pdf,ESG/2015/Technique/13GI/ALLEM_GE-GI-AR_écrit_mai.pdf
15993,4549,ALLEM_GE-GI-AR_écrit_repêchage.pdf,ESG/2015/Technique/13GI/ALLEM_GE-GI-AR_écrit_repêchage.pdf
15994,4549,ANGLA_GE-GI-AR_écrit_mai.pdf,ESG/2015/Technique/13GI/ANGLA_GE-GI-AR_écrit_mai.pdf
15995,4549,BASDO_GI_écrit_juin.pdf,ESG/2015/Technique/13GI/BASDO_GI_écrit_juin.pdf
15996,4549,CONMO_CG-CC-GE-GI-AR_écrit_ repechage.pdf,ESG/2015/Technique/13GI/CONMO_CG-CC-GE-GI-AR_écrit_ repechage.pdf
15997,4549,CONMO_CG-CC-GE-GI-AR_écrit_mai.pdf,ESG/2015/Technique/13GI/CONMO_CG-CC-GE-GI-AR_écrit_mai.pdf
15998,4549,FRANC_GE-GI_écrit_mai.pdf,ESG/2015/Technique/13GI/FRANC_GE-GI_écrit_mai.pdf
15999,4549,FRANC_GE-GI_écrit_repêchage.pdf,ESG/2015/Technique/13GI/FRANC_GE-GI_écrit_repêchage.pdf
16000,4549,MATHE 1_GE-GI_écrit_mai.pdf,ESG/2015/Technique/13GI/MATHE 1_GE-GI_écrit_mai.pdf
16001,4549,MATHE 2_GI_écrit_juin.pdf,ESG/2015/Technique/13GI/MATHE 2_GI_écrit_juin.pdf
16002,4549,PROGR_GI_écrit_mai.pdf,ESG/2015/Technique/13GI/PROGR_GI_écrit_mai.pdf
16003,4549,SNTEC_GI_écrit_juin.pdf,ESG/2015/Technique/13GI/SNTEC_GI_écrit_juin.pdf
16004,4549,TEINF_GI_écrit_mai.pdf,ESG/2015/Technique/13GI/TEINF_GI_écrit_mai.pdf
4550,4543,13SH,ESG/2015/Technique/13SH
15984,4550,ALLEM_ED-SI-SH_écrit_juin.pdf,ESG/2015/Technique/13SH/ALLEM_ED-SI-SH_écrit_juin.pdf
15985,4550,ANGLA_ED-SI-SH_écrit_juin.pdf,ESG/2015/Technique/13SH/ANGLA_ED-SI-SH_écrit_juin.pdf
15986,4550,Biologie humaine_SI-SH_écrit_juin.pdf,ESG/2015/Technique/13SH/Biologie humaine_SI-SH_écrit_juin.pdf
15987,4550,Chimie médicale_SH_écrit_juin.pdf,ESG/2015/Technique/13SH/Chimie médicale_SH_écrit_juin.pdf
15988,4550,FRANC_ED-SI-SH_écrit_mai.pdf,ESG/2015/Technique/13SH/FRANC_ED-SI-SH_écrit_mai.pdf
15989,4550,PHYME_SH_écrit_juin.pdf,ESG/2015/Technique/13SH/PHYME_SH_écrit_juin.pdf
15990,4550,SCHUS_SI-SH_écrit_juin.pdf,ESG/2015/Technique/13SH/SCHUS_SI-SH_écrit_juin.pdf
15991,4550,SCMED_SI-SH_écrit_juin.pdf,ESG/2015/Technique/13SH/SCMED_SI-SH_écrit_juin.pdf
4551,4543,13SI,ESG/2015/Technique/13SI
15977,4551,ALLEM_ED-SI-SH_écrit_juin.pdf,ESG/2015/Technique/13SI/ALLEM_ED-SI-SH_écrit_juin.pdf
15978,4551,ANGLA_ED-SI-SH_écrit_juin.pdf,ESG/2015/Technique/13SI/ANGLA_ED-SI-SH_écrit_juin.pdf
15979,4551,Biologie humaine_SI-SH_écrit_juin.pdf,ESG/2015/Technique/13SI/Biologie humaine_SI-SH_écrit_juin.pdf
15980,4551,COSPI_SI_écrit_juin.pdf,ESG/2015/Technique/13SI/COSPI_SI_écrit_juin.pdf
15981,4551,FRANC_ED-SI-SH_écrit_mai.pdf,ESG/2015/Technique/13SI/FRANC_ED-SI-SH_écrit_mai.pdf
15982,4551,SCHUS_SI-SH_écrit_juin.pdf,ESG/2015/Technique/13SI/SCHUS_SI-SH_écrit_juin.pdf
15983,4551,SCMED_SI-SH_écrit_juin.pdf,ESG/2015/Technique/13SI/SCMED_SI-SH_écrit_juin.pdf
4552,4543,14ED,ESG/2015/Technique/14ED
15968,4552,Connaissance du monde contemporain_ED_écrit_mai.pdf,ESG/2015/Technique/14ED/Connaissance du monde contemporain_ED_écrit_mai.pdf
15969,4552,Education à la santé_ED_écrit_juin.pdf,ESG/2015/Technique/14ED/Education à la santé_ED_écrit_juin.pdf
15970,4552,Gerontologie_ED_écrit_mai.pdf,ESG/2015/Technique/14ED/Gerontologie_ED_écrit_mai.pdf
15971,4552,Législation et Déontologie_ED_écrit_juin.pdf,ESG/2015/Technique/14ED/Législation et Déontologie_ED_écrit_juin.pdf
15975,4552,Pédagogie sociale_ED_écrit_mai.pdf,ESG/2015/Technique/14ED/Pédagogie sociale_ED_écrit_mai.pdf
15976,4552,Pédagogie spéciale_ED_écrit_juin.pdf,ESG/2015/Technique/14ED/Pédagogie spéciale_ED_écrit_juin.pdf
15972,4552,PEDME_ED_écrit_juin.pdf,ESG/2015/Technique/14ED/PEDME_ED_écrit_juin.pdf
15973,4552,Psychologie_ED_écrit_mai.pdf,ESG/2015/Technique/14ED/Psychologie_ED_écrit_mai.pdf
15974,4552,Psychopédagogie_ED_écrit_juin.pdf,ESG/2015/Technique/14ED/Psychopédagogie_ED_écrit_juin.pdf
4797,2001,2016,ESG/2016
4798,4797,Technicien,ESG/2016/Technicien
4799,4798,TCHAN,ESG/2016/Technicien/TCHAN
19989,4799,ALLEM_TCHAN_écrit_mai.pdf,ESG/2016/Technicien/TCHAN/ALLEM_TCHAN_écrit_mai.pdf
19990,4799,ANGLA_TCHAN_écrit_mai.pdf,ESG/2016/Technicien/TCHAN/ANGLA_TCHAN_écrit_mai.pdf
19991,4799,BIOTE_TCHAN_écrit_mai.pdf,ESG/2016/Technicien/TCHAN/BIOTE_TCHAN_écrit_mai.pdf
19992,4799,CHIMN_TCHAN_écrit_mai.pdf,ESG/2016/Technicien/TCHAN/CHIMN_TCHAN_écrit_mai.pdf
19993,4799,CHIMO_TCHAN_écrit_mai.pdf,ESG/2016/Technicien/TCHAN/CHIMO_TCHAN_écrit_mai.pdf
19994,4799,CHIPH_TCHAN_écrit_mai.pdf,ESG/2016/Technicien/TCHAN/CHIPH_TCHAN_écrit_mai.pdf
19995,4799,EDUCS_TCMAN-TCHAN_écrit_mai.pdf,ESG/2016/Technicien/TCHAN/EDUCS_TCMAN-TCHAN_écrit_mai.pdf
19996,4799,FRANC_TCHAN_écrit_mai.pdf,ESG/2016/Technicien/TCHAN/FRANC_TCHAN_écrit_mai.pdf
19997,4799,INFOR_TCHAN_écrit_juin.pdf,ESG/2016/Technicien/TCHAN/INFOR_TCHAN_écrit_juin.pdf
19998,4799,MATHE_TCHAN_écrit_mai.pdf,ESG/2016/Technicien/TCHAN/MATHE_TCHAN_écrit_mai.pdf
19999,4799,MEAPC_TCHAN_écrit_mai.pdf,ESG/2016/Technicien/TCHAN/MEAPC_TCHAN_écrit_mai.pdf
20000,4799,PHYSI_TCHAN_écrit_juin.pdf,ESG/2016/Technicien/TCHAN/PHYSI_TCHAN_écrit_juin.pdf
4800,4798,TCMAN,ESG/2016/Technicien/TCMAN
19972,4800,ALLEM_AAN_TCMAN_écrit_juin.pdf,ESG/2016/Technicien/TCMAN/ALLEM_AAN_TCMAN_écrit_juin.pdf
19973,4800,ALLEM_FAN_TCMAN_écrit_juin.pdf,ESG/2016/Technicien/TCMAN/ALLEM_FAN_TCMAN_écrit_juin.pdf
19974,4800,ALLEM_TCMAN_écrit_juin.pdf,ESG/2016/Technicien/TCMAN/ALLEM_TCMAN_écrit_juin.pdf
19975,4800,ALLEM_TCMAN_écrit_repechage.pdf,ESG/2016/Technicien/TCMAN/ALLEM_TCMAN_écrit_repechage.pdf
19976,4800,ANGLA_TCMAN_écrit_juin.pdf,ESG/2016/Technicien/TCMAN/ANGLA_TCMAN_écrit_juin.pdf
19977,4800,ANGLA_TCMAN_écrit_repechage.pdf,ESG/2016/Technicien/TCMAN/ANGLA_TCMAN_écrit_repechage.pdf
19979,4800,COMGEI_FAR_TCMAN_écrit_juin.pdf,ESG/2016/Technicien/TCMAN/COMGEI_FAR_TCMAN_écrit_juin.pdf
19980,4800,COMGEI_TCMAN_écrit_juin.pdf,ESG/2016/Technicien/TCMAN/COMGEI_TCMAN_écrit_juin.pdf
19978,4800,COMGEII_TCMAN_écrit_juin.pdf,ESG/2016/Technicien/TCMAN/COMGEII_TCMAN_écrit_juin.pdf
19981,4800,COPOR_TCMAN_écrit_juin.pdf,ESG/2016/Technicien/TCMAN/COPOR_TCMAN_écrit_juin.pdf
19982,4800,ECOPO_TCMAN_écrit_juin.pdf,ESG/2016/Technicien/TCMAN/ECOPO_TCMAN_écrit_juin.pdf
19984,4800,EDUCS_TCMAN_écrit_juin.pdf,ESG/2016/Technicien/TCMAN/EDUCS_TCMAN_écrit_juin.pdf
19985,4800,EDUCS_TCMAN_écrit_repechage.pdf,ESG/2016/Technicien/TCMAN/EDUCS_TCMAN_écrit_repechage.pdf
19983,4800,EDUCS_TCMAN-TCHAN_écrit_mai.pdf,ESG/2016/Technicien/TCMAN/EDUCS_TCMAN-TCHAN_écrit_mai.pdf
19986,4800,FRANC_TCMAN_écrit_juin.pdf,ESG/2016/Technicien/TCMAN/FRANC_TCMAN_écrit_juin.pdf
19987,4800,GESEN_TCMAN_écrit_juin.pdf,ESG/2016/Technicien/TCMAN/GESEN_TCMAN_écrit_juin.pdf
19988,4800,GESEN_TCMAN_écrit_repechage.pdf,ESG/2016/Technicien/TCMAN/GESEN_TCMAN_écrit_repechage.pdf
4801,4797,Technique,ESG/2016/Technique
4802,4801,13AR,ESG/2016/Technique/13AR
22465,4802,ALLEM_GE_GI_AR_écrit_septembre.pdf,ESG/2016/Technique/13AR/ALLEM_GE_GI_AR_écrit_septembre.pdf
19960,4802,ALLEM_GE-GI-AR_écrit_mai.pdf,ESG/2016/Technique/13AR/ALLEM_GE-GI-AR_écrit_mai.pdf
19961,4802,ANGLA_AR-GE-GI-SO_écrit_juin.pdf,ESG/2016/Technique/13AR/ANGLA_AR-GE-GI-SO_écrit_juin.pdf
22466,4802,ANGLA_GE_GI_AR_SI_écrit_septembre_rep.pdf,ESG/2016/Technique/13AR/ANGLA_GE_GI_AR_SI_écrit_septembre_rep.pdf
22468,4802,ANGLA_GE_GI_AR_SO_écrit_septembre.pdf,ESG/2016/Technique/13AR/ANGLA_GE_GI_AR_SO_écrit_septembre.pdf
19962,4802,COGRI_AR_écrit_juin.pdf,ESG/2016/Technique/13AR/COGRI_AR_écrit_juin.pdf
19964,4802,CONMO_CG_CC_AR_GE_GI_écrit_juin.pdf,ESG/2016/Technique/13AR/CONMO_CG_CC_AR_GE_GI_écrit_juin.pdf
19965,4802,CONMO_CG_CC_AR_GE_GI_écrit_repechage.pdf,ESG/2016/Technique/13AR/CONMO_CG_CC_AR_GE_GI_écrit_repechage.pdf
19963,4802,CONMO_CG-CC-GE-GI-AR_écrit_mai.pdf,ESG/2016/Technique/13AR/CONMO_CG-CC-GE-GI-AR_écrit_mai.pdf
22467,4802,CONMO_GE_CC_CG_AR_GI_écrit_septembre.pdf,ESG/2016/Technique/13AR/CONMO_GE_CC_CG_AR_GI_écrit_septembre.pdf
19966,4802,FRANC_AR_écrit_juin.pdf,ESG/2016/Technique/13AR/FRANC_AR_écrit_juin.pdf
19967,4802,HISAR_AR_écrit_mai.pdf,ESG/2016/Technique/13AR/HISAR_AR_écrit_mai.pdf
19968,4802,LAPLA_AR_écrit_mai.pdf,ESG/2016/Technique/13AR/LAPLA_AR_écrit_mai.pdf
19969,4802,MATHE_AR_écrit_juin.pdf,ESG/2016/Technique/13AR/MATHE_AR_écrit_juin.pdf
19970,4802,SCIEN_AR_écrit_juin.pdf,ESG/2016/Technique/13AR/SCIEN_AR_écrit_juin.pdf
19971,4802,VOLCO_AR_écrit_juin.pdf,ESG/2016/Technique/13AR/VOLCO_AR_écrit_juin.pdf
4803,4801,13CC,ESG/2016/Technique/13CC
19941,4803,ALLEM_CC-CG-SO_écrit_juin.pdf,ESG/2016/Technique/13CC/ALLEM_CC-CG-SO_écrit_juin.pdf
19943,4803,ALLEM_CG_CC_écrit_juin.pdf,ESG/2016/Technique/13CC/ALLEM_CG_CC_écrit_juin.pdf
19944,4803,ALLEM_CG_CC_écrit_repechage.pdf,ESG/2016/Technique/13CC/ALLEM_CG_CC_écrit_repechage.pdf
22470,4803,ALLEM_CG_CC_écrit_septembre.pdf,ESG/2016/Technique/13CC/ALLEM_CG_CC_écrit_septembre.pdf
19942,4803,ALLEM_CGF_CC_écrit_juin.pdf,ESG/2016/Technique/13CC/ALLEM_CGF_CC_écrit_juin.pdf
19945,4803,ANGLA_CG_CC_écrit_juin.pdf,ESG/2016/Technique/13CC/ANGLA_CG_CC_écrit_juin.pdf
22474,4803,ANGLA_CG_CC_écrit_septembre.pdf,ESG/2016/Technique/13CC/ANGLA_CG_CC_écrit_septembre.pdf
19946,4803,COMPT_CC_écrit_juin.pdf,ESG/2016/Technique/13CC/COMPT_CC_écrit_juin.pdf
19947,4803,COMPT_CC_écrit_repechage.pdf,ESG/2016/Technique/13CC/COMPT_CC_écrit_repechage.pdf
19949,4803,CONMO_CG_CC_AR_GE_GI_écrit_juin.pdf,ESG/2016/Technique/13CC/CONMO_CG_CC_AR_GE_GI_écrit_juin.pdf
19950,4803,CONMO_CG_CC_AR_GE_GI_écrit_repechage.pdf,ESG/2016/Technique/13CC/CONMO_CG_CC_AR_GE_GI_écrit_repechage.pdf
22473,4803,CONMO_CG_CC_écrit_septembre.pdf,ESG/2016/Technique/13CC/CONMO_CG_CC_écrit_septembre.pdf
19948,4803,CONMO_CG-CC-GE-GI-AR_écrit_mai.pdf,ESG/2016/Technique/13CC/CONMO_CG-CC-GE-GI-AR_écrit_mai.pdf
22471,4803,CONMO_GE_CC_CG_AR_GI_écrit_septembre.pdf,ESG/2016/Technique/13CC/CONMO_GE_CC_CG_AR_GI_écrit_septembre.pdf
19951,4803,COPRH_CC_écrit_juin.pdf,ESG/2016/Technique/13CC/COPRH_CC_écrit_juin.pdf
22469,4803,COPRH_CC_écrit_septembre.pdf,ESG/2016/Technique/13CC/COPRH_CC_écrit_septembre.pdf
19952,4803,ECOGE_CG_CC_écrit_juin.pdf,ESG/2016/Technique/13CC/ECOGE_CG_CC_écrit_juin.pdf
19953,4803,ECOGE_CG_CC_écrit_repechage.pdf,ESG/2016/Technique/13CC/ECOGE_CG_CC_écrit_repechage.pdf
22472,4803,ECOGE_CG_CC_écrit_septembre.pdf,ESG/2016/Technique/13CC/ECOGE_CG_CC_écrit_septembre.pdf
19954,4803,ECOPO_CG_CC_écrit_juin.pdf,ESG/2016/Technique/13CC/ECOPO_CG_CC_écrit_juin.pdf
19955,4803,ECOPO_CG_CC_écrit_repechage.pdf,ESG/2016/Technique/13CC/ECOPO_CG_CC_écrit_repechage.pdf
22475,4803,ECOPO_CG_CC_écrit_septembre.pdf,ESG/2016/Technique/13CC/ECOPO_CG_CC_écrit_septembre.pdf
19956,4803,FRANC_CG_CC_écrit_juin.pdf,ESG/2016/Technique/13CC/FRANC_CG_CC_écrit_juin.pdf
19957,4803,FRANC_CG_CC_écrit_repechage.pdf,ESG/2016/Technique/13CC/FRANC_CG_CC_écrit_repechage.pdf
22476,4803,FRANC_CG_CC_écrit_septembre.pdf,ESG/2016/Technique/13CC/FRANC_CG_CC_écrit_septembre.pdf
19958,4803,ORGES_CC_écrit_juin.pdf,ESG/2016/Technique/13CC/ORGES_CC_écrit_juin.pdf
19959,4803,TINCO_CC_écrit_juin.pdf,ESG/2016/Technique/13CC/TINCO_CC_écrit_juin.pdf
4804,4801,13CG,ESG/2016/Technique/13CG
19918,4804,ALLEM_CC-CG-SO_écrit_juin.pdf,ESG/2016/Technique/13CG/ALLEM_CC-CG-SO_écrit_juin.pdf
19921,4804,ALLEM_CG_CC_écrit_juin.pdf,ESG/2016/Technique/13CG/ALLEM_CG_CC_écrit_juin.pdf
19922,4804,ALLEM_CG_CC_écrit_repechage.pdf,ESG/2016/Technique/13CG/ALLEM_CG_CC_écrit_repechage.pdf
22479,4804,ALLEM_CG_CC_écrit_septembre.pdf,ESG/2016/Technique/13CG/ALLEM_CG_CC_écrit_septembre.pdf
19919,4804,ALLEM_CGA_écrit_juin.pdf,ESG/2016/Technique/13CG/ALLEM_CGA_écrit_juin.pdf
19920,4804,ALLEM_CGF_CC_écrit_juin.pdf,ESG/2016/Technique/13CG/ALLEM_CGF_CC_écrit_juin.pdf
19923,4804,ANGLA_CG_CC_écrit_juin.pdf,ESG/2016/Technique/13CG/ANGLA_CG_CC_écrit_juin.pdf
22480,4804,ANGLA_CG_CC_écrit_septembre.pdf,ESG/2016/Technique/13CG/ANGLA_CG_CC_écrit_septembre.pdf
22478,4804,COMPT_CG (2)_écrit_septembre.pdf,ESG/2016/Technique/13CG/COMPT_CG (2)_écrit_septembre.pdf
19924,4804,COMPT_CG_écrit_juin.pdf,ESG/2016/Technique/13CG/COMPT_CG_écrit_juin.pdf
19925,4804,COMPT_CG_écrit_repechage.pdf,ESG/2016/Technique/13CG/COMPT_CG_écrit_repechage.pdf
22477,4804,COMPT_CG_écrit_septembre.pdf,ESG/2016/Technique/13CG/COMPT_CG_écrit_septembre.pdf
19926,4804,COMPT_FAR_CG_écrit_juin.pdf,ESG/2016/Technique/13CG/COMPT_FAR_CG_écrit_juin.pdf
19927,4804,COMPT_FAR_CG_écrit_repechage.pdf,ESG/2016/Technique/13CG/COMPT_FAR_CG_écrit_repechage.pdf
19929,4804,CONMO_CG_CC_AR_GE_GI_écrit_juin.pdf,ESG/2016/Technique/13CG/CONMO_CG_CC_AR_GE_GI_écrit_juin.pdf
19930,4804,CONMO_CG_CC_AR_GE_GI_écrit_repechage.pdf,ESG/2016/Technique/13CG/CONMO_CG_CC_AR_GE_GI_écrit_repechage.pdf
22485,4804,CONMO_CG_CC_écrit_septembre.pdf,ESG/2016/Technique/13CG/CONMO_CG_CC_écrit_septembre.pdf
19928,4804,CONMO_CG-CC-GE-GI-AR_écrit_mai.pdf,ESG/2016/Technique/13CG/CONMO_CG-CC-GE-GI-AR_écrit_mai.pdf
19931,4804,ECOGE_CG_CC_écrit_juin.pdf,ESG/2016/Technique/13CG/ECOGE_CG_CC_écrit_juin.pdf
19932,4804,ECOGE_CG_CC_écrit_repechage.pdf,ESG/2016/Technique/13CG/ECOGE_CG_CC_écrit_repechage.pdf
22481,4804,ECOGE_CG_CC_écrit_septembre.pdf,ESG/2016/Technique/13CG/ECOGE_CG_CC_écrit_septembre.pdf
19933,4804,ECOPO_CG_CC_écrit_juin.pdf,ESG/2016/Technique/13CG/ECOPO_CG_CC_écrit_juin.pdf
19934,4804,ECOPO_CG_CC_écrit_repechage.pdf,ESG/2016/Technique/13CG/ECOPO_CG_CC_écrit_repechage.pdf
22482,4804,ECOPO_CG_CC_écrit_septembre.pdf,ESG/2016/Technique/13CG/ECOPO_CG_CC_écrit_septembre.pdf
19935,4804,FRANC_CG_CC_écrit_juin.pdf,ESG/2016/Technique/13CG/FRANC_CG_CC_écrit_juin.pdf
19936,4804,FRANC_CG_CC_écrit_repechage.pdf,ESG/2016/Technique/13CG/FRANC_CG_CC_écrit_repechage.pdf
22484,4804,FRANC_CG_CC_écrit_septembre.pdf,ESG/2016/Technique/13CG/FRANC_CG_CC_écrit_septembre.pdf
19937,4804,INFOR_CG_écrit_juin.pdf,ESG/2016/Technique/13CG/INFOR_CG_écrit_juin.pdf
19938,4804,INFOR_CG_écrit_repechage.pdf,ESG/2016/Technique/13CG/INFOR_CG_écrit_repechage.pdf
22483,4804,INFOR_CG_écrit_septembre.pdf,ESG/2016/Technique/13CG/INFOR_CG_écrit_septembre.pdf
19939,4804,MATHE_CG_écrit_juin.pdf,ESG/2016/Technique/13CG/MATHE_CG_écrit_juin.pdf
19940,4804,MATHE_CG_écrit_repechage.pdf,ESG/2016/Technique/13CG/MATHE_CG_écrit_repechage.pdf
22486,4804,MATHE_CG_écrit_septembre.pdf,ESG/2016/Technique/13CG/MATHE_CG_écrit_septembre.pdf
4805,4801,13ED,ESG/2016/Technique/13ED
22491,4805,AEDSO_ED.pdf,ESG/2016/Technique/13ED/AEDSO_ED.pdf
19908,4805,AEDSO_ED_écrit_mai.pdf,ESG/2016/Technique/13ED/AEDSO_ED_écrit_mai.pdf
19909,4805,ALLEM_ED_écrit_mai.pdf,ESG/2016/Technique/13ED/ALLEM_ED_écrit_mai.pdf
22488,4805,ALLEM_ED_SI_SH_écrit_septembre.pdf,ESG/2016/Technique/13ED/ALLEM_ED_SI_SH_écrit_septembre.pdf
19910,4805,ANGLA_ED_écrit_mai.pdf,ESG/2016/Technique/13ED/ANGLA_ED_écrit_mai.pdf
22489,4805,ANGLA_ED_SI_SH_écrit_septembre.pdf,ESG/2016/Technique/13ED/ANGLA_ED_SI_SH_écrit_septembre.pdf
22487,4805,DEVEL_ED_écrit_septembre.pdf,ESG/2016/Technique/13ED/DEVEL_ED_écrit_septembre.pdf
19911,4805,Développement tout au long de la vie_ED_écrit_juin.pdf,ESG/2016/Technique/13ED/Développement tout au long de la vie_ED_écrit_juin.pdf
22494,4805,FRANC II_ED_SI_SH_écrit_septembre.pdf,ESG/2016/Technique/13ED/FRANC II_ED_SI_SH_écrit_septembre.pdf
19912,4805,FRANC_ED_écrit_mai.pdf,ESG/2016/Technique/13ED/FRANC_ED_écrit_mai.pdf
22495,4805,FRANC_ED_SI_SH_écrit_septembre.pdf,ESG/2016/Technique/13ED/FRANC_ED_SI_SH_écrit_septembre.pdf
19913,4805,PEDAG_ED_écrit_mai.pdf,ESG/2016/Technique/13ED/PEDAG_ED_écrit_mai.pdf
19914,4805,PEDAG_ED_écrit_repêchage.pdf,ESG/2016/Technique/13ED/PEDAG_ED_écrit_repêchage.pdf
22496,4805,PEDAG_ED_écrit_septembre.pdf,ESG/2016/Technique/13ED/PEDAG_ED_écrit_septembre.pdf
19915,4805,PSYCH_ED_écrit_mai.pdf,ESG/2016/Technique/13ED/PSYCH_ED_écrit_mai.pdf
19916,4805,PSYCH_ED_écrit_repêchage.pdf,ESG/2016/Technique/13ED/PSYCH_ED_écrit_repêchage.pdf
22504,4805,PSYCH_ED_écrit_septembre.pdf,ESG/2016/Technique/13ED/PSYCH_ED_écrit_septembre.pdf
19917,4805,SOCIO_ED_écrit_mai.pdf,ESG/2016/Technique/13ED/SOCIO_ED_écrit_mai.pdf
22502,4805,SOCIO_ED_écrit_septembre.pdf,ESG/2016/Technique/13ED/SOCIO_ED_écrit_septembre.pdf
4806,4801,13GE,ESG/2016/Technique/13GE
22507,4806,ALLEM_GE_GI_AR_écrit_septembre.pdf,ESG/2016/Technique/13GE/ALLEM_GE_GI_AR_écrit_septembre.pdf
19894,4806,ALLEM_GE-GI-AR_écrit_mai.pdf,ESG/2016/Technique/13GE/ALLEM_GE-GI-AR_écrit_mai.pdf
19895,4806,ANGLA_AR-GE-GI-SO_écrit_juin.pdf,ESG/2016/Technique/13GE/ANGLA_AR-GE-GI-SO_écrit_juin.pdf
22508,4806,ANGLA_GE_GI_AR_SO_écrit_septembre.pdf,ESG/2016/Technique/13GE/ANGLA_GE_GI_AR_SO_écrit_septembre.pdf
22509,4806,ANGLA_Rep_GE_GI_AR_SI_écrit_septembre.pdf,ESG/2016/Technique/13GE/ANGLA_Rep_GE_GI_AR_SI_écrit_septembre.pdf
19896,4806,CHIMI_GE_écrit_mai.pdf,ESG/2016/Technique/13GE/CHIMI_GE_écrit_mai.pdf
22510,4806,CHIMI_GE_écrit_septembre.pdf,ESG/2016/Technique/13GE/CHIMI_GE_écrit_septembre.pdf
19898,4806,CONMO_CG_CC_AR_GE_GI_écrit_juin.pdf,ESG/2016/Technique/13GE/CONMO_CG_CC_AR_GE_GI_écrit_juin.pdf
19899,4806,CONMO_CG_CC_AR_GE_GI_écrit_repechage.pdf,ESG/2016/Technique/13GE/CONMO_CG_CC_AR_GE_GI_écrit_repechage.pdf
19897,4806,CONMO_CG-CC-GE-GI-AR_écrit_mai.pdf,ESG/2016/Technique/13GE/CONMO_CG-CC-GE-GI-AR_écrit_mai.pdf
22505,4806,CONMO_GE_CC_CG_AR_GI_écrit_septembre.pdf,ESG/2016/Technique/13GE/CONMO_GE_CC_CG_AR_GI_écrit_septembre.pdf
19900,4806,ELETE_GE_écrit_mai.pdf,ESG/2016/Technique/13GE/ELETE_GE_écrit_mai.pdf
22506,4806,ELETE_GE_écrit_septembre.pdf,ESG/2016/Technique/13GE/ELETE_GE_écrit_septembre.pdf
22511,4806,FRANC_GE_GI_écrit_septembre.pdf,ESG/2016/Technique/13GE/FRANC_GE_GI_écrit_septembre.pdf
19901,4806,FRANC_GE-GI_écrit_mai.pdf,ESG/2016/Technique/13GE/FRANC_GE-GI_écrit_mai.pdf
19902,4806,INFOR_GE_écrit_juin.pdf,ESG/2016/Technique/13GE/INFOR_GE_écrit_juin.pdf
22518,4806,INFOR_GE_écrit_septembre.pdf,ESG/2016/Technique/13GE/INFOR_GE_écrit_septembre.pdf
22516,4806,MATHE1_GE_GI_écrit_septembre.pdf,ESG/2016/Technique/13GE/MATHE1_GE_GI_écrit_septembre.pdf
19903,4806,MATHE1_GE-GI_écrit_mai.pdf,ESG/2016/Technique/13GE/MATHE1_GE-GI_écrit_mai.pdf
19904,4806,MATHE2_GE_écrit_mai.pdf,ESG/2016/Technique/13GE/MATHE2_GE_écrit_mai.pdf
22515,4806,MATHE2_GE_écrit_septembre.pdf,ESG/2016/Technique/13GE/MATHE2_GE_écrit_septembre.pdf
19905,4806,MECAN_GE_écrit_mai.pdf,ESG/2016/Technique/13GE/MECAN_GE_écrit_mai.pdf
22512,4806,MECAN_GE_écrit_septembre.pdf,ESG/2016/Technique/13GE/MECAN_GE_écrit_septembre.pdf
19906,4806,PHYSI_GE_écrit_juin.pdf,ESG/2016/Technique/13GE/PHYSI_GE_écrit_juin.pdf
22517,4806,PHYSI_GE_écrit_septembre.pdf,ESG/2016/Technique/13GE/PHYSI_GE_écrit_septembre.pdf
22514,4806,PHYSI_Rep_GE_écrit_septembre.pdf,ESG/2016/Technique/13GE/PHYSI_Rep_GE_écrit_septembre.pdf
22513,4806,TECHNO_GE_écrit_septembre.pdf,ESG/2016/Technique/13GE/TECHNO_GE_écrit_septembre.pdf
19907,4806,TECNO_GE_écrit_juin.pdf,ESG/2016/Technique/13GE/TECNO_GE_écrit_juin.pdf
4807,4801,13GI,ESG/2016/Technique/13GI
22519,4807,ALLEM_GE_GI_AR_écrit_septembre.pdf,ESG/2016/Technique/13GI/ALLEM_GE_GI_AR_écrit_septembre.pdf
19882,4807,ALLEM_GE-GI-AR_écrit_mai.pdf,ESG/2016/Technique/13GI/ALLEM_GE-GI-AR_écrit_mai.pdf
19883,4807,ANGLA_AR-GE-GI-SO_écrit_juin.pdf,ESG/2016/Technique/13GI/ANGLA_AR-GE-GI-SO_écrit_juin.pdf
22521,4807,ANGLA_GE_GI_AR_SO_écrit_septembre.pdf,ESG/2016/Technique/13GI/ANGLA_GE_GI_AR_SO_écrit_septembre.pdf
22520,4807,ANGLA_Rep_GE_GI_AR_SI_écrit_septembre.pdf,ESG/2016/Technique/13GI/ANGLA_Rep_GE_GI_AR_SI_écrit_septembre.pdf
19884,4807,BASDO_GI_écrit_juin.pdf,ESG/2016/Technique/13GI/BASDO_GI_écrit_juin.pdf
19886,4807,CONMO_CG_CC_AR_GE_GI_écrit_juin.pdf,ESG/2016/Technique/13GI/CONMO_CG_CC_AR_GE_GI_écrit_juin.pdf
19887,4807,CONMO_CG_CC_AR_GE_GI_écrit_repechage.pdf,ESG/2016/Technique/13GI/CONMO_CG_CC_AR_GE_GI_écrit_repechage.pdf
19885,4807,CONMO_CG-CC-GE-GI-AR_écrit_mai.pdf,ESG/2016/Technique/13GI/CONMO_CG-CC-GE-GI-AR_écrit_mai.pdf
19888,4807,FRANC_GE-GI_écrit_mai.pdf,ESG/2016/Technique/13GI/FRANC_GE-GI_écrit_mai.pdf
19889,4807,MATHE1_GE-GI_écrit_mai.pdf,ESG/2016/Technique/13GI/MATHE1_GE-GI_écrit_mai.pdf
19890,4807,MATHE2_GI_écrit_mai.pdf,ESG/2016/Technique/13GI/MATHE2_GI_écrit_mai.pdf
19891,4807,PROGR_GI_écrit_juin.pdf,ESG/2016/Technique/13GI/PROGR_GI_écrit_juin.pdf
19892,4807,SNTEC_GI_écrit_juin.pdf,ESG/2016/Technique/13GI/SNTEC_GI_écrit_juin.pdf
19893,4807,TEINF_GI_écrit_mai.pdf,ESG/2016/Technique/13GI/TEINF_GI_écrit_mai.pdf
4808,4801,13SH,ESG/2016/Technique/13SH
22526,4808,ALLEM_ED_SI_SH_écrit_septembre.pdf,ESG/2016/Technique/13SH/ALLEM_ED_SI_SH_écrit_septembre.pdf
19872,4808,ALLEM_SH_écrit_mai.pdf,ESG/2016/Technique/13SH/ALLEM_SH_écrit_mai.pdf
22525,4808,ANGLA_ED_SI_SH_écrit_septembre.pdf,ESG/2016/Technique/13SH/ANGLA_ED_SI_SH_écrit_septembre.pdf
19873,4808,ANGLA_SH_écrit_mai.pdf,ESG/2016/Technique/13SH/ANGLA_SH_écrit_mai.pdf
19874,4808,BIOHU_SH_écrit_mai.pdf,ESG/2016/Technique/13SH/BIOHU_SH_écrit_mai.pdf
22522,4808,BIOHU_SI_SH de_écrit_septembre.pdf,ESG/2016/Technique/13SH/BIOHU_SI_SH de_écrit_septembre.pdf
22527,4808,BIOHU_SI_SH fr_écrit_septembre.pdf,ESG/2016/Technique/13SH/BIOHU_SI_SH fr_écrit_septembre.pdf
19875,4808,CHIME_SH_écrit_juin.pdf,ESG/2016/Technique/13SH/CHIME_SH_écrit_juin.pdf
22524,4808,CHIME_SH_écrit_septembre.pdf,ESG/2016/Technique/13SH/CHIME_SH_écrit_septembre.pdf
22523,4808,FRANC II_ED_SI_SH_écrit_septembre.pdf,ESG/2016/Technique/13SH/FRANC II_ED_SI_SH_écrit_septembre.pdf
22529,4808,FRANC_ED_SI_SH_écrit_septembre.pdf,ESG/2016/Technique/13SH/FRANC_ED_SI_SH_écrit_septembre.pdf
19876,4808,FRANC_SH_écrit_mai.pdf,ESG/2016/Technique/13SH/FRANC_SH_écrit_mai.pdf
19877,4808,PHYME_SH_écrit_mai.pdf,ESG/2016/Technique/13SH/PHYME_SH_écrit_mai.pdf
19878,4808,PHYME_SH_écrit_repêchage.pdf,ESG/2016/Technique/13SH/PHYME_SH_écrit_repêchage.pdf
22530,4808,PHYME_SH_écrit_septembre.pdf,ESG/2016/Technique/13SH/PHYME_SH_écrit_septembre.pdf
19879,4808,SCHUS_SH_écrit_mai.pdf,ESG/2016/Technique/13SH/SCHUS_SH_écrit_mai.pdf
22528,4808,SCHUS_SI_SH_écrit_septembre.pdf,ESG/2016/Technique/13SH/SCHUS_SI_SH_écrit_septembre.pdf
19880,4808,SCMED_SH_écrit_mai.pdf,ESG/2016/Technique/13SH/SCMED_SH_écrit_mai.pdf
19881,4808,SCMED_SH_écrit_repêchage.pdf,ESG/2016/Technique/13SH/SCMED_SH_écrit_repêchage.pdf
22531,4808,SCMED_SI_SH_écrit_septembre.pdf,ESG/2016/Technique/13SH/SCMED_SI_SH_écrit_septembre.pdf
4809,4801,13SI,ESG/2016/Technique/13SI
22533,4809,ALLEM_ED_SI_SH_écrit_septembre.pdf,ESG/2016/Technique/13SI/ALLEM_ED_SI_SH_écrit_septembre.pdf
19864,4809,ALLEM_SI_écrit_mai.pdf,ESG/2016/Technique/13SI/ALLEM_SI_écrit_mai.pdf
22534,4809,ANGLA_ED_SI_SH_écrit_septembre.pdf,ESG/2016/Technique/13SI/ANGLA_ED_SI_SH_écrit_septembre.pdf
22541,4809,ANGLA_Rep_GE_GI_AR_SI_écrit_septembre.pdf,ESG/2016/Technique/13SI/ANGLA_Rep_GE_GI_AR_SI_écrit_septembre.pdf
19865,4809,ANGLA_SI_écrit_mai.pdf,ESG/2016/Technique/13SI/ANGLA_SI_écrit_mai.pdf
19866,4809,BIOHU_SI_écrit_mai.pdf,ESG/2016/Technique/13SI/BIOHU_SI_écrit_mai.pdf
22532,4809,BIOHU_SI_SH de_écrit_septembre.pdf,ESG/2016/Technique/13SI/BIOHU_SI_SH de_écrit_septembre.pdf
22536,4809,BIOHU_SI_SH fr_écrit_septembre.pdf,ESG/2016/Technique/13SI/BIOHU_SI_SH fr_écrit_septembre.pdf
19867,4809,COSPI_SI_écrit_juin.pdf,ESG/2016/Technique/13SI/COSPI_SI_écrit_juin.pdf
22535,4809,COSPI_SI_écrit_septembre.pdf,ESG/2016/Technique/13SI/COSPI_SI_écrit_septembre.pdf
22540,4809,FRANC II_ED_SI_SH_écrit_septembre.pdf,ESG/2016/Technique/13SI/FRANC II_ED_SI_SH_écrit_septembre.pdf
22537,4809,FRANC_ED_SI_SH_écrit_septembre.pdf,ESG/2016/Technique/13SI/FRANC_ED_SI_SH_écrit_septembre.pdf
19868,4809,FRANC_SI_écrit_mai.pdf,ESG/2016/Technique/13SI/FRANC_SI_écrit_mai.pdf
19869,4809,SCHUS_SI_écrit_juin.pdf,ESG/2016/Technique/13SI/SCHUS_SI_écrit_juin.pdf
22539,4809,SCHUS_SI_SH_écrit_septembre.pdf,ESG/2016/Technique/13SI/SCHUS_SI_SH_écrit_septembre.pdf
19870,4809,SCMED_SI_écrit_mai.pdf,ESG/2016/Technique/13SI/SCMED_SI_écrit_mai.pdf
19871,4809,SCMED_SI_écrit_repêchage.pdf,ESG/2016/Technique/13SI/SCMED_SI_écrit_repêchage.pdf
22538,4809,SCMED_SI_SH_écrit_septembre.pdf,ESG/2016/Technique/13SI/SCMED_SI_SH_écrit_septembre.pdf
4810,4801,13SO,ESG/2016/Technique/13SO
19848,4810,ALLEM_CC-CG-SO_écrit_juin.pdf,ESG/2016/Technique/13SO/ALLEM_CC-CG-SO_écrit_juin.pdf
22543,4810,ALLEM_SO_écrit_septembre.pdf,ESG/2016/Technique/13SO/ALLEM_SO_écrit_septembre.pdf
19849,4810,ANGLA_AR-GE-GI-SO_écrit_juin.pdf,ESG/2016/Technique/13SO/ANGLA_AR-GE-GI-SO_écrit_juin.pdf
22547,4810,ANGLA_GE_GI_AR_SO_écrit_septembre.pdf,ESG/2016/Technique/13SO/ANGLA_GE_GI_AR_SO_écrit_septembre.pdf
19850,4810,ANGLA_SO_écrit_repêchage.pdf,ESG/2016/Technique/13SO/ANGLA_SO_écrit_repêchage.pdf
19851,4810,CONMO_SO_écrit_juin.pdf,ESG/2016/Technique/13SO/CONMO_SO_écrit_juin.pdf
19852,4810,CONMO_SO_écrit_repêchage.pdf,ESG/2016/Technique/13SO/CONMO_SO_écrit_repêchage.pdf
22545,4810,CONMO_SO_écrit_septembre.pdf,ESG/2016/Technique/13SO/CONMO_SO_écrit_septembre.pdf
19853,4810,ECOPO_SO_écrit_juin.pdf,ESG/2016/Technique/13SO/ECOPO_SO_écrit_juin.pdf
19854,4810,ECOPO_SO_écrit_repêchage.pdf,ESG/2016/Technique/13SO/ECOPO_SO_écrit_repêchage.pdf
22549,4810,ECOPO_SO_écrit_septembre.pdf,ESG/2016/Technique/13SO/ECOPO_SO_écrit_septembre.pdf
19855,4810,FRANC_SO_écrit_juin.pdf,ESG/2016/Technique/13SO/FRANC_SO_écrit_juin.pdf
22542,4810,FRANC_SO_écrit_septembre.pdf,ESG/2016/Technique/13SO/FRANC_SO_écrit_septembre.pdf
19856,4810,MATHE_SO_écrit_juin.pdf,ESG/2016/Technique/13SO/MATHE_SO_écrit_juin.pdf
19857,4810,MATHE_SO_écrit_repêchage.pdf,ESG/2016/Technique/13SO/MATHE_SO_écrit_repêchage.pdf
22544,4810,MATHE_SO_écrit_septembre.pdf,ESG/2016/Technique/13SO/MATHE_SO_écrit_septembre.pdf
19858,4810,PEDAG_SO_écrit_juin_DE.pdf,ESG/2016/Technique/13SO/PEDAG_SO_écrit_juin_DE.pdf
19859,4810,PEDAG_SO_écrit_juin_FR.pdf,ESG/2016/Technique/13SO/PEDAG_SO_écrit_juin_FR.pdf
19860,4810,PSYCO_SO_écrit_juin.pdf,ESG/2016/Technique/13SO/PSYCO_SO_écrit_juin.pdf
22548,4810,PSYCO_SO_écrit_septembre (1).pdf,ESG/2016/Technique/13SO/PSYCO_SO_écrit_septembre (1).pdf
22546,4810,PSYCO_SO_écrit_septembre.pdf,ESG/2016/Technique/13SO/PSYCO_SO_écrit_septembre.pdf
19861,4810,QUEPH_SO_écrit_juin.pdf,ESG/2016/Technique/13SO/QUEPH_SO_écrit_juin.pdf
19862,4810,SOCIO_SO_écrit_juin_DE.pdf,ESG/2016/Technique/13SO/SOCIO_SO_écrit_juin_DE.pdf
19863,4810,SOCIO_SO_écrit_juin_FR.pdf,ESG/2016/Technique/13SO/SOCIO_SO_écrit_juin_FR.pdf
4811,4801,14ED,ESG/2016/Technique/14ED
22551,4811,CONMO_14EDAN_écrit_septembre.pdf,ESG/2016/Technique/14ED/CONMO_14EDAN_écrit_septembre.pdf
19835,4811,CONMO_ED(AN)_écrit_repêchage.pdf,ESG/2016/Technique/14ED/CONMO_ED(AN)_écrit_repêchage.pdf
22552,4811,EDSAE_14EDAN_écrit_septembre.pdf,ESG/2016/Technique/14ED/EDSAE_14EDAN_écrit_septembre.pdf
19836,4811,EDSAE_ED_écrit_mai.pdf,ESG/2016/Technique/14ED/EDSAE_ED_écrit_mai.pdf
22553,4811,GERON_14EDAN_écrit_septembre.pdf,ESG/2016/Technique/14ED/GERON_14EDAN_écrit_septembre.pdf
19837,4811,GERON_ED(AN)_écrit_repêchage.pdf,ESG/2016/Technique/14ED/GERON_ED(AN)_écrit_repêchage.pdf
19838,4811,GERON_ED_écrit_mai.pdf,ESG/2016/Technique/14ED/GERON_ED_écrit_mai.pdf
22550,4811,LEDEO_14EDAN_écrit_septembre.pdf,ESG/2016/Technique/14ED/LEDEO_14EDAN_écrit_septembre.pdf
19839,4811,LEDEO_ED_écrit_mai.pdf,ESG/2016/Technique/14ED/LEDEO_ED_écrit_mai.pdf
22554,4811,PEDME_14EDAN_écrit_septembre.pdf,ESG/2016/Technique/14ED/PEDME_14EDAN_écrit_septembre.pdf
19840,4811,PEDME_ED(AN)_écrit_repêchage.pdf,ESG/2016/Technique/14ED/PEDME_ED(AN)_écrit_repêchage.pdf
19841,4811,PEDME_ED_écrit_juin.pdf,ESG/2016/Technique/14ED/PEDME_ED_écrit_juin.pdf
22555,4811,PEDSO_14EDAN_écrit_septembre.pdf,ESG/2016/Technique/14ED/PEDSO_14EDAN_écrit_septembre.pdf
19842,4811,PEDSO_ED_écrit_mai.pdf,ESG/2016/Technique/14ED/PEDSO_ED_écrit_mai.pdf
22556,4811,PEDSP_14EDAN_écrit_septembre.pdf,ESG/2016/Technique/14ED/PEDSP_14EDAN_écrit_septembre.pdf
19843,4811,PEDSP_ED(AN)_écrit_repêchage.pdf,ESG/2016/Technique/14ED/PEDSP_ED(AN)_écrit_repêchage.pdf
19844,4811,PEDSP_ED_écrit_mai.pdf,ESG/2016/Technique/14ED/PEDSP_ED_écrit_mai.pdf
22557,4811,PSYCH_14EDAN_écrit_septembre.pdf,ESG/2016/Technique/14ED/PSYCH_14EDAN_écrit_septembre.pdf
19845,4811,PSYCH_ED(AN)_écrit_repêchage.pdf,ESG/2016/Technique/14ED/PSYCH_ED(AN)_écrit_repêchage.pdf
19846,4811,PSYCH_ED_écrit_mai.pdf,ESG/2016/Technique/14ED/PSYCH_ED_écrit_mai.pdf
22558,4811,PSYPE_14EDAN_écrit_septembre.pdf,ESG/2016/Technique/14ED/PSYPE_14EDAN_écrit_septembre.pdf
19847,4811,PSYPE_ED_écrit_juin.pdf,ESG/2016/Technique/14ED/PSYPE_ED_écrit_juin.pdf
5309,2001,2017,ESG/2017
5311,5309,13AR,ESG/2017/13AR
24509,5311,ALLEM_AR-GE-GI_écrit_juin.pdf,ESG/2017/13AR/ALLEM_AR-GE-GI_écrit_juin.pdf
24505,5311,ANGLA_AR_GE_GI_SO_écrit_juin.pdf,ESG/2017/13AR/ANGLA_AR_GE_GI_SO_écrit_juin.pdf
24506,5311,ANGLA_AR_GE_GI_SO_écrit_juin_repêchage.pdf,ESG/2017/13AR/ANGLA_AR_GE_GI_SO_écrit_juin_repêchage.pdf
24510,5311,CONMO_AR_CC_CG_GE_GI_écrit_mai.pdf,ESG/2017/13AR/CONMO_AR_CC_CG_GE_GI_écrit_mai.pdf
24508,5311,CONMO_SLP_AR_CC_CG_GE_GI_écrit_juin.pdf,ESG/2017/13AR/CONMO_SLP_AR_CC_CG_GE_GI_écrit_juin.pdf
24507,5311,FRANC_AR_écrit 1re et 2e partie_mai.pdf,ESG/2017/13AR/FRANC_AR_écrit 1re et 2e partie_mai.pdf
24515,5311,HISAR_AR_écrit_juin.pdf,ESG/2017/13AR/HISAR_AR_écrit_juin.pdf
24511,5311,LAPLA_AR_partie 1_écrit_mai.pdf,ESG/2017/13AR/LAPLA_AR_partie 1_écrit_mai.pdf
24512,5311,LAPLA_AR_partie 2_écrit_mai.pdf,ESG/2017/13AR/LAPLA_AR_partie 2_écrit_mai.pdf
24513,5311,MATHE_AR_écrit_juin.pdf,ESG/2017/13AR/MATHE_AR_écrit_juin.pdf
24514,5311,SCIEN_AR_écrit_mai.pdf,ESG/2017/13AR/SCIEN_AR_écrit_mai.pdf
24516,5311,VOLCO_AR_écrit_mai.pdf,ESG/2017/13AR/VOLCO_AR_écrit_mai.pdf
5312,5309,13CC,ESG/2017/13CC
24518,5312,ALLEM F_CC_CG_écrit_juin.pdf,ESG/2017/13CC/ALLEM F_CC_CG_écrit_juin.pdf
24520,5312,ALLEM_CC_CG_SO_écrit_juin.pdf,ESG/2017/13CC/ALLEM_CC_CG_SO_écrit_juin.pdf
24521,5312,ALLEM_CC_CG_SO_écrit_repêchage_juin.pdf,ESG/2017/13CC/ALLEM_CC_CG_SO_écrit_repêchage_juin.pdf
24522,5312,ANGLA_CC_CG_écrit_juin.pdf,ESG/2017/13CC/ANGLA_CC_CG_écrit_juin.pdf
24519,5312,ANGLA_CC_CG_écrit_repêchage_juin.pdf,ESG/2017/13CC/ANGLA_CC_CG_écrit_repêchage_juin.pdf
24517,5312,COMPT_CC_écrit_juin.pdf,ESG/2017/13CC/COMPT_CC_écrit_juin.pdf
24523,5312,CONMO_AR_CC_CG_GE_GI_écrit_juin.pdf,ESG/2017/13CC/CONMO_AR_CC_CG_GE_GI_écrit_juin.pdf
24524,5312,CONMO_SLP_AR_CC_CG_GE_GI_écrit_juin.pdf,ESG/2017/13CC/CONMO_SLP_AR_CC_CG_GE_GI_écrit_juin.pdf
24525,5312,COPRH_CC_écrit_juin.pdf,ESG/2017/13CC/COPRH_CC_écrit_juin.pdf
24526,5312,ECOGE_CC_CG_écrit_juin.pdf,ESG/2017/13CC/ECOGE_CC_CG_écrit_juin.pdf
24527,5312,ECOGE_CC_CG_écrit_repêchage_juin.pdf,ESG/2017/13CC/ECOGE_CC_CG_écrit_repêchage_juin.pdf
24528,5312,ECOGE_SLP_CC_CG_écrit_juin.pdf,ESG/2017/13CC/ECOGE_SLP_CC_CG_écrit_juin.pdf
24529,5312,ECOPO_CC_CG_écrit_juin.pdf,ESG/2017/13CC/ECOPO_CC_CG_écrit_juin.pdf
24532,5312,ECOPO_CC_CG_écrit_repêchage_juin.pdf,ESG/2017/13CC/ECOPO_CC_CG_écrit_repêchage_juin.pdf
24535,5312,ECOPO_SLP_CC_CG_écrit_juin.pdf,ESG/2017/13CC/ECOPO_SLP_CC_CG_écrit_juin.pdf
24534,5312,FRANC_CC_CG_écrit_repêchage_juin.pdf,ESG/2017/13CC/FRANC_CC_CG_écrit_repêchage_juin.pdf
24531,5312,FRANC_CC_CGécrit_juin.pdf,ESG/2017/13CC/FRANC_CC_CGécrit_juin.pdf
24530,5312,ORGES_CC_écrit_juin.pdf,ESG/2017/13CC/ORGES_CC_écrit_juin.pdf
24533,5312,TINCO_CC_écrit_juin.pdf,ESG/2017/13CC/TINCO_CC_écrit_juin.pdf
5313,5309,13CG,ESG/2017/13CG
24538,5313,ALLEM A_CG_écrit_juin.pdf,ESG/2017/13CG/ALLEM A_CG_écrit_juin.pdf
24536,5313,ALLEM F_CC_CG_écrit_juin.pdf,ESG/2017/13CG/ALLEM F_CC_CG_écrit_juin.pdf
24537,5313,ALLEM_CC_CG_SO_écrit_juin.pdf,ESG/2017/13CG/ALLEM_CC_CG_SO_écrit_juin.pdf
24540,5313,ALLEM_CC_CG_SO_écrit_repêchage_juin.pdf,ESG/2017/13CG/ALLEM_CC_CG_SO_écrit_repêchage_juin.pdf
24541,5313,ANGLA_CC_CG_écrit_juin.pdf,ESG/2017/13CG/ANGLA_CC_CG_écrit_juin.pdf
24539,5313,ANGLA_CC_CG_écrit_repêchage_juin.pdf,ESG/2017/13CG/ANGLA_CC_CG_écrit_repêchage_juin.pdf
24544,5313,COMPT FAR_CG_écrit_repêchage_juin.pdf,ESG/2017/13CG/COMPT FAR_CG_écrit_repêchage_juin.pdf
24546,5313,COMPT_ FAR_SLP_CG_écrit_juin.pdf,ESG/2017/13CG/COMPT_ FAR_SLP_CG_écrit_juin.pdf
24545,5313,COMPT_CG_écrit_juin.pdf,ESG/2017/13CG/COMPT_CG_écrit_juin.pdf
24542,5313,COMPT_CG_écrit_repêchage_juin.pdf,ESG/2017/13CG/COMPT_CG_écrit_repêchage_juin.pdf
24547,5313,COMPT_FAR_CG_écrit_juin.pdf,ESG/2017/13CG/COMPT_FAR_CG_écrit_juin.pdf
24543,5313,COMPT_SLP_CG_écrit_juin.pdf,ESG/2017/13CG/COMPT_SLP_CG_écrit_juin.pdf
24549,5313,CONMO_AR_CC_CG_GE_GI_écrit_juin.pdf,ESG/2017/13CG/CONMO_AR_CC_CG_GE_GI_écrit_juin.pdf
24548,5313,CONMO_SLP_AR_CC_CG_GE_GI_écrit_juin.pdf,ESG/2017/13CG/CONMO_SLP_AR_CC_CG_GE_GI_écrit_juin.pdf
24552,5313,ECOGE_CC_CG_écrit_juin.pdf,ESG/2017/13CG/ECOGE_CC_CG_écrit_juin.pdf
24551,5313,ECOGE_CC_CG_écrit_repêchage_juin.pdf,ESG/2017/13CG/ECOGE_CC_CG_écrit_repêchage_juin.pdf
24550,5313,ECOGE_SLP_CC_CG_écrit_juin.pdf,ESG/2017/13CG/ECOGE_SLP_CC_CG_écrit_juin.pdf
24553,5313,ECOPO_CC_CG_écrit_juin.pdf,ESG/2017/13CG/ECOPO_CC_CG_écrit_juin.pdf
24557,5313,ECOPO_CC_CG_écrit_repêchage_juin.pdf,ESG/2017/13CG/ECOPO_CC_CG_écrit_repêchage_juin.pdf
24561,5313,ECOPO_SLP_CC_CG_écrit_juin.pdf,ESG/2017/13CG/ECOPO_SLP_CC_CG_écrit_juin.pdf
24554,5313,FRANC_CC_CG_écrit_repêchage_juin.pdf,ESG/2017/13CG/FRANC_CC_CG_écrit_repêchage_juin.pdf
24556,5313,FRANC_CC_CGécrit_juin.pdf,ESG/2017/13CG/FRANC_CC_CGécrit_juin.pdf
24555,5313,FRANC_SLP_CG_écrit_juin.pdf,ESG/2017/13CG/FRANC_SLP_CG_écrit_juin.pdf
24558,5313,INFOR_CG_écrit_juin.pdf,ESG/2017/13CG/INFOR_CG_écrit_juin.pdf
24564,5313,INFOR_CG_écrit_repêchage_juin.pdf,ESG/2017/13CG/INFOR_CG_écrit_repêchage_juin.pdf
24560,5313,INFOR_SLP_CG_écrit_juin.pdf,ESG/2017/13CG/INFOR_SLP_CG_écrit_juin.pdf
24559,5313,MATHE SLP_CG_écrit_juin.pdf,ESG/2017/13CG/MATHE SLP_CG_écrit_juin.pdf
24562,5313,MATHE_CG_écrit_juin.pdf,ESG/2017/13CG/MATHE_CG_écrit_juin.pdf
24563,5313,MATHE_CG_écrit_repêchage_juin.pdf,ESG/2017/13CG/MATHE_CG_écrit_repêchage_juin.pdf
5314,5309,13EA,ESG/2017/13EA
24566,5314,ALLEM_13EA_écrit_mai.pdf,ESG/2017/13EA/ALLEM_13EA_écrit_mai.pdf
24570,5314,ANG_Part 1_13EA_écrit_mai .pdf,ESG/2017/13EA/ANG_Part 1_13EA_écrit_mai .pdf
24565,5314,ANG_Part 2_13EA_écrit_mai .pdf,ESG/2017/13EA/ANG_Part 2_13EA_écrit_mai .pdf
24567,5314,FRANC_13EA_écrit_mai.pdf,ESG/2017/13EA/FRANC_13EA_écrit_mai.pdf
24668,5314,MATHE_13EA_écrit.pdf,ESG/2017/13EA/MATHE_13EA_écrit.pdf
24568,5314,Pédagogie des médias_13EA_écrit_juin.pdf,ESG/2017/13EA/Pédagogie des médias_13EA_écrit_juin.pdf
24571,5314,Philosophie_13EA_écrit_juin.pdf,ESG/2017/13EA/Philosophie_13EA_écrit_juin.pdf
24573,5314,Pratique professionnelle Modèle 1_13EA_écrit_juin.pdf,ESG/2017/13EA/Pratique professionnelle Modèle 1_13EA_écrit_juin.pdf
24572,5314,Psychologie1_13EA_écrit_juin.pdf,ESG/2017/13EA/Psychologie1_13EA_écrit_juin.pdf
24574,5314,Soziologie_13EA_écrit_juin.pdf,ESG/2017/13EA/Soziologie_13EA_écrit_juin.pdf
5316,5309,13ED,ESG/2017/13ED
24601,5316,AEDSO_1ière partie_13ED_écrit.pdf,ESG/2017/13ED/AEDSO_1ière partie_13ED_écrit.pdf
24597,5316,AEDSO_2e partie_13ED_écrit .pdf,ESG/2017/13ED/AEDSO_2e partie_13ED_écrit .pdf
24602,5316,Allemand_13ED_écrit.pdf,ESG/2017/13ED/Allemand_13ED_écrit.pdf
24600,5316,"Allemand_13SH,SI,ED_écrit_juin.pdf","ESG/2017/13ED/Allemand_13SH,SI,ED_écrit_juin.pdf"
24599,5316,ANGLA I_13ED_écrit_mai.pdf,ESG/2017/13ED/ANGLA I_13ED_écrit_mai.pdf
24598,5316,ANGLA II_13ED_écrit_mai.pdf,ESG/2017/13ED/ANGLA II_13ED_écrit_mai.pdf
24604,5316,"Anglais_13SH,SI,ED_écrit_mai_1ère partie.pdf","ESG/2017/13ED/Anglais_13SH,SI,ED_écrit_mai_1ère partie.pdf"
24603,5316,"Anglais_13SH,SI,ED_écrit_mai_2ème partie.pdf","ESG/2017/13ED/Anglais_13SH,SI,ED_écrit_mai_2ème partie.pdf"
24605,5316,DEVEL_13ED_écrit_mai.pdf,ESG/2017/13ED/DEVEL_13ED_écrit_mai.pdf
24610,5316,FRANC_13ED_écrit_juin.pdf,ESG/2017/13ED/FRANC_13ED_écrit_juin.pdf
24606,5316,FRANC_13ED_Expression écrite_juin.pdf,ESG/2017/13ED/FRANC_13ED_Expression écrite_juin.pdf
24612,5316,"FRANC_Compr. de l'écrit_13SH,SI,ED_écrit_juin.pdf","ESG/2017/13ED/FRANC_Compr. de l'écrit_13SH,SI,ED_écrit_juin.pdf"
24608,5316,"FRANC_Expression écrite_13SH,SI,ED_écrit_juin.pdf","ESG/2017/13ED/FRANC_Expression écrite_13SH,SI,ED_écrit_juin.pdf"
24607,5316,PEDAG 13ED_écrit.pdf,ESG/2017/13ED/PEDAG 13ED_écrit.pdf
24611,5316,PSYCH_13ED_écrit_juin.pdf,ESG/2017/13ED/PSYCH_13ED_écrit_juin.pdf
24609,5316,SOCIO_13ED_écrit_juin.pdf,ESG/2017/13ED/SOCIO_13ED_écrit_juin.pdf
5315,5309,13GE,ESG/2017/13GE
24577,5315,"ALLEM_AR,GE,GI_écrit.pdf","ESG/2017/13GE/ALLEM_AR,GE,GI_écrit.pdf"
24576,5315,ANGLA_AR_GE_GI_SO_écrit.pdf,ESG/2017/13GE/ANGLA_AR_GE_GI_SO_écrit.pdf
24575,5315,ANGLA_AR_GE_GI_SO_écrit_repêchage.pdf,ESG/2017/13GE/ANGLA_AR_GE_GI_SO_écrit_repêchage.pdf
24581,5315,CHIMI_GE_écrit.pdf,ESG/2017/13GE/CHIMI_GE_écrit.pdf
24578,5315,CHIMI_GE_écrit_Repêchage.pdf,ESG/2017/13GE/CHIMI_GE_écrit_Repêchage.pdf
24588,5315,CONMO_AR_CC_CG_GE_GI_écrit.pdf,ESG/2017/13GE/CONMO_AR_CC_CG_GE_GI_écrit.pdf
24580,5315,CONMO_AR_CC_CG_GE_GI_écrit_juin.pdf,ESG/2017/13GE/CONMO_AR_CC_CG_GE_GI_écrit_juin.pdf
24579,5315,CONMO_SLP_AR_CC_CG_GE_GI_écrit_juin.pdf,ESG/2017/13GE/CONMO_SLP_AR_CC_CG_GE_GI_écrit_juin.pdf
24587,5315,ELETE_GE_écrit.pdf,ESG/2017/13GE/ELETE_GE_écrit.pdf
24582,5315,FRANC_GE_écrit.pdf,ESG/2017/13GE/FRANC_GE_écrit.pdf
24585,5315,INFOR_GE_écrit.pdf,ESG/2017/13GE/INFOR_GE_écrit.pdf
24583,5315,MATHE I_GE_écrit.pdf,ESG/2017/13GE/MATHE I_GE_écrit.pdf
24586,5315,MATHE I_GE_écrit_repêchage.pdf,ESG/2017/13GE/MATHE I_GE_écrit_repêchage.pdf
24584,5315,MATHE II_GE_écrit.pdf,ESG/2017/13GE/MATHE II_GE_écrit.pdf
24590,5315,MATHE II_GE_écrit_repêchage.pdf,ESG/2017/13GE/MATHE II_GE_écrit_repêchage.pdf
24594,5315,MECAN_GE_écrit.pdf,ESG/2017/13GE/MECAN_GE_écrit.pdf
24592,5315,MECAN_GE_écrit_repêchage.pdf,ESG/2017/13GE/MECAN_GE_écrit_repêchage.pdf
24589,5315,PHYSI_FR_GE_écrit.pdf,ESG/2017/13GE/PHYSI_FR_GE_écrit.pdf
24596,5315,PHYSI_GE_écrit.pdf,ESG/2017/13GE/PHYSI_GE_écrit.pdf
24593,5315,PHYSI_GE_écrit_pêchage.pdf,ESG/2017/13GE/PHYSI_GE_écrit_pêchage.pdf
24595,5315,PHYSI_GE_écrit_repêchage.pdf,ESG/2017/13GE/PHYSI_GE_écrit_repêchage.pdf
24591,5315,TECNO_GE_écrit.pdf,ESG/2017/13GE/TECNO_GE_écrit.pdf
5317,5309,13GI,ESG/2017/13GI
24616,5317,ALLEM_AR-GE-GI_écrit.pdf,ESG/2017/13GI/ALLEM_AR-GE-GI_écrit.pdf
24614,5317,ANGLA_AR_GE_GI_SO_écrit.pdf,ESG/2017/13GI/ANGLA_AR_GE_GI_SO_écrit.pdf
24615,5317,ANGLA_AR_GE_GI_SO_écrit_repêchage.pdf,ESG/2017/13GI/ANGLA_AR_GE_GI_SO_écrit_repêchage.pdf
24617,5317,BASDO_GI_écrit.pdf,ESG/2017/13GI/BASDO_GI_écrit.pdf
24623,5317,CONMO_AR_CC_CG_GE_GI_écrit.pdf,ESG/2017/13GI/CONMO_AR_CC_CG_GE_GI_écrit.pdf
24613,5317,CONMO_AR_CC_CG_GE_GI_écrit_juin.pdf,ESG/2017/13GI/CONMO_AR_CC_CG_GE_GI_écrit_juin.pdf
24618,5317,CONMO_SLP_AR_CC_CG_GE_GI_écrit_juin.pdf,ESG/2017/13GI/CONMO_SLP_AR_CC_CG_GE_GI_écrit_juin.pdf
24619,5317,MATHE 1_GI_écrit_repêchage.pdf,ESG/2017/13GI/MATHE 1_GI_écrit_repêchage.pdf
24620,5317,MATHE I_GE-GI_écrit.pdf,ESG/2017/13GI/MATHE I_GE-GI_écrit.pdf
24622,5317,MATHE II_GI_écrit.pdf,ESG/2017/13GI/MATHE II_GI_écrit.pdf
24624,5317,PROGR_GI_écrit_mai.pdf,ESG/2017/13GI/PROGR_GI_écrit_mai.pdf
24621,5317,SNTEC_GI_écrit.pdf,ESG/2017/13GI/SNTEC_GI_écrit.pdf
24625,5317,TEINF_GI_écrit.pdf,ESG/2017/13GI/TEINF_GI_écrit.pdf
24626,5317,TEINF_GI_écrit_repêchage.pdf,ESG/2017/13GI/TEINF_GI_écrit_repêchage.pdf
5318,5309,13SH,ESG/2017/13SH
24630,5318,"Allemand_13SH,SI,ED_écrit_juin.pdf","ESG/2017/13SH/Allemand_13SH,SI,ED_écrit_juin.pdf"
24629,5318,"Anglais_1ère partie_13SH,SI,ED_écrit_mai.pdf","ESG/2017/13SH/Anglais_1ère partie_13SH,SI,ED_écrit_mai.pdf"
24627,5318,"Anglais_2ème partie_13SH,SI,ED_écrit_mai.pdf","ESG/2017/13SH/Anglais_2ème partie_13SH,SI,ED_écrit_mai.pdf"
24628,5318,"Biologie humaine_all_13SI,SH_écrit_juin.pdf","ESG/2017/13SH/Biologie humaine_all_13SI,SH_écrit_juin.pdf"
24631,5318,"Biologie humaine_fra_13SI,SH_écrit_juin.pdf","ESG/2017/13SH/Biologie humaine_fra_13SI,SH_écrit_juin.pdf"
24635,5318,Chimie médicale_13SH_écrit_juin.pdf,ESG/2017/13SH/Chimie médicale_13SH_écrit_juin.pdf
24634,5318,"FRANC_Compr de l'écrit_13SH,SI,ED_écrit_juin.pdf","ESG/2017/13SH/FRANC_Compr de l'écrit_13SH,SI,ED_écrit_juin.pdf"
24632,5318,"FRANC_Expression écrite_13SH SI,ED_écrit_juin.pdf","ESG/2017/13SH/FRANC_Expression écrite_13SH SI,ED_écrit_juin.pdf"
24637,5318,Physique médicale_13SH_écrit_juin.pdf,ESG/2017/13SH/Physique médicale_13SH_écrit_juin.pdf
24633,5318,"Sciences humaines et sociales_13SH,SI_écrit_juin.pdf","ESG/2017/13SH/Sciences humaines et sociales_13SH,SI_écrit_juin.pdf"
24636,5318,"Sciences médicales_13SI,SH_écrit_juin.pdf","ESG/2017/13SH/Sciences médicales_13SI,SH_écrit_juin.pdf"
5319,5309,13SI,ESG/2017/13SI
24641,5319,"Allemand_13SH,SI,ED_écrit_juin.pdf","ESG/2017/13SI/Allemand_13SH,SI,ED_écrit_juin.pdf"
24640,5319,"Anglais_1ère partie_13SH,SI,ED_écrit_mai.pdf","ESG/2017/13SI/Anglais_1ère partie_13SH,SI,ED_écrit_mai.pdf"
24638,5319,"Anglais_2ième partie_13SH,SI,ED_écrit_mai.pdf","ESG/2017/13SI/Anglais_2ième partie_13SH,SI,ED_écrit_mai.pdf"
24642,5319,"Biologie humaine_all_13SI,SH_écrit_juin.pdf","ESG/2017/13SI/Biologie humaine_all_13SI,SH_écrit_juin.pdf"
24639,5319,"Biologie humaine_fr_13SI,SH_écrit_juin.pdf","ESG/2017/13SI/Biologie humaine_fr_13SI,SH_écrit_juin.pdf"
25485,5319,COSPI_13SI_écrit_mai 2017.pdf,ESG/2017/13SI/COSPI_13SI_écrit_mai 2017.pdf
24644,5319,"FRANC_Compr de l'écrit_13SH,SI,ED_écrit_ juin.pdf","ESG/2017/13SI/FRANC_Compr de l'écrit_13SH,SI,ED_écrit_ juin.pdf"
24646,5319,"FRANC_Expression écrite_13SH,SI,ED_écrit_juin.pdf","ESG/2017/13SI/FRANC_Expression écrite_13SH,SI,ED_écrit_juin.pdf"
24643,5319,"Sciences humaines et sociales_13SH,SI_écrit_juin.pdf","ESG/2017/13SI/Sciences humaines et sociales_13SH,SI_écrit_juin.pdf"
24647,5319,"Sciences médicales 13SI,SH_écrit_juin.pdf","ESG/2017/13SI/Sciences médicales 13SI,SH_écrit_juin.pdf"
5320,5309,13SO,ESG/2017/13SO
24653,5320,ALLEM_CC_CG_SO_écrit_juin.pdf,ESG/2017/13SO/ALLEM_CC_CG_SO_écrit_juin.pdf
24648,5320,ALLEM_CC_CG_SO_écrit_juin2.pdf,ESG/2017/13SO/ALLEM_CC_CG_SO_écrit_juin2.pdf
24651,5320,ALLEM_CC_CG_SO_écrit_repêchage_juin.pdf,ESG/2017/13SO/ALLEM_CC_CG_SO_écrit_repêchage_juin.pdf
24649,5320,ANGLA_AR_GE_GI_SO_écrit_juin.pdf,ESG/2017/13SO/ANGLA_AR_GE_GI_SO_écrit_juin.pdf
24650,5320,ANGLA_AR_GE_GI_SO_écrit_repêchage.pdf,ESG/2017/13SO/ANGLA_AR_GE_GI_SO_écrit_repêchage.pdf
24654,5320,CONMO_SO_écrit_mai.pdf,ESG/2017/13SO/CONMO_SO_écrit_mai.pdf
24656,5320,CONMO_SO_écrit_repêchage.pdf,ESG/2017/13SO/CONMO_SO_écrit_repêchage.pdf
24657,5320,ECOPO_SO_écrit_mai.pdf,ESG/2017/13SO/ECOPO_SO_écrit_mai.pdf
24652,5320,FRANC_SO_écrit_mai.pdf,ESG/2017/13SO/FRANC_SO_écrit_mai.pdf
24655,5320,FRANC_SO_écrit_repêchage.pdf,ESG/2017/13SO/FRANC_SO_écrit_repêchage.pdf
24659,5320,MATHE_SO_écrit_juin.pdf,ESG/2017/13SO/MATHE_SO_écrit_juin.pdf
24658,5320,MATHE_SO_écrit_repêchage.pdf,ESG/2017/13SO/MATHE_SO_écrit_repêchage.pdf
24660,5320,PEDAG_fr_SO_écrit_mai.pdf,ESG/2017/13SO/PEDAG_fr_SO_écrit_mai.pdf
24663,5320,PEDAG_SO_écrit_mai.pdf,ESG/2017/13SO/PEDAG_SO_écrit_mai.pdf
24661,5320,PEDAG_SO_écrit_repêchage.pdf,ESG/2017/13SO/PEDAG_SO_écrit_repêchage.pdf
24662,5320,PSYCO_SO_écrit_mai.pdf,ESG/2017/13SO/PSYCO_SO_écrit_mai.pdf
24664,5320,PSYCO_SO_écrit_repêchage.pdf,ESG/2017/13SO/PSYCO_SO_écrit_repêchage.pdf
24665,5320,QUEPH_SO_écrit_mai.pdf,ESG/2017/13SO/QUEPH_SO_écrit_mai.pdf
24666,5320,QUEPH_SO_écrit_repêchage.pdf,ESG/2017/13SO/QUEPH_SO_écrit_repêchage.pdf
24667,5320,SOCIO_SO_écrit_mai.pdf,ESG/2017/13SO/SOCIO_SO_écrit_mai.pdf
5330,5309,14EDAN,ESG/2017/14EDAN
24786,5330,CONMO_14EDAN_écrit_juin.pdf,ESG/2017/14EDAN/CONMO_14EDAN_écrit_juin.pdf
24789,5330,EDSAN_14EDAN_écrit_mai.pdf,ESG/2017/14EDAN/EDSAN_14EDAN_écrit_mai.pdf
24790,5330,ERON_14EDAN_écrit_mai.pdf,ESG/2017/14EDAN/ERON_14EDAN_écrit_mai.pdf
24787,5330,LEDEO_14EDAN_écrit_juin.pdf,ESG/2017/14EDAN/LEDEO_14EDAN_écrit_juin.pdf
24788,5330,PEDME_14EDAN_écrit_juin.pdf,ESG/2017/14EDAN/PEDME_14EDAN_écrit_juin.pdf
24791,5330,PEDSO_14EDAN_écrit_mai.pdf,ESG/2017/14EDAN/PEDSO_14EDAN_écrit_mai.pdf
24793,5330,PEDSP_14EDAN_écrit_mai.pdf,ESG/2017/14EDAN/PEDSP_14EDAN_écrit_mai.pdf
24792,5330,PSYCHO_14EDAN_écrit_juin.pdf,ESG/2017/14EDAN/PSYCHO_14EDAN_écrit_juin.pdf
24794,5330,PSYPE_14EDAN_écrit_juin.pdf,ESG/2017/14EDAN/PSYPE_14EDAN_écrit_juin.pdf
10253,2001,2018,ESG/2018
11504,10253,13AR,ESG/2018/13AR
31491,11504,ALLEM_AR-GE-GI-SN_écrit_mai_été.pdf,ESG/2018/13AR/ALLEM_AR-GE-GI-SN_écrit_mai_été.pdf
52675,11504,ALLEM_AR-GE-GI-SN_écrit_septembre_QE3.pdf,ESG/2018/13AR/ALLEM_AR-GE-GI-SN_écrit_septembre_QE3.pdf
31493,11504,ANGLA_AR-GE-GI-SN-SO_écrit_juin_été.pdf,ESG/2018/13AR/ANGLA_AR-GE-GI-SN-SO_écrit_juin_été.pdf
31496,11504,ANGLA_AR-GE-GI-SN-SO_écrit_juin_repêchage.pdf,ESG/2018/13AR/ANGLA_AR-GE-GI-SN-SO_écrit_juin_repêchage.pdf
52680,11504,ANGLA_AR-GE-GI-SN-SO_écrit_septembre.pdf,ESG/2018/13AR/ANGLA_AR-GE-GI-SN-SO_écrit_septembre.pdf
31498,11504,ANGLA-Part A_AR-GE-GI-SN-SO_écrit_juin.pdf,ESG/2018/13AR/ANGLA-Part A_AR-GE-GI-SN-SO_écrit_juin.pdf
31499,11504,ANGLA-Part B_AR-GE-GI-SN-SO_écrit_juin.pdf,ESG/2018/13AR/ANGLA-Part B_AR-GE-GI-SN-SO_écrit_juin.pdf
31497,11504,COGRI_AR_écrit_juin_été.pdf,ESG/2018/13AR/COGRI_AR_écrit_juin_été.pdf
31501,11504,CONMO_AR_GE_GI_CG_CC_SN_écrit_juin_été.pdf,ESG/2018/13AR/CONMO_AR_GE_GI_CG_CC_SN_écrit_juin_été.pdf
52681,11504,CONMO_GE_GI_CC_CG_SN_AR_écrit_septembre_QE2.pdf,ESG/2018/13AR/CONMO_GE_GI_CC_CG_SN_AR_écrit_septembre_QE2.pdf
31500,11504,CONMO_GGE_GGI_GCG_GCC_GSN_GAR_écrit_juin.pdf,ESG/2018/13AR/CONMO_GGE_GGI_GCG_GCC_GSN_GAR_écrit_juin.pdf
31489,11504,FRANC_AR_écrit_juin_été.pdf,ESG/2018/13AR/FRANC_AR_écrit_juin_été.pdf
52682,11504,FRANC_AR_écrit_septembre_QE3.pdf,ESG/2018/13AR/FRANC_AR_écrit_septembre_QE3.pdf
31492,11504,HISAR_AR_écrit_juin_été.pdf,ESG/2018/13AR/HISAR_AR_écrit_juin_été.pdf
52678,11504,HISAR_AR_écrit_septembre_QE3.pdf,ESG/2018/13AR/HISAR_AR_écrit_septembre_QE3.pdf
31488,11504,LAPLA_AR_écrit_partie1_été.pdf,ESG/2018/13AR/LAPLA_AR_écrit_partie1_été.pdf
31487,11504,LAPLA_AR_écrit_partie2_été.pdf,ESG/2018/13AR/LAPLA_AR_écrit_partie2_été.pdf
52673,11504,LAPLA_AR_écrit_septembre_Partie 2.pdf,ESG/2018/13AR/LAPLA_AR_écrit_septembre_Partie 2.pdf
52674,11504,LAPLA_AR_écrit_septembre_Partie1.pdf,ESG/2018/13AR/LAPLA_AR_écrit_septembre_Partie1.pdf
31490,11504,MATHE_AR_écrit_juin_été.pdf,ESG/2018/13AR/MATHE_AR_écrit_juin_été.pdf
52676,11504,MATHE_AR_écrit_septembre_QE2.pdf,ESG/2018/13AR/MATHE_AR_écrit_septembre_QE2.pdf
31494,11504,SCIEN_AR_écrit_juin_été.pdf,ESG/2018/13AR/SCIEN_AR_écrit_juin_été.pdf
52677,11504,SCIEN_AR_écrit_septembre_QE2.pdf,ESG/2018/13AR/SCIEN_AR_écrit_septembre_QE2.pdf
31495,11504,VOLCO_AR_écrit_juin_été.pdf,ESG/2018/13AR/VOLCO_AR_écrit_juin_été.pdf
52679,11504,VOLCO_AR_écrit_septembre.pdf,ESG/2018/13AR/VOLCO_AR_écrit_septembre.pdf
11507,10253,13CC,ESG/2018/13CC
52683,11507,ALLEM_CG_CC_SO_écrit_septembre_QE3.pdf,ESG/2018/13CC/ALLEM_CG_CC_SO_écrit_septembre_QE3.pdf
31508,11507,ALLEM_GCC_GCG_GSO_écrit_juin.pdf,ESG/2018/13CC/ALLEM_GCC_GCG_GSO_écrit_juin.pdf
31511,11507,ALLEM_GCC_GCG_GSO_écrit_repjuin.pdf,ESG/2018/13CC/ALLEM_GCC_GCG_GSO_écrit_repjuin.pdf
31503,11507,ANGLA_GCC_GCG_écrit_juin.pdf,ESG/2018/13CC/ANGLA_GCC_GCG_écrit_juin.pdf
31502,11507,ANGLA_GCC_GCG_écrit_repjuin.pdf,ESG/2018/13CC/ANGLA_GCC_GCG_écrit_repjuin.pdf
52686,11507,CONMO_GE_GI_CC_CG_SN_AR_écrit_septembre_QE2.pdf,ESG/2018/13CC/CONMO_GE_GI_CC_CG_SN_AR_écrit_septembre_QE2.pdf
31506,11507,CONMO_GGE_GGI_GCG_GCC_GSN_GAR_écrit_juin.pdf,ESG/2018/13CC/CONMO_GGE_GGI_GCG_GCC_GSN_GAR_écrit_juin.pdf
52687,11507,ECOGE_CC_CG_écrit_septembre_QE1.pdf,ESG/2018/13CC/ECOGE_CC_CG_écrit_septembre_QE1.pdf
31512,11507,ECOGE_GCC_GCG_écrit_juin.pdf,ESG/2018/13CC/ECOGE_GCC_GCG_écrit_juin.pdf
31510,11507,ECOGE_GCC_GCG_écrit_repjuin.pdf,ESG/2018/13CC/ECOGE_GCC_GCG_écrit_repjuin.pdf
52684,11507,ECOPO_CG_CC_écrit_septembre_QE3.pdf,ESG/2018/13CC/ECOPO_CG_CC_écrit_septembre_QE3.pdf
31504,11507,ECOPO_GCC_GCG_écrit_juin.pdf,ESG/2018/13CC/ECOPO_GCC_GCG_écrit_juin.pdf
31505,11507,ECOPO_GCC_GCG_écrit_repjuin.pdf,ESG/2018/13CC/ECOPO_GCC_GCG_écrit_repjuin.pdf
52685,11507,FRANC_CC_CG_écrit_septembre_QE4.pdf,ESG/2018/13CC/FRANC_CC_CG_écrit_septembre_QE4.pdf
31509,11507,FRANC_GCC_GCG_écrit_juin.pdf,ESG/2018/13CC/FRANC_GCC_GCG_écrit_juin.pdf
31507,11507,FRANC_GCC_GCG_écrit_repjuin.pdf,ESG/2018/13CC/FRANC_GCC_GCG_écrit_repjuin.pdf
11508,10253,13CG,ESG/2018/13CG
52690,11508,ALLEM_CG_CC_SO_écrit_septembre_QE3.pdf,ESG/2018/13CG/ALLEM_CG_CC_SO_écrit_septembre_QE3.pdf
31520,11508,ALLEM_GCC_GCG_GSO_écrit_juin.pdf,ESG/2018/13CG/ALLEM_GCC_GCG_GSO_écrit_juin.pdf
31523,11508,ALLEM_GCC_GCG_GSO_écrit_repjuin.pdf,ESG/2018/13CG/ALLEM_GCC_GCG_GSO_écrit_repjuin.pdf
31524,11508,ALLEM_GCG-A_écrit_juin.pdf,ESG/2018/13CG/ALLEM_GCG-A_écrit_juin.pdf
31522,11508,ALLEM_GCG-F_écrit_juin.pdf,ESG/2018/13CG/ALLEM_GCG-F_écrit_juin.pdf
52694,11508,ANGLA_CG_écrit_septembre_QE2 .pdf,ESG/2018/13CG/ANGLA_CG_écrit_septembre_QE2 .pdf
31521,11508,ANGLA_GCC_GCG_écrit_juin.pdf,ESG/2018/13CG/ANGLA_GCC_GCG_écrit_juin.pdf
31525,11508,ANGLA_GCC_GCG_écrit_repjuin.pdf,ESG/2018/13CG/ANGLA_GCC_GCG_écrit_repjuin.pdf
31527,11508,COMPT_GCG_écrit-données_juin.pdf,ESG/2018/13CG/COMPT_GCG_écrit-données_juin.pdf
31526,11508,COMPT_GCG_écrit-données_repjuin.pdf,ESG/2018/13CG/COMPT_GCG_écrit-données_repjuin.pdf
31528,11508,COMPT_GCG_écrit-far_juin.pdf,ESG/2018/13CG/COMPT_GCG_écrit-far_juin.pdf
31529,11508,COMPT_GCG_écrit-far_repjuin.pdf,ESG/2018/13CG/COMPT_GCG_écrit-far_repjuin.pdf
52693,11508,COMPTA_questionnaire_données_CG.pdf,ESG/2018/13CG/COMPTA_questionnaire_données_CG.pdf
52692,11508,COMPTA_questionnaire_feuilles à remplir_CG.pdf,ESG/2018/13CG/COMPTA_questionnaire_feuilles à remplir_CG.pdf
52691,11508,CONMO_GE_GI_CC_CG_SN_AR_écrit_septembre_QE2.pdf,ESG/2018/13CG/CONMO_GE_GI_CC_CG_SN_AR_écrit_septembre_QE2.pdf
52689,11508,CONMO_GE_GI_CC_CG_SN_AR_QE2_écrit_septembre.pdf,ESG/2018/13CG/CONMO_GE_GI_CC_CG_SN_AR_QE2_écrit_septembre.pdf
31530,11508,CONMO_GGE_GGI_GCG_GCC_GSN_GAR_écrit_juin.pdf,ESG/2018/13CG/CONMO_GGE_GGI_GCG_GCC_GSN_GAR_écrit_juin.pdf
52698,11508,ECOGE_CC_CG_écrit_septembre_QE1.pdf,ESG/2018/13CG/ECOGE_CC_CG_écrit_septembre_QE1.pdf
31531,11508,ECOGE_GCC_GCG_écrit_juin.pdf,ESG/2018/13CG/ECOGE_GCC_GCG_écrit_juin.pdf
31534,11508,ECOGE_GCC_GCG_écrit_repjuin.pdf,ESG/2018/13CG/ECOGE_GCC_GCG_écrit_repjuin.pdf
52688,11508,ECOPO_CG_CC_écrit_septembre_QE3.pdf,ESG/2018/13CG/ECOPO_CG_CC_écrit_septembre_QE3.pdf
31533,11508,ECOPO_GCC_GCG_écrit_juin.pdf,ESG/2018/13CG/ECOPO_GCC_GCG_écrit_juin.pdf
31532,11508,ECOPO_GCC_GCG_écrit_repjuin.pdf,ESG/2018/13CG/ECOPO_GCC_GCG_écrit_repjuin.pdf
52695,11508,FRANC_CC_CG_écrit_septembre_QE4.pdf,ESG/2018/13CG/FRANC_CC_CG_écrit_septembre_QE4.pdf
31517,11508,FRANC_GCC_GCG_écrit_juin.pdf,ESG/2018/13CG/FRANC_GCC_GCG_écrit_juin.pdf
31515,11508,FRANC_GCC_GCG_écrit_repjuin.pdf,ESG/2018/13CG/FRANC_GCC_GCG_écrit_repjuin.pdf
31516,11508,FRANC_GCG-SLP_écrit_juin.pdf,ESG/2018/13CG/FRANC_GCG-SLP_écrit_juin.pdf
52697,11508,INFOR_CG_écrit_septembre_QE1.pdf,ESG/2018/13CG/INFOR_CG_écrit_septembre_QE1.pdf
31513,11508,INFOR_GCG_écrit_juin.pdf,ESG/2018/13CG/INFOR_GCG_écrit_juin.pdf
31518,11508,INFOR_GCG_écrit_repjuin.pdf,ESG/2018/13CG/INFOR_GCG_écrit_repjuin.pdf
52696,11508,MATHE_CG_écrit_septembre_QE4.pdf,ESG/2018/13CG/MATHE_CG_écrit_septembre_QE4.pdf
31514,11508,MATHE_GCG_écrit_juin.pdf,ESG/2018/13CG/MATHE_GCG_écrit_juin.pdf
31519,11508,MATHE_GCG_écrit_repjuin.pdf,ESG/2018/13CG/MATHE_GCG_écrit_repjuin.pdf
11509,10253,13ED,ESG/2018/13ED
52726,11509,ACTION ÉDUCATIVE ET SOCIALE_1GED_écrit juin .pdf,ESG/2018/13ED/ACTION ÉDUCATIVE ET SOCIALE_1GED_écrit juin .pdf
52727,11509,ACTION ÉDUCATIVE ET SOCIALE_1GED_écrit juin_repêchage.pdf,ESG/2018/13ED/ACTION ÉDUCATIVE ET SOCIALE_1GED_écrit juin_repêchage.pdf
52722,11509,AEDSO_ED_écrit_octobre_QE4 .pdf,ESG/2018/13ED/AEDSO_ED_écrit_octobre_QE4 .pdf
52725,11509,AEDSO_ED_écrit_septembre_QE3.pdf,ESG/2018/13ED/AEDSO_ED_écrit_septembre_QE3.pdf
52712,11509,ALLEM_1GED_écrit juin.pdf,ESG/2018/13ED/ALLEM_1GED_écrit juin.pdf
31539,11509,ALLEM_ED-SH-SI_écrit_juin.pdf,ESG/2018/13ED/ALLEM_ED-SH-SI_écrit_juin.pdf
31540,11509,ALLEM_ED-SH-SI_écrit_juin_repechage.pdf,ESG/2018/13ED/ALLEM_ED-SH-SI_écrit_juin_repechage.pdf
52699,11509,ALLEM_ED-SH-SI_écrit_octobre_QE4_.pdf,ESG/2018/13ED/ALLEM_ED-SH-SI_écrit_octobre_QE4_.pdf
52701,11509,ALLEM_ED-SH-SI_écrit_septembre_QE3.pdf,ESG/2018/13ED/ALLEM_ED-SH-SI_écrit_septembre_QE3.pdf
52706,11509,ANGLA_1GED_écrit juin.pdf,ESG/2018/13ED/ANGLA_1GED_écrit juin.pdf
31541,11509,ANGLA_ED-SH-SI_écrit_juin.pdf,ESG/2018/13ED/ANGLA_ED-SH-SI_écrit_juin.pdf
52700,11509,ANGLA_ED-SH-SI_écrit_octobre_QE4.pdf,ESG/2018/13ED/ANGLA_ED-SH-SI_écrit_octobre_QE4.pdf
52703,11509,ANGLA_ED-SH-SI_écrit_septembre_QE3.pdf,ESG/2018/13ED/ANGLA_ED-SH-SI_écrit_septembre_QE3.pdf
52704,11509,CONMO_GE_GI_CC_CG_SN_AR_écrit_septembre_QE2.pdf,ESG/2018/13ED/CONMO_GE_GI_CC_CG_SN_AR_écrit_septembre_QE2.pdf
52702,11509,DEVEL_ED_écrit_octobre_QE4.pdf,ESG/2018/13ED/DEVEL_ED_écrit_octobre_QE4.pdf
52705,11509,DEVEL_ED_écrit_septembre_QE3.pdf,ESG/2018/13ED/DEVEL_ED_écrit_septembre_QE3.pdf
52709,11509,DÉVELOPPEMENT TOUT AU LONG DE LA VIE_1GED_écrit juin.pdf,ESG/2018/13ED/DÉVELOPPEMENT TOUT AU LONG DE LA VIE_1GED_écrit juin.pdf
52707,11509,DÉVELOPPEMENT TOUT AU LONG DE LA VIE_1GED_écrit juin_repêchage.pdf,ESG/2018/13ED/DÉVELOPPEMENT TOUT AU LONG DE LA VIE_1GED_écrit juin_repêchage.pdf
31535,11509,FRANC_ED-SH-SI_écrit_juin_partie1.pdf,ESG/2018/13ED/FRANC_ED-SH-SI_écrit_juin_partie1.pdf
31536,11509,FRANC_ED-SH-SI_écrit_juin_partie2.pdf,ESG/2018/13ED/FRANC_ED-SH-SI_écrit_juin_partie2.pdf
31537,11509,FRANC_ED-SH-SI_écrit_juin_repechage_partie2.pdf,ESG/2018/13ED/FRANC_ED-SH-SI_écrit_juin_repechage_partie2.pdf
52708,11509,FRANC_ED-SH-SI_écrit_septembre_QE6.pdf,ESG/2018/13ED/FRANC_ED-SH-SI_écrit_septembre_QE6.pdf
52713,11509,FRANC_ED-SH-SI_écrit_septembre_QE7.pdf,ESG/2018/13ED/FRANC_ED-SH-SI_écrit_septembre_QE7.pdf
31538,11509,FRANC_ED-SI-SH_écrit_juin_repechage_partie1.pdf,ESG/2018/13ED/FRANC_ED-SI-SH_écrit_juin_repechage_partie1.pdf
52710,11509,FRANC_partie 1_1GED_écrit juin.pdf,ESG/2018/13ED/FRANC_partie 1_1GED_écrit juin.pdf
52721,11509,FRANC_partie 2_1GED_écrit juin.pdf,ESG/2018/13ED/FRANC_partie 2_1GED_écrit juin.pdf
52711,11509,PEDAG_ED_écrit_septembre_QE3.pdf,ESG/2018/13ED/PEDAG_ED_écrit_septembre_QE3.pdf
52714,11509,PÉDAGOGIE_1GED_écrit juin.pdf,ESG/2018/13ED/PÉDAGOGIE_1GED_écrit juin.pdf
52716,11509,PÉDAGOGIE_1GED_écrit juin_repêchage.pdf,ESG/2018/13ED/PÉDAGOGIE_1GED_écrit juin_repêchage.pdf
52715,11509,PSYCH_ED_écrit_octobre_QE4.pdf,ESG/2018/13ED/PSYCH_ED_écrit_octobre_QE4.pdf
52718,11509,PSYCH_ED_écrit_septembre_QE3.pdf,ESG/2018/13ED/PSYCH_ED_écrit_septembre_QE3.pdf
52717,11509,PSYCHOLOGIE_1GED_écrit juin.pdf,ESG/2018/13ED/PSYCHOLOGIE_1GED_écrit juin.pdf
52723,11509,SOCIO_ED_écrit_octobre_QE4_DE.pdf,ESG/2018/13ED/SOCIO_ED_écrit_octobre_QE4_DE.pdf
52724,11509,SOCIO_ED_écrit_septembre_QE3.pdf,ESG/2018/13ED/SOCIO_ED_écrit_septembre_QE3.pdf
52719,11509,SOCIOLOGIE_1GED_écrit juin.pdf,ESG/2018/13ED/SOCIOLOGIE_1GED_écrit juin.pdf
52720,11509,SOCIOLOGIE_1GED_écrit juin_repêchage.pdf,ESG/2018/13ED/SOCIOLOGIE_1GED_écrit juin_repêchage.pdf
11510,10253,13GE,ESG/2018/13GE
52738,11510,ALLEM_AR-GE-GI-SN_écrit_septembre_QE3.pdf,ESG/2018/13GE/ALLEM_AR-GE-GI-SN_écrit_septembre_QE3.pdf
52739,11510,ANGLA_AR-GE-GI-SN-SO_écrit_septembre_QE4.pdf,ESG/2018/13GE/ANGLA_AR-GE-GI-SN-SO_écrit_septembre_QE4.pdf
31556,11510,ANGLA-Part A_AR-GE-GI-SN-SO_écrit_juin.pdf,ESG/2018/13GE/ANGLA-Part A_AR-GE-GI-SN-SO_écrit_juin.pdf
31555,11510,ANGLA-Part B_AR-GE-GI-SN-SO_écrit_juin.pdf,ESG/2018/13GE/ANGLA-Part B_AR-GE-GI-SN-SO_écrit_juin.pdf
31557,11510,CHIMI_GE_écrit_juin_repêchage.pdf,ESG/2018/13GE/CHIMI_GE_écrit_juin_repêchage.pdf
31559,11510,CHIMI_GE_écrit_juin_VA.pdf,ESG/2018/13GE/CHIMI_GE_écrit_juin_VA.pdf
31558,11510,CHIMI_GE_écrit_juin_VF.pdf,ESG/2018/13GE/CHIMI_GE_écrit_juin_VF.pdf
52729,11510,CHIMI_GE_écrit_septembre_QE3.pdf,ESG/2018/13GE/CHIMI_GE_écrit_septembre_QE3.pdf
52728,11510,CONMO_GE_GI_CC_CG_SN_AR_écrit_septembre_QE2.pdf,ESG/2018/13GE/CONMO_GE_GI_CC_CG_SN_AR_écrit_septembre_QE2.pdf
31561,11510,CONMO_GGE_GGI_GCG_GCC_GSN_GAR_écrit_juin.pdf,ESG/2018/13GE/CONMO_GGE_GGI_GCG_GCC_GSN_GAR_écrit_juin.pdf
31562,11510,ELETE_GE_écrit_juin.pdf,ESG/2018/13GE/ELETE_GE_écrit_juin.pdf
52731,11510,ELETE_GE_écrit_juin_repêchage_QE3.pdf,ESG/2018/13GE/ELETE_GE_écrit_juin_repêchage_QE3.pdf
31560,11510,ELETE_GE_écrit_juin_VA.pdf,ESG/2018/13GE/ELETE_GE_écrit_juin_VA.pdf
31563,11510,FRANC_GE-GI-SN_écrit_juin.pdf,ESG/2018/13GE/FRANC_GE-GI-SN_écrit_juin.pdf
52730,11510,FRANC_GE-GI-SN_écrit_septembre_QE3.pdf,ESG/2018/13GE/FRANC_GE-GI-SN_écrit_septembre_QE3.pdf
31564,11510,INFOR_GE_écrit_juin.pdf,ESG/2018/13GE/INFOR_GE_écrit_juin.pdf
31545,11510,INFOR_GE_écrit_juin_repêchage.pdf,ESG/2018/13GE/INFOR_GE_écrit_juin_repêchage.pdf
52732,11510,INFOR_GE_écrit_septembre_QE.pdf,ESG/2018/13GE/INFOR_GE_écrit_septembre_QE.pdf
31546,11510,MATHE1_GE-GI_écrit_mai.pdf,ESG/2018/13GE/MATHE1_GE-GI_écrit_mai.pdf
52733,11510,MATHE1_GE-GI_écrit_septembre_QE3.pdf,ESG/2018/13GE/MATHE1_GE-GI_écrit_septembre_QE3.pdf
31542,11510,MATHE2_GE_écrit_juin.pdf,ESG/2018/13GE/MATHE2_GE_écrit_juin.pdf
31544,11510,MATHE2_GE_écrit_juin_repêchage.pdf,ESG/2018/13GE/MATHE2_GE_écrit_juin_repêchage.pdf
52734,11510,MATHE2_GE_écrit_septembre_QE2.pdf,ESG/2018/13GE/MATHE2_GE_écrit_septembre_QE2.pdf
31543,11510,MECAN_GE_écrit_juin_repêchage.pdf,ESG/2018/13GE/MECAN_GE_écrit_juin_repêchage.pdf
31548,11510,MECAN_GE_écrit_juin_VA.pdf,ESG/2018/13GE/MECAN_GE_écrit_juin_VA.pdf
31550,11510,MECAN_GE_écrit_juin_VF.pdf,ESG/2018/13GE/MECAN_GE_écrit_juin_VF.pdf
52735,11510,MECAN_GE_écrit_septembre_QE3.pdf,ESG/2018/13GE/MECAN_GE_écrit_septembre_QE3.pdf
31547,11510,PHYS_GE_écrit_juin_repêchage.pdf,ESG/2018/13GE/PHYS_GE_écrit_juin_repêchage.pdf
31551,11510,PHYSI_GE_écrit_mai_VA.pdf,ESG/2018/13GE/PHYSI_GE_écrit_mai_VA.pdf
31549,11510,PHYSI_GE_écrit_mai_VF.pdf,ESG/2018/13GE/PHYSI_GE_écrit_mai_VF.pdf
52737,11510,PHYSI_GE_écrit_septembre_QE1.pdf,ESG/2018/13GE/PHYSI_GE_écrit_septembre_QE1.pdf
31553,11510,TECNO_GE_écrit_ juin.pdf,ESG/2018/13GE/TECNO_GE_écrit_ juin.pdf
31554,11510,TECNO_GE_écrit_juin.pdf,ESG/2018/13GE/TECNO_GE_écrit_juin.pdf
31552,11510,TECNO_GE_écrit_juin_repêchage.pdf,ESG/2018/13GE/TECNO_GE_écrit_juin_repêchage.pdf
52736,11510,TECNO_GE_écrit_septembre_QE3.pdf,ESG/2018/13GE/TECNO_GE_écrit_septembre_QE3.pdf
11512,10253,13GI,ESG/2018/13GI
52740,11512,ALLEM_AR-GE-GI-SN_écrit_juin_repêchage_QE3.pdf,ESG/2018/13GI/ALLEM_AR-GE-GI-SN_écrit_juin_repêchage_QE3.pdf
52745,11512,ANGLA_AR-GE-GI-SN-SO_écrit_juin_repêchage_QE4.pdf,ESG/2018/13GI/ANGLA_AR-GE-GI-SN-SO_écrit_juin_repêchage_QE4.pdf
31580,11512,ANGLA-Part A_AR-GE-GI-SN-SO_écrit_juin.pdf,ESG/2018/13GI/ANGLA-Part A_AR-GE-GI-SN-SO_écrit_juin.pdf
31579,11512,ANGLA-Part B_AR-GE-GI-SN-SO_écrit_juin.pdf,ESG/2018/13GI/ANGLA-Part B_AR-GE-GI-SN-SO_écrit_juin.pdf
31584,11512,BASDO_GI_écrit_mai_été.pdf,ESG/2018/13GI/BASDO_GI_écrit_mai_été.pdf
52746,11512,CONMO_GE_GI_CC_CG_SN_AR_écrit_septembre_QE2.1.pdf,ESG/2018/13GI/CONMO_GE_GI_CC_CG_SN_AR_écrit_septembre_QE2.1.pdf
52743,11512,CONMO_GE_GI_CC_CG_SN_AR_écrit_septembre_QE2.pdf,ESG/2018/13GI/CONMO_GE_GI_CC_CG_SN_AR_écrit_septembre_QE2.pdf
31585,11512,CONMO_GGE_GGI_GCG_GCC_GSN_GAR_écrit_juin.pdf,ESG/2018/13GI/CONMO_GGE_GGI_GCG_GCC_GSN_GAR_écrit_juin.pdf
52747,11512,FRANC_GE-GI-SN_écrit_juin_repêchage_QE3.pdf,ESG/2018/13GI/FRANC_GE-GI-SN_écrit_juin_repêchage_QE3.pdf
52748,11512,MATHE1_GE-GI_écrit_QE3.pdf,ESG/2018/13GI/MATHE1_GE-GI_écrit_QE3.pdf
31578,11512,MATHE2_GI_écrit_juin_été.pdf,ESG/2018/13GI/MATHE2_GI_écrit_juin_été.pdf
52742,11512,MATHE2_GI_écrit_septembre_QE2.pdf,ESG/2018/13GI/MATHE2_GI_écrit_septembre_QE2.pdf
31582,11512,PROGR_GI_écrit_juin_été.pdf,ESG/2018/13GI/PROGR_GI_écrit_juin_été.pdf
52744,11512,PROGR_GI_écrit_septembre_QE2.pdf,ESG/2018/13GI/PROGR_GI_écrit_septembre_QE2.pdf
31583,11512,SNTEC_GI_écrit_juin_été.pdf,ESG/2018/13GI/SNTEC_GI_écrit_juin_été.pdf
52741,11512,TEINF_GGI_écrit_septembre_QE2.pdf,ESG/2018/13GI/TEINF_GGI_écrit_septembre_QE2.pdf
31581,11512,TEINF_GI_écrit_juin_été.pdf,ESG/2018/13GI/TEINF_GI_écrit_juin_été.pdf
11513,10253,13SH,ESG/2018/13SH
31601,11513,ALLEM_ED-SH-SI_écrit_juin.pdf,ESG/2018/13SH/ALLEM_ED-SH-SI_écrit_juin.pdf
31603,11513,ALLEM_ED-SH-SI_écrit_juin_repechage.pdf,ESG/2018/13SH/ALLEM_ED-SH-SI_écrit_juin_repechage.pdf
52751,11513,ALLEM_ED-SH-SI_écrit_octobre_QE4_.pdf,ESG/2018/13SH/ALLEM_ED-SH-SI_écrit_octobre_QE4_.pdf
52752,11513,ALLEM_ED-SH-SI_écrit_septembre_QE3.pdf,ESG/2018/13SH/ALLEM_ED-SH-SI_écrit_septembre_QE3.pdf
31602,11513,ANGLA_ED-SH-SI_écrit_juin.pdf,ESG/2018/13SH/ANGLA_ED-SH-SI_écrit_juin.pdf
52753,11513,ANGLA_ED-SH-SI_écrit_octobre_QE4.pdf,ESG/2018/13SH/ANGLA_ED-SH-SI_écrit_octobre_QE4.pdf
52754,11513,ANGLA_ED-SH-SI_écrit_septembre_QE3.pdf,ESG/2018/13SH/ANGLA_ED-SH-SI_écrit_septembre_QE3.pdf
31586,11513,BIOHU_SH-SI_écrit_juin.pdf,ESG/2018/13SH/BIOHU_SH-SI_écrit_juin.pdf
31588,11513,BIOHU_SH-SI_écrit_juin_repechage.pdf,ESG/2018/13SH/BIOHU_SH-SI_écrit_juin_repechage.pdf
31587,11513,BIOHU_SH-SI_FR_écrit_juin.pdf,ESG/2018/13SH/BIOHU_SH-SI_FR_écrit_juin.pdf
31590,11513,BIOHU_SH-SI_FR_écrit_juin_repechage.pdf,ESG/2018/13SH/BIOHU_SH-SI_FR_écrit_juin_repechage.pdf
31595,11513,CHIME_SH_QE1_écrit_juin.pdf,ESG/2018/13SH/CHIME_SH_QE1_écrit_juin.pdf
31589,11513,CHIME_SH_QE2_écrit_juin_repechage.pdf,ESG/2018/13SH/CHIME_SH_QE2_écrit_juin_repechage.pdf
31592,11513,FRANC_ED-SH-SI_écrit_juin_partie1.pdf,ESG/2018/13SH/FRANC_ED-SH-SI_écrit_juin_partie1.pdf
31591,11513,FRANC_ED-SH-SI_écrit_juin_partie2.pdf,ESG/2018/13SH/FRANC_ED-SH-SI_écrit_juin_partie2.pdf
31594,11513,FRANC_ED-SH-SI_écrit_juin_repechage_partie2.pdf,ESG/2018/13SH/FRANC_ED-SH-SI_écrit_juin_repechage_partie2.pdf
52750,11513,FRANC_ED-SH-SI_écrit_septembre_QE6.pdf,ESG/2018/13SH/FRANC_ED-SH-SI_écrit_septembre_QE6.pdf
52749,11513,FRANC_ED-SH-SI_écrit_septembre_QE7.pdf,ESG/2018/13SH/FRANC_ED-SH-SI_écrit_septembre_QE7.pdf
31593,11513,FRANC_ED-SI-SH_écrit_juin_repechage_partie1.pdf,ESG/2018/13SH/FRANC_ED-SI-SH_écrit_juin_repechage_partie1.pdf
31596,11513,PHYME_SH_QE1_écrit_juin.pdf,ESG/2018/13SH/PHYME_SH_QE1_écrit_juin.pdf
31597,11513,PHYME_SH_QE2_écrit_juin_repechage.pdf,ESG/2018/13SH/PHYME_SH_QE2_écrit_juin_repechage.pdf
31600,11513,SCHUS_SH-SI_écrit_juin.pdf,ESG/2018/13SH/SCHUS_SH-SI_écrit_juin.pdf
31599,11513,SCMED_SH-SI_écrit_juin.pdf,ESG/2018/13SH/SCMED_SH-SI_écrit_juin.pdf
31598,11513,SCMED_SH-SI_écrit_juin_repechage.pdf,ESG/2018/13SH/SCMED_SH-SI_écrit_juin_repechage.pdf
11514,10253,13SI,ESG/2018/13SI
31618,11514,ALLEM_ED-SH-SI_écrit_juin.pdf,ESG/2018/13SI/ALLEM_ED-SH-SI_écrit_juin.pdf
31619,11514,ALLEM_ED-SH-SI_écrit_juin_repechage.pdf,ESG/2018/13SI/ALLEM_ED-SH-SI_écrit_juin_repechage.pdf
52757,11514,ALLEM_ED-SH-SI_écrit_octobre_QE4_.pdf,ESG/2018/13SI/ALLEM_ED-SH-SI_écrit_octobre_QE4_.pdf
52759,11514,ALLEM_ED-SH-SI_écrit_septembre_QE3.pdf,ESG/2018/13SI/ALLEM_ED-SH-SI_écrit_septembre_QE3.pdf
31605,11514,ANGLA_ED-SH-SI_écrit_juin.pdf,ESG/2018/13SI/ANGLA_ED-SH-SI_écrit_juin.pdf
52758,11514,ANGLA_ED-SH-SI_écrit_octobre_QE4.pdf,ESG/2018/13SI/ANGLA_ED-SH-SI_écrit_octobre_QE4.pdf
52760,11514,ANGLA_ED-SH-SI_écrit_septembre_QE3.pdf,ESG/2018/13SI/ANGLA_ED-SH-SI_écrit_septembre_QE3.pdf
31606,11514,BIOHU_SH-SI_écrit_juin.pdf,ESG/2018/13SI/BIOHU_SH-SI_écrit_juin.pdf
31607,11514,BIOHU_SH-SI_écrit_juin_repechage.pdf,ESG/2018/13SI/BIOHU_SH-SI_écrit_juin_repechage.pdf
31609,11514,BIOHU_SH-SI_FR_écrit_juin.pdf,ESG/2018/13SI/BIOHU_SH-SI_FR_écrit_juin.pdf
31608,11514,BIOHU_SH-SI_FR_écrit_juin_repechage.pdf,ESG/2018/13SI/BIOHU_SH-SI_FR_écrit_juin_repechage.pdf
31604,11514,COSPI_SI_écrit_juin_nouv.pdf,ESG/2018/13SI/COSPI_SI_écrit_juin_nouv.pdf
31610,11514,COSPI_SI_écrit_juin_repechage.pdf,ESG/2018/13SI/COSPI_SI_écrit_juin_repechage.pdf
31613,11514,FRANC_ED-SH-SI_écrit_juin_partie1.pdf,ESG/2018/13SI/FRANC_ED-SH-SI_écrit_juin_partie1.pdf
31611,11514,FRANC_ED-SH-SI_écrit_juin_partie2.pdf,ESG/2018/13SI/FRANC_ED-SH-SI_écrit_juin_partie2.pdf
31612,11514,FRANC_ED-SH-SI_écrit_juin_repechage_partie2.pdf,ESG/2018/13SI/FRANC_ED-SH-SI_écrit_juin_repechage_partie2.pdf
52755,11514,FRANC_ED-SH-SI_écrit_septembre_QE6.pdf,ESG/2018/13SI/FRANC_ED-SH-SI_écrit_septembre_QE6.pdf
52756,11514,FRANC_ED-SH-SI_écrit_septembre_QE7.pdf,ESG/2018/13SI/FRANC_ED-SH-SI_écrit_septembre_QE7.pdf
31614,11514,FRANC_ED-SI-SH_écrit_juin_repechage_partie1.pdf,ESG/2018/13SI/FRANC_ED-SI-SH_écrit_juin_repechage_partie1.pdf
31615,11514,SCHUS_SH-SI_écrit_juin.pdf,ESG/2018/13SI/SCHUS_SH-SI_écrit_juin.pdf
31616,11514,SCMED_SH-SI_écrit_juin.pdf,ESG/2018/13SI/SCMED_SH-SI_écrit_juin.pdf
31617,11514,SCMED_SH-SI_écrit_juin_repechage.pdf,ESG/2018/13SI/SCMED_SH-SI_écrit_juin_repechage.pdf
11515,10253,13SN,ESG/2018/13SN
52761,11515,03 AR-GE-GI-SN_ALLEM_QE3 VD Automne.pdf,ESG/2018/13SN/03 AR-GE-GI-SN_ALLEM_QE3 VD Automne.pdf
52762,11515,03 AR-GE-GI-SN-SO_ANGLA_QE4 VD Automne.pdf,ESG/2018/13SN/03 AR-GE-GI-SN-SO_ANGLA_QE4 VD Automne.pdf
52765,11515,03 GE-GI-SN_FRANC_QE3 VD Automne.pdf,ESG/2018/13SN/03 GE-GI-SN_FRANC_QE3 VD Automne.pdf
52769,11515,03 SN_BIOLO_QE3 VD automne.pdf,ESG/2018/13SN/03 SN_BIOLO_QE3 VD automne.pdf
52766,11515,03 SN_GEOGR_QE2 VD automne.pdf,ESG/2018/13SN/03 SN_GEOGR_QE2 VD automne.pdf
31626,11515,ANGLA-Part A_AR-GE-GI-SN-SO_écrit_juin.pdf,ESG/2018/13SN/ANGLA-Part A_AR-GE-GI-SN-SO_écrit_juin.pdf
31625,11515,ANGLA-Part B_AR-GE-GI-SN-SO_écrit_juin.pdf,ESG/2018/13SN/ANGLA-Part B_AR-GE-GI-SN-SO_écrit_juin.pdf
31622,11515,BIOLO_SN_écrit_mai_été.pdf,ESG/2018/13SN/BIOLO_SN_écrit_mai_été.pdf
31624,11515,CHIMI_SN_écrit_juin_été.pdf,ESG/2018/13SN/CHIMI_SN_écrit_juin_été.pdf
52767,11515,CHIMI_SN_écrit_septembre_QE3.pdf,ESG/2018/13SN/CHIMI_SN_écrit_septembre_QE3.pdf
52768,11515,CONMO_GE_GI_CC_CG_SN_AR_écrit_septembre_QE2.pdf,ESG/2018/13SN/CONMO_GE_GI_CC_CG_SN_AR_écrit_septembre_QE2.pdf
31621,11515,CONMO_GGE_GGI_GCG_GCC_GSN_GAR_écrit_juin.pdf,ESG/2018/13SN/CONMO_GGE_GGI_GCG_GCC_GSN_GAR_écrit_juin.pdf
31623,11515,GEOGR_SN_écrit_mai_été.pdf,ESG/2018/13SN/GEOGR_SN_écrit_mai_été.pdf
52764,11515,MATHE_GSN_écrit_septembre_QE2.pdf,ESG/2018/13SN/MATHE_GSN_écrit_septembre_QE2.pdf
31620,11515,MATHE_SN_écrit_juin_été.pdf,ESG/2018/13SN/MATHE_SN_écrit_juin_été.pdf
31628,11515,PHYSI_SN_écrit_juin_été.pdf,ESG/2018/13SN/PHYSI_SN_écrit_juin_été.pdf
52763,11515,PHYSI_SN_écrit_septembre_QE2.pdf,ESG/2018/13SN/PHYSI_SN_écrit_septembre_QE2.pdf
31627,11515,QUEPH_SN-SO_écrit_juin_été.pdf,ESG/2018/13SN/QUEPH_SN-SO_écrit_juin_été.pdf
31629,11515,QUEPH_SNSO_écrit_repechage.pdf,ESG/2018/13SN/QUEPH_SNSO_écrit_repechage.pdf
11516,10253,13SO,ESG/2018/13SO
52778,11516,ALLEM_CG_CC_SO_écrit_septembre 2018.pdf,ESG/2018/13SO/ALLEM_CG_CC_SO_écrit_septembre 2018.pdf
31648,11516,ALLEM_GCC_GCG_GSO_écrit_juin.pdf,ESG/2018/13SO/ALLEM_GCC_GCG_GSO_écrit_juin.pdf
31654,11516,ALLEM_GCC_GCG_GSO_écrit_repjuin.pdf,ESG/2018/13SO/ALLEM_GCC_GCG_GSO_écrit_repjuin.pdf
52779,11516,ANGLA_AR-GE-GI-SN-SO_écrit_septembre.pdf,ESG/2018/13SO/ANGLA_AR-GE-GI-SN-SO_écrit_septembre.pdf
31650,11516,ANGLA-Part A_AR-GE-GI-SN-SO_écrit_juin.pdf,ESG/2018/13SO/ANGLA-Part A_AR-GE-GI-SN-SO_écrit_juin.pdf
31651,11516,ANGLA-Part B_AR-GE-GI-SN-SO_écrit_juin.pdf,ESG/2018/13SO/ANGLA-Part B_AR-GE-GI-SN-SO_écrit_juin.pdf
31652,11516,CONMO_SO_écrit_juin.pdf,ESG/2018/13SO/CONMO_SO_écrit_juin.pdf
31655,11516,CONMO_SO_écrit_repechage.pdf,ESG/2018/13SO/CONMO_SO_écrit_repechage.pdf
52770,11516,CONMO_SO_écrit_septembre 2018.pdf,ESG/2018/13SO/CONMO_SO_écrit_septembre 2018.pdf
31653,11516,ECOPO_SO_écrit_juin.pdf,ESG/2018/13SO/ECOPO_SO_écrit_juin.pdf
31656,11516,ECOPO_SO_écrit_repechage.pdf,ESG/2018/13SO/ECOPO_SO_écrit_repechage.pdf
52773,11516,ECOPO_SO_écrit_septembre 2018.pdf,ESG/2018/13SO/ECOPO_SO_écrit_septembre 2018.pdf
31630,11516,FRANC (A)_SO_écrit_juin.pdf,ESG/2018/13SO/FRANC (A)_SO_écrit_juin.pdf
31638,11516,FRANC (B+C)_SO_écrit_juin.pdf,ESG/2018/13SO/FRANC (B+C)_SO_écrit_juin.pdf
31635,11516,FRANC (partie A)_SO_écrit_repechage.pdf,ESG/2018/13SO/FRANC (partie A)_SO_écrit_repechage.pdf
31631,11516,FRANC (parties B+C)_SO_écrit_repechage.pdf,ESG/2018/13SO/FRANC (parties B+C)_SO_écrit_repechage.pdf
52771,11516,FRANC_SO_écrit_septembre 2018.pdf,ESG/2018/13SO/FRANC_SO_écrit_septembre 2018.pdf
31632,11516,MATHE_SO_écrit_juin.pdf,ESG/2018/13SO/MATHE_SO_écrit_juin.pdf
31636,11516,MATHE_SO_écrit_repechage.pdf,ESG/2018/13SO/MATHE_SO_écrit_repechage.pdf
52772,11516,MATHE_SO_écrit_septembre 2018.pdf,ESG/2018/13SO/MATHE_SO_écrit_septembre 2018.pdf
31639,11516,PEDAG (VA)_SO_écrit_juin.pdf,ESG/2018/13SO/PEDAG (VA)_SO_écrit_juin.pdf
31634,11516,PEDAG (VA)_SO_écrit_repechage.pdf,ESG/2018/13SO/PEDAG (VA)_SO_écrit_repechage.pdf
31633,11516,PEDAG (VF)_SO_écrit_juin.pdf,ESG/2018/13SO/PEDAG (VF)_SO_écrit_juin.pdf
31637,11516,PEDAG (VF)_SO_écrit_repechage.pdf,ESG/2018/13SO/PEDAG (VF)_SO_écrit_repechage.pdf
31641,11516,PSYCO_SO_écrit_juin.pdf,ESG/2018/13SO/PSYCO_SO_écrit_juin.pdf
31640,11516,PSYCO_SO_écrit_repechage.pdf,ESG/2018/13SO/PSYCO_SO_écrit_repechage.pdf
52774,11516,PSYCO_SO_écrit_septembre 2018.pdf,ESG/2018/13SO/PSYCO_SO_écrit_septembre 2018.pdf
52776,11516,QUEPH_SN-SO_écrit_juin 2018.pdf,ESG/2018/13SO/QUEPH_SN-SO_écrit_juin 2018.pdf
31642,11516,QUEPH_SN-SO_écrit_juin_été.pdf,ESG/2018/13SO/QUEPH_SN-SO_écrit_juin_été.pdf
31649,11516,QUEPH_SNSO_écrit_repechage.pdf,ESG/2018/13SO/QUEPH_SNSO_écrit_repechage.pdf
31643,11516,QUEPH_SO_écrit_juin.pdf,ESG/2018/13SO/QUEPH_SO_écrit_juin.pdf
31644,11516,SOCIO (VA)_SO_écrit_juin.pdf,ESG/2018/13SO/SOCIO (VA)_SO_écrit_juin.pdf
31646,11516,SOCIO (VA)_SO_écrit_repechage.pdf,ESG/2018/13SO/SOCIO (VA)_SO_écrit_repechage.pdf
52775,11516,SOCIO (VA)_SO_écrit_septembre 2018.pdf,ESG/2018/13SO/SOCIO (VA)_SO_écrit_septembre 2018.pdf
31645,11516,SOCIO (VF)_SO_écrit_juin.pdf,ESG/2018/13SO/SOCIO (VF)_SO_écrit_juin.pdf
31647,11516,SOCIO (VF)_SO_écrit_repechage.pdf,ESG/2018/13SO/SOCIO (VF)_SO_écrit_repechage.pdf
52777,11516,SOCIO (VF)_SO_écrit_septembre 2018.pdf,ESG/2018/13SO/SOCIO (VF)_SO_écrit_septembre 2018.pdf
11517,10253,14EDAN,ESG/2018/14EDAN
31665,11517,CONNAISSANCE DU MONDE CONTEMPORAIN_14EDAN_écrit juin.pdf,ESG/2018/14EDAN/CONNAISSANCE DU MONDE CONTEMPORAIN_14EDAN_écrit juin.pdf
31659,11517,EDUCATION À LA SANTE_14EDAN_écrit juin repêchage.pdf,ESG/2018/14EDAN/EDUCATION À LA SANTE_14EDAN_écrit juin repêchage.pdf
31658,11517,EDUCATION À LA SANTE_14EDAN_écrit juin.pdf,ESG/2018/14EDAN/EDUCATION À LA SANTE_14EDAN_écrit juin.pdf
31660,11517,GÉRONTOLOGIE_14EDAN_écrit juin.pdf,ESG/2018/14EDAN/GÉRONTOLOGIE_14EDAN_écrit juin.pdf
31661,11517,LÉGISLATION ET DÉONTOLOGIE_14EDAN_écrit juin.pdf,ESG/2018/14EDAN/LÉGISLATION ET DÉONTOLOGIE_14EDAN_écrit juin.pdf
31663,11517,LÉGISLATION ET DÉONTOLOGIE_14EDAN_écrit juin_repêchage.pdf,ESG/2018/14EDAN/LÉGISLATION ET DÉONTOLOGIE_14EDAN_écrit juin_repêchage.pdf
31657,11517,PÉDAGOGIE DES MÉDIAS_14EDAN_écrit juin.pdf,ESG/2018/14EDAN/PÉDAGOGIE DES MÉDIAS_14EDAN_écrit juin.pdf
31662,11517,PÉDAGOGIE SOCIALE_14EDAN_écrit juin.pdf,ESG/2018/14EDAN/PÉDAGOGIE SOCIALE_14EDAN_écrit juin.pdf
31666,11517,PÉDAGOGIE SPÉCIALE_14EDAN_écrit juin.pdf,ESG/2018/14EDAN/PÉDAGOGIE SPÉCIALE_14EDAN_écrit juin.pdf
31664,11517,PSYCHOLOGIE_14EDAN_écrit juin.pdf,ESG/2018/14EDAN/PSYCHOLOGIE_14EDAN_écrit juin.pdf
31667,11517,PSYCHOPÉDAGOGIE_14EDAN_écrit juin.pdf,ESG/2018/14EDAN/PSYCHOPÉDAGOGIE_14EDAN_écrit juin.pdf
14090,2001,2019,ESG/2019
14143,14090,GACV,ESG/2019/GACV
53047,14143,ALLEM (Allemand)_GAR; GIG; GIN; GSN_écrit_juin.pdf,ESG/2019/GACV/ALLEM (Allemand)_GAR; GIG; GIN; GSN_écrit_juin.pdf
53414,14143,ALLEM (Allemand)_GAR; GIG; GIN; GSN_écrit_septembre_VF.pdf,ESG/2019/GACV/ALLEM (Allemand)_GAR; GIG; GIN; GSN_écrit_septembre_VF.pdf
53048,14143,ANGLA (Anglais)_GAR; GIG; GIN; GSN; GSO_écrit_juin.pdf,ESG/2019/GACV/ANGLA (Anglais)_GAR; GIG; GIN; GSN; GSO_écrit_juin.pdf
53415,14143,ANGLA (Anglais)_GAR; GIG; GIN; GSN; GSO_écrit_septembre_VD.pdf,ESG/2019/GACV/ANGLA (Anglais)_GAR; GIG; GIN; GSN; GSO_écrit_septembre_VD.pdf
53050,14143,ANGLA_GACV-GIG-GIN-GSN-GSO_écrit__septembre 2019.pdf,ESG/2019/GACV/ANGLA_GACV-GIG-GIN-GSN-GSO_écrit__septembre 2019.pdf
53049,14143,COGRI_GAR_écrit_juin.pdf,ESG/2019/GACV/COGRI_GAR_écrit_juin.pdf
53045,14143,CONMO (Connaissance du monde contemporain)_GAR; GIG; GIN; GSN; GCC; GCG_écrit_juin.pdf,ESG/2019/GACV/CONMO (Connaissance du monde contemporain)_GAR; GIG; GIN; GSN; GCC; GCG_écrit_juin.pdf
53042,14143,FRANC (Français)_GAR_écrit_juin_VF.pdf,ESG/2019/GACV/FRANC (Français)_GAR_écrit_juin_VF.pdf
53412,14143,FRANC (Français)_GAR_écrit_septembre_VF.pdf,ESG/2019/GACV/FRANC (Français)_GAR_écrit_septembre_VF.pdf
53046,14143,HISAR (Histoire de l'Art)_GAR_écrit_juin.pdf,ESG/2019/GACV/HISAR (Histoire de l'Art)_GAR_écrit_juin.pdf
53040,14143,LAPLA1 (Langage plastique bi-dimensionnel 1)_GAR_écrit_juin.pdf,ESG/2019/GACV/LAPLA1 (Langage plastique bi-dimensionnel 1)_GAR_écrit_juin.pdf
53044,14143,LAPLA2 (Langage plastique bi-dimensionnel 2)_GAR_écrit_juin.pdf,ESG/2019/GACV/LAPLA2 (Langage plastique bi-dimensionnel 2)_GAR_écrit_juin.pdf
53041,14143,MATHE (Mathématiques)_GAR_écrit_juin.pdf,ESG/2019/GACV/MATHE (Mathématiques)_GAR_écrit_juin.pdf
53413,14143,MATHE (Mathématiques)_GAR_écrit_septembre_VF.pdf,ESG/2019/GACV/MATHE (Mathématiques)_GAR_écrit_septembre_VF.pdf
53416,14143,Questionnaire_511_ESG_GAR; GIG; GIN; GSN; GCC; GCG- CONMO (Connaissance du monde contemporain)_écrit VF.pdf,ESG/2019/GACV/Questionnaire_511_ESG_GAR; GIG; GIN; GSN; GCC; GCG- CONMO (Connaissance du monde contemporain)_écrit VF.pdf
53043,14143,SCIEN (phy-chi)_GAR_écrit_juin.pdf,ESG/2019/GACV/SCIEN (phy-chi)_GAR_écrit_juin.pdf
53051,14143,VOLCO (Volume et conception 3D)_GAR_écrit_juin.pdf,ESG/2019/GACV/VOLCO (Volume et conception 3D)_GAR_écrit_juin.pdf
14144,14090,GCC,ESG/2019/GCC
53060,14144,ALLEM_GCC_GCG_GCG SLP_GSO_écrit_juin.pdf,ESG/2019/GCC/ALLEM_GCC_GCG_GCG SLP_GSO_écrit_juin.pdf
53062,14144,ALLEM_GCC_GCG_GCG SLP_GSO_écrit_septembre.pdf,ESG/2019/GCC/ALLEM_GCC_GCG_GCG SLP_GSO_écrit_septembre.pdf
53064,14144,ANGLA_GCC_GCG_GCG SLP_écrit_juin.pdf,ESG/2019/GCC/ANGLA_GCC_GCG_GCG SLP_écrit_juin.pdf
53066,14144,ANGLA_GCC_GCG_GCG SLP_écrit_septembre.pdf,ESG/2019/GCC/ANGLA_GCC_GCG_GCG SLP_écrit_septembre.pdf
53052,14144,COMPT_GCC_écrit_juin.pdf,ESG/2019/GCC/COMPT_GCC_écrit_juin.pdf
53065,14144,COPRH_GCC_écrit_juin.pdf,ESG/2019/GCC/COPRH_GCC_écrit_juin.pdf
53059,14144,COPRH_GCC_écrit_septembre.pdf,ESG/2019/GCC/COPRH_GCC_écrit_septembre.pdf
53058,14144,ECOGE_GCC_GCG_GCG SLP_écrit_juin.pdf,ESG/2019/GCC/ECOGE_GCC_GCG_GCG SLP_écrit_juin.pdf
53054,14144,ECOGE_GCC_GCG_GCG SLP_écrit_septembre.pdf,ESG/2019/GCC/ECOGE_GCC_GCG_GCG SLP_écrit_septembre.pdf
53055,14144,ECOPO_GCC_GCG_GCG SLP_écrit_juin.pdf,ESG/2019/GCC/ECOPO_GCC_GCG_GCG SLP_écrit_juin.pdf
53053,14144,ECOPO_GCC_GCG_GCG SLP_écrit_septembre.pdf,ESG/2019/GCC/ECOPO_GCC_GCG_GCG SLP_écrit_septembre.pdf
53056,14144,FRANC_GCC_GCG_écrit_juin.pdf,ESG/2019/GCC/FRANC_GCC_GCG_écrit_juin.pdf
53057,14144,FRANC_GCC_GCG_écrit_septembre.pdf,ESG/2019/GCC/FRANC_GCC_GCG_écrit_septembre.pdf
53061,14144,ORGES_GCC_écrit_juin.pdf,ESG/2019/GCC/ORGES_GCC_écrit_juin.pdf
53063,14144,TINCO_GCC_écrit_juin.pdf,ESG/2019/GCC/TINCO_GCC_écrit_juin.pdf
14145,14090,GCG,ESG/2019/GCG
53067,14145,ALLEM_GCC_GCG_GCG SLP_GSO_écrit_juin.pdf,ESG/2019/GCG/ALLEM_GCC_GCG_GCG SLP_GSO_écrit_juin.pdf
53068,14145,ANGLA_GCC_GCG_GCG SLP_écrit_juin.pdf,ESG/2019/GCG/ANGLA_GCC_GCG_GCG SLP_écrit_juin.pdf
53069,14145,COMPT_GCG_Données_écrit_juin.pdf,ESG/2019/GCG/COMPT_GCG_Données_écrit_juin.pdf
53072,14145,COMPT_GCG_GCG SLP_écrit_septembre.pdf,ESG/2019/GCG/COMPT_GCG_GCG SLP_écrit_septembre.pdf
53077,14145,ECOGE_GCC_GCG_GCG SLP_écrit_juin.pdf,ESG/2019/GCG/ECOGE_GCC_GCG_GCG SLP_écrit_juin.pdf
53075,14145,ECOPO_GCC_GCG_GCG SLP_écrit_juin.pdf,ESG/2019/GCG/ECOPO_GCC_GCG_GCG SLP_écrit_juin.pdf
53074,14145,FRANC_GCC_GCG_écrit_juin.pdf,ESG/2019/GCG/FRANC_GCC_GCG_écrit_juin.pdf
53076,14145,INFOR_GCG_GCG SLP_écrit_juin.pdf,ESG/2019/GCG/INFOR_GCG_GCG SLP_écrit_juin.pdf
53073,14145,INFOR_GCG_GCG SLP_écrit_septembre.pdf,ESG/2019/GCG/INFOR_GCG_GCG SLP_écrit_septembre.pdf
53071,14145,MATHE_GCG_GCG SLP_écrit_juin.pdf,ESG/2019/GCG/MATHE_GCG_GCG SLP_écrit_juin.pdf
53070,14145,MATHE_GCG_GCG SLP_écrit_septembre.pdf,ESG/2019/GCG/MATHE_GCG_GCG SLP_écrit_septembre.pdf
14146,14090,GED,ESG/2019/GED
53092,14146,Action éducative et sociale_écrit_GED_septembre.pdf,ESG/2019/GED/Action éducative et sociale_écrit_GED_septembre.pdf
53091,14146,Action éducative et sociale_GED_écrit_juin.pdf,ESG/2019/GED/Action éducative et sociale_GED_écrit_juin.pdf
53095,14146,Allemand_GED_ GSH_ GSI_écrit_septembre.pdf,ESG/2019/GED/Allemand_GED_ GSH_ GSI_écrit_septembre.pdf
53094,14146,Allemand_GED_GSI_GSH_écrit_juin.pdf,ESG/2019/GED/Allemand_GED_GSI_GSH_écrit_juin.pdf
53093,14146,Anglais_GED_GSH_ GSI_écrit_septembre.pdf,ESG/2019/GED/Anglais_GED_GSH_ GSI_écrit_septembre.pdf
53097,14146,Anglais_GED_GSI_GSH_écrit_juin.pdf,ESG/2019/GED/Anglais_GED_GSI_GSH_écrit_juin.pdf
53096,14146,Biologie_GED_écrit_juin.pdf,ESG/2019/GED/Biologie_GED_écrit_juin.pdf
53099,14146,Biologie_GED_écrit_septembre.pdf,ESG/2019/GED/Biologie_GED_écrit_septembre.pdf
53098,14146,Développement tout au long de la vie_GED_écrit_juin.pdf,ESG/2019/GED/Développement tout au long de la vie_GED_écrit_juin.pdf
53100,14146,Développement tout au long de la vie_GED_écrit_septembre.pdf,ESG/2019/GED/Développement tout au long de la vie_GED_écrit_septembre.pdf
53101,14146,Éducation aux médias_GED_écrit_juin.pdf,ESG/2019/GED/Éducation aux médias_GED_écrit_juin.pdf
53102,14146,Éducation aux médias_GED_écrit_juin_repêchage.pdf,ESG/2019/GED/Éducation aux médias_GED_écrit_juin_repêchage.pdf
53080,14146,Éducation aux médias_GED_écrit_septembre.pdf,ESG/2019/GED/Éducation aux médias_GED_écrit_septembre.pdf
53081,14146,"Ethique, déontologie et développement durable_GED_écrit_juin.pdf","ESG/2019/GED/Ethique, déontologie et développement durable_GED_écrit_juin.pdf"
53078,14146,"Ethique, déontologie et développement durable_GED_écrit_septembre.pdf","ESG/2019/GED/Ethique, déontologie et développement durable_GED_écrit_septembre.pdf"
53079,14146,Français_GED_ GSH_ GSI_écrit_septembre.pdf,ESG/2019/GED/Français_GED_ GSH_ GSI_écrit_septembre.pdf
53083,14146,Français_GED_GSI_GSH_écrit_juin.pdf,ESG/2019/GED/Français_GED_GSI_GSH_écrit_juin.pdf
53082,14146,Pédagogie_GED_écrit_juin.pdf,ESG/2019/GED/Pédagogie_GED_écrit_juin.pdf
53084,14146,Pédagogie_GED_écrit_juin_repêchage.pdf,ESG/2019/GED/Pédagogie_GED_écrit_juin_repêchage.pdf
53085,14146,Pédagogie_GED_écrit_septembre.pdf,ESG/2019/GED/Pédagogie_GED_écrit_septembre.pdf
53090,14146,Psychologie_GED_écrit_ juin.pdf,ESG/2019/GED/Psychologie_GED_écrit_ juin.pdf
53089,14146,Psychologie_GED_écrit_juin_repêchage.pdf,ESG/2019/GED/Psychologie_GED_écrit_juin_repêchage.pdf
53088,14146,Psychologie_GED_écrit_septembre.pdf,ESG/2019/GED/Psychologie_GED_écrit_septembre.pdf
53086,14146,Sociologie_GED_écrit_juin.pdf,ESG/2019/GED/Sociologie_GED_écrit_juin.pdf
53087,14146,Sociologie_GED_écrit_septembre.pdf,ESG/2019/GED/Sociologie_GED_écrit_septembre.pdf
14147,14090,GIG,ESG/2019/GIG
53110,14147,ALLEM (Allemand)_GAR; GIG; GIN; GSN_écrit_juin.pdf,ESG/2019/GIG/ALLEM (Allemand)_GAR; GIG; GIN; GSN_écrit_juin.pdf
53423,14147,ALLEM (Allemand)_GAR; GIG; GIN; GSN_écrit_septembre.pdf,ESG/2019/GIG/ALLEM (Allemand)_GAR; GIG; GIN; GSN_écrit_septembre.pdf
53113,14147,ANGLA (Anglais)_GAR; GIG; GIN; GSN; GSO_écrit_juin.pdf,ESG/2019/GIG/ANGLA (Anglais)_GAR; GIG; GIN; GSN; GSO_écrit_juin.pdf
53425,14147,ANGLA (Anglais)_GAR; GIG; GIN; GSN; GSO_écrit_septembre.pdf,ESG/2019/GIG/ANGLA (Anglais)_GAR; GIG; GIN; GSN; GSO_écrit_septembre.pdf
53104,14147,ANGLA_GACV-GIG-GIN-GSN-GSO_écrit__septembre 2019.pdf,ESG/2019/GIG/ANGLA_GACV-GIG-GIN-GSN-GSO_écrit__septembre 2019.pdf
53103,14147,CHIMI (Chimie)_GIG_écrit_juin.pdf,ESG/2019/GIG/CHIMI (Chimie)_GIG_écrit_juin.pdf
53427,14147,CHIMI (Chimie)_GIG_écrit_septembre.pdf,ESG/2019/GIG/CHIMI (Chimie)_GIG_écrit_septembre.pdf
53107,14147,CONMO (Connaissance du monde contemporain)_GAR; GIG; GIN; GSN; GCC; GCG_écrit_juin.pdf,ESG/2019/GIG/CONMO (Connaissance du monde contemporain)_GAR; GIG; GIN; GSN; GCC; GCG_écrit_juin.pdf
53105,14147,ELETE (Electrotechnique)_GIG_écrit_juin.pdf,ESG/2019/GIG/ELETE (Electrotechnique)_GIG_écrit_juin.pdf
53428,14147,ELETE (Electrotechnique)_GIG_écrit_septembre.pdf,ESG/2019/GIG/ELETE (Electrotechnique)_GIG_écrit_septembre.pdf
53106,14147,FRANC (Français)_GIG; GIN; GSN_écrit_juin_VF.pdf,ESG/2019/GIG/FRANC (Français)_GIG; GIN; GSN_écrit_juin_VF.pdf
53417,14147,FRANC (Français)_GIG; GIN; GSN_écrit_septembre_VF.pdf,ESG/2019/GIG/FRANC (Français)_GIG; GIN; GSN_écrit_septembre_VF.pdf
53109,14147,INFOR (Informatique)_GIG_écrit_juin.pdf,ESG/2019/GIG/INFOR (Informatique)_GIG_écrit_juin.pdf
53418,14147,INFOR (Informatique)_GIG_écrit_septembre.pdf,ESG/2019/GIG/INFOR (Informatique)_GIG_écrit_septembre.pdf
53108,14147,MATHE 2 (Mathématiques 2)_GIG_écrit_juin.pdf,ESG/2019/GIG/MATHE 2 (Mathématiques 2)_GIG_écrit_juin.pdf
53421,14147,MATHE 2 (Mathématiques 2)_GIG_écrit_septembre.pdf,ESG/2019/GIG/MATHE 2 (Mathématiques 2)_GIG_écrit_septembre.pdf
53420,14147,MATHE1 (Mathématiques 1)_GIN; GIG_écrit_septembre.pdf,ESG/2019/GIG/MATHE1 (Mathématiques 1)_GIN; GIG_écrit_septembre.pdf
53112,14147,MECAN (Mécanique)_GIG_écrit_juin.pdf,ESG/2019/GIG/MECAN (Mécanique)_GIG_écrit_juin.pdf
53419,14147,MECAN (Mécanique)_GIG_écrit_septembre.pdf,ESG/2019/GIG/MECAN (Mécanique)_GIG_écrit_septembre.pdf
53114,14147,PHYSI (Physique)_GIG_écrit_juin.pdf,ESG/2019/GIG/PHYSI (Physique)_GIG_écrit_juin.pdf
53424,14147,PHYSI (Physique)_GIG_écrit_septembre.pdf,ESG/2019/GIG/PHYSI (Physique)_GIG_écrit_septembre.pdf
53426,14147,Questionnaire_511_ESG_GAR; GIG; GIN; GSN; GCC; GCG- CONMO (Connaissance du monde contemporain)_écrit VF.pdf,ESG/2019/GIG/Questionnaire_511_ESG_GAR; GIG; GIN; GSN; GCC; GCG- CONMO (Connaissance du monde contemporain)_écrit VF.pdf
53111,14147,TECNO (Technologie)_GIG_écrit_juin.pdf,ESG/2019/GIG/TECNO (Technologie)_GIG_écrit_juin.pdf
53422,14147,TECNO (Technologie)_GIG_écrit_septembre.pdf,ESG/2019/GIG/TECNO (Technologie)_GIG_écrit_septembre.pdf
14148,14090,GIN,ESG/2019/GIN
53116,14148,ALLEM (Allemand)_GAR; GIG; GIN; GSN_écrit_juin.pdf,ESG/2019/GIN/ALLEM (Allemand)_GAR; GIG; GIN; GSN_écrit_juin.pdf
53435,14148,ALLEM (Allemand)_GAR; GIG; GIN; GSN_écrit_septembre.pdf,ESG/2019/GIN/ALLEM (Allemand)_GAR; GIG; GIN; GSN_écrit_septembre.pdf
53118,14148,ANGLA (Anglais)_GAR; GIG; GIN; GSN; GSO_écrit_juin.pdf,ESG/2019/GIN/ANGLA (Anglais)_GAR; GIG; GIN; GSN; GSO_écrit_juin.pdf
53121,14148,ANGLA_GACV-GIG-GIN-GSN-GSO_écrit__septembre 2019.pdf,ESG/2019/GIN/ANGLA_GACV-GIG-GIN-GSN-GSO_écrit__septembre 2019.pdf
53122,14148,BASDO (Bases de données)_GIN_écrit_juin.pdf,ESG/2019/GIN/BASDO (Bases de données)_GIN_écrit_juin.pdf
53124,14148,CONMO (Connaissance du monde contemporain)_GAR; GIG; GIN; GSN; GCC; GCG_écrit_juin.pdf,ESG/2019/GIN/CONMO (Connaissance du monde contemporain)_GAR; GIG; GIN; GSN; GCC; GCG_écrit_juin.pdf
53436,14148,CONMO (Connaissance du monde contemporain)_GAR; GIG; GIN; GSN; GCC; GCG_écrit_septembre.pdf,ESG/2019/GIN/CONMO (Connaissance du monde contemporain)_GAR; GIG; GIN; GSN; GCC; GCG_écrit_septembre.pdf
53429,14148,FRANC (Français)_GIG; GIN; GSN_écrit_juin.pdf,ESG/2019/GIN/FRANC (Français)_GIG; GIN; GSN_écrit_juin.pdf
53123,14148,FRANC (Français)_GIG; GIN; GSN_écrit_juin_VF.pdf,ESG/2019/GIN/FRANC (Français)_GIG; GIN; GSN_écrit_juin_VF.pdf
53430,14148,FRANC (Français)_GIG; GIN; GSN_écrit_septembre.pdf,ESG/2019/GIN/FRANC (Français)_GIG; GIN; GSN_écrit_septembre.pdf
53431,14148,MATHE 2 (Mathématiques 2)__GIN_écrit_septembre.pdf,ESG/2019/GIN/MATHE 2 (Mathématiques 2)__GIN_écrit_septembre.pdf
53117,14148,MATHE 2 (Mathématiques 2)_GIN_écrit_juin.pdf,ESG/2019/GIN/MATHE 2 (Mathématiques 2)_GIN_écrit_juin.pdf
53432,14148,MATHE1 (Mathématiques 1)_GIN; GIG_écrit_septembre.pdf,ESG/2019/GIN/MATHE1 (Mathématiques 1)_GIN; GIG_écrit_septembre.pdf
53120,14148,PROGR (Programmation)_GIN_écrit_juin.pdf,ESG/2019/GIN/PROGR (Programmation)_GIN_écrit_juin.pdf
53433,14148,PROGR (Programmation)_GIN_écrit_septembre .pdf,ESG/2019/GIN/PROGR (Programmation)_GIN_écrit_septembre .pdf
53119,14148,SCINA (Sciences naturelles et technologie)_GIN_écrit_juin.pdf,ESG/2019/GIN/SCINA (Sciences naturelles et technologie)_GIN_écrit_juin.pdf
53115,14148,TEINF (Téléinformatique et réseaux)_GIN_écrit_juin.pdf,ESG/2019/GIN/TEINF (Téléinformatique et réseaux)_GIN_écrit_juin.pdf
53434,14148,TEINF (Téléinformatique et réseaux)_GIN_écrit_septembre.pdf,ESG/2019/GIN/TEINF (Téléinformatique et réseaux)_GIN_écrit_septembre.pdf
14149,14090,GSH,ESG/2019/GSH
53132,14149,Allemand_GED_ GSH_ GSI_écrit_septembre.pdf,ESG/2019/GSH/Allemand_GED_ GSH_ GSI_écrit_septembre.pdf
53133,14149,Allemand_GED_GSI_GSH_écrit_juin.pdf,ESG/2019/GSH/Allemand_GED_GSI_GSH_écrit_juin.pdf
53134,14149,Anglais_GED_GSH_ GSI_écrit_septembre.pdf,ESG/2019/GSH/Anglais_GED_GSH_ GSI_écrit_septembre.pdf
53136,14149,Anglais_GED_GSI_GSH_écrit_juin.pdf,ESG/2019/GSH/Anglais_GED_GSI_GSH_écrit_juin.pdf
53135,14149,Biologie humaine_GSH_écrit_juin_repêchage.pdf,ESG/2019/GSH/Biologie humaine_GSH_écrit_juin_repêchage.pdf
53138,14149,Biologie humaine_GSH_écrit_septembre.pdf,ESG/2019/GSH/Biologie humaine_GSH_écrit_septembre.pdf
53137,14149,Biologie humaine_GSH_GSI_écrit_juin_allemand.pdf,ESG/2019/GSH/Biologie humaine_GSH_GSI_écrit_juin_allemand.pdf
53139,14149,Biologie humaine_GSH_GSI_écrit_juin_français.pdf,ESG/2019/GSH/Biologie humaine_GSH_GSI_écrit_juin_français.pdf
53142,14149,Chimie médicale_GSH_écrit_juin.pdf,ESG/2019/GSH/Chimie médicale_GSH_écrit_juin.pdf
53140,14149,Chimie médicale_GSH_écrit_juin_repêchage.pdf,ESG/2019/GSH/Chimie médicale_GSH_écrit_juin_repêchage.pdf
53141,14149,Chimie médicale_GSH_écrit_septembre.pdf,ESG/2019/GSH/Chimie médicale_GSH_écrit_septembre.pdf
53126,14149,Français_GED_ GSH_ GSI_écrit_septembre.pdf,ESG/2019/GSH/Français_GED_ GSH_ GSI_écrit_septembre.pdf
53127,14149,Français_GED_GSI_GSH_écrit_juin.pdf,ESG/2019/GSH/Français_GED_GSI_GSH_écrit_juin.pdf
53130,14149,Physique médicale_GSH_écrit_juin.pdf,ESG/2019/GSH/Physique médicale_GSH_écrit_juin.pdf
53125,14149,Physique médicale_GSH-écrit_septembre.pdf,ESG/2019/GSH/Physique médicale_GSH-écrit_septembre.pdf
53129,14149,Sciences humaines et de la santé_GSI_GSH_écrit_juin.pdf,ESG/2019/GSH/Sciences humaines et de la santé_GSI_GSH_écrit_juin.pdf
53128,14149,Sciences médicales_GSH_écrit_septembre.pdf,ESG/2019/GSH/Sciences médicales_GSH_écrit_septembre.pdf
53131,14149,Sciences médicales_GSI_GSH_écrit_juin.pdf,ESG/2019/GSH/Sciences médicales_GSI_GSH_écrit_juin.pdf
14150,14090,GSI,ESG/2019/GSI
53153,14150,Allemand_GED_ GSH_ GSI_écrit_septembre.pdf,ESG/2019/GSI/Allemand_GED_ GSH_ GSI_écrit_septembre.pdf
53154,14150,Allemand_GED_GSI_GSH_écrit_juin.pdf,ESG/2019/GSI/Allemand_GED_GSI_GSH_écrit_juin.pdf
53155,14150,Anglais_GED_GSH_ GSI_écrit_septembre.pdf,ESG/2019/GSI/Anglais_GED_GSH_ GSI_écrit_septembre.pdf
53147,14150,Anglais_GED_GSI_GSH_écrit_juin.pdf,ESG/2019/GSI/Anglais_GED_GSI_GSH_écrit_juin.pdf
53143,14150,Biologie humaine_GSH_GSI_écrit_juin_allemand.pdf,ESG/2019/GSI/Biologie humaine_GSH_GSI_écrit_juin_allemand.pdf
53146,14150,Biologie humaine_GSH_GSI_écrit_juin_français.pdf,ESG/2019/GSI/Biologie humaine_GSH_GSI_écrit_juin_français.pdf
53148,14150,Concepts de soins et problèmes infirmiers _GSI_écrit_juin.pdf,ESG/2019/GSI/Concepts de soins et problèmes infirmiers _GSI_écrit_juin.pdf
53144,14150,Concepts de soins et problèmes infirmiers_GSI_écrit_septembre.pdf,ESG/2019/GSI/Concepts de soins et problèmes infirmiers_GSI_écrit_septembre.pdf
53145,14150,Français_GED_ GSH_ GSI_écrit_septembre.pdf,ESG/2019/GSI/Français_GED_ GSH_ GSI_écrit_septembre.pdf
53149,14150,Français_GED_GSI_GSH_écrit_juin.pdf,ESG/2019/GSI/Français_GED_GSI_GSH_écrit_juin.pdf
53150,14150,Sciences humaines et de la santé_GSI_GSH_écrit_juin.pdf,ESG/2019/GSI/Sciences humaines et de la santé_GSI_GSH_écrit_juin.pdf
53152,14150,Sciences humaines et sociales_GSI_écrit_septembre.pdf,ESG/2019/GSI/Sciences humaines et sociales_GSI_écrit_septembre.pdf
53151,14150,Sciences médicales_GSI_GSH_écrit_juin.pdf,ESG/2019/GSI/Sciences médicales_GSI_GSH_écrit_juin.pdf
14151,14090,GSN,ESG/2019/GSN
53161,14151,ALLEM (Allemand)_GAR; GIG; GIN; GSN_écrit_juin.pdf,ESG/2019/GSN/ALLEM (Allemand)_GAR; GIG; GIN; GSN_écrit_juin.pdf
53439,14151,ALLEM (Allemand)_GAR; GIG; GIN; GSN_écrit_septembre.pdf,ESG/2019/GSN/ALLEM (Allemand)_GAR; GIG; GIN; GSN_écrit_septembre.pdf
53163,14151,ANGLA (Anglais)_GAR; GIG; GIN; GSN; GSO_écrit_juin.pdf,ESG/2019/GSN/ANGLA (Anglais)_GAR; GIG; GIN; GSN; GSO_écrit_juin.pdf
53164,14151,ANGLA_GACV-GIG-GIN-GSN-GSO_écrit_septembre 2019.pdf,ESG/2019/GSN/ANGLA_GACV-GIG-GIN-GSN-GSO_écrit_septembre 2019.pdf
53441,14151,ANGLA_GACV-GIG-GIN-GSN-GSO_écrit_septembre.pdf,ESG/2019/GSN/ANGLA_GACV-GIG-GIN-GSN-GSO_écrit_septembre.pdf
53159,14151,BIOLO (Biologie)_GSN_écrit_juin.pdf,ESG/2019/GSN/BIOLO (Biologie)_GSN_écrit_juin.pdf
53156,14151,CHIMI (Chimie)_GSN_écrit_juin.pdf,ESG/2019/GSN/CHIMI (Chimie)_GSN_écrit_juin.pdf
53444,14151,CHIMI (Chimie)_GSN_écrit_septembre_VF.pdf,ESG/2019/GSN/CHIMI (Chimie)_GSN_écrit_septembre_VF.pdf
53160,14151,CONMO (Connaissance du monde contemporain)_GAR; GIG; GIN; GSN; GCC; GCG_écrit_juin.pdf,ESG/2019/GSN/CONMO (Connaissance du monde contemporain)_GAR; GIG; GIN; GSN; GCC; GCG_écrit_juin.pdf
53443,14151,FRANC (Français)_GIG; GIN; GSN_écrit_juin_VD.pdf,ESG/2019/GSN/FRANC (Français)_GIG; GIN; GSN_écrit_juin_VD.pdf
53158,14151,FRANC (Français)_GIG; GIN; GSN_écrit_juin_VF.pdf,ESG/2019/GSN/FRANC (Français)_GIG; GIN; GSN_écrit_juin_VF.pdf
53437,14151,FRANC (Français)_GIG; GIN; GSN_écrit_septembre_VF.pdf,ESG/2019/GSN/FRANC (Français)_GIG; GIN; GSN_écrit_septembre_VF.pdf
53162,14151,GEOGR (Géographie)_GSN_écrit_juin.pdf,ESG/2019/GSN/GEOGR (Géographie)_GSN_écrit_juin.pdf
53445,14151,GEOGR (Géographie)_GSN_écrit_septembre_VF.pdf,ESG/2019/GSN/GEOGR (Géographie)_GSN_écrit_septembre_VF.pdf
53157,14151,MATHE (Mathématiques)_GSN_écrit_juin.pdf,ESG/2019/GSN/MATHE (Mathématiques)_GSN_écrit_juin.pdf
53456,14151,MATHE (Mathématiques)_GSN_écrit_septembre.pdf,ESG/2019/GSN/MATHE (Mathématiques)_GSN_écrit_septembre.pdf
53165,14151,PHYSI (Physique)_GSN_écrit_juin.pdf,ESG/2019/GSN/PHYSI (Physique)_GSN_écrit_juin.pdf
53438,14151,PHYSI (Physique)_GSN_écrit_septembre.pdf,ESG/2019/GSN/PHYSI (Physique)_GSN_écrit_septembre.pdf
53166,14151,QUEPH (Questions philosophiques)_GSN; GSO_écrit_juin.pdf,ESG/2019/GSN/QUEPH (Questions philosophiques)_GSN; GSO_écrit_juin.pdf
53442,14151,QUEPH (Questions philosophiques)_GSN; GSO_écrit_septembre_VF.pdf,ESG/2019/GSN/QUEPH (Questions philosophiques)_GSN; GSO_écrit_septembre_VF.pdf
53440,14151,Questionnaire_511_ESG_GAR; GIG; GIN; GSN; GCC; GCG- CONMO (Connaissance du monde contemporain)_écrit VF.pdf,ESG/2019/GSN/Questionnaire_511_ESG_GAR; GIG; GIN; GSN; GCC; GCG- CONMO (Connaissance du monde contemporain)_écrit VF.pdf
14152,14090,GSO,ESG/2019/GSO
53187,14152,ALLEM_GCC_GCG_GSO_écrit_juin 2019.pdf,ESG/2019/GSO/ALLEM_GCC_GCG_GSO_écrit_juin 2019.pdf
53189,14152,ALLEM_GCC_GCG_GSO_écrit_repêchage.pdf,ESG/2019/GSO/ALLEM_GCC_GCG_GSO_écrit_repêchage.pdf
53188,14152,ALLEM_GCG_GCC_GSO_écrit_septembre 2019.pdf,ESG/2019/GSO/ALLEM_GCG_GCC_GSO_écrit_septembre 2019.pdf
53190,14152,ANGLA_GACV-GIG-GIN-GSN-GSO_écrit__septembre 2019.pdf,ESG/2019/GSO/ANGLA_GACV-GIG-GIN-GSN-GSO_écrit__septembre 2019.pdf
53191,14152,ANGLA_GAR_GIG_GIN_GSN_GSO_écrit_juin 2019.pdf,ESG/2019/GSO/ANGLA_GAR_GIG_GIN_GSN_GSO_écrit_juin 2019.pdf
53192,14152,ANGLA_GAR_GIG_GIN_GSN_GSO_écrit_repêchage.pdf,ESG/2019/GSO/ANGLA_GAR_GIG_GIN_GSN_GSO_écrit_repêchage.pdf
53200,14152,CONMO_GSO_écrit_juin 2019.pdf,ESG/2019/GSO/CONMO_GSO_écrit_juin 2019.pdf
53193,14152,CONMO_GSO_écrit_repêchage.pdf,ESG/2019/GSO/CONMO_GSO_écrit_repêchage.pdf
53197,14152,CONMO_GSO_écrit_septembre 2019.pdf,ESG/2019/GSO/CONMO_GSO_écrit_septembre 2019.pdf
53195,14152,ECOPO_GSO_écrit_juin 2019.pdf,ESG/2019/GSO/ECOPO_GSO_écrit_juin 2019.pdf
53194,14152,ECOPO_GSO_écrit_repêchage.pdf,ESG/2019/GSO/ECOPO_GSO_écrit_repêchage.pdf
53199,14152,ECOPO_GSO_écrit_septembre 2019.pdf,ESG/2019/GSO/ECOPO_GSO_écrit_septembre 2019.pdf
53196,14152,FRANC_GSO_écrit_juin 2019.pdf,ESG/2019/GSO/FRANC_GSO_écrit_juin 2019.pdf
53198,14152,FRANC_GSO_écrit_septembre 2019.pdf,ESG/2019/GSO/FRANC_GSO_écrit_septembre 2019.pdf
53171,14152,MATHE_GSO_écrit_juin 2019.pdf,ESG/2019/GSO/MATHE_GSO_écrit_juin 2019.pdf
53168,14152,MATHE_GSO_écrit_repêchage.pdf,ESG/2019/GSO/MATHE_GSO_écrit_repêchage.pdf
53169,14152,MATHE_GSO_écrit_septembre 2019.pdf,ESG/2019/GSO/MATHE_GSO_écrit_septembre 2019.pdf
53167,14152,PEDAG_GSO_écrit_DE_juin 2019.pdf,ESG/2019/GSO/PEDAG_GSO_écrit_DE_juin 2019.pdf
53170,14152,PEDAG_GSO_écrit_DE_repêchage.pdf,ESG/2019/GSO/PEDAG_GSO_écrit_DE_repêchage.pdf
53172,14152,PEDAG_GSO_écrit_FR_juin 2019.pdf,ESG/2019/GSO/PEDAG_GSO_écrit_FR_juin 2019.pdf
53173,14152,PEDAG_GSO_écrit_FR_repêchage.pdf,ESG/2019/GSO/PEDAG_GSO_écrit_FR_repêchage.pdf
53175,14152,PEDAG_GSO_écrit_septembre 2019.pdf,ESG/2019/GSO/PEDAG_GSO_écrit_septembre 2019.pdf
53174,14152,PSYCO_GSO_écrit_juin 2019.pdf,ESG/2019/GSO/PSYCO_GSO_écrit_juin 2019.pdf
53176,14152,PSYCO_GSO_écrit_repêchage.pdf,ESG/2019/GSO/PSYCO_GSO_écrit_repêchage.pdf
53177,14152,PSYCO_GSO_écrit_septembre 2019.pdf,ESG/2019/GSO/PSYCO_GSO_écrit_septembre 2019.pdf
53178,14152,QUEPH_GSN_GSO_écrit_juin 2019.pdf,ESG/2019/GSO/QUEPH_GSN_GSO_écrit_juin 2019.pdf
53179,14152,QUEPH_GSN_GSO_écrit_repêchage.pdf,ESG/2019/GSO/QUEPH_GSN_GSO_écrit_repêchage.pdf
53180,14152,QUEPH_GSO_écrit_septembre 2019.pdf,ESG/2019/GSO/QUEPH_GSO_écrit_septembre 2019.pdf
53183,14152,SOCIO_GSO_écrit_DE_juin 2019.pdf,ESG/2019/GSO/SOCIO_GSO_écrit_DE_juin 2019.pdf
53181,14152,SOCIO_GSO_écrit_DE_repêchage.pdf,ESG/2019/GSO/SOCIO_GSO_écrit_DE_repêchage.pdf
53182,14152,SOCIO_GSO_écrit_DE_septembre 2019.pdf,ESG/2019/GSO/SOCIO_GSO_écrit_DE_septembre 2019.pdf
53185,14152,SOCIO_GSO_écrit_FR_juin 2019.pdf,ESG/2019/GSO/SOCIO_GSO_écrit_FR_juin 2019.pdf
53184,14152,SOCIO_GSO_écrit_FR_repêchage.pdf,ESG/2019/GSO/SOCIO_GSO_écrit_FR_repêchage.pdf
53186,14152,SOCIO_GSO_écrit_FR_septembre 2019.pdf,ESG/2019/GSO/SOCIO_GSO_écrit_FR_septembre 2019.pdf
19779,2001,2020,ESG/2020
19919,19779,GACV,ESG/2020/GACV
73960,19919,ALLEM (Allemand)_GSE_GIG_GIN_GSN_GACV_écrit_juin.pdf,ESG/2020/GACV/ALLEM (Allemand)_GSE_GIG_GIN_GSN_GACV_écrit_juin.pdf
73964,19919,ALLEM (Allemand)_GSE_GIG_GIN_GSN_GACV_écrit_mai.pdf,ESG/2020/GACV/ALLEM (Allemand)_GSE_GIG_GIN_GSN_GACV_écrit_mai.pdf
73979,19919,ALLEM (Allemand)_GSE_GIG_GIN_GSN_GACV_écrit_septembre.pdf,ESG/2020/GACV/ALLEM (Allemand)_GSE_GIG_GIN_GSN_GACV_écrit_septembre.pdf
73963,19919,ANGLA (Anglais)_GSE_GIG_GIN_GSN_GSO_GACV_écrit_juin.pdf,ESG/2020/GACV/ANGLA (Anglais)_GSE_GIG_GIN_GSN_GSO_GACV_écrit_juin.pdf
73973,19919,ANGLA (Anglais)_GSE_GIG_GIN_GSN_GSO_GACV_écrit_mai.pdf,ESG/2020/GACV/ANGLA (Anglais)_GSE_GIG_GIN_GSN_GSO_GACV_écrit_mai.pdf
73976,19919,ANGLA (Anglais)_GSE_GIG_GIN_GSN_GSO_GACV_écrit_septembre.pdf,ESG/2020/GACV/ANGLA (Anglais)_GSE_GIG_GIN_GSN_GSO_GACV_écrit_septembre.pdf
73966,19919,COGRI (Communication graphique et infographie)__GACV_écrit_juin.pdf,ESG/2020/GACV/COGRI (Communication graphique et infographie)__GACV_écrit_juin.pdf
73970,19919,COGRI (Communication graphique et infographie)_GACV_écrit_septembre.pdf,ESG/2020/GACV/COGRI (Communication graphique et infographie)_GACV_écrit_septembre.pdf
73962,19919,CONMO (Connaissance du monde contemp)_GGH_GIG_GIN_GSN_GCC_GCG_GACV_GSE_septembre.pdf,ESG/2020/GACV/CONMO (Connaissance du monde contemp)_GGH_GIG_GIN_GSN_GCC_GCG_GACV_GSE_septembre.pdf
73968,19919,CONMO (Connaissance du monde contemp_GGH_GIG_GIN_GSN_GCC_GCG_GACV_GSE_écrit_juin.pdf,ESG/2020/GACV/CONMO (Connaissance du monde contemp_GGH_GIG_GIN_GSN_GCC_GCG_GACV_GSE_écrit_juin.pdf
73974,19919,FRANC (Français)_GACV_écrit_mai.pdf,ESG/2020/GACV/FRANC (Français)_GACV_écrit_mai.pdf
73977,19919,FRANC (Français)_GACV_écrit_septembre.pdf,ESG/2020/GACV/FRANC (Français)_GACV_écrit_septembre.pdf
73971,19919,HISAR (Histoire de l'Art)_GACV_écrit_juin.pdf,ESG/2020/GACV/HISAR (Histoire de l'Art)_GACV_écrit_juin.pdf
73978,19919,HISAR (Histoire de l'Art)_GACV_écrit_septembre.pdf,ESG/2020/GACV/HISAR (Histoire de l'Art)_GACV_écrit_septembre.pdf
73975,19919,LAPLA (Langage plastique bidimensionnel 1)_GACV_écrit_mai.pdf,ESG/2020/GACV/LAPLA (Langage plastique bidimensionnel 1)_GACV_écrit_mai.pdf
73961,19919,MATHE (Mathématiques)_GACV_écrit_mai.pdf,ESG/2020/GACV/MATHE (Mathématiques)_GACV_écrit_mai.pdf
73969,19919,MATHE (Mathématiques)_GACV_écrit_septembre.pdf,ESG/2020/GACV/MATHE (Mathématiques)_GACV_écrit_septembre.pdf
73972,19919,SCIEN (Chimie)_GACV_écrit_juin.pdf,ESG/2020/GACV/SCIEN (Chimie)_GACV_écrit_juin.pdf
73959,19919,SCIEN (Chimie)_GACV_écrit_vf_septembre.pdf,ESG/2020/GACV/SCIEN (Chimie)_GACV_écrit_vf_septembre.pdf
73967,19919,SCIEN (Physique)_GACV_écrit_juin.pdf,ESG/2020/GACV/SCIEN (Physique)_GACV_écrit_juin.pdf
73958,19919,SCIEN (Physique)_GACV_écrit_vd_septembre.pdf,ESG/2020/GACV/SCIEN (Physique)_GACV_écrit_vd_septembre.pdf
73965,19919,VOLCO (Volume et conception 3D)_GACV_écrit_juin.pdf,ESG/2020/GACV/VOLCO (Volume et conception 3D)_GACV_écrit_juin.pdf
19920,19779,GCC,ESG/2020/GCC
74046,19920,ALLEM (Allemand)_GCC_GCG_GSO_GCG SLP_écrit_juin_rep.pdf,ESG/2020/GCC/ALLEM (Allemand)_GCC_GCG_GSO_GCG SLP_écrit_juin_rep.pdf
74047,19920,ALLEM (Allemand)_GCC_GCG_GSO_GCG SLP_écrit_mai.pdf,ESG/2020/GCC/ALLEM (Allemand)_GCC_GCG_GSO_GCG SLP_écrit_mai.pdf
73980,19920,ALLEM (Allemand)_GCC_GCG_GSO_GCG SLP_écrit_septembre.pdf,ESG/2020/GCC/ALLEM (Allemand)_GCC_GCG_GSO_GCG SLP_écrit_septembre.pdf
73990,19920,ALLEM-F (Allemand-F)_GCC_GCG_écrit_juin.pdf,ESG/2020/GCC/ALLEM-F (Allemand-F)_GCC_GCG_écrit_juin.pdf
73982,19920,ANGLA_GCC_GCG_écrit _juin.pdf,ESG/2020/GCC/ANGLA_GCC_GCG_écrit _juin.pdf
73986,19920,ANGLA_GCC_GCG_écrit_septembre.pdf,ESG/2020/GCC/ANGLA_GCC_GCG_écrit_septembre.pdf
73992,19920,COMPT (Comptabilité)_GCC_écrit_.pdf,ESG/2020/GCC/COMPT (Comptabilité)_GCC_écrit_.pdf
74000,19920,COMPT (Comptabilité)_GCC_écrit_septembre.pdf,ESG/2020/GCC/COMPT (Comptabilité)_GCC_écrit_septembre.pdf
74013,19920,CONMO (Connaissance du monde contemp)_GGH_GIG_GIN_GSN_GCC_GCG_GACV_GSE_septembre.pdf,ESG/2020/GCC/CONMO (Connaissance du monde contemp)_GGH_GIG_GIN_GSN_GCC_GCG_GACV_GSE_septembre.pdf
74031,19920,CONMO (Connaissance du monde contemp_GGH_GIG_GIN_GSN_GCC_GCG_GACV_GSE_écrit_juin.pdf,ESG/2020/GCC/CONMO (Connaissance du monde contemp_GGH_GIG_GIN_GSN_GCC_GCG_GACV_GSE_écrit_juin.pdf
74011,19920,ECOGE (Economie de gestion)_GCC; GCG; GCG SLP_écrit_septembre_rep.pdf,ESG/2020/GCC/ECOGE (Economie de gestion)_GCC; GCG; GCG SLP_écrit_septembre_rep.pdf
73996,19920,ECOGE (Economie de gestion)_GCC_GCG_GCG SLP_écrit_juin_rep.pdf,ESG/2020/GCC/ECOGE (Economie de gestion)_GCC_GCG_GCG SLP_écrit_juin_rep.pdf
73983,19920,ECOGE (Economie de gestion)_GCC_GCG_GCG SLP_écrit_mai.pdf,ESG/2020/GCC/ECOGE (Economie de gestion)_GCC_GCG_GCG SLP_écrit_mai.pdf
73994,19920,ECOGE (Economie de gestion)_GCC_GCG_GCG SLP_écrit_septembre.pdf,ESG/2020/GCC/ECOGE (Economie de gestion)_GCC_GCG_GCG SLP_écrit_septembre.pdf
73981,19920,ECOPO (Economie politique)_GCC_GCG_GCG SLP_écrit_juin.pdf,ESG/2020/GCC/ECOPO (Economie politique)_GCC_GCG_GCG SLP_écrit_juin.pdf
74014,19920,ECOPO (Economie politique)_GCC_GCG_GCG SLP_écrit_mai.pdf,ESG/2020/GCC/ECOPO (Economie politique)_GCC_GCG_GCG SLP_écrit_mai.pdf
74010,19920,ECOPO (Economie politique)_GCC_GCG_GCG SLP_écrit_septembre.pdf,ESG/2020/GCC/ECOPO (Economie politique)_GCC_GCG_GCG SLP_écrit_septembre.pdf
73988,19920,ECOPO (Economie politique)_GCC_GCG_GCG SLP_écrit_septembre_rep.pdf,ESG/2020/GCC/ECOPO (Economie politique)_GCC_GCG_GCG SLP_écrit_septembre_rep.pdf
73985,19920,fjr_header.pdf,ESG/2020/GCC/fjr_header.pdf
73989,19920,fjr_logo.pdf,ESG/2020/GCC/fjr_logo.pdf
74004,19920,FRANC_GCC_GCG_écrit_juin.pdf,ESG/2020/GCC/FRANC_GCC_GCG_écrit_juin.pdf
74001,19920,FRANC_GCC_GCG_écrit_juin_rep.pdf,ESG/2020/GCC/FRANC_GCC_GCG_écrit_juin_rep.pdf
74006,19920,FRANC_GCC_GCG_écrit_septembre.pdf,ESG/2020/GCC/FRANC_GCC_GCG_écrit_septembre.pdf
73993,19920,image 1.pdf,ESG/2020/GCC/image 1.pdf
73995,19920,image 2.pdf,ESG/2020/GCC/image 2.pdf
73999,19920,image 3.pdf,ESG/2020/GCC/image 3.pdf
74026,19920,image_1.pdf,ESG/2020/GCC/image_1.pdf
74021,19920,image_2.pdf,ESG/2020/GCC/image_2.pdf
74029,19920,image_3.pdf,ESG/2020/GCC/image_3.pdf
74030,19920,image_4.pdf,ESG/2020/GCC/image_4.pdf
74034,19920,Images_2316_ESG_GCC-Orges (1).pdf,ESG/2020/GCC/Images_2316_ESG_GCC-Orges (1).pdf
74037,19920,Images_2316_ESG_GCC-Orges.pdf,ESG/2020/GCC/Images_2316_ESG_GCC-Orges.pdf
74003,19920,logo teaforyou.pdf,ESG/2020/GCC/logo teaforyou.pdf
74027,19920,Questionnaire_2313_ESG_GCC- COPRH_écrit_a_1.pdf,ESG/2020/GCC/Questionnaire_2313_ESG_GCC- COPRH_écrit_a_1.pdf
74049,19920,Questionnaire_2315_ESG_GCC- COPRH_écrit_a_1.pdf,ESG/2020/GCC/Questionnaire_2315_ESG_GCC- COPRH_écrit_a_1.pdf
74050,19920,Questionnaire_2316_ESG_GCC- ORGES (Organisation et gestion d’activités)_écrit_a_1.pdf,ESG/2020/GCC/Questionnaire_2316_ESG_GCC- ORGES (Organisation et gestion d’activités)_écrit_a_1.pdf
74032,19920,Questionnaire_2317_ESG_GCC- ORGES (Organisation et gestion d’activités)_écrit_a_1(1).pdf,ESG/2020/GCC/Questionnaire_2317_ESG_GCC- ORGES (Organisation et gestion d’activités)_écrit_a_1(1).pdf
74033,19920,Questionnaire_2318_ESG_GCC- TINCO (Technologie de l’information et de la communication)_écrit_a_1.pdf,ESG/2020/GCC/Questionnaire_2318_ESG_GCC- TINCO (Technologie de l’information et de la communication)_écrit_a_1.pdf
74043,19920,Questionnaire_2319_ESG_GCC- TINCO (Technologie de l’information et de la communication)_écrit_a_1.pdf,ESG/2020/GCC/Questionnaire_2319_ESG_GCC- TINCO (Technologie de l’information et de la communication)_écrit_a_1.pdf
19921,19779,GCG,ESG/2020/GCG
74072,19921,ALLEM (Allemand)_GCC_GCG_GSO_GCG SLP_écrit_juin_rep.pdf,ESG/2020/GCG/ALLEM (Allemand)_GCC_GCG_GSO_GCG SLP_écrit_juin_rep.pdf
74073,19921,ALLEM (Allemand)_GCC_GCG_GSO_GCG SLP_écrit_mai.pdf,ESG/2020/GCG/ALLEM (Allemand)_GCC_GCG_GSO_GCG SLP_écrit_mai.pdf
74071,19921,ALLEM (Allemand)_GCC_GCG_GSO_GCG SLP_écrit_septembre.pdf,ESG/2020/GCG/ALLEM (Allemand)_GCC_GCG_GSO_GCG SLP_écrit_septembre.pdf
74080,19921,ALLEM-F (Allemand-F)_GCC_GCG_écrit_juin.pdf,ESG/2020/GCG/ALLEM-F (Allemand-F)_GCC_GCG_écrit_juin.pdf
74074,19921,ANGLA_GCC_GCG_écrit _juin.pdf,ESG/2020/GCG/ANGLA_GCC_GCG_écrit _juin.pdf
74070,19921,ANGLA_GCC_GCG_écrit_septembre.pdf,ESG/2020/GCG/ANGLA_GCC_GCG_écrit_septembre.pdf
74078,19921,COMPT (Comptabilité)_Feuilles à remplir_GCG_GCG SLP_écrit_september_ajournement.pdf,ESG/2020/GCG/COMPT (Comptabilité)_Feuilles à remplir_GCG_GCG SLP_écrit_september_ajournement.pdf
74083,19921,COMPT (Comptabilité)_Feuilles-à-remplir_GCG_GCG SLP_écrit_septembre.pdf,ESG/2020/GCG/COMPT (Comptabilité)_Feuilles-à-remplir_GCG_GCG SLP_écrit_septembre.pdf
74081,19921,COMPT (Comptabilité)_GCG_GCG SLP_écrit_juin.pdf,ESG/2020/GCG/COMPT (Comptabilité)_GCG_GCG SLP_écrit_juin.pdf
74079,19921,COMPT (Comptabilité)_GCG_GCG SLP_écrit_juin_Feuilles à remplir.pdf,ESG/2020/GCG/COMPT (Comptabilité)_GCG_GCG SLP_écrit_juin_Feuilles à remplir.pdf
74084,19921,COMPT (Comptabilité)_GCG_GCG SLP_écrit_juin_rep.pdf,ESG/2020/GCG/COMPT (Comptabilité)_GCG_GCG SLP_écrit_juin_rep.pdf
74085,19921,COMPT (Comptabilité)_GCG_GCG SLP_écrit_juin_rep_Fàr adapté corona.pdf,ESG/2020/GCG/COMPT (Comptabilité)_GCG_GCG SLP_écrit_juin_rep_Fàr adapté corona.pdf
74051,19921,COMPT (Comptabilité)_GCG_GCG SLP_écrit_septembre.pdf,ESG/2020/GCG/COMPT (Comptabilité)_GCG_GCG SLP_écrit_septembre.pdf
74063,19921,COMPT (Comptabilité)_GCG_GCG SLP_écrit_septembre_ajournement.pdf,ESG/2020/GCG/COMPT (Comptabilité)_GCG_GCG SLP_écrit_septembre_ajournement.pdf
74061,19921,CONMO (Connaissance du monde contemp)_GGH_GIG_GIN_GSN_GCC_GCG_GACV_GSE_septembre.pdf,ESG/2020/GCG/CONMO (Connaissance du monde contemp)_GGH_GIG_GIN_GSN_GCC_GCG_GACV_GSE_septembre.pdf
74075,19921,CONMO (Connaissance du monde contemp_GGH_GIG_GIN_GSN_GCC_GCG_GACV_GSE_écrit_juin.pdf,ESG/2020/GCG/CONMO (Connaissance du monde contemp_GGH_GIG_GIN_GSN_GCC_GCG_GACV_GSE_écrit_juin.pdf
74077,19921,ECOGE (Economie de gestion)_GCC; GCG; GCG SLP_écrit_septembre_rep.pdf,ESG/2020/GCG/ECOGE (Economie de gestion)_GCC; GCG; GCG SLP_écrit_septembre_rep.pdf
74064,19921,ECOGE (Economie de gestion)_GCC_GCG_GCG SLP_écrit_juin_rep.pdf,ESG/2020/GCG/ECOGE (Economie de gestion)_GCC_GCG_GCG SLP_écrit_juin_rep.pdf
74057,19921,ECOGE (Economie de gestion)_GCC_GCG_GCG SLP_écrit_mai.pdf,ESG/2020/GCG/ECOGE (Economie de gestion)_GCC_GCG_GCG SLP_écrit_mai.pdf
74069,19921,ECOGE (Economie de gestion)_GCC_GCG_GCG SLP_écrit_septembre.pdf,ESG/2020/GCG/ECOGE (Economie de gestion)_GCC_GCG_GCG SLP_écrit_septembre.pdf
74055,19921,ECOPO (Economie politique)_GCC_GCG_GCG SLP_écrit_juin.pdf,ESG/2020/GCG/ECOPO (Economie politique)_GCC_GCG_GCG SLP_écrit_juin.pdf
74059,19921,ECOPO (Economie politique)_GCC_GCG_GCG SLP_écrit_mai.pdf,ESG/2020/GCG/ECOPO (Economie politique)_GCC_GCG_GCG SLP_écrit_mai.pdf
74062,19921,ECOPO (Economie politique)_GCC_GCG_GCG SLP_écrit_septembre.pdf,ESG/2020/GCG/ECOPO (Economie politique)_GCC_GCG_GCG SLP_écrit_septembre.pdf
74052,19921,ECOPO (Economie politique)_GCC_GCG_GCG SLP_écrit_septembre_rep.pdf,ESG/2020/GCG/ECOPO (Economie politique)_GCC_GCG_GCG SLP_écrit_septembre_rep.pdf
74054,19921,FRANC_GCC_GCG_écrit_juin.pdf,ESG/2020/GCG/FRANC_GCC_GCG_écrit_juin.pdf
74060,19921,FRANC_GCC_GCG_écrit_juin_rep.pdf,ESG/2020/GCG/FRANC_GCC_GCG_écrit_juin_rep.pdf
74056,19921,FRANC_GCC_GCG_écrit_septembre.pdf,ESG/2020/GCG/FRANC_GCC_GCG_écrit_septembre.pdf
74068,19921,INFOR (Informatique)_GCG_GCG SLP_écrit_juin.pdf,ESG/2020/GCG/INFOR (Informatique)_GCG_GCG SLP_écrit_juin.pdf
74076,19921,INFOR (Informatique)_GCG_GCG SLP_écrit_juin_rep.pdf,ESG/2020/GCG/INFOR (Informatique)_GCG_GCG SLP_écrit_juin_rep.pdf
74058,19921,INFOR (Informatique)_GCG_GCG SLP_écrit_septembre.pdf,ESG/2020/GCG/INFOR (Informatique)_GCG_GCG SLP_écrit_septembre.pdf
74065,19921,MATHE (Mathématiques)_GCG_GCG SLP_écrit_juin.pdf,ESG/2020/GCG/MATHE (Mathématiques)_GCG_GCG SLP_écrit_juin.pdf
74082,19921,MATHE (Mathématiques)_GCG_GCG SLP_écrit_juin_rep.pdf,ESG/2020/GCG/MATHE (Mathématiques)_GCG_GCG SLP_écrit_juin_rep.pdf
74066,19921,MATHE (Mathématiques)_GCG_GCG SLP_écrit_septembre.pdf,ESG/2020/GCG/MATHE (Mathématiques)_GCG_GCG SLP_écrit_septembre.pdf
74067,19921,MATHE (Mathématiques)_GCG_GCG SLP_écrit_septembre_rep.pdf,ESG/2020/GCG/MATHE (Mathématiques)_GCG_GCG SLP_écrit_septembre_rep.pdf
19922,19779,GED,ESG/2020/GED
74101,19922,ACTES (Action éducative et sociale)_GED_écrit_juin.pdf,ESG/2020/GED/ACTES (Action éducative et sociale)_GED_écrit_juin.pdf
74108,19922,ACTES (Action éducative et sociale)_GED_écrit_septembre.pdf,ESG/2020/GED/ACTES (Action éducative et sociale)_GED_écrit_septembre.pdf
74110,19922,ALLEM (Allemand)_GED_GSH_GSI_GSHAN_écrit_mai.pdf,ESG/2020/GED/ALLEM (Allemand)_GED_GSH_GSI_GSHAN_écrit_mai.pdf
74112,19922,ALLEM (Allemand)_GED_GSH_GSI_GSHAN_écrit_septembre.pdf,ESG/2020/GED/ALLEM (Allemand)_GED_GSH_GSI_GSHAN_écrit_septembre.pdf
74111,19922,ANGLA (Anglais)_GED_GSH_GSI_GSHAN_écrit_juin.pdf,ESG/2020/GED/ANGLA (Anglais)_GED_GSH_GSI_GSHAN_écrit_juin.pdf
74107,19922,ANGLA (Anglais)_GED_GSH_GSI_GSHAN_écrit_septembre.pdf,ESG/2020/GED/ANGLA (Anglais)_GED_GSH_GSI_GSHAN_écrit_septembre.pdf
74106,19922,BIOLO (Biologie)_GED_écrit_mai.pdf,ESG/2020/GED/BIOLO (Biologie)_GED_écrit_mai.pdf
74105,19922,BIOLO (Biologie)_GED_écrit_septembre .pdf,ESG/2020/GED/BIOLO (Biologie)_GED_écrit_septembre .pdf
74088,19922,DEVEL (Développement tout au long de la vie)_GED_écrit_juin.pdf,ESG/2020/GED/DEVEL (Développement tout au long de la vie)_GED_écrit_juin.pdf
74086,19922,DEVEL (Développement tout au long de la vie)_GED_écrit_juin_rep.pdf,ESG/2020/GED/DEVEL (Développement tout au long de la vie)_GED_écrit_juin_rep.pdf
74103,19922,DEVEL (Développement tout au long de la vie)_GED_écrit_septembre.pdf,ESG/2020/GED/DEVEL (Développement tout au long de la vie)_GED_écrit_septembre.pdf
74089,19922,EDMED (Éducation aux médias)_GED_écrit_mai.pdf,ESG/2020/GED/EDMED (Éducation aux médias)_GED_écrit_mai.pdf
74087,19922,EDMED (Éducation aux médias)_GED_écrit_septembre.pdf,ESG/2020/GED/EDMED (Éducation aux médias)_GED_écrit_septembre.pdf
74093,19922,"ETDDD (Ethique, déontologie et développement durable)_GED_écrit_juin_rep.pdf","ESG/2020/GED/ETDDD (Ethique, déontologie et développement durable)_GED_écrit_juin_rep.pdf"
74092,19922,"ETDDD (Ethique, déontologie et développement durable)_GED_écrit_mai.pdf","ESG/2020/GED/ETDDD (Ethique, déontologie et développement durable)_GED_écrit_mai.pdf"
74102,19922,FRANC (Français)_GED_GSH_GSI_GSHAN_écrit_juin_rep.pdf,ESG/2020/GED/FRANC (Français)_GED_GSH_GSI_GSHAN_écrit_juin_rep.pdf
74094,19922,FRANC (Français)_GED_GSH_GSI_GSHAN_écrit_mai.pdf,ESG/2020/GED/FRANC (Français)_GED_GSH_GSI_GSHAN_écrit_mai.pdf
74099,19922,FRANC (Français)_GED_GSH_GSI_GSHAN_écrit_septembre.pdf,ESG/2020/GED/FRANC (Français)_GED_GSH_GSI_GSHAN_écrit_septembre.pdf
74095,19922,FRANC (Français)_GED_GSH_GSI_GSHAN_écrit_septembre_rep.pdf,ESG/2020/GED/FRANC (Français)_GED_GSH_GSI_GSHAN_écrit_septembre_rep.pdf
74090,19922,MEPRP (Méthodologie de la pratique professionnelle)_GED_écrit_septembre.pdf,ESG/2020/GED/MEPRP (Méthodologie de la pratique professionnelle)_GED_écrit_septembre.pdf
74098,19922,PEDAG (Pédagogie)_GED_écrit_mai.pdf,ESG/2020/GED/PEDAG (Pédagogie)_GED_écrit_mai.pdf
74091,19922,PEDAG (Pédagogie)_GED_écrit_septembre .pdf,ESG/2020/GED/PEDAG (Pédagogie)_GED_écrit_septembre .pdf
74100,19922,PSYCH (Psychologie)_GED_écrit_ septembre.pdf,ESG/2020/GED/PSYCH (Psychologie)_GED_écrit_ septembre.pdf
74104,19922,PSYCH (Psychologie)_GED_écrit_juin.pdf,ESG/2020/GED/PSYCH (Psychologie)_GED_écrit_juin.pdf
74109,19922,PSYCH (Psychologie)_GED_écrit_juin_rep.pdf,ESG/2020/GED/PSYCH (Psychologie)_GED_écrit_juin_rep.pdf
74096,19922,SOCIO (Sociologie)_GED_écrit_juin.pdf,ESG/2020/GED/SOCIO (Sociologie)_GED_écrit_juin.pdf
74097,19922,SOCIO (Sociologie)_GED_écrit_septembre.pdf,ESG/2020/GED/SOCIO (Sociologie)_GED_écrit_septembre.pdf
19923,19779,GGH,ESG/2020/GGH
74119,19923,ANGLA (Anglais)_GGH_écrit_mai.pdf,ESG/2020/GGH/ANGLA (Anglais)_GGH_écrit_mai.pdf
74123,19923,ANGLA (Anglais)_GGH_écrit_septembre.pdf,ESG/2020/GGH/ANGLA (Anglais)_GGH_écrit_septembre.pdf
74117,19923,ARTCU (Arts et culture)_GGH_écrit_juin.pdf,ESG/2020/GGH/ARTCU (Arts et culture)_GGH_écrit_juin.pdf
74118,19923,CONMO (Connaissance du monde contemp_GGH_GIG_GIN_GSN_GCC_GCG_GACV_GSE_écrit_septembre.pdf,ESG/2020/GGH/CONMO (Connaissance du monde contemp_GGH_GIG_GIN_GSN_GCC_GCG_GACV_GSE_écrit_septembre.pdf
74121,19923,CONMO (Connaissance du monde contemp_GGH_GIG_GIN_GSN_GCC_GCG_GACV_GSE_juin.pdf,ESG/2020/GGH/CONMO (Connaissance du monde contemp_GGH_GIG_GIN_GSN_GCC_GCG_GACV_GSE_juin.pdf
74114,19923,GEOTO (Géographie et tourisme)_GGH_écrit_mai.pdf,ESG/2020/GGH/GEOTO (Géographie et tourisme)_GGH_écrit_mai.pdf
74120,19923,GESHO (Gestion en hôtellerie)_GGH_écrit_mai.pdf,ESG/2020/GGH/GESHO (Gestion en hôtellerie)_GGH_écrit_mai.pdf
74115,19923,"GESOP (Gestion, organisation, promotion)_GGH_écrit_juin.pdf","ESG/2020/GGH/GESOP (Gestion, organisation, promotion)_GGH_écrit_juin.pdf"
74116,19923,"GESOP (Gestion, organisation, promotion)_GGH_écrit_septembre.pdf","ESG/2020/GGH/GESOP (Gestion, organisation, promotion)_GGH_écrit_septembre.pdf"
74113,19923,GESRE (Gestion de la restauration)_GGH_écrit_juin.pdf,ESG/2020/GGH/GESRE (Gestion de la restauration)_GGH_écrit_juin.pdf
74122,19923,MAINF (Mathématiques et informatique)_GGH_écrit_.pdf,ESG/2020/GGH/MAINF (Mathématiques et informatique)_GGH_écrit_.pdf
19924,19779,GIG,ESG/2020/GIG
74150,19924,ALLEM (Allemand)_GSE_GIG_GIN_GSN_GACV_écrit_juin.pdf,ESG/2020/GIG/ALLEM (Allemand)_GSE_GIG_GIN_GSN_GACV_écrit_juin.pdf
74149,19924,ALLEM (Allemand)_GSE_GIG_GIN_GSN_GACV_écrit_mai.pdf,ESG/2020/GIG/ALLEM (Allemand)_GSE_GIG_GIN_GSN_GACV_écrit_mai.pdf
74138,19924,ALLEM (Allemand)_GSE_GIG_GIN_GSN_GACV_écrit_septembre.pdf,ESG/2020/GIG/ALLEM (Allemand)_GSE_GIG_GIN_GSN_GACV_écrit_septembre.pdf
74124,19924,ANGLA (Anglais)_GSE_GIG_GIN_GSN_GSO_GACV_écrit_juin.pdf,ESG/2020/GIG/ANGLA (Anglais)_GSE_GIG_GIN_GSN_GSO_GACV_écrit_juin.pdf
74136,19924,ANGLA (Anglais)_GSE_GIG_GIN_GSN_GSO_GACV_écrit_mai.pdf,ESG/2020/GIG/ANGLA (Anglais)_GSE_GIG_GIN_GSN_GSO_GACV_écrit_mai.pdf
74131,19924,ANGLA (Anglais)_GSE_GIG_GIN_GSN_GSO_GACV_écrit_septembre.pdf,ESG/2020/GIG/ANGLA (Anglais)_GSE_GIG_GIN_GSN_GSO_GACV_écrit_septembre.pdf
74130,19924,CHIMI (Chimie)_GIG_écrit_juin_rep.pdf,ESG/2020/GIG/CHIMI (Chimie)_GIG_écrit_juin_rep.pdf
74133,19924,CHIMI (Chimie)_GIG_écrit_mai.pdf,ESG/2020/GIG/CHIMI (Chimie)_GIG_écrit_mai.pdf
74127,19924,CHIMI (Chimie)_GIG_écrit_septembre.pdf,ESG/2020/GIG/CHIMI (Chimie)_GIG_écrit_septembre.pdf
74126,19924,CONMO (Connaissance du monde contemp)_GGH_GIG_GIN_GSN_GCC_GCG_GACV_GSE_septembre.pdf,ESG/2020/GIG/CONMO (Connaissance du monde contemp)_GGH_GIG_GIN_GSN_GCC_GCG_GACV_GSE_septembre.pdf
74139,19924,CONMO (Connaissance du monde contemp_GGH_GIG_GIN_GSN_GCC_GCG_GACV_GSE_écrit_juin.pdf,ESG/2020/GIG/CONMO (Connaissance du monde contemp_GGH_GIG_GIN_GSN_GCC_GCG_GACV_GSE_écrit_juin.pdf
74125,19924,ELETE (Electrotechnique)_GIG_écrit_juin.pdf,ESG/2020/GIG/ELETE (Electrotechnique)_GIG_écrit_juin.pdf
74137,19924,ELETE (Electrotechnique)_GIG_écrit_juin_rep.pdf,ESG/2020/GIG/ELETE (Electrotechnique)_GIG_écrit_juin_rep.pdf
74145,19924,ELETE (Electrotechnique)_GIG_écrit_septembre.pdf,ESG/2020/GIG/ELETE (Electrotechnique)_GIG_écrit_septembre.pdf
74141,19924,FRANC (Français)_GIG_GIN_GSN_GSE_écrit_juin_rep.pdf,ESG/2020/GIG/FRANC (Français)_GIG_GIN_GSN_GSE_écrit_juin_rep.pdf
74146,19924,FRANC (Français)_GIG_GIN_GSN_GSE_écrit_mai.pdf,ESG/2020/GIG/FRANC (Français)_GIG_GIN_GSN_GSE_écrit_mai.pdf
74134,19924,FRANC (Français)_GIG_GIN_GSN_GSE_écrit_septembre.pdf,ESG/2020/GIG/FRANC (Français)_GIG_GIN_GSN_GSE_écrit_septembre.pdf
74140,19924,INFOR (Informatique)_GIG_écrit_juin.pdf,ESG/2020/GIG/INFOR (Informatique)_GIG_écrit_juin.pdf
74147,19924,INFOR (Informatique)_GIG_écrit_septembre.pdf,ESG/2020/GIG/INFOR (Informatique)_GIG_écrit_septembre.pdf
74129,19924,MATHE 2 (Mathématiques 2)_GIG_écrit_juin.pdf,ESG/2020/GIG/MATHE 2 (Mathématiques 2)_GIG_écrit_juin.pdf
74128,19924,MATHE 2 (Mathématiques 2)_GIG_écrit_septembre.pdf,ESG/2020/GIG/MATHE 2 (Mathématiques 2)_GIG_écrit_septembre.pdf
74154,19924,MATHE1 (Mathématiques 1)_GIN_GIG_écrit_juin_rep.pdf,ESG/2020/GIG/MATHE1 (Mathématiques 1)_GIN_GIG_écrit_juin_rep.pdf
74132,19924,MATHE1 (Mathématiques 1)_GIN_GIG_écrit_mai.pdf,ESG/2020/GIG/MATHE1 (Mathématiques 1)_GIN_GIG_écrit_mai.pdf
74135,19924,MATHE1 (Mathématiques 1)_GIN_GIG_écrit_septembre.pdf,ESG/2020/GIG/MATHE1 (Mathématiques 1)_GIN_GIG_écrit_septembre.pdf
74152,19924,MECAN (Mécanique)_GIG_écrit_juin.pdf,ESG/2020/GIG/MECAN (Mécanique)_GIG_écrit_juin.pdf
74151,19924,MECAN (Mécanique)_GIG_écrit_septembre.pdf,ESG/2020/GIG/MECAN (Mécanique)_GIG_écrit_septembre.pdf
74142,19924,PHYSI (Physique)_GIG_écrit_juin_rep.pdf,ESG/2020/GIG/PHYSI (Physique)_GIG_écrit_juin_rep.pdf
74144,19924,PHYSI (Physique)_GIG_écrit_mai.pdf,ESG/2020/GIG/PHYSI (Physique)_GIG_écrit_mai.pdf
74143,19924,PHYSI (Physique)_GIG_écrit_septembre.pdf,ESG/2020/GIG/PHYSI (Physique)_GIG_écrit_septembre.pdf
74148,19924,TECNO (Technologie)_ESG_GIG_écrit_juin_rep.pdf,ESG/2020/GIG/TECNO (Technologie)_ESG_GIG_écrit_juin_rep.pdf
74153,19924,TECNO (Technologie)_ESG_GIG_écrit_mai.pdf,ESG/2020/GIG/TECNO (Technologie)_ESG_GIG_écrit_mai.pdf
74155,19924,TECNO (Technologie)_ESG_GIG_écrit_septembre.pdf,ESG/2020/GIG/TECNO (Technologie)_ESG_GIG_écrit_septembre.pdf
19925,19779,GIN,ESG/2020/GIN
74182,19925,01 Questionnaire_2346_ESG_GGH; GIG; GIN; GSN; GCC; GCG; GACV; GSE- CONMO (Connaissance du monde contemp vf.pdf,ESG/2020/GIN/01 Questionnaire_2346_ESG_GGH; GIG; GIN; GSN; GCC; GCG; GACV; GSE- CONMO (Connaissance du monde contemp vf.pdf
74169,19925,01 Questionnaire_2417_ESG_GIN; GIG- MATHE1 (Mathématiques 1)_écrit_a_1 vf.pdf,ESG/2020/GIN/01 Questionnaire_2417_ESG_GIN; GIG- MATHE1 (Mathématiques 1)_écrit_a_1 vf.pdf
74180,19925,01 Questionnaire_2421_ESG_GIG; GIN; GSN; GSE- FRANC (Français)_écrit_a_1 vf.pdf,ESG/2020/GIN/01 Questionnaire_2421_ESG_GIG; GIN; GSN; GSE- FRANC (Français)_écrit_a_1 vf.pdf
74178,19925,01 Questionnaire_2430_ESG_GIN- BASDO (Bases de données)_écrit_a_1 vf.pdf,ESG/2020/GIN/01 Questionnaire_2430_ESG_GIN- BASDO (Bases de données)_écrit_a_1 vf.pdf
74171,19925,01 Questionnaire_2434_ESG_GIN- MATHE 2 (Mathématiques 2)_écrit_a_1 vf.pdf,ESG/2020/GIN/01 Questionnaire_2434_ESG_GIN- MATHE 2 (Mathématiques 2)_écrit_a_1 vf.pdf
74185,19925,01 Questionnaire_2436_ESG_GIN- PROGR (Programmation)_écrit_a_1 vf.pdf,ESG/2020/GIN/01 Questionnaire_2436_ESG_GIN- PROGR (Programmation)_écrit_a_1 vf.pdf
74175,19925,01 Questionnaire_2441_ESG_GIN- SNTEC (Sciences naturelles et technologie)_écrit_a_1 vf.pdf,ESG/2020/GIN/01 Questionnaire_2441_ESG_GIN- SNTEC (Sciences naturelles et technologie)_écrit_a_1 vf.pdf
74160,19925,01 Questionnaire_2443_ESG_GIN- TEINF (Téléinformatique et réseaux)_écrit_a_1 vf.pdf,ESG/2020/GIN/01 Questionnaire_2443_ESG_GIN- TEINF (Téléinformatique et réseaux)_écrit_a_1 vf.pdf
74176,19925,02 Questionnaire_2419_ESG_GIN; GIG- MATHE1 (Mathématiques 1)_écrit_a_1 vf.pdf,ESG/2020/GIN/02 Questionnaire_2419_ESG_GIN; GIG- MATHE1 (Mathématiques 1)_écrit_a_1 vf.pdf
74168,19925,02 Questionnaire_2422_ESG_GIG; GIN; GSN; GSE- FRANC (Français)_écrit_a_1 vf.pdf,ESG/2020/GIN/02 Questionnaire_2422_ESG_GIG; GIN; GSN; GSE- FRANC (Français)_écrit_a_1 vf.pdf
74158,19925,02 Questionnaire_2435_ESG_GIN- MATHE 2 (Mathématiques 2)_écrit_a_1 vf.pdf,ESG/2020/GIN/02 Questionnaire_2435_ESG_GIN- MATHE 2 (Mathématiques 2)_écrit_a_1 vf.pdf
74164,19925,03 Questionnaire_2345_ESG_GGH; GIG; GIN; GSN; GCC; GCG; GACV; GSE- CONMO (Connaissance du monde contemp vf.pdf,ESG/2020/GIN/03 Questionnaire_2345_ESG_GGH; GIG; GIN; GSN; GCC; GCG; GACV; GSE- CONMO (Connaissance du monde contemp vf.pdf
74156,19925,03 Questionnaire_2418_ESG_GIN; GIG- MATHE1 (Mathématiques 1)_écrit_a_1 vf.pdf,ESG/2020/GIN/03 Questionnaire_2418_ESG_GIN; GIG- MATHE1 (Mathématiques 1)_écrit_a_1 vf.pdf
74163,19925,03 Questionnaire_2424_ESG_GIG; GIN; GSN; GSE- FRANC (Français)_écrit_a_1 vf.pdf,ESG/2020/GIN/03 Questionnaire_2424_ESG_GIG; GIN; GSN; GSE- FRANC (Français)_écrit_a_1 vf.pdf
74173,19925,03 Questionnaire_2437_ESG_GIN- PROGR (Programmation)_écrit_a_1 vf.pdf,ESG/2020/GIN/03 Questionnaire_2437_ESG_GIN- PROGR (Programmation)_écrit_a_1 vf.pdf
74159,19925,03 Questionnaire_2667_ESG_GIN- MATHE 2 (Mathématiques 2)_écrit_c_1 vf.pdf,ESG/2020/GIN/03 Questionnaire_2667_ESG_GIN- MATHE 2 (Mathématiques 2)_écrit_c_1 vf.pdf
74162,19925,ALLEM (Allemand)_GSE_GIG_GIN_GSN_GACV_écrit_juin.pdf,ESG/2020/GIN/ALLEM (Allemand)_GSE_GIG_GIN_GSN_GACV_écrit_juin.pdf
74161,19925,ALLEM (Allemand)_GSE_GIG_GIN_GSN_GACV_écrit_mai.pdf,ESG/2020/GIN/ALLEM (Allemand)_GSE_GIG_GIN_GSN_GACV_écrit_mai.pdf
74177,19925,ALLEM (Allemand)_GSE_GIG_GIN_GSN_GACV_écrit_septembre.pdf,ESG/2020/GIN/ALLEM (Allemand)_GSE_GIG_GIN_GSN_GACV_écrit_septembre.pdf
74157,19925,ANGLA (Anglais)_GSE_GIG_GIN_GSN_GSO_GACV_écrit_juin.pdf,ESG/2020/GIN/ANGLA (Anglais)_GSE_GIG_GIN_GSN_GSO_GACV_écrit_juin.pdf
74166,19925,ANGLA (Anglais)_GSE_GIG_GIN_GSN_GSO_GACV_écrit_mai.pdf,ESG/2020/GIN/ANGLA (Anglais)_GSE_GIG_GIN_GSN_GSO_GACV_écrit_mai.pdf
74165,19925,ANGLA (Anglais)_GSE_GIG_GIN_GSN_GSO_GACV_écrit_septembre.pdf,ESG/2020/GIN/ANGLA (Anglais)_GSE_GIG_GIN_GSN_GSO_GACV_écrit_septembre.pdf
74172,19925,CONMO (Connaissance du monde contemp)_GGH_GIG_GIN_GSN_GCC_GCG_GACV_GSE_septembre.pdf,ESG/2020/GIN/CONMO (Connaissance du monde contemp)_GGH_GIG_GIN_GSN_GCC_GCG_GACV_GSE_septembre.pdf
74181,19925,CONMO (Connaissance du monde contemp_GGH_GIG_GIN_GSN_GCC_GCG_GACV_GSE_écrit_juin.pdf,ESG/2020/GIN/CONMO (Connaissance du monde contemp_GGH_GIG_GIN_GSN_GCC_GCG_GACV_GSE_écrit_juin.pdf
74179,19925,FRANC (Français)_GIG_GIN_GSN_GSE_écrit_juin_rep.pdf,ESG/2020/GIN/FRANC (Français)_GIG_GIN_GSN_GSE_écrit_juin_rep.pdf
74183,19925,FRANC (Français)_GIG_GIN_GSN_GSE_écrit_mai.pdf,ESG/2020/GIN/FRANC (Français)_GIG_GIN_GSN_GSE_écrit_mai.pdf
74174,19925,FRANC (Français)_GIG_GIN_GSN_GSE_écrit_septembre.pdf,ESG/2020/GIN/FRANC (Français)_GIG_GIN_GSN_GSE_écrit_septembre.pdf
74184,19925,MATHE1 (Mathématiques 1)_GIN_GIG_écrit_juin_rep.pdf,ESG/2020/GIN/MATHE1 (Mathématiques 1)_GIN_GIG_écrit_juin_rep.pdf
74167,19925,MATHE1 (Mathématiques 1)_GIN_GIG_écrit_mai.pdf,ESG/2020/GIN/MATHE1 (Mathématiques 1)_GIN_GIG_écrit_mai.pdf
74170,19925,MATHE1 (Mathématiques 1)_GIN_GIG_écrit_septembre.pdf,ESG/2020/GIN/MATHE1 (Mathématiques 1)_GIN_GIG_écrit_septembre.pdf
19926,19779,GSE,ESG/2020/GSE
74195,19926,AEJDD1 (Aspects économiques et juridiques du développement durable 1)_GSE_écrit_juin_partie I.pdf,ESG/2020/GSE/AEJDD1 (Aspects économiques et juridiques du développement durable 1)_GSE_écrit_juin_partie I.pdf
74188,19926,AEJDD2 (Aspects économiques et juridiques du développement durable 2)_GSE_écrit_juin_partie II.pdf,ESG/2020/GSE/AEJDD2 (Aspects économiques et juridiques du développement durable 2)_GSE_écrit_juin_partie II.pdf
74194,19926,ALLEM (Allemand)_GSE_GIG_GIN_GSN_GACV_écrit_juin.pdf,ESG/2020/GSE/ALLEM (Allemand)_GSE_GIG_GIN_GSN_GACV_écrit_juin.pdf
74193,19926,ALLEM (Allemand)_GSE_GIG_GIN_GSN_GACV_écrit_mai.pdf,ESG/2020/GSE/ALLEM (Allemand)_GSE_GIG_GIN_GSN_GACV_écrit_mai.pdf
74205,19926,ALLEM (Allemand)_GSE_GIG_GIN_GSN_GACV_écrit_septembre.pdf,ESG/2020/GSE/ALLEM (Allemand)_GSE_GIG_GIN_GSN_GACV_écrit_septembre.pdf
74190,19926,ANGLA (Anglais)_GSE_GIG_GIN_GSN_GSO_GACV_écrit_juin.pdf,ESG/2020/GSE/ANGLA (Anglais)_GSE_GIG_GIN_GSN_GSO_GACV_écrit_juin.pdf
74200,19926,ANGLA (Anglais)_GSE_GIG_GIN_GSN_GSO_GACV_écrit_mai.pdf,ESG/2020/GSE/ANGLA (Anglais)_GSE_GIG_GIN_GSN_GSO_GACV_écrit_mai.pdf
74196,19926,ANGLA (Anglais)_GSE_GIG_GIN_GSN_GSO_GACV_écrit_septembre.pdf,ESG/2020/GSE/ANGLA (Anglais)_GSE_GIG_GIN_GSN_GSO_GACV_écrit_septembre.pdf
74201,19926,CONMO (Connaissance du monde contemp)_GGH_GIG_GIN_GSN_GCC_GCG_GACV_GSE_septembre.pdf,ESG/2020/GSE/CONMO (Connaissance du monde contemp)_GGH_GIG_GIN_GSN_GCC_GCG_GACV_GSE_septembre.pdf
74206,19926,CONMO (Connaissance du monde contemp_GGH_GIG_GIN_GSN_GCC_GCG_GACV_GSE_écrit_juin.pdf,ESG/2020/GSE/CONMO (Connaissance du monde contemp_GGH_GIG_GIN_GSN_GCC_GCG_GACV_GSE_écrit_juin.pdf
74191,19926,ECOLO (Ecologie)_GSE_écrit_mai.pdf,ESG/2020/GSE/ECOLO (Ecologie)_GSE_écrit_mai.pdf
74189,19926,ENTEC2 (Environnement et Technologies 2)_GSE_écrit_juin.pdf,ESG/2020/GSE/ENTEC2 (Environnement et Technologies 2)_GSE_écrit_juin.pdf
74192,19926,ENTEC2 (Environnement et Technologies 2)_GSE_écrit_juin_partie II.pdf,ESG/2020/GSE/ENTEC2 (Environnement et Technologies 2)_GSE_écrit_juin_partie II.pdf
74203,19926,FRANC (Français)_GIG_GIN_GSN_GSE_écrit_juin_rep.pdf,ESG/2020/GSE/FRANC (Français)_GIG_GIN_GSN_GSE_écrit_juin_rep.pdf
74204,19926,FRANC (Français)_GIG_GIN_GSN_GSE_écrit_mai.pdf,ESG/2020/GSE/FRANC (Français)_GIG_GIN_GSN_GSE_écrit_mai.pdf
74199,19926,FRANC (Français)_GIG_GIN_GSN_GSE_écrit_septembre.pdf,ESG/2020/GSE/FRANC (Français)_GIG_GIN_GSN_GSE_écrit_septembre.pdf
74187,19926,MATHE (Mathématiques)_GSE_écrit_juin.pdf,ESG/2020/GSE/MATHE (Mathématiques)_GSE_écrit_juin.pdf
74186,19926,MATHE (Mathématiques)_GSE_écrit_septembre.pdf,ESG/2020/GSE/MATHE (Mathématiques)_GSE_écrit_septembre.pdf
74198,19926,PHYSI (Physique)_GSE_écrit_juin.pdf,ESG/2020/GSE/PHYSI (Physique)_GSE_écrit_juin.pdf
74202,19926,PHYSI (Physique)_GSE_écrit_septembre.pdf,ESG/2020/GSE/PHYSI (Physique)_GSE_écrit_septembre.pdf
74197,19926,PPREN (Projets personnels encadré)_GSE_écrit_mai.pdf,ESG/2020/GSE/PPREN (Projets personnels encadré)_GSE_écrit_mai.pdf
19927,19779,GSH,ESG/2020/GSH
74208,19927,ALLEM (Allemand)_GED_GSH_GSI_GSHAN_écrit_mai.pdf,ESG/2020/GSH/ALLEM (Allemand)_GED_GSH_GSI_GSHAN_écrit_mai.pdf
74216,19927,ALLEM (Allemand)_GED_GSH_GSI_GSHAN_écrit_septembre.pdf,ESG/2020/GSH/ALLEM (Allemand)_GED_GSH_GSI_GSHAN_écrit_septembre.pdf
74221,19927,ANGLA (Anglais)_GED_GSH_GSI_GSHAN_écrit_juin.pdf,ESG/2020/GSH/ANGLA (Anglais)_GED_GSH_GSI_GSHAN_écrit_juin.pdf
74223,19927,ANGLA (Anglais)_GED_GSH_GSI_GSHAN_écrit_septembre.pdf,ESG/2020/GSH/ANGLA (Anglais)_GED_GSH_GSI_GSHAN_écrit_septembre.pdf
74218,19927,"BIOHM (Biologie humaine, cellulaire et microbiologie)_GSH_écrit_mai.pdf","ESG/2020/GSH/BIOHM (Biologie humaine, cellulaire et microbiologie)_GSH_écrit_mai.pdf"
74214,19927,"BIOHM (Biologie humaine, cellulaire et microbiologie)_GSH_écrit_septembre.pdf","ESG/2020/GSH/BIOHM (Biologie humaine, cellulaire et microbiologie)_GSH_écrit_septembre.pdf"
74226,19927,CHIME (Chimie médicale)_GSH_écrit_mai.pdf,ESG/2020/GSH/CHIME (Chimie médicale)_GSH_écrit_mai.pdf
74215,19927,CHIME (Chimie médicale)_GSH_écrit_septembre.pdf,ESG/2020/GSH/CHIME (Chimie médicale)_GSH_écrit_septembre.pdf
74217,19927,FRANC (Français)_GED_GSH_GSI_GSHAN_écrit_juin_rep.pdf,ESG/2020/GSH/FRANC (Français)_GED_GSH_GSI_GSHAN_écrit_juin_rep.pdf
74224,19927,FRANC (Français)_GED_GSH_GSI_GSHAN_écrit_mai.pdf,ESG/2020/GSH/FRANC (Français)_GED_GSH_GSI_GSHAN_écrit_mai.pdf
74219,19927,FRANC (Français)_GED_GSH_GSI_GSHAN_écrit_septembre.pdf,ESG/2020/GSH/FRANC (Français)_GED_GSH_GSI_GSHAN_écrit_septembre.pdf
74227,19927,FRANC (Français)_GED_GSH_GSI_GSHAN_écrit_septembre_rep.pdf,ESG/2020/GSH/FRANC (Français)_GED_GSH_GSI_GSHAN_écrit_septembre_rep.pdf
74225,19927,MATHE (Mathématiques)_GSH_écrit_juin.pdf,ESG/2020/GSH/MATHE (Mathématiques)_GSH_écrit_juin.pdf
74222,19927,MATHE (Mathématiques)_GSH_écrit_juin_rep.pdf,ESG/2020/GSH/MATHE (Mathématiques)_GSH_écrit_juin_rep.pdf
74213,19927,MATHE (Mathématiques)_GSH_écrit_septembre.pdf,ESG/2020/GSH/MATHE (Mathématiques)_GSH_écrit_septembre.pdf
74210,19927,PHYME (Physique médicale)_GSH_écrit_juin.pdf,ESG/2020/GSH/PHYME (Physique médicale)_GSH_écrit_juin.pdf
74209,19927,PHYME (Physique médicale)_GSH_écrit_septembre.pdf,ESG/2020/GSH/PHYME (Physique médicale)_GSH_écrit_septembre.pdf
74207,19927,SCMED (Sciences médicales)_GSH_écrit_mai.pdf,ESG/2020/GSH/SCMED (Sciences médicales)_GSH_écrit_mai.pdf
74220,19927,SCMED (Sciences médicales)_GSH_écrit_septembre.pdf,ESG/2020/GSH/SCMED (Sciences médicales)_GSH_écrit_septembre.pdf
74212,19927,SCMED (Sciences médicales)_GSH_écrit_septembre_rep.pdf,ESG/2020/GSH/SCMED (Sciences médicales)_GSH_écrit_septembre_rep.pdf
74211,19927,SHUSA (Sciences humaines et de la santé)_GSH_écrit_mai.pdf,ESG/2020/GSH/SHUSA (Sciences humaines et de la santé)_GSH_écrit_mai.pdf
19928,19779,GSHAN,ESG/2020/GSHAN
74228,19928,ALLEM (Allemand)_GED_GSH_GSI_GSHAN_écrit_mai.pdf,ESG/2020/GSHAN/ALLEM (Allemand)_GED_GSH_GSI_GSHAN_écrit_mai.pdf
74234,19928,ALLEM (Allemand)_GED_GSH_GSI_GSHAN_écrit_septembre.pdf,ESG/2020/GSHAN/ALLEM (Allemand)_GED_GSH_GSI_GSHAN_écrit_septembre.pdf
74240,19928,ANGLA (Anglais)_GED_GSH_GSI_GSHAN_écrit_juin.pdf,ESG/2020/GSHAN/ANGLA (Anglais)_GED_GSH_GSI_GSHAN_écrit_juin.pdf
74241,19928,ANGLA (Anglais)_GED_GSH_GSI_GSHAN_écrit_septembre.pdf,ESG/2020/GSHAN/ANGLA (Anglais)_GED_GSH_GSI_GSHAN_écrit_septembre.pdf
74242,19928,BIOHU (Biologie humaine)_GSI_GSHAN_écrit_mai.pdf,ESG/2020/GSHAN/BIOHU (Biologie humaine)_GSI_GSHAN_écrit_mai.pdf
74244,19928,BIOHU (Biologie humaine)_GSI_GSHAN_écrit_mai_fr.pdf,ESG/2020/GSHAN/BIOHU (Biologie humaine)_GSI_GSHAN_écrit_mai_fr.pdf
74243,19928,BIOHU (Biologie humaine)_GSI_GSHAN_écrit_septembre.pdf,ESG/2020/GSHAN/BIOHU (Biologie humaine)_GSI_GSHAN_écrit_septembre.pdf
74233,19928,BIOHU (Biologie humaine)_GSI_GSHAN_écrit_septembre_fr.pdf,ESG/2020/GSHAN/BIOHU (Biologie humaine)_GSI_GSHAN_écrit_septembre_fr.pdf
74230,19928,FRANC (Français)_GED_GSH_GSI_GSHAN_écrit_juin_rep.pdf,ESG/2020/GSHAN/FRANC (Français)_GED_GSH_GSI_GSHAN_écrit_juin_rep.pdf
74231,19928,FRANC (Français)_GED_GSH_GSI_GSHAN_écrit_mai.pdf,ESG/2020/GSHAN/FRANC (Français)_GED_GSH_GSI_GSHAN_écrit_mai.pdf
74235,19928,FRANC (Français)_GED_GSH_GSI_GSHAN_écrit_septembre.pdf,ESG/2020/GSHAN/FRANC (Français)_GED_GSH_GSI_GSHAN_écrit_septembre.pdf
74237,19928,FRANC (Français)_GED_GSH_GSI_GSHAN_écrit_septembre_rep.pdf,ESG/2020/GSHAN/FRANC (Français)_GED_GSH_GSI_GSHAN_écrit_septembre_rep.pdf
74229,19928,SCHUS (Sciences humaines et sociales)_GSI_GSHAN_écrit_juin.pdf,ESG/2020/GSHAN/SCHUS (Sciences humaines et sociales)_GSI_GSHAN_écrit_juin.pdf
74239,19928,SCHUS (Sciences humaines et sociales)_GSI_GSHAN_écrit_septembre.pdf,ESG/2020/GSHAN/SCHUS (Sciences humaines et sociales)_GSI_GSHAN_écrit_septembre.pdf
74232,19928,SCMED (Sciences médicales)_GSI_GSHAN_écrit_juin_rep.pdf,ESG/2020/GSHAN/SCMED (Sciences médicales)_GSI_GSHAN_écrit_juin_rep.pdf
74236,19928,SCMED (Sciences médicales)_GSI_GSHAN_écrit_mai.pdf,ESG/2020/GSHAN/SCMED (Sciences médicales)_GSI_GSHAN_écrit_mai.pdf
74238,19928,SCMED (Sciences médicales)_GSI_GSHAN_écrit_septembre.pdf,ESG/2020/GSHAN/SCMED (Sciences médicales)_GSI_GSHAN_écrit_septembre.pdf
19929,19779,GSI,ESG/2020/GSI
74265,19929,ALLEM (Allemand)_GED_GSH_GSI_GSHAN_écrit_mai.pdf,ESG/2020/GSI/ALLEM (Allemand)_GED_GSH_GSI_GSHAN_écrit_mai.pdf
74267,19929,ALLEM (Allemand)_GED_GSH_GSI_GSHAN_écrit_septembre.pdf,ESG/2020/GSI/ALLEM (Allemand)_GED_GSH_GSI_GSHAN_écrit_septembre.pdf
74269,19929,ANGLA (Anglais)_GED_GSH_GSI_GSHAN_écrit_juin.pdf,ESG/2020/GSI/ANGLA (Anglais)_GED_GSH_GSI_GSHAN_écrit_juin.pdf
74264,19929,ANGLA (Anglais)_GED_GSH_GSI_GSHAN_écrit_septembre.pdf,ESG/2020/GSI/ANGLA (Anglais)_GED_GSH_GSI_GSHAN_écrit_septembre.pdf
74268,19929,BIOHU (Biologie humaine)_GSI_GSHAN_écrit_mai.pdf,ESG/2020/GSI/BIOHU (Biologie humaine)_GSI_GSHAN_écrit_mai.pdf
74249,19929,BIOHU (Biologie humaine)_GSI_GSHAN_écrit_mai_fr.pdf,ESG/2020/GSI/BIOHU (Biologie humaine)_GSI_GSHAN_écrit_mai_fr.pdf
74260,19929,BIOHU (Biologie humaine)_GSI_GSHAN_écrit_septembre.pdf,ESG/2020/GSI/BIOHU (Biologie humaine)_GSI_GSHAN_écrit_septembre.pdf
74251,19929,BIOHU (Biologie humaine)_GSI_GSHAN_écrit_septembre_fr.pdf,ESG/2020/GSI/BIOHU (Biologie humaine)_GSI_GSHAN_écrit_septembre_fr.pdf
74246,19929,COSPI (Concepts de soins et problèmes infirmiers)_GSI_écrit_juin.pdf,ESG/2020/GSI/COSPI (Concepts de soins et problèmes infirmiers)_GSI_écrit_juin.pdf
74248,19929,COSPI (Concepts de soins et problèmes infirmiers)_GSI_écrit_septembre.pdf,ESG/2020/GSI/COSPI (Concepts de soins et problèmes infirmiers)_GSI_écrit_septembre.pdf
74253,19929,COSPI (Concepts de soins et problèmes infirmiers)_GSI_écrit_septembre_rep.pdf,ESG/2020/GSI/COSPI (Concepts de soins et problèmes infirmiers)_GSI_écrit_septembre_rep.pdf
74271,19929,ENSCL (Enseignement clinique)_GSI_écrit_septembre.pdf,ESG/2020/GSI/ENSCL (Enseignement clinique)_GSI_écrit_septembre.pdf
74252,19929,FRANC (Français)_GED_GSH_GSI_GSHAN_écrit_juin_rep.pdf,ESG/2020/GSI/FRANC (Français)_GED_GSH_GSI_GSHAN_écrit_juin_rep.pdf
74256,19929,FRANC (Français)_GED_GSH_GSI_GSHAN_écrit_mai.pdf,ESG/2020/GSI/FRANC (Français)_GED_GSH_GSI_GSHAN_écrit_mai.pdf
74254,19929,FRANC (Français)_GED_GSH_GSI_GSHAN_écrit_septembre.pdf,ESG/2020/GSI/FRANC (Français)_GED_GSH_GSI_GSHAN_écrit_septembre.pdf
74262,19929,FRANC (Français)_GED_GSH_GSI_GSHAN_écrit_septembre_rep.pdf,ESG/2020/GSI/FRANC (Français)_GED_GSH_GSI_GSHAN_écrit_septembre_rep.pdf
74245,19929,Questionnaire_2601_ESG_GSI- PHARM (Pharmacologie)_écrit_a_1.pdf,ESG/2020/GSI/Questionnaire_2601_ESG_GSI- PHARM (Pharmacologie)_écrit_a_1.pdf
74257,19929,Questionnaire_2603_ESG_GSI- COMPR (Communication professionnelle)_écrit_a_1.pdf,ESG/2020/GSI/Questionnaire_2603_ESG_GSI- COMPR (Communication professionnelle)_écrit_a_1.pdf
74258,19929,Questionnaire_2645_ESG_GSI- CONPR (Connaissance du Monde professionnel)_écrit_a_1.pdf,ESG/2020/GSI/Questionnaire_2645_ESG_GSI- CONPR (Connaissance du Monde professionnel)_écrit_a_1.pdf
74259,19929,Questionnaire_2646_ESG_GSI- EDSAP (Education pour la santé - santé publique)_écrit_a_1.pdf,ESG/2020/GSI/Questionnaire_2646_ESG_GSI- EDSAP (Education pour la santé - santé publique)_écrit_a_1.pdf
74270,19929,Questionnaire_2647_ESG_GSI- HYGMI (Hygiène professionelle _ Microbiologie)_écrit_a_1.pdf,ESG/2020/GSI/Questionnaire_2647_ESG_GSI- HYGMI (Hygiène professionelle _ Microbiologie)_écrit_a_1.pdf
74255,19929,Questionnaire_2649_ESG_GSI- ETAPE (Etapes de la vie)_écrit_a_3.pdf,ESG/2020/GSI/Questionnaire_2649_ESG_GSI- ETAPE (Etapes de la vie)_écrit_a_3.pdf
74250,19929,SCHUS (Sciences humaines et sociales)_GSI_GSHAN_écrit_juin.pdf,ESG/2020/GSI/SCHUS (Sciences humaines et sociales)_GSI_GSHAN_écrit_juin.pdf
74247,19929,SCHUS (Sciences humaines et sociales)_GSI_GSHAN_écrit_septembre.pdf,ESG/2020/GSI/SCHUS (Sciences humaines et sociales)_GSI_GSHAN_écrit_septembre.pdf
74261,19929,SCMED (Sciences médicales)_GSI_GSHAN_écrit_juin_rep.pdf,ESG/2020/GSI/SCMED (Sciences médicales)_GSI_GSHAN_écrit_juin_rep.pdf
74263,19929,SCMED (Sciences médicales)_GSI_GSHAN_écrit_mai.pdf,ESG/2020/GSI/SCMED (Sciences médicales)_GSI_GSHAN_écrit_mai.pdf
74266,19929,SCMED (Sciences médicales)_GSI_GSHAN_écrit_septembre.pdf,ESG/2020/GSI/SCMED (Sciences médicales)_GSI_GSHAN_écrit_septembre.pdf
19930,19779,GSN,ESG/2020/GSN
74275,19930,ALLEM (Allemand)_GSE_GIG_GIN_GSN_GACV_écrit_juin.pdf,ESG/2020/GSN/ALLEM (Allemand)_GSE_GIG_GIN_GSN_GACV_écrit_juin.pdf
74277,19930,ALLEM (Allemand)_GSE_GIG_GIN_GSN_GACV_écrit_mai.pdf,ESG/2020/GSN/ALLEM (Allemand)_GSE_GIG_GIN_GSN_GACV_écrit_mai.pdf
74297,19930,ALLEM (Allemand)_GSE_GIG_GIN_GSN_GACV_écrit_septembre.pdf,ESG/2020/GSN/ALLEM (Allemand)_GSE_GIG_GIN_GSN_GACV_écrit_septembre.pdf
74280,19930,ANGLA (Anglais)_GSE_GIG_GIN_GSN_GSO_GACV_écrit_juin.pdf,ESG/2020/GSN/ANGLA (Anglais)_GSE_GIG_GIN_GSN_GSO_GACV_écrit_juin.pdf
74291,19930,ANGLA (Anglais)_GSE_GIG_GIN_GSN_GSO_GACV_écrit_mai.pdf,ESG/2020/GSN/ANGLA (Anglais)_GSE_GIG_GIN_GSN_GSO_GACV_écrit_mai.pdf
74287,19930,ANGLA (Anglais)_GSE_GIG_GIN_GSN_GSO_GACV_écrit_septembre.pdf,ESG/2020/GSN/ANGLA (Anglais)_GSE_GIG_GIN_GSN_GSO_GACV_écrit_septembre.pdf
74279,19930,BIOLO (Biologie)_GSN_écrit_juin_rep.pdf,ESG/2020/GSN/BIOLO (Biologie)_GSN_écrit_juin_rep.pdf
74295,19930,BIOLO (Biologie)_GSN_écrit_mai.pdf,ESG/2020/GSN/BIOLO (Biologie)_GSN_écrit_mai.pdf
74283,19930,BIOLO (Biologie)_GSN_écrit_septembre.pdf,ESG/2020/GSN/BIOLO (Biologie)_GSN_écrit_septembre.pdf
74285,19930,CHIMI (Chimie)_GSN_écrit_juin.pdf,ESG/2020/GSN/CHIMI (Chimie)_GSN_écrit_juin.pdf
74289,19930,CHIMI (Chimie)_GSN_écrit_septembre.pdf,ESG/2020/GSN/CHIMI (Chimie)_GSN_écrit_septembre.pdf
74288,19930,CONMO (Connaissance du monde contemp)_GGH_GIG_GIN_GSN_GCC_GCG_GACV_GSE_septembre.pdf,ESG/2020/GSN/CONMO (Connaissance du monde contemp)_GGH_GIG_GIN_GSN_GCC_GCG_GACV_GSE_septembre.pdf
74292,19930,CONMO (Connaissance du monde contemp_GGH_GIG_GIN_GSN_GCC_GCG_GACV_GSE_écrit_juin.pdf,ESG/2020/GSN/CONMO (Connaissance du monde contemp_GGH_GIG_GIN_GSN_GCC_GCG_GACV_GSE_écrit_juin.pdf
74290,19930,FRANC (Français)_GIG_GIN_GSN_GSE_écrit_juin_rep.pdf,ESG/2020/GSN/FRANC (Français)_GIG_GIN_GSN_GSE_écrit_juin_rep.pdf
74293,19930,FRANC (Français)_GIG_GIN_GSN_GSE_écrit_mai.pdf,ESG/2020/GSN/FRANC (Français)_GIG_GIN_GSN_GSE_écrit_mai.pdf
74276,19930,FRANC (Français)_GIG_GIN_GSN_GSE_écrit_septembre.pdf,ESG/2020/GSN/FRANC (Français)_GIG_GIN_GSN_GSE_écrit_septembre.pdf
74286,19930,GEOGR (Géographie)_GSN_écrit_mai.pdf,ESG/2020/GSN/GEOGR (Géographie)_GSN_écrit_mai.pdf
74296,19930,GEOGR (Géographie)_GSN_écrit_septembre.pdf,ESG/2020/GSN/GEOGR (Géographie)_GSN_écrit_septembre.pdf
74272,19930,MATHE (Mathématiques)_GSN_écrit_juin.pdf,ESG/2020/GSN/MATHE (Mathématiques)_GSN_écrit_juin.pdf
74284,19930,MATHE (Mathématiques)_GSN_écrit_juin_rep.pdf,ESG/2020/GSN/MATHE (Mathématiques)_GSN_écrit_juin_rep.pdf
74273,19930,MATHE (Mathématiques)_GSN_écrit_septembre.pdf,ESG/2020/GSN/MATHE (Mathématiques)_GSN_écrit_septembre.pdf
74282,19930,PHYSI (Physique)_GSN_écrit_juin_rep.pdf,ESG/2020/GSN/PHYSI (Physique)_GSN_écrit_juin_rep.pdf
74274,19930,PHYSI (Physique)_GSN_écrit_mai.pdf,ESG/2020/GSN/PHYSI (Physique)_GSN_écrit_mai.pdf
74278,19930,PHYSI (Physique)_GSN_écrit_septembre.pdf,ESG/2020/GSN/PHYSI (Physique)_GSN_écrit_septembre.pdf
74294,19930,PHYSI (Physique)_GSN_écrit_septembre_rep.pdf,ESG/2020/GSN/PHYSI (Physique)_GSN_écrit_septembre_rep.pdf
74281,19930,QUEPH (Questions philosophiques)_GSN_GSO_écrit_juin.pdf,ESG/2020/GSN/QUEPH (Questions philosophiques)_GSN_GSO_écrit_juin.pdf
19931,19779,GSO,ESG/2020/GSO
74340,19931,01 Questionnaire_2496_ESG_GSN; GSO- QUEPH (Questions philosophiques)_écrit_a_1 vf.pdf,ESG/2020/GSO/01 Questionnaire_2496_ESG_GSN; GSO- QUEPH (Questions philosophiques)_écrit_a_1 vf.pdf
74307,19931,ALLEM_ESG_GCC; GCG; GSO; GCG SLP_écrit_mai_épreuve.pdf,ESG/2020/GSO/ALLEM_ESG_GCC; GCG; GSO; GCG SLP_écrit_mai_épreuve.pdf
74315,19931,ALLEM_ESG_GCC; GCG; GSO; GCG SLP_écrit_septembre_ajournement.pdf,ESG/2020/GSO/ALLEM_ESG_GCC; GCG; GSO; GCG SLP_écrit_septembre_ajournement.pdf
74314,19931,ALLEM_ESG_GCC;GCG;GSO_écrit_juin_repêchage.pdf,ESG/2020/GSO/ALLEM_ESG_GCC;GCG;GSO_écrit_juin_repêchage.pdf
74305,19931,ANGLA (Anglais)_GSE_GIG_GIN_GSN_GSO_GACV_écrit_juin.pdf,ESG/2020/GSO/ANGLA (Anglais)_GSE_GIG_GIN_GSN_GSO_GACV_écrit_juin.pdf
74304,19931,ANGLA (Anglais)_GSE_GIG_GIN_GSN_GSO_GACV_écrit_mai.pdf,ESG/2020/GSO/ANGLA (Anglais)_GSE_GIG_GIN_GSN_GSO_GACV_écrit_mai.pdf
74336,19931,ANGLA (Anglais)_GSE_GIG_GIN_GSN_GSO_GACV_écrit_septembre.pdf,ESG/2020/GSO/ANGLA (Anglais)_GSE_GIG_GIN_GSN_GSO_GACV_écrit_septembre.pdf
74306,19931,ANGLA_ESG_GACV;GIG;GIN;GSE;GSN;GSO_écrit_juin_repêchage.pdf,ESG/2020/GSO/ANGLA_ESG_GACV;GIG;GIN;GSE;GSN;GSO_écrit_juin_repêchage.pdf
74303,19931,ANGLA_ESG_GSE; GIG; GIN; GSN; GSO; GACV_écrit_mai_épreuve.pdf,ESG/2020/GSO/ANGLA_ESG_GSE; GIG; GIN; GSN; GSO; GACV_écrit_mai_épreuve.pdf
74323,19931,ANGLA_ESG_GSE; GIG; GIN; GSN; GSO; GACV_écrit_septembre_ajournement.pdf,ESG/2020/GSO/ANGLA_ESG_GSE; GIG; GIN; GSN; GSO; GACV_écrit_septembre_ajournement.pdf
74335,19931,CONMO_ESG_GSO_écrit_juin_repêchage.pdf,ESG/2020/GSO/CONMO_ESG_GSO_écrit_juin_repêchage.pdf
74312,19931,CONMO_ESG_GSO_écrit_mai_épreuve.pdf,ESG/2020/GSO/CONMO_ESG_GSO_écrit_mai_épreuve.pdf
74330,19931,CONMO_ESG_GSO_écrit_septembre_ajournement.pdf,ESG/2020/GSO/CONMO_ESG_GSO_écrit_septembre_ajournement.pdf
74301,19931,ECOPO_ESG_GSO_écrit_juin_épreuve.pdf,ESG/2020/GSO/ECOPO_ESG_GSO_écrit_juin_épreuve.pdf
74324,19931,ECOPO_ESG_GSO_écrit_juin_repêchage.pdf,ESG/2020/GSO/ECOPO_ESG_GSO_écrit_juin_repêchage.pdf
74331,19931,ECOPO_ESG_GSO_écrit_septembre_ajournement.pdf,ESG/2020/GSO/ECOPO_ESG_GSO_écrit_septembre_ajournement.pdf
74333,19931,ECOPO_ESG_GSO_écrit_septembre_repêchage.pdf,ESG/2020/GSO/ECOPO_ESG_GSO_écrit_septembre_repêchage.pdf
74318,19931,FRANC_ESG_GSO_écrit_juin_repêchage.pdf,ESG/2020/GSO/FRANC_ESG_GSO_écrit_juin_repêchage.pdf
74308,19931,FRANC_ESG_GSO_écrit_mai_épreuve.pdf,ESG/2020/GSO/FRANC_ESG_GSO_écrit_mai_épreuve.pdf
74329,19931,FRANC_ESG_GSO_écrit_septembre_ajournement.pdf,ESG/2020/GSO/FRANC_ESG_GSO_écrit_septembre_ajournement.pdf
74326,19931,juin_Questionnaire_2352_ESG_GCC; GCG; GSO; GCG SLP- ALLEM (Allemand)_écrit_a_1.pdf,ESG/2020/GSO/juin_Questionnaire_2352_ESG_GCC; GCG; GSO; GCG SLP- ALLEM (Allemand)_écrit_a_1.pdf
74302,19931,juin_rep_Questionnaire_2350_ESG_GCC; GCG; GSO; GCG SLP- ALLEM (Allemand)_écrit_a_1.pdf,ESG/2020/GSO/juin_rep_Questionnaire_2350_ESG_GCC; GCG; GSO; GCG SLP- ALLEM (Allemand)_écrit_a_1.pdf
74322,19931,MATHE_ESG_GSO_écrit_juin_repêchage.pdf,ESG/2020/GSO/MATHE_ESG_GSO_écrit_juin_repêchage.pdf
74337,19931,MATHE_ESG_GSO_écrit_septembre_ajournement.pdf,ESG/2020/GSO/MATHE_ESG_GSO_écrit_septembre_ajournement.pdf
74338,19931,MATHE_ESG_GSO_écrit_septembre_repêchage.pdf,ESG/2020/GSO/MATHE_ESG_GSO_écrit_septembre_repêchage.pdf
74328,19931,PEDAG_ESG_GSO_v. francaise_écrit_septembre_ajournement.pdf,ESG/2020/GSO/PEDAG_ESG_GSO_v. francaise_écrit_septembre_ajournement.pdf
74310,19931,PEDAG_ESG_GSO_v.allemande_écrit_juin_repêchage.pdf,ESG/2020/GSO/PEDAG_ESG_GSO_v.allemande_écrit_juin_repêchage.pdf
74320,19931,PEDAG_ESG_GSO_v.allemande_écrit_mai_épreuve.pdf,ESG/2020/GSO/PEDAG_ESG_GSO_v.allemande_écrit_mai_épreuve.pdf
74321,19931,PEDAG_ESG_GSO_v.allemande_écrit_septembre_ajournement.pdf,ESG/2020/GSO/PEDAG_ESG_GSO_v.allemande_écrit_septembre_ajournement.pdf
74309,19931,PEDAG_ESG_GSO_v.francaise_écrit_mai_épreuve.pdf,ESG/2020/GSO/PEDAG_ESG_GSO_v.francaise_écrit_mai_épreuve.pdf
74339,19931,PSYCHO_ESG_GSO_écrit_septembre_ajournement.pdf,ESG/2020/GSO/PSYCHO_ESG_GSO_écrit_septembre_ajournement.pdf
74311,19931,PSYCO_ESG_GSO_écrit_juin_épreuve.pdf,ESG/2020/GSO/PSYCO_ESG_GSO_écrit_juin_épreuve.pdf
74316,19931,PSYCO_ESG_GSO_écrit_juin_repêchage.pdf,ESG/2020/GSO/PSYCO_ESG_GSO_écrit_juin_repêchage.pdf
74313,19931,QUEPH_ESG_GSN; GSO_écrit_juin_épreuve.pdf,ESG/2020/GSO/QUEPH_ESG_GSN; GSO_écrit_juin_épreuve.pdf
74332,19931,QUEPH_ESG_GSN; GSO_écrit_septembre_ajournement.pdf,ESG/2020/GSO/QUEPH_ESG_GSN; GSO_écrit_septembre_ajournement.pdf
74327,19931,QUEPH_ESG_GSN;GSO_écrit_juin_repêchage.pdf,ESG/2020/GSO/QUEPH_ESG_GSN;GSO_écrit_juin_repêchage.pdf
74298,19931,sept_Questionnaire_2349_ESG_GCC; GCG; GSO; GCG SLP- ALLEM (Allemand)_écrit_a_1.pdf,ESG/2020/GSO/sept_Questionnaire_2349_ESG_GCC; GCG; GSO; GCG SLP- ALLEM (Allemand)_écrit_a_1.pdf
74334,19931,SOCIO_ESG_GSO_v. allemande_écrit_septembre_ajournement.pdf,ESG/2020/GSO/SOCIO_ESG_GSO_v. allemande_écrit_septembre_ajournement.pdf
74300,19931,SOCIO_ESG_GSO_v.allemande_écrit_juin_épreuve.pdf,ESG/2020/GSO/SOCIO_ESG_GSO_v.allemande_écrit_juin_épreuve.pdf
74319,19931,SOCIO_ESG_GSO_v.allemande_écrit_juin_repêchage.pdf,ESG/2020/GSO/SOCIO_ESG_GSO_v.allemande_écrit_juin_repêchage.pdf
74299,19931,SOCIO_ESG_GSO_v.francaise_écrit_juin_épreuve.pdf,ESG/2020/GSO/SOCIO_ESG_GSO_v.francaise_écrit_juin_épreuve.pdf
74325,19931,SOCIO_ESG_GSO_v.francaise_écrit_septembre_ajournement.pdf,ESG/2020/GSO/SOCIO_ESG_GSO_v.francaise_écrit_septembre_ajournement.pdf
23479,2001,2021,ESG/2021
23482,23479,GACV,ESG/2021/GACV
85949,23482,ALLEM_GSE; GIN; GIG; GSN; GACV_écrit_juin_repêchage.pdf,ESG/2021/GACV/ALLEM_GSE; GIN; GIG; GSN; GACV_écrit_juin_repêchage.pdf
85954,23482,ALLEM_GSE; GIN; GIG; GSN; GACV_écrit_mai.pdf,ESG/2021/GACV/ALLEM_GSE; GIN; GIG; GSN; GACV_écrit_mai.pdf
85958,23482,ALLEM_GSE; GIN; GIG; GSN; GACV_écrit_septembre.pdf,ESG/2021/GACV/ALLEM_GSE; GIN; GIG; GSN; GACV_écrit_septembre.pdf
85962,23482,ANGLA_GACV-GIG-GIN-GSE-GSN-GSO_ écrit_juin_repêchage.pdf,ESG/2021/GACV/ANGLA_GACV-GIG-GIN-GSE-GSN-GSO_ écrit_juin_repêchage.pdf
85955,23482,ANGLA_GSE; GIN; GIG; GSN; GACV; GSO_écrit_mai.pdf,ESG/2021/GACV/ANGLA_GSE; GIN; GIG; GSN; GACV; GSO_écrit_mai.pdf
85953,23482,ANGLA_GSE; GIN; GIG; GSN; GACV; GSO_écrit_septembre.pdf,ESG/2021/GACV/ANGLA_GSE; GIN; GIG; GSN; GACV; GSO_écrit_septembre.pdf
85960,23482,CHIMI-PHYSI_GACV_écrit_juin.pdf,ESG/2021/GACV/CHIMI-PHYSI_GACV_écrit_juin.pdf
85951,23482,COMGR_GACV_écrit_juin.pdf,ESG/2021/GACV/COMGR_GACV_écrit_juin.pdf
85956,23482,COMGR_GACV_écrit_septembre.pdf,ESG/2021/GACV/COMGR_GACV_écrit_septembre.pdf
85965,23482,CONMO_GIG; GIN; GSN; GCC; GCG; GCG SLP; GACV; GSE_écrit_juin.pdf,ESG/2021/GACV/CONMO_GIG; GIN; GSN; GCC; GCG; GCG SLP; GACV; GSE_écrit_juin.pdf
85966,23482,CONMO_GIG; GIN; GSN; GCC; GCG; GCG SLP; GACV; GSE_écrit_juin_repêchage.pdf,ESG/2021/GACV/CONMO_GIG; GIN; GSN; GCC; GCG; GCG SLP; GACV; GSE_écrit_juin_repêchage.pdf
85967,23482,CONMO_GIG; GIN; GSN; GCC; GCG; GCG SLP; GACV; GSE_écrit_septembre.pdf,ESG/2021/GACV/CONMO_GIG; GIN; GSN; GCC; GCG; GCG SLP; GACV; GSE_écrit_septembre.pdf
85969,23482,DEMAP_GACV_écrit_juin_repêchage.pdf,ESG/2021/GACV/DEMAP_GACV_écrit_juin_repêchage.pdf
85950,23482,DEMAP_GACV_écrit_mai.pdf,ESG/2021/GACV/DEMAP_GACV_écrit_mai.pdf
85961,23482,FRANC_GACV_écrit_juin.pdf,ESG/2021/GACV/FRANC_GACV_écrit_juin.pdf
85968,23482,HISAR_GACV_écrit_juin.pdf,ESG/2021/GACV/HISAR_GACV_écrit_juin.pdf
85964,23482,MATHE_GACV_écrit_juin_repêchage.pdf,ESG/2021/GACV/MATHE_GACV_écrit_juin_repêchage.pdf
85959,23482,MATHE_GACV_écrit_mai.pdf,ESG/2021/GACV/MATHE_GACV_écrit_mai.pdf
85957,23482,MATHE_GACV_MATHE_écrit_septembre.pdf,ESG/2021/GACV/MATHE_GACV_MATHE_écrit_septembre.pdf
85963,23482,SCIEN_CHIMI-PHYSI_GACV_écrit_septembre.pdf,ESG/2021/GACV/SCIEN_CHIMI-PHYSI_GACV_écrit_septembre.pdf
85952,23482,VOLCO_GACV_écrit_juin.pdf,ESG/2021/GACV/VOLCO_GACV_écrit_juin.pdf
23483,23479,GCC,ESG/2021/GCC
85973,23483,ALLEM_GCC_GCG_écrit_juin.pdf,ESG/2021/GCC/ALLEM_GCC_GCG_écrit_juin.pdf
85977,23483,ALLEM_GCC_GCG_écrit_juin_repêchage.pdf,ESG/2021/GCC/ALLEM_GCC_GCG_écrit_juin_repêchage.pdf
85976,23483,ANGLA_GCC_GCG_écrit_juin.pdf,ESG/2021/GCC/ANGLA_GCC_GCG_écrit_juin.pdf
85975,23483,ANGLA_GCC_GCG_écrit_juin_repêchage.pdf,ESG/2021/GCC/ANGLA_GCC_GCG_écrit_juin_repêchage.pdf
85983,23483,COMPT_GCC_écrit_juin.pdf,ESG/2021/GCC/COMPT_GCC_écrit_juin.pdf
85987,23483,CONMO_GIG; GIN; GSN; GCC; GCG; GCG SLP; GACV; GSE_écrit_juin.pdf,ESG/2021/GCC/CONMO_GIG; GIN; GSN; GCC; GCG; GCG SLP; GACV; GSE_écrit_juin.pdf
85984,23483,CONMO_GIG; GIN; GSN; GCC; GCG; GCG SLP; GACV; GSE_écrit_juin_repêchage.pdf,ESG/2021/GCC/CONMO_GIG; GIN; GSN; GCC; GCG; GCG SLP; GACV; GSE_écrit_juin_repêchage.pdf
85988,23483,CONMO_GIG; GIN; GSN; GCC; GCG; GCG SLP; GACV; GSE_écrit_septembre.pdf,ESG/2021/GCC/CONMO_GIG; GIN; GSN; GCC; GCG; GCG SLP; GACV; GSE_écrit_septembre.pdf
85985,23483,CONMO_GIG_GIN_GSN_GCC_GCG_GACV_GSE_écrit_juin.pdf,ESG/2021/GCC/CONMO_GIG_GIN_GSN_GCC_GCG_GACV_GSE_écrit_juin.pdf
85990,23483,CONMO_GIG_GIN_GSN_GCC_GCG_GACV_GSE_écrit_juin_repêchage.pdf,ESG/2021/GCC/CONMO_GIG_GIN_GSN_GCC_GCG_GACV_GSE_écrit_juin_repêchage.pdf
85989,23483,COPRH_GCC_écrit_juin.pdf,ESG/2021/GCC/COPRH_GCC_écrit_juin.pdf
85986,23483,ECOGE_GCC_GCG_écrit_juin.pdf,ESG/2021/GCC/ECOGE_GCC_GCG_écrit_juin.pdf
85981,23483,ECOGE_GCC_GCG_écrit_juin_repêchage.pdf,ESG/2021/GCC/ECOGE_GCC_GCG_écrit_juin_repêchage.pdf
85978,23483,ECOPO_GCC_GCG_écrit_juin.pdf,ESG/2021/GCC/ECOPO_GCC_GCG_écrit_juin.pdf
85982,23483,ECOPO_GCC_GCG_écrit_juin_repêchage.pdf,ESG/2021/GCC/ECOPO_GCC_GCG_écrit_juin_repêchage.pdf
85970,23483,Image_1_(logo).jpg,ESG/2021/GCC/Image_1_(logo).jpg
85974,23483,Image_2.jpg,ESG/2021/GCC/Image_2.jpg
85971,23483,Image_3.jpg,ESG/2021/GCC/Image_3.jpg
85972,23483,Image_4.jpg,ESG/2021/GCC/Image_4.jpg
85979,23483,ORGES_annexe_GCC_écrit_juin.pdf,ESG/2021/GCC/ORGES_annexe_GCC_écrit_juin.pdf
85980,23483,ORGES_GCC_écrit_juin.pdf,ESG/2021/GCC/ORGES_GCC_écrit_juin.pdf
85992,23483,TINCO_annexe_GCC_écrit_juin.zip,ESG/2021/GCC/TINCO_annexe_GCC_écrit_juin.zip
85991,23483,TINCO_GCC_écrit_juin.pdf,ESG/2021/GCC/TINCO_GCC_écrit_juin.pdf
23484,23479,GCG,ESG/2021/GCG
85997,23484,ALLEM_GCC_GCG_écrit_juin.pdf,ESG/2021/GCG/ALLEM_GCC_GCG_écrit_juin.pdf
85998,23484,ALLEM_GCC_GCG_écrit_juin_repêchage.pdf,ESG/2021/GCG/ALLEM_GCC_GCG_écrit_juin_repêchage.pdf
86001,23484,ANGLA_GCC_GCG_écrit_juin.pdf,ESG/2021/GCG/ANGLA_GCC_GCG_écrit_juin.pdf
85994,23484,ANGLA_GCC_GCG_écrit_juin_repêchage.pdf,ESG/2021/GCG/ANGLA_GCC_GCG_écrit_juin_repêchage.pdf
85999,23484,COMPT_FAR_GCG_écrit_juin.pdf,ESG/2021/GCG/COMPT_FAR_GCG_écrit_juin.pdf
86015,23484,COMPT_FAR_GCG_écrit_juin_repêchage.pdf,ESG/2021/GCG/COMPT_FAR_GCG_écrit_juin_repêchage.pdf
86005,23484,COMPT_Q_GCG_écrit_juin.pdf,ESG/2021/GCG/COMPT_Q_GCG_écrit_juin.pdf
86007,23484,COMPT_Q_GCG_écrit_juin_repêchage.pdf,ESG/2021/GCG/COMPT_Q_GCG_écrit_juin_repêchage.pdf
86010,23484,CONMO_GIG; GIN; GSN; GCC; GCG; GCG SLP; GACV; GSE_écrit_juin.pdf,ESG/2021/GCG/CONMO_GIG; GIN; GSN; GCC; GCG; GCG SLP; GACV; GSE_écrit_juin.pdf
86013,23484,CONMO_GIG; GIN; GSN; GCC; GCG; GCG SLP; GACV; GSE_écrit_juin_repêchage.pdf,ESG/2021/GCG/CONMO_GIG; GIN; GSN; GCC; GCG; GCG SLP; GACV; GSE_écrit_juin_repêchage.pdf
86012,23484,CONMO_GIG; GIN; GSN; GCC; GCG; GCG SLP; GACV; GSE_écrit_septembre.pdf,ESG/2021/GCG/CONMO_GIG; GIN; GSN; GCC; GCG; GCG SLP; GACV; GSE_écrit_septembre.pdf
86009,23484,CONMO_GIG_GIN_GSN_GCC_GCG_GACV_GSE_écrit_juin.pdf,ESG/2021/GCG/CONMO_GIG_GIN_GSN_GCC_GCG_GACV_GSE_écrit_juin.pdf
86014,23484,CONMO_GIG_GIN_GSN_GCC_GCG_GACV_GSE_écrit_juin_repêchage.pdf,ESG/2021/GCG/CONMO_GIG_GIN_GSN_GCC_GCG_GACV_GSE_écrit_juin_repêchage.pdf
86008,23484,ECOGE_GCC_GCG_écrit_juin.pdf,ESG/2021/GCG/ECOGE_GCC_GCG_écrit_juin.pdf
86002,23484,ECOGE_GCC_GCG_écrit_juin_repêchage.pdf,ESG/2021/GCG/ECOGE_GCC_GCG_écrit_juin_repêchage.pdf
85996,23484,ECOPO_GCC_GCG_écrit_juin.pdf,ESG/2021/GCG/ECOPO_GCC_GCG_écrit_juin.pdf
86006,23484,ECOPO_GCC_GCG_écrit_juin_repêchage.pdf,ESG/2021/GCG/ECOPO_GCC_GCG_écrit_juin_repêchage.pdf
85995,23484,FRANC_GCG_écrit_juin.pdf,ESG/2021/GCG/FRANC_GCG_écrit_juin.pdf
85993,23484,FRANC_GCG_écrit_juin_repêchage.pdf,ESG/2021/GCG/FRANC_GCG_écrit_juin_repêchage.pdf
86011,23484,INFOR_GCG_écrit_juin.pdf,ESG/2021/GCG/INFOR_GCG_écrit_juin.pdf
86003,23484,INFOR_GCG_écrit_juin_repêchage.pdf,ESG/2021/GCG/INFOR_GCG_écrit_juin_repêchage.pdf
86004,23484,MATHE_GCG_écrit_juin.pdf,ESG/2021/GCG/MATHE_GCG_écrit_juin.pdf
86000,23484,MATHE_GCG_écrit_juin_repêchage.pdf,ESG/2021/GCG/MATHE_GCG_écrit_juin_repêchage.pdf
23485,23479,GED,ESG/2021/GED
86037,23485,Action éducative et sociale_GED_écrit_juin.pdf,ESG/2021/GED/Action éducative et sociale_GED_écrit_juin.pdf
86022,23485,AEDSO_GED_écrit_septembre.pdf,ESG/2021/GED/AEDSO_GED_écrit_septembre.pdf
86027,23485,ALLEM_GED; GSH; GSI_écrit_septembre.pdf,ESG/2021/GED/ALLEM_GED; GSH; GSI_écrit_septembre.pdf
86038,23485,Allemand_GED; GSH; GSI_écrit_juin.pdf,ESG/2021/GED/Allemand_GED; GSH; GSI_écrit_juin.pdf
86041,23485,Allemand_GED; GSH; GSI_écrit_juin_repêchage.pdf,ESG/2021/GED/Allemand_GED; GSH; GSI_écrit_juin_repêchage.pdf
86023,23485,ANGLA_GED; GSH; GSI_écrit_septembre.pdf,ESG/2021/GED/ANGLA_GED; GSH; GSI_écrit_septembre.pdf
86043,23485,Anglais_GED; GSH; GSI_écrit_juin.pdf,ESG/2021/GED/Anglais_GED; GSH; GSI_écrit_juin.pdf
86035,23485,Anglais_GED; GSH; GSI_écrit_juin_repêchage.pdf,ESG/2021/GED/Anglais_GED; GSH; GSI_écrit_juin_repêchage.pdf
86030,23485,BIOLO_GED_écrit_septembre.pdf,ESG/2021/GED/BIOLO_GED_écrit_septembre.pdf
86031,23485,Biologie_GED_BIOLO_écrit_juin.pdf,ESG/2021/GED/Biologie_GED_BIOLO_écrit_juin.pdf
86020,23485,DEVEL_GED_écrit_septembre.pdf,ESG/2021/GED/DEVEL_GED_écrit_septembre.pdf
86046,23485,Développement tout au long de la vie_GED_écrit_juin.pdf,ESG/2021/GED/Développement tout au long de la vie_GED_écrit_juin.pdf
86036,23485,Développement tout au long de la vie_GED_écrit_juin_repêchage.pdf,ESG/2021/GED/Développement tout au long de la vie_GED_écrit_juin_repêchage.pdf
86042,23485,EDMED_GED_écrit_septembre.pdf,ESG/2021/GED/EDMED_GED_écrit_septembre.pdf
86039,23485,Education aux médias_GED_écrit_juin.pdf,ESG/2021/GED/Education aux médias_GED_écrit_juin.pdf
86026,23485,Education aux médias_GED_écrit_juin_repêchage.pdf,ESG/2021/GED/Education aux médias_GED_écrit_juin_repêchage.pdf
86024,23485,ETDDD_GED_écrit_septembre.pdf,ESG/2021/GED/ETDDD_GED_écrit_septembre.pdf
86034,23485,"Ethique, déontologie et développement durable_GED_écrit_juin.pdf","ESG/2021/GED/Ethique, déontologie et développement durable_GED_écrit_juin.pdf"
86028,23485,"Ethique, déontologie et développement durable_GED_écrit_juin_repêchage.pdf","ESG/2021/GED/Ethique, déontologie et développement durable_GED_écrit_juin_repêchage.pdf"
86047,23485,FRANC_GED; GSH; GSI_écrit_octobre_repêchage.pdf,ESG/2021/GED/FRANC_GED; GSH; GSI_écrit_octobre_repêchage.pdf
86021,23485,FRANC_GED; GSH; GSI_écrit_septembre.pdf,ESG/2021/GED/FRANC_GED; GSH; GSI_écrit_septembre.pdf
86044,23485,Français_GED; GSH; GSI_écrit_juin.pdf,ESG/2021/GED/Français_GED; GSH; GSI_écrit_juin.pdf
86033,23485,Français_GED; GSH; GSI_écrit_juin_repêchage.pdf,ESG/2021/GED/Français_GED; GSH; GSI_écrit_juin_repêchage.pdf
86017,23485,MEPRP_GED_écrit_septembre.pdf,ESG/2021/GED/MEPRP_GED_écrit_septembre.pdf
86016,23485,MEPRP_GED_écrit_septembre_repêchage.pdf,ESG/2021/GED/MEPRP_GED_écrit_septembre_repêchage.pdf
86019,23485,PEDAG_GED_écrit_septembre.pdf,ESG/2021/GED/PEDAG_GED_écrit_septembre.pdf
86040,23485,Pédagogie_GED_écrit_juin.pdf,ESG/2021/GED/Pédagogie_GED_écrit_juin.pdf
86029,23485,Pédagogie_GED_écrit_juin_repêchage.pdf,ESG/2021/GED/Pédagogie_GED_écrit_juin_repêchage.pdf
86018,23485,PSYCH_GED_écrit_septembre.pdf,ESG/2021/GED/PSYCH_GED_écrit_septembre.pdf
86045,23485,Psychologie_GED_écrit_juin.pdf,ESG/2021/GED/Psychologie_GED_écrit_juin.pdf
86032,23485,Psychologie_GED_écrit_juin_repêchage.pdf,ESG/2021/GED/Psychologie_GED_écrit_juin_repêchage.pdf
86025,23485,SOCIO_GED_écrit_septembre.pdf,ESG/2021/GED/SOCIO_GED_écrit_septembre.pdf
86048,23485,Sociologie_GED_écrit_juin.pdf,ESG/2021/GED/Sociologie_GED_écrit_juin.pdf
23486,23479,GIG,ESG/2021/GIG
86054,23486,ALLEM_GSE; GIN; GIG; GSN; GACV_écrit_juin.pdf,ESG/2021/GIG/ALLEM_GSE; GIN; GIG; GSN; GACV_écrit_juin.pdf
86055,23486,ALLEM_GSE; GIN; GIG; GSN; GACV_écrit_mai.pdf,ESG/2021/GIG/ALLEM_GSE; GIN; GIG; GSN; GACV_écrit_mai.pdf
86057,23486,ALLEM_GSE; GIN; GIG; GSN; GACV_écrit_septembre.pdf,ESG/2021/GIG/ALLEM_GSE; GIN; GIG; GSN; GACV_écrit_septembre.pdf
86063,23486,ANGLA_GACV-GIG-GIN-GSE-GSN-GSO_ écrit_juin.pdf,ESG/2021/GIG/ANGLA_GACV-GIG-GIN-GSE-GSN-GSO_ écrit_juin.pdf
86056,23486,ANGLA_GSE; GIN; GIG; GSN; GACV; GSO_écrit_mai.pdf,ESG/2021/GIG/ANGLA_GSE; GIN; GIG; GSN; GACV; GSO_écrit_mai.pdf
86049,23486,ANGLA_GSE; GIN; GIG; GSN; GACV; GSO_écrit_septembre.pdf,ESG/2021/GIG/ANGLA_GSE; GIN; GIG; GSN; GACV; GSO_écrit_septembre.pdf
86069,23486,CONMO_GIG; GIN; GSN; GCC; GCG; GCG SLP; GACV; GSE_écrit_juin.pdf,ESG/2021/GIG/CONMO_GIG; GIN; GSN; GCC; GCG; GCG SLP; GACV; GSE_écrit_juin.pdf
86076,23486,CONMO_GIG; GIN; GSN; GCC; GCG; GCG SLP; GACV; GSE_écrit_juin_repêchage.pdf,ESG/2021/GIG/CONMO_GIG; GIN; GSN; GCC; GCG; GCG SLP; GACV; GSE_écrit_juin_repêchage.pdf
86078,23486,CONMO_GIG; GIN; GSN; GCC; GCG; GCG SLP; GACV; GSE_écrit_septembre.pdf,ESG/2021/GIG/CONMO_GIG; GIN; GSN; GCC; GCG; GCG SLP; GACV; GSE_écrit_septembre.pdf
86072,23486,ELETE_GIG_écrit_juin.pdf,ESG/2021/GIG/ELETE_GIG_écrit_juin.pdf
86052,23486,ELETE_GIG_écrit_mai.pdf,ESG/2021/GIG/ELETE_GIG_écrit_mai.pdf
86068,23486,ELETE_GIG_écrit_septembre.pdf,ESG/2021/GIG/ELETE_GIG_écrit_septembre.pdf
86058,23486,FRANC_ESG_GIG; GIN; GSE; GSN_écrit_juin.pdf,ESG/2021/GIG/FRANC_ESG_GIG; GIN; GSE; GSN_écrit_juin.pdf
86050,23486,FRANC_GIG; GIN; GSE; GSN_écrit_mai.pdf,ESG/2021/GIG/FRANC_GIG; GIN; GSE; GSN_écrit_mai.pdf
86074,23486,FRANC_GIG; GIN; GSE; GSN_écrit_septembre.pdf,ESG/2021/GIG/FRANC_GIG; GIN; GSE; GSN_écrit_septembre.pdf
86077,23486,INFOR_GIG_écrit_juin.pdf,ESG/2021/GIG/INFOR_GIG_écrit_juin.pdf
86070,23486,INFOR_GIG_écrit_juin_repêchage.pdf,ESG/2021/GIG/INFOR_GIG_écrit_juin_repêchage.pdf
86080,23486,INFOR_GIG_écrit_septembre.pdf,ESG/2021/GIG/INFOR_GIG_écrit_septembre.pdf
86067,23486,MATH1_GIG; GIN_écrit_juin.pdf,ESG/2021/GIG/MATH1_GIG; GIN_écrit_juin.pdf
86073,23486,MATH1_GIG; GIN_écrit_mai.pdf,ESG/2021/GIG/MATH1_GIG; GIN_écrit_mai.pdf
86075,23486,MATH1_GIG; GIN_écrit_septembre.pdf,ESG/2021/GIG/MATH1_GIG; GIN_écrit_septembre.pdf
86064,23486,MATH2_GIG_écrit_juin.pdf,ESG/2021/GIG/MATH2_GIG_écrit_juin.pdf
86061,23486,MATH2_GIG_écrit_mai.pdf,ESG/2021/GIG/MATH2_GIG_écrit_mai.pdf
86079,23486,MATH2_GIG_écrit_septembre.pdf,ESG/2021/GIG/MATH2_GIG_écrit_septembre.pdf
86071,23486,MECAN_GIG_écrit_juin.pdf,ESG/2021/GIG/MECAN_GIG_écrit_juin.pdf
86060,23486,MECAN_GIG_écrit_repêchage_octobre.pdf,ESG/2021/GIG/MECAN_GIG_écrit_repêchage_octobre.pdf
86059,23486,PHYSI_GIG_écrit_juin.pdf,ESG/2021/GIG/PHYSI_GIG_écrit_juin.pdf
86066,23486,PHYSI_GIG_écrit_mai.pdf,ESG/2021/GIG/PHYSI_GIG_écrit_mai.pdf
86065,23486,PHYSI_GIG_écrit_septembre.pdf,ESG/2021/GIG/PHYSI_GIG_écrit_septembre.pdf
86053,23486,TECNO_GIG_écrit_juin.pdf,ESG/2021/GIG/TECNO_GIG_écrit_juin.pdf
86051,23486,TECNO_GIG_écrit_mai.pdf,ESG/2021/GIG/TECNO_GIG_écrit_mai.pdf
86062,23486,TECNO_GIG_écrit_septembre.pdf,ESG/2021/GIG/TECNO_GIG_écrit_septembre.pdf
23487,23479,GIN,ESG/2021/GIN
86082,23487,ALLEM_GSE; GIN; GIG; GSN; GACV_écrit_juin_repêchage.pdf,ESG/2021/GIN/ALLEM_GSE; GIN; GIG; GSN; GACV_écrit_juin_repêchage.pdf
86083,23487,ALLEM_GSE; GIN; GIG; GSN; GACV_écrit_mai.pdf,ESG/2021/GIN/ALLEM_GSE; GIN; GIG; GSN; GACV_écrit_mai.pdf
86087,23487,ALLEM_GSE; GIN; GIG; GSN; GACV_écrit_septembre.pdf,ESG/2021/GIN/ALLEM_GSE; GIN; GIG; GSN; GACV_écrit_septembre.pdf
86091,23487,ANGLA_GACV-GIG-GIN-GSE-GSN-GSO_ écrit_juin_repêchage.pdf,ESG/2021/GIN/ANGLA_GACV-GIG-GIN-GSE-GSN-GSO_ écrit_juin_repêchage.pdf
86086,23487,ANGLA_GSE; GIN; GIG; GSN; GACV; GSO_écrit_mai.pdf,ESG/2021/GIN/ANGLA_GSE; GIN; GIG; GSN; GACV; GSO_écrit_mai.pdf
86084,23487,ANGLA_GSE; GIN; GIG; GSN; GACV; GSO_écrit_septembre.pdf,ESG/2021/GIN/ANGLA_GSE; GIN; GIG; GSN; GACV; GSO_écrit_septembre.pdf
86090,23487,BASDO_GIN_écrit_mai.pdf,ESG/2021/GIN/BASDO_GIN_écrit_mai.pdf
86092,23487,BASDO_GIN_écrit_septembre.pdf,ESG/2021/GIN/BASDO_GIN_écrit_septembre.pdf
86096,23487,CONMO_GIG; GIN; GSN; GCC; GCG; GCG SLP; GACV; GSE_écrit_juin.pdf,ESG/2021/GIN/CONMO_GIG; GIN; GSN; GCC; GCG; GCG SLP; GACV; GSE_écrit_juin.pdf
86100,23487,CONMO_GIG; GIN; GSN; GCC; GCG; GCG SLP; GACV; GSE_écrit_juin_repêchage.pdf,ESG/2021/GIN/CONMO_GIG; GIN; GSN; GCC; GCG; GCG SLP; GACV; GSE_écrit_juin_repêchage.pdf
86103,23487,CONMO_GIG; GIN; GSN; GCC; GCG; GCG SLP; GACV; GSE_écrit_septembre.pdf,ESG/2021/GIN/CONMO_GIG; GIN; GSN; GCC; GCG; GCG SLP; GACV; GSE_écrit_septembre.pdf
86088,23487,FRANC_ESG_GIG; GIN; GSE; GSN_écrit_juin_repêchage.pdf,ESG/2021/GIN/FRANC_ESG_GIG; GIN; GSE; GSN_écrit_juin_repêchage.pdf
86085,23487,FRANC_GIG; GIN; GSE; GSN_écrit_mai.pdf,ESG/2021/GIN/FRANC_GIG; GIN; GSE; GSN_écrit_mai.pdf
86104,23487,FRANC_GIG; GIN; GSE; GSN_écrit_septembre.pdf,ESG/2021/GIN/FRANC_GIG; GIN; GSE; GSN_écrit_septembre.pdf
86081,23487,MATH1_GIG; GIN_écrit_juin_repêchage.pdf,ESG/2021/GIN/MATH1_GIG; GIN_écrit_juin_repêchage.pdf
86098,23487,MATH1_GIG; GIN_écrit_mai.pdf,ESG/2021/GIN/MATH1_GIG; GIN_écrit_mai.pdf
86101,23487,MATH1_GIG; GIN_écrit_septembre.pdf,ESG/2021/GIN/MATH1_GIG; GIN_écrit_septembre.pdf
86093,23487,MATH2_GIN_écrit_mai.pdf,ESG/2021/GIN/MATH2_GIN_écrit_mai.pdf
86094,23487,MATH2_GIN_écrit_septembre.pdf,ESG/2021/GIN/MATH2_GIN_écrit_septembre.pdf
86099,23487,PROGR_GIN_écrit_juin_repêchage.pdf,ESG/2021/GIN/PROGR_GIN_écrit_juin_repêchage.pdf
86095,23487,PROGR_GIN_écrit_mai.pdf,ESG/2021/GIN/PROGR_GIN_écrit_mai.pdf
86097,23487,PROGR_GIN_écrit_septembre.pdf,ESG/2021/GIN/PROGR_GIN_écrit_septembre.pdf
86102,23487,SNTEC_GIN_écrit_juin.pdf,ESG/2021/GIN/SNTEC_GIN_écrit_juin.pdf
86089,23487,TEINF_GIN_écrit_juin.pdf,ESG/2021/GIN/TEINF_GIN_écrit_juin.pdf
23488,23479,GSE,ESG/2021/GSE
86119,23488,AEJDD2_GSE_écrit_juin_partie1.pdf,ESG/2021/GSE/AEJDD2_GSE_écrit_juin_partie1.pdf
86110,23488,AEJDD2_GSE_écrit_juin_partie2.pdf,ESG/2021/GSE/AEJDD2_GSE_écrit_juin_partie2.pdf
86106,23488,ALLEM_GSE; GIN; GIG; GSN; GACV_écrit_juin_repêchage.pdf,ESG/2021/GSE/ALLEM_GSE; GIN; GIG; GSN; GACV_écrit_juin_repêchage.pdf
86113,23488,ALLEM_GSE; GIN; GIG; GSN; GACV_écrit_mai.pdf,ESG/2021/GSE/ALLEM_GSE; GIN; GIG; GSN; GACV_écrit_mai.pdf
86114,23488,ALLEM_GSE; GIN; GIG; GSN; GACV_écrit_septembre.pdf,ESG/2021/GSE/ALLEM_GSE; GIN; GIG; GSN; GACV_écrit_septembre.pdf
86117,23488,ANGLA_GACV-GIG-GIN-GSE-GSN-GSO_ écrit_juin_repêchage.pdf,ESG/2021/GSE/ANGLA_GACV-GIG-GIN-GSE-GSN-GSO_ écrit_juin_repêchage.pdf
86111,23488,ANGLA_GSE; GIN; GIG; GSN; GACV; GSO_écrit_mai.pdf,ESG/2021/GSE/ANGLA_GSE; GIN; GIG; GSN; GACV; GSO_écrit_mai.pdf
86108,23488,ANGLA_GSE; GIN; GIG; GSN; GACV; GSO_écrit_septembre.pdf,ESG/2021/GSE/ANGLA_GSE; GIN; GIG; GSN; GACV; GSO_écrit_septembre.pdf
86120,23488,CONMO_GIG; GIN; GSN; GCC; GCG; GCG SLP; GACV; GSE_écrit_juin.pdf,ESG/2021/GSE/CONMO_GIG; GIN; GSN; GCC; GCG; GCG SLP; GACV; GSE_écrit_juin.pdf
86122,23488,CONMO_GIG; GIN; GSN; GCC; GCG; GCG SLP; GACV; GSE_écrit_juin_repêchage.pdf,ESG/2021/GSE/CONMO_GIG; GIN; GSN; GCC; GCG; GCG SLP; GACV; GSE_écrit_juin_repêchage.pdf
86123,23488,CONMO_GIG; GIN; GSN; GCC; GCG; GCG SLP; GACV; GSE_écrit_septembre.pdf,ESG/2021/GSE/CONMO_GIG; GIN; GSN; GCC; GCG; GCG SLP; GACV; GSE_écrit_septembre.pdf
86115,23488,ECOLO_GSE_écrit_.pdf,ESG/2021/GSE/ECOLO_GSE_écrit_.pdf
86124,23488,ENTEC1 et 2_GSE_écrit_mai.pdf,ESG/2021/GSE/ENTEC1 et 2_GSE_écrit_mai.pdf
86105,23488,FRANC_ESG_GIG; GIN; GSE; GSN_écrit_juin_repêchage.pdf,ESG/2021/GSE/FRANC_ESG_GIG; GIN; GSE; GSN_écrit_juin_repêchage.pdf
86112,23488,FRANC_GIG; GIN; GSE; GSN_écrit_mai.pdf,ESG/2021/GSE/FRANC_GIG; GIN; GSE; GSN_écrit_mai.pdf
86121,23488,FRANC_GIG; GIN; GSE; GSN_écrit_septembre.pdf,ESG/2021/GSE/FRANC_GIG; GIN; GSE; GSN_écrit_septembre.pdf
86118,23488,MATHE_GSE_écrit_mai.pdf,ESG/2021/GSE/MATHE_GSE_écrit_mai.pdf
86116,23488,MATHE_GSE_écrit_septembre.pdf,ESG/2021/GSE/MATHE_GSE_écrit_septembre.pdf
86109,23488,PHYSI_GSE_écrit_juin.pdf,ESG/2021/GSE/PHYSI_GSE_écrit_juin.pdf
86107,23488,PPREN_GSE_écrit_juin.pdf,ESG/2021/GSE/PPREN_GSE_écrit_juin.pdf
23489,23479,GSH,ESG/2021/GSH
86130,23489,ALLEM_GED; GSH; GSI_écrit_septembre.pdf,ESG/2021/GSH/ALLEM_GED; GSH; GSI_écrit_septembre.pdf
86136,23489,Allemand_GED; GSH; GSI_écrit_juin.pdf,ESG/2021/GSH/Allemand_GED; GSH; GSI_écrit_juin.pdf
86139,23489,Allemand_GED; GSH; GSI_écrit_juin_repêchage.pdf,ESG/2021/GSH/Allemand_GED; GSH; GSI_écrit_juin_repêchage.pdf
86127,23489,ANGLA_GED; GSH; GSI_écrit_septembre.pdf,ESG/2021/GSH/ANGLA_GED; GSH; GSI_écrit_septembre.pdf
86142,23489,Anglais_GED; GSH; GSI_écrit_juin.pdf,ESG/2021/GSH/Anglais_GED; GSH; GSI_écrit_juin.pdf
86134,23489,Anglais_GED; GSH; GSI_écrit_juin_repêchage.pdf,ESG/2021/GSH/Anglais_GED; GSH; GSI_écrit_juin_repêchage.pdf
86147,23489,BIOHM_GSH_écrit_septembre.pdf,ESG/2021/GSH/BIOHM_GSH_écrit_septembre.pdf
86145,23489,Biologie humaine et microbiologie_GSH_écrit_juin.pdf,ESG/2021/GSH/Biologie humaine et microbiologie_GSH_écrit_juin.pdf
86140,23489,Biologie humaine et microbiologie_GSH_écrit_juin_repêchage.pdf,ESG/2021/GSH/Biologie humaine et microbiologie_GSH_écrit_juin_repêchage.pdf
86149,23489,CHIME_GSH_écrit_septembre.pdf,ESG/2021/GSH/CHIME_GSH_écrit_septembre.pdf
86151,23489,Chimie médicale_GSH_écrit_juin.pdf,ESG/2021/GSH/Chimie médicale_GSH_écrit_juin.pdf
86150,23489,Chimie médicale_GSH_écrit_juin_repêchage.pdf,ESG/2021/GSH/Chimie médicale_GSH_écrit_juin_repêchage.pdf
86148,23489,FRANC_GED; GSH; GSI_écrit_octobre_repêchage.pdf,ESG/2021/GSH/FRANC_GED; GSH; GSI_écrit_octobre_repêchage.pdf
86129,23489,FRANC_GED; GSH; GSI_écrit_septembre.pdf,ESG/2021/GSH/FRANC_GED; GSH; GSI_écrit_septembre.pdf
86143,23489,Français_GED; GSH; GSI_écrit_juin.pdf,ESG/2021/GSH/Français_GED; GSH; GSI_écrit_juin.pdf
86135,23489,Français_GED; GSH; GSI_écrit_juin_repêchage.pdf,ESG/2021/GSH/Français_GED; GSH; GSI_écrit_juin_repêchage.pdf
86125,23489,MATHE_GSH_écrit_septembre.pdf,ESG/2021/GSH/MATHE_GSH_écrit_septembre.pdf
86144,23489,Mathématiques_GSH_écrit_juin.pdf,ESG/2021/GSH/Mathématiques_GSH_écrit_juin.pdf
86132,23489,Mathématiques_GSH_écrit_juin_repêchage.pdf,ESG/2021/GSH/Mathématiques_GSH_écrit_juin_repêchage.pdf
86133,23489,PHYME_GSH_écrit_septembre.pdf,ESG/2021/GSH/PHYME_GSH_écrit_septembre.pdf
86146,23489,Physique médicale_GSH_écrit_juin.pdf,ESG/2021/GSH/Physique médicale_GSH_écrit_juin.pdf
86137,23489,Physique médicale_GSH_écrit_juin_repêchage.pdf,ESG/2021/GSH/Physique médicale_GSH_écrit_juin_repêchage.pdf
86138,23489,Sciences humaines et de la santé_GSH_écrit_juin.pdf,ESG/2021/GSH/Sciences humaines et de la santé_GSH_écrit_juin.pdf
86141,23489,Sciences médicales_GSH_écrit_juin.pdf,ESG/2021/GSH/Sciences médicales_GSH_écrit_juin.pdf
86131,23489,Sciences médicales_GSH_écrit_juin_repêchage.pdf,ESG/2021/GSH/Sciences médicales_GSH_écrit_juin_repêchage.pdf
86128,23489,SCMED_GSH_écrit_septembre.pdf,ESG/2021/GSH/SCMED_GSH_écrit_septembre.pdf
86126,23489,SHUSA_GSH_écrit_septembre.pdf,ESG/2021/GSH/SHUSA_GSH_écrit_septembre.pdf
23490,23479,GSI,ESG/2021/GSI
86152,23490,ALLEM_GED; GSH; GSI_écrit_septembre.pdf,ESG/2021/GSI/ALLEM_GED; GSH; GSI_écrit_septembre.pdf
86163,23490,Allemand_GED; GSH; GSI_écrit_juin.pdf,ESG/2021/GSI/Allemand_GED; GSH; GSI_écrit_juin.pdf
86167,23490,Allemand_GED; GSH; GSI_écrit_juin_repêchage.pdf,ESG/2021/GSI/Allemand_GED; GSH; GSI_écrit_juin_repêchage.pdf
86155,23490,ANGLA_GED; GSH; GSI_écrit_septembre.pdf,ESG/2021/GSI/ANGLA_GED; GSH; GSI_écrit_septembre.pdf
86170,23490,Anglais_GED; GSH; GSI_écrit_juin.pdf,ESG/2021/GSI/Anglais_GED; GSH; GSI_écrit_juin.pdf
86161,23490,Anglais_GED; GSH; GSI_écrit_juin_repêchage.pdf,ESG/2021/GSI/Anglais_GED; GSH; GSI_écrit_juin_repêchage.pdf
86159,23490,BIOHU_GSI; GSIF_écrit_septembre.pdf,ESG/2021/GSI/BIOHU_GSI; GSIF_écrit_septembre.pdf
86171,23490,BIOHU_GSI; GSIF_écrit_septembre_repêchage.pdf,ESG/2021/GSI/BIOHU_GSI; GSIF_écrit_septembre_repêchage.pdf
86168,23490,Biologie humaine_GSI; GSIF_écrit_juin.pdf,ESG/2021/GSI/Biologie humaine_GSI; GSIF_écrit_juin.pdf
86173,23490,Biologie humaine_GSI; GSIF_écrit_juin_repêchage.pdf,ESG/2021/GSI/Biologie humaine_GSI; GSIF_écrit_juin_repêchage.pdf
86162,23490,Concepts de soins et problèmes infirmiers_GSI; GSIF_écrit_juin.pdf,ESG/2021/GSI/Concepts de soins et problèmes infirmiers_GSI; GSIF_écrit_juin.pdf
86158,23490,Concepts de soins et problèmes infirmiers_GSI; GSIF_écrit_juin_repêchage.pdf,ESG/2021/GSI/Concepts de soins et problèmes infirmiers_GSI; GSIF_écrit_juin_repêchage.pdf
86153,23490,COSPI_GSI; GSIF_écrit_septembre.pdf,ESG/2021/GSI/COSPI_GSI; GSIF_écrit_septembre.pdf
86172,23490,FRANC_GED; GSH; GSI_écrit_octobre_repêchage.pdf,ESG/2021/GSI/FRANC_GED; GSH; GSI_écrit_octobre_repêchage.pdf
86156,23490,FRANC_GED; GSH; GSI_écrit_septembre.pdf,ESG/2021/GSI/FRANC_GED; GSH; GSI_écrit_septembre.pdf
86169,23490,Français_GED; GSH; GSI_écrit_juin.pdf,ESG/2021/GSI/Français_GED; GSH; GSI_écrit_juin.pdf
86160,23490,Français_GED; GSH; GSI_écrit_juin_repêchage.pdf,ESG/2021/GSI/Français_GED; GSH; GSI_écrit_juin_repêchage.pdf
86154,23490,SCHUS_GSI; GSIF_écrit_septembre.pdf,ESG/2021/GSI/SCHUS_GSI; GSIF_écrit_septembre.pdf
86166,23490,Sciences humaines et sociales_GSI; GSIF_écrit_juin.pdf,ESG/2021/GSI/Sciences humaines et sociales_GSI; GSIF_écrit_juin.pdf
86164,23490,Sciences médicales_GSI; GSIF_écrit_juin.pdf,ESG/2021/GSI/Sciences médicales_GSI; GSIF_écrit_juin.pdf
86165,23490,Sciences médicales_GSI; GSIF_écrit_juin_repêchage.pdf,ESG/2021/GSI/Sciences médicales_GSI; GSIF_écrit_juin_repêchage.pdf
86157,23490,SCMED_GSI; GSIF_écrit_septembre.pdf,ESG/2021/GSI/SCMED_GSI; GSIF_écrit_septembre.pdf
23491,23479,GSN,ESG/2021/GSN
86174,23491,ALLEM_GSE; GIN; GIG; GSN; GACV_écrit_juin_repêchage.pdf,ESG/2021/GSN/ALLEM_GSE; GIN; GIG; GSN; GACV_écrit_juin_repêchage.pdf
86177,23491,ALLEM_GSE; GIN; GIG; GSN; GACV_écrit_mai.pdf,ESG/2021/GSN/ALLEM_GSE; GIN; GIG; GSN; GACV_écrit_mai.pdf
86178,23491,ALLEM_GSE; GIN; GIG; GSN; GACV_écrit_septembre.pdf,ESG/2021/GSN/ALLEM_GSE; GIN; GIG; GSN; GACV_écrit_septembre.pdf
86181,23491,ANGLA_GACV-GIG-GIN-GSE-GSN-GSO_ écrit_juin_repêchage.pdf,ESG/2021/GSN/ANGLA_GACV-GIG-GIN-GSE-GSN-GSO_ écrit_juin_repêchage.pdf
86176,23491,ANGLA_GSE; GIN; GIG; GSN; GACV; GSO_écrit_mai.pdf,ESG/2021/GSN/ANGLA_GSE; GIN; GIG; GSN; GACV; GSO_écrit_mai.pdf
86175,23491,ANGLA_GSE; GIN; GIG; GSN; GACV; GSO_écrit_septembre.pdf,ESG/2021/GSN/ANGLA_GSE; GIN; GIG; GSN; GACV; GSO_écrit_septembre.pdf
86184,23491,BIOLO_GSN_écrit_mai.pdf,ESG/2021/GSN/BIOLO_GSN_écrit_mai.pdf
86182,23491,CHIMI_GSN_écrit_juin_repêchage.pdf,ESG/2021/GSN/CHIMI_GSN_écrit_juin_repêchage.pdf
86193,23491,CHIMI_GSN_écrit_mai.pdf,ESG/2021/GSN/CHIMI_GSN_écrit_mai.pdf
86196,23491,CHIMI_GSN_écrit_septembre.pdf,ESG/2021/GSN/CHIMI_GSN_écrit_septembre.pdf
86189,23491,CONMO_GIG; GIN; GSN; GCC; GCG; GCG SLP; GACV; GSE_écrit_juin.pdf,ESG/2021/GSN/CONMO_GIG; GIN; GSN; GCC; GCG; GCG SLP; GACV; GSE_écrit_juin.pdf
86194,23491,CONMO_GIG; GIN; GSN; GCC; GCG; GCG SLP; GACV; GSE_écrit_juin_repêchage.pdf,ESG/2021/GSN/CONMO_GIG; GIN; GSN; GCC; GCG; GCG SLP; GACV; GSE_écrit_juin_repêchage.pdf
86195,23491,CONMO_GIG; GIN; GSN; GCC; GCG; GCG SLP; GACV; GSE_écrit_septembre.pdf,ESG/2021/GSN/CONMO_GIG; GIN; GSN; GCC; GCG; GCG SLP; GACV; GSE_écrit_septembre.pdf
86180,23491,FRANC_ESG_GIG; GIN; GSE; GSN_écrit_juin_repêchage.pdf,ESG/2021/GSN/FRANC_ESG_GIG; GIN; GSE; GSN_écrit_juin_repêchage.pdf
86179,23491,FRANC_GIG; GIN; GSE; GSN_écrit_mai.pdf,ESG/2021/GSN/FRANC_GIG; GIN; GSE; GSN_écrit_mai.pdf
86191,23491,FRANC_GIG; GIN; GSE; GSN_écrit_septembre.pdf,ESG/2021/GSN/FRANC_GIG; GIN; GSE; GSN_écrit_septembre.pdf
86192,23491,GEOGR_GSN_écrit_juin_repêchage.pdf,ESG/2021/GSN/GEOGR_GSN_écrit_juin_repêchage.pdf
86199,23491,GEOGR_GSN_écrit_mai.pdf,ESG/2021/GSN/GEOGR_GSN_écrit_mai.pdf
86187,23491,MATHE_GSN_écrit_juin.pdf,ESG/2021/GSN/MATHE_GSN_écrit_juin.pdf
86186,23491,MATHE_GSN_écrit_juin_repêchage.pdf,ESG/2021/GSN/MATHE_GSN_écrit_juin_repêchage.pdf
86183,23491,MATHE_GSN_écrit_septembre.pdf,ESG/2021/GSN/MATHE_GSN_écrit_septembre.pdf
86198,23491,PHYSI_GSN_écrit_juin.pdf,ESG/2021/GSN/PHYSI_GSN_écrit_juin.pdf
86197,23491,PHYSI_GSN_écrit_septembre.pdf,ESG/2021/GSN/PHYSI_GSN_écrit_septembre.pdf
86185,23491,QUEPH_GSN; GSO_écrit_juin.pdf,ESG/2021/GSN/QUEPH_GSN; GSO_écrit_juin.pdf
86188,23491,QUEPH_GSN; GSO_écrit_juin_repêchage.pdf,ESG/2021/GSN/QUEPH_GSN; GSO_écrit_juin_repêchage.pdf
86190,23491,QUEPH_GSN; GSO_écrit_septembre.pdf,ESG/2021/GSN/QUEPH_GSN; GSO_écrit_septembre.pdf
23492,23479,GSO,ESG/2021/GSO
86211,23492,ANGLA_GACV-GIG-GIN-GSE-GSN-GSO_ écrit_juin_repêchage.pdf,ESG/2021/GSO/ANGLA_GACV-GIG-GIN-GSE-GSN-GSO_ écrit_juin_repêchage.pdf
86202,23492,ANGLA_GSE; GIN; GIG; GSN; GACV; GSO_écrit_mai.pdf,ESG/2021/GSO/ANGLA_GSE; GIN; GIG; GSN; GACV; GSO_écrit_mai.pdf
86201,23492,ANGLA_GSE; GIN; GIG; GSN; GACV; GSO_écrit_septembre.pdf,ESG/2021/GSO/ANGLA_GSE; GIN; GIG; GSN; GACV; GSO_écrit_septembre.pdf
86233,23492,CONMO_GSO_ écrit septembre.pdf,ESG/2021/GSO/CONMO_GSO_ écrit septembre.pdf
86229,23492,CONMO_GSO_écrit juin.pdf,ESG/2021/GSO/CONMO_GSO_écrit juin.pdf
86231,23492,CONMO_GSO_écrit_juin_repêchage.pdf,ESG/2021/GSO/CONMO_GSO_écrit_juin_repêchage.pdf
86230,23492,ECOPO_GSO_écrit juin.pdf,ESG/2021/GSO/ECOPO_GSO_écrit juin.pdf
86217,23492,ECOPO_GSO_écrit septembre.pdf,ESG/2021/GSO/ECOPO_GSO_écrit septembre.pdf
86222,23492,ECOPO_GSO_écrit_juin_repêchage.pdf,ESG/2021/GSO/ECOPO_GSO_écrit_juin_repêchage.pdf
86216,23492,FRANC_GSO_écrit juin_repêchage.pdf,ESG/2021/GSO/FRANC_GSO_écrit juin_repêchage.pdf
86205,23492,FRANC_GSO_écrit juin_vf.pdf,ESG/2021/GSO/FRANC_GSO_écrit juin_vf.pdf
86213,23492,FRANC_GSO_écrit septembre.pdf,ESG/2021/GSO/FRANC_GSO_écrit septembre.pdf
86223,23492,MATHE_GSO_écrit mai.pdf,ESG/2021/GSO/MATHE_GSO_écrit mai.pdf
86209,23492,MATHE_GSO_écrit septembre_repêchage.pdf,ESG/2021/GSO/MATHE_GSO_écrit septembre_repêchage.pdf
86210,23492,MATHE_GSO_écrit_juin_repêchage.pdf,ESG/2021/GSO/MATHE_GSO_écrit_juin_repêchage.pdf
86225,23492,MATHE_GSO_écrit_septembre.pdf,ESG/2021/GSO/MATHE_GSO_écrit_septembre.pdf
86232,23492,PEDAG_GSO_écrit juin_repêchage_Version AL.pdf,ESG/2021/GSO/PEDAG_GSO_écrit juin_repêchage_Version AL.pdf
86200,23492,PEDAG_GSO_écrit_juin_Version FR.pdf,ESG/2021/GSO/PEDAG_GSO_écrit_juin_Version FR.pdf
86207,23492,PEDAG_GSO_écrit_juin_version_allemande.pdf,ESG/2021/GSO/PEDAG_GSO_écrit_juin_version_allemande.pdf
86212,23492,PEDAG_GSO_écrit_septembre_Version allemande.pdf,ESG/2021/GSO/PEDAG_GSO_écrit_septembre_Version allemande.pdf
86206,23492,PEDAG_GSO_écrit_septembre_version française.pdf,ESG/2021/GSO/PEDAG_GSO_écrit_septembre_version française.pdf
86221,23492,PSYCO_GSO_écrit juin.pdf,ESG/2021/GSO/PSYCO_GSO_écrit juin.pdf
86228,23492,PSYCO_GSO_écrit_juin_repêchage.pdf,ESG/2021/GSO/PSYCO_GSO_écrit_juin_repêchage.pdf
86219,23492,PSYCO_GSO_écrit_septembre.pdf,ESG/2021/GSO/PSYCO_GSO_écrit_septembre.pdf
86214,23492,QUEPH_GSN; GSO_écrit_juin.pdf,ESG/2021/GSO/QUEPH_GSN; GSO_écrit_juin.pdf
86224,23492,QUEPH_GSN; GSO_écrit_juin_repêchage.pdf,ESG/2021/GSO/QUEPH_GSN; GSO_écrit_juin_repêchage.pdf
86226,23492,QUEPH_GSN; GSO_écrit_septembre.pdf,ESG/2021/GSO/QUEPH_GSN; GSO_écrit_septembre.pdf
86220,23492,QUEPH_GSO_GSN_écrit juin.pdf,ESG/2021/GSO/QUEPH_GSO_GSN_écrit juin.pdf
86227,23492,QUEPH_GSO_GSN_écrit septembre.pdf,ESG/2021/GSO/QUEPH_GSO_GSN_écrit septembre.pdf
86208,23492,SOCIO_GSO_écrit juin_l.allemande.pdf,ESG/2021/GSO/SOCIO_GSO_écrit juin_l.allemande.pdf
86204,23492,SOCIO_GSO_écrit juin_l.française.pdf,ESG/2021/GSO/SOCIO_GSO_écrit juin_l.française.pdf
86218,23492,SOCIO_GSO_écrit juin_V AL_repêchage.pdf,ESG/2021/GSO/SOCIO_GSO_écrit juin_V AL_repêchage.pdf
86215,23492,SOCIO_GSO_écrit septembre l.allemande.pdf,ESG/2021/GSO/SOCIO_GSO_écrit septembre l.allemande.pdf
86203,23492,SOCIO_GSO_écrit_septembre_repêchage_allemande.pdf,ESG/2021/GSO/SOCIO_GSO_écrit_septembre_repêchage_allemande.pdf
23704,2001,2022,ESG/2022
23797,23704,GA3D,ESG/2022/GA3D
88302,23797,ALLEM_ESG_GA3D_GACV_GIG_GIN_GSE_GSN_écrit été.pdf,ESG/2022/GA3D/ALLEM_ESG_GA3D_GACV_GIG_GIN_GSE_GSN_écrit été.pdf
88303,23797,ALLEM_ESG_GA3D_GACV_GIG_GIN_GSE_GSN_écrit_repêchage.pdf,ESG/2022/GA3D/ALLEM_ESG_GA3D_GACV_GIG_GIN_GSE_GSN_écrit_repêchage.pdf
88305,23797,ANGLA_ESG_GA3D_GACV_GIG_GIN_GSE_GSN_GSO_écrit repêchage.pdf,ESG/2022/GA3D/ANGLA_ESG_GA3D_GACV_GIG_GIN_GSE_GSN_GSO_écrit repêchage.pdf
88304,23797,ANGLA_ESG_GA3D-GACV-GIG-GIN-GSE-GSN-GSO écrit été.pdf,ESG/2022/GA3D/ANGLA_ESG_GA3D-GACV-GIG-GIN-GSE-GSN-GSO écrit été.pdf
88307,23797,ANGLA-ESG-GA3D-GACV-GIG-GIN-GSE-GSN-GSO écrit_septembre.pdf,ESG/2022/GA3D/ANGLA-ESG-GA3D-GACV-GIG-GIN-GSE-GSN-GSO écrit_septembre.pdf
88309,23797,ARCHI_ESG_GA3D_écrit été.pdf,ESG/2022/GA3D/ARCHI_ESG_GA3D_écrit été.pdf
88306,23797,ARCHI_ESG_GA3D_écrit septembre.pdf,ESG/2022/GA3D/ARCHI_ESG_GA3D_écrit septembre.pdf
88323,23797,CHIMI_ESG_GA3D_écrit été.pdf,ESG/2022/GA3D/CHIMI_ESG_GA3D_écrit été.pdf
88314,23797,CHIMI_ESG_GA3D_écrit septembre.pdf,ESG/2022/GA3D/CHIMI_ESG_GA3D_écrit septembre.pdf
88317,23797,CONMO_ESG_GA3D_GIG_GIN_GSN_GCC_GCG_GCG-SLP_GACV_GSE_GCF_GMM_écrit été.pdf,ESG/2022/GA3D/CONMO_ESG_GA3D_GIG_GIN_GSN_GCC_GCG_GCG-SLP_GACV_GSE_GCF_GMM_écrit été.pdf
88318,23797,CONMO_ESG_GA3D_GIG_GIN_GSN_GCC_GCG_GCG-SLP_GACV_GSE_GCF_GMM_écrit repêchage.pdf,ESG/2022/GA3D/CONMO_ESG_GA3D_GIG_GIN_GSN_GCC_GCG_GCG-SLP_GACV_GSE_GCF_GMM_écrit repêchage.pdf
88324,23797,CONST_ESG_GA3D_écrit été.pdf,ESG/2022/GA3D/CONST_ESG_GA3D_écrit été.pdf
88315,23797,DESGN_ESG_GA3D_écrit septembre.pdf,ESG/2022/GA3D/DESGN_ESG_GA3D_écrit septembre.pdf
88320,23797,DESGN_ESG_GA3D_écrit_été.pdf,ESG/2022/GA3D/DESGN_ESG_GA3D_écrit_été.pdf
88316,23797,DEVDU_ESG_GA3D_écrit été.pdf,ESG/2022/GA3D/DEVDU_ESG_GA3D_écrit été.pdf
88313,23797,DEVDU_ESG_GA3D_écrit_repêchage.pdf,ESG/2022/GA3D/DEVDU_ESG_GA3D_écrit_repêchage.pdf
88310,23797,FRANC_ESG_GA3D_GIG_GIN_GSE_GSN_écrit été.pdf,ESG/2022/GA3D/FRANC_ESG_GA3D_GIG_GIN_GSE_GSN_écrit été.pdf
88311,23797,FRANC_ESG_GA3D_GIG_GIN_GSE_GSN_écrit repêchage.pdf,ESG/2022/GA3D/FRANC_ESG_GA3D_GIG_GIN_GSE_GSN_écrit repêchage.pdf
88312,23797,MATHE_ESG_GA3D_écrit septembre.pdf,ESG/2022/GA3D/MATHE_ESG_GA3D_écrit septembre.pdf
88308,23797,MATHE_ESG_GA3D_écrit_été.pdf,ESG/2022/GA3D/MATHE_ESG_GA3D_écrit_été.pdf
88322,23797,PHYSI_ESG_GA3D_écrit été.pdf,ESG/2022/GA3D/PHYSI_ESG_GA3D_écrit été.pdf
88321,23797,QUEPH_ESG_GA3D-GSN-GSO écrit été.pdf,ESG/2022/GA3D/QUEPH_ESG_GA3D-GSN-GSO écrit été.pdf
88319,23797,QUEPH_ESG_GA3D-GSN-GSO écrit septembre.pdf,ESG/2022/GA3D/QUEPH_ESG_GA3D-GSN-GSO écrit septembre.pdf
23798,23704,GACV,ESG/2022/GACV
88330,23798,ALLEM_ESG_GA3D_GACV_GIG_GIN_GSE_GSN_écrit été.pdf,ESG/2022/GACV/ALLEM_ESG_GA3D_GACV_GIG_GIN_GSE_GSN_écrit été.pdf
88332,23798,ALLEM_ESG_GA3D_GACV_GIG_GIN_GSE_GSN_écrit_repêchage.pdf,ESG/2022/GACV/ALLEM_ESG_GA3D_GACV_GIG_GIN_GSE_GSN_écrit_repêchage.pdf
88327,23798,ANGLA_ESG_GA3D-GACV-GIG-GIN-GSE-GSN-GSO écrit.pdf,ESG/2022/GACV/ANGLA_ESG_GA3D-GACV-GIG-GIN-GSE-GSN-GSO écrit.pdf
88329,23798,ANGLA_ESG-GA3D-GACV-GIG-GIN-GSE-GSN-GSO septembre.pdf,ESG/2022/GACV/ANGLA_ESG-GA3D-GACV-GIG-GIN-GSE-GSN-GSO septembre.pdf
88337,23798,CHIMI_ESG_GACV_écrit été.pdf,ESG/2022/GACV/CHIMI_ESG_GACV_écrit été.pdf
88325,23798,COMGR_ESG_GACV_écrit été.pdf,ESG/2022/GACV/COMGR_ESG_GACV_écrit été.pdf
88328,23798,DESMA_ESG_GACV_écrit_été.pdf,ESG/2022/GACV/DESMA_ESG_GACV_écrit_été.pdf
88333,23798,FRANC_ESG_GACV_écrit été.pdf,ESG/2022/GACV/FRANC_ESG_GACV_écrit été.pdf
88336,23798,FRANC_ESG_GACV_écrit_été.pdf,ESG/2022/GACV/FRANC_ESG_GACV_écrit_été.pdf
88338,23798,HISAR_ESG_GACV_écrit été.pdf,ESG/2022/GACV/HISAR_ESG_GACV_écrit été.pdf
88335,23798,MATHE_ESG_GACV_écrit été.pdf,ESG/2022/GACV/MATHE_ESG_GACV_écrit été.pdf
88331,23798,MATHE_ESG_GACV_écrit septembre.pdf,ESG/2022/GACV/MATHE_ESG_GACV_écrit septembre.pdf
88334,23798,MATHE_ESG_GACV_écrit_repêchage.pdf,ESG/2022/GACV/MATHE_ESG_GACV_écrit_repêchage.pdf
88326,23798,PHYSI_ESG_GACV_écrit été.pdf,ESG/2022/GACV/PHYSI_ESG_GACV_écrit été.pdf
88339,23798,VOLCO_ESG_GACV_écrit.pdf,ESG/2022/GACV/VOLCO_ESG_GACV_écrit.pdf
23799,23704,GCC,ESG/2022/GCC
88340,23799,ALLEM_ESG_GCC-GCG-GCF-GMM-GSO écrit.pdf,ESG/2022/GCC/ALLEM_ESG_GCC-GCG-GCF-GMM-GSO écrit.pdf
88343,23799,ALLEM_ESG_GCC-GCG-GCF-GMM-GSO repêchage.pdf,ESG/2022/GCC/ALLEM_ESG_GCC-GCG-GCF-GMM-GSO repêchage.pdf
88342,23799,ALLEM_ESG_GCC-GCG-GSF-GMM-GSO septembre.pdf,ESG/2022/GCC/ALLEM_ESG_GCC-GCG-GSF-GMM-GSO septembre.pdf
88344,23799,ALLEM-A__ESG_GCC_GCG__écrit_mai.pdf,ESG/2022/GCC/ALLEM-A__ESG_GCC_GCG__écrit_mai.pdf
88341,23799,ALLEM-F_ESG_GCC_GCG_écrit_mai.pdf,ESG/2022/GCC/ALLEM-F_ESG_GCC_GCG_écrit_mai.pdf
88347,23799,ANGLA_ESG_GCC_GCG_GCG-SLP_GCF_GMM_écrit_mai.pdf,ESG/2022/GCC/ANGLA_ESG_GCC_GCG_GCG-SLP_GCF_GMM_écrit_mai.pdf
88348,23799,COMPT_ESG_GCC_écrit_mai..pdf,ESG/2022/GCC/COMPT_ESG_GCC_écrit_mai..pdf
88350,23799,CONMO_ESG_GA3D_GIG_GIN_GSN_GCC_GCG_GCG-SLP_GACV_GSE_GCF_GMM_écrit_juin.pdf,ESG/2022/GCC/CONMO_ESG_GA3D_GIG_GIN_GSN_GCC_GCG_GCG-SLP_GACV_GSE_GCF_GMM_écrit_juin.pdf
88352,23799,COPRH_ESG_GCC_écrit_mai.pdf,ESG/2022/GCC/COPRH_ESG_GCC_écrit_mai.pdf
88353,23799,ECOGE_ESG_GCC_GCG_GCG-SLP_écrit_juin_repêchage.pdf,ESG/2022/GCC/ECOGE_ESG_GCC_GCG_GCG-SLP_écrit_juin_repêchage.pdf
88351,23799,ECOGE_ESG_GCC_GCG_GCG-SLP_écrit_mai.pdf,ESG/2022/GCC/ECOGE_ESG_GCC_GCG_GCG-SLP_écrit_mai.pdf
88349,23799,ECOPO_ESG_GCC_GCG_GCG-SLP_GCF_GMM_écrit_mai.pdf,ESG/2022/GCC/ECOPO_ESG_GCC_GCG_GCG-SLP_GCF_GMM_écrit_mai.pdf
88345,23799,FRANC_ESG_GCC_GCG_GCF_GMM_écrit_mai.pdf,ESG/2022/GCC/FRANC_ESG_GCC_GCG_GCF_GMM_écrit_mai.pdf
88357,23799,FRANC_GCC_GCG_GCF_GMM_écrit..pdf,ESG/2022/GCC/FRANC_GCC_GCG_GCF_GMM_écrit..pdf
88358,23799,FRANC_GCC_GCG_GCF_GMM_écrit.pdf,ESG/2022/GCC/FRANC_GCC_GCG_GCF_GMM_écrit.pdf
88355,23799,FRANC_GCC_GCG_GCF_GMM_écrit_..pdf,ESG/2022/GCC/FRANC_GCC_GCG_GCF_GMM_écrit_..pdf
88356,23799,FRANC_GCC_GCG_GCF_GMM_écrit_.pdf,ESG/2022/GCC/FRANC_GCC_GCG_GCF_GMM_écrit_.pdf
88346,23799,ORGES_ESG_GCC_écrit_juin.pdf,ESG/2022/GCC/ORGES_ESG_GCC_écrit_juin.pdf
88354,23799,TINCO_ESG_GCC_écrit_juin.pdf,ESG/2022/GCC/TINCO_ESG_GCC_écrit_juin.pdf
23800,23704,GCF,ESG/2022/GCF
88361,23800,ALLEM_ESG_GCC-GCG-GCF-GMM-GSO écrit.pdf,ESG/2022/GCF/ALLEM_ESG_GCC-GCG-GCF-GMM-GSO écrit.pdf
88362,23800,ALLEM_ESG_GCC-GCG-GCF-GMM-GSO repêchage.pdf,ESG/2022/GCF/ALLEM_ESG_GCC-GCG-GCF-GMM-GSO repêchage.pdf
88363,23800,ALLEM_ESG_GCC-GCG-GSF-GMM-GSO septembre.pdf,ESG/2022/GCF/ALLEM_ESG_GCC-GCG-GSF-GMM-GSO septembre.pdf
88372,23800,ANAFI_ESG_GCF_écrit_mai.pdf,ESG/2022/GCF/ANAFI_ESG_GCF_écrit_mai.pdf
88370,23800,ANGLA_ESG_GCC_GCG_GCG-SLP_GCF_GMM_écrit_mai.pdf,ESG/2022/GCF/ANGLA_ESG_GCC_GCG_GCG-SLP_GCF_GMM_écrit_mai.pdf
88374,23800,CONMO_ESG_GA3D_GIG_GIN_GSN_GCC_GCG_GCG-SLP_GACV_GSE_GCF_GMM_écrit_juin.pdf,ESG/2022/GCF/CONMO_ESG_GA3D_GIG_GIN_GSN_GCC_GCG_GCG-SLP_GACV_GSE_GCF_GMM_écrit_juin.pdf
88376,23800,CONMO_ESG_GA3D_GIG_GIN_GSN_GCC_GCG_GCG-SLP_GACV_GSE_GCF_GMM_écrit_juin_repêchage.pdf,ESG/2022/GCF/CONMO_ESG_GA3D_GIG_GIN_GSN_GCC_GCG_GCG-SLP_GACV_GSE_GCF_GMM_écrit_juin_repêchage.pdf
88377,23800,ECOFN_ESG_GCF_écrit_mai.pdf,ESG/2022/GCF/ECOFN_ESG_GCF_écrit_mai.pdf
88367,23800,ECOPO_ESG_GCC_GCG_GCG-SLP_GCF_GMM_écrit_juin_repèchage.pdf,ESG/2022/GCF/ECOPO_ESG_GCC_GCG_GCG-SLP_GCF_GMM_écrit_juin_repèchage.pdf
88371,23800,ECOPO_ESG_GCC_GCG_GCG-SLP_GCF_GMM_écrit_mai.pdf,ESG/2022/GCF/ECOPO_ESG_GCC_GCG_GCG-SLP_GCF_GMM_écrit_mai.pdf
88369,23800,FRANC_ESG_GCC_GCG_GCF_GMM_écrit_juin_repêchage.pdf,ESG/2022/GCF/FRANC_ESG_GCC_GCG_GCF_GMM_écrit_juin_repêchage.pdf
88368,23800,FRANC_ESG_GCC_GCG_GCF_GMM_écrit_mai.pdf,ESG/2022/GCF/FRANC_ESG_GCC_GCG_GCF_GMM_écrit_mai.pdf
88359,23800,FRANC_GCC_GCG_GCF_GMM_écrit..pdf,ESG/2022/GCF/FRANC_GCC_GCG_GCF_GMM_écrit..pdf
88364,23800,FRANC_GCC_GCG_GCF_GMM_écrit.pdf,ESG/2022/GCF/FRANC_GCC_GCG_GCF_GMM_écrit.pdf
88360,23800,FRANC_GCC_GCG_GCF_GMM_écrit_..pdf,ESG/2022/GCF/FRANC_GCC_GCG_GCF_GMM_écrit_..pdf
88365,23800,FRANC_GCC_GCG_GCF_GMM_écrit_.pdf,ESG/2022/GCF/FRANC_GCC_GCG_GCF_GMM_écrit_.pdf
88373,23800,INFOR_ESG_GCF_écrit_mai.pdf,ESG/2022/GCF/INFOR_ESG_GCF_écrit_mai.pdf
88366,23800,MATHE_ESG_GCG_GCG-SLP_GCF_écrit_juin.pdf,ESG/2022/GCF/MATHE_ESG_GCG_GCG-SLP_GCF_écrit_juin.pdf
88375,23800,MATHE_ESG_GCG_GCG-SLP_GCF_écrit_juin_repêchage.pdf,ESG/2022/GCF/MATHE_ESG_GCG_GCG-SLP_GCF_écrit_juin_repêchage.pdf
23801,23704,GCG,ESG/2022/GCG
88380,23801,ALLEM_ESG_GCC-GCG-GCF-GMM-GSO écrit.pdf,ESG/2022/GCG/ALLEM_ESG_GCC-GCG-GCF-GMM-GSO écrit.pdf
88382,23801,ALLEM_ESG_GCC-GCG-GCF-GMM-GSO repêchage.pdf,ESG/2022/GCG/ALLEM_ESG_GCC-GCG-GCF-GMM-GSO repêchage.pdf
88381,23801,ALLEM_ESG_GCC-GCG-GSF-GMM-GSO septembre.pdf,ESG/2022/GCG/ALLEM_ESG_GCC-GCG-GSF-GMM-GSO septembre.pdf
88388,23801,ALLEM-A__ESG_GCC_GCG__écrit_mai.pdf,ESG/2022/GCG/ALLEM-A__ESG_GCC_GCG__écrit_mai.pdf
88389,23801,ANGLA_ESG_GCC_GCG_GCG-SLP_GCF_GMM_écrit_juin_repêchage.pdf,ESG/2022/GCG/ANGLA_ESG_GCC_GCG_GCG-SLP_GCF_GMM_écrit_juin_repêchage.pdf
88391,23801,ANGLA_ESG_GCC_GCG_GCG-SLP_GCF_GMM_écrit_mai.pdf,ESG/2022/GCG/ANGLA_ESG_GCC_GCG_GCG-SLP_GCF_GMM_écrit_mai.pdf
88400,23801,COMPT_ESG_GCG_GCG-SLP_écrit_juin_repêchage.pdf,ESG/2022/GCG/COMPT_ESG_GCG_GCG-SLP_écrit_juin_repêchage.pdf
88399,23801,COMPTA_ESG_GCG_GCG-SLP_écri_mai.pdf,ESG/2022/GCG/COMPTA_ESG_GCG_GCG-SLP_écri_mai.pdf
88394,23801,CONMO_ESG_GA3D_GIG_GIN_GSN_GCC_GCG_GCG-SLP_GACV_GSE_GCF_GMM_écrit_juin.pdf,ESG/2022/GCG/CONMO_ESG_GA3D_GIG_GIN_GSN_GCC_GCG_GCG-SLP_GACV_GSE_GCF_GMM_écrit_juin.pdf
88398,23801,CONMO_ESG_GA3DGIG_GIN_GSN_GCC_GCG_GCG-SLP_GACV_GSE_GCF_GMM_CONMO_écrit_juin_repêchage.pdf,ESG/2022/GCG/CONMO_ESG_GA3DGIG_GIN_GSN_GCC_GCG_GCG-SLP_GACV_GSE_GCF_GMM_CONMO_écrit_juin_repêchage.pdf
88401,23801,ECOGE_ESG_GCC_GCG_GCG-SLP_écrit_juin_repêchage.pdf,ESG/2022/GCG/ECOGE_ESG_GCC_GCG_GCG-SLP_écrit_juin_repêchage.pdf
88395,23801,ECOGE_ESG_GCC_GCG_GCG-SLP_écrit_mai.pdf,ESG/2022/GCG/ECOGE_ESG_GCC_GCG_GCG-SLP_écrit_mai.pdf
88385,23801,ECOPO_ESG_GCC_GCG_GCG-SLP_GCF_GMM_écrit_juin_repêchage.pdf,ESG/2022/GCG/ECOPO_ESG_GCC_GCG_GCG-SLP_GCF_GMM_écrit_juin_repêchage.pdf
88392,23801,ECOPO_ESG_GCC_GCG_GCG-SLP_GCF_GMM_écrit_mai.pdf,ESG/2022/GCG/ECOPO_ESG_GCC_GCG_GCG-SLP_GCF_GMM_écrit_mai.pdf
88387,23801,FRANC_ESG_GCC_GCG_GCF_GMM_écrit_juin_repêchage.pdf,ESG/2022/GCG/FRANC_ESG_GCC_GCG_GCF_GMM_écrit_juin_repêchage.pdf
88386,23801,FRANC_ESG_GCC_GCG_GCF_GMM_écrit_mai.pdf,ESG/2022/GCG/FRANC_ESG_GCC_GCG_GCF_GMM_écrit_mai.pdf
88378,23801,FRANC_GCC_GCG_GCF_GMM_écrit..pdf,ESG/2022/GCG/FRANC_GCC_GCG_GCF_GMM_écrit..pdf
88383,23801,FRANC_GCC_GCG_GCF_GMM_écrit.pdf,ESG/2022/GCG/FRANC_GCC_GCG_GCF_GMM_écrit.pdf
88379,23801,FRANC_GCC_GCG_GCF_GMM_écrit_..pdf,ESG/2022/GCG/FRANC_GCC_GCG_GCF_GMM_écrit_..pdf
88390,23801,FRANC_GCC_GCG_GCF_GMM_écrit_.pdf,ESG/2022/GCG/FRANC_GCC_GCG_GCF_GMM_écrit_.pdf
88397,23801,INFOR_ESG_GCG_GCG-SLP_écrit_juin_repêchage.pdf,ESG/2022/GCG/INFOR_ESG_GCG_GCG-SLP_écrit_juin_repêchage.pdf
88396,23801,INFOR_ESG_GCG_GCG-SLP_écrit_mai.pdf,ESG/2022/GCG/INFOR_ESG_GCG_GCG-SLP_écrit_mai.pdf
88384,23801,MATHE_ESG_GCG_GCG-SLP_GCF_écrit_juin.pdf,ESG/2022/GCG/MATHE_ESG_GCG_GCG-SLP_GCF_écrit_juin.pdf
88393,23801,MATHE_ESG_GCG_GCG-SLP_GCF_écrit_juin_repêchage.pdf,ESG/2022/GCG/MATHE_ESG_GCG_GCG-SLP_GCF_écrit_juin_repêchage.pdf
23802,23704,GED,ESG/2022/GED
88405,23802,GED_AEDSO_écrit.pdf,ESG/2022/GED/GED_AEDSO_écrit.pdf
88407,23802,GED_AEDSO_écrit_juin.pdf,ESG/2022/GED/GED_AEDSO_écrit_juin.pdf
88424,23802,GED_BIOLO_écrit.pdf,ESG/2022/GED/GED_BIOLO_écrit.pdf
88413,23802,GED_BIOLO_écrit_juin.pdf,ESG/2022/GED/GED_BIOLO_écrit_juin.pdf
88408,23802,GED_DEVEL_écrit.pdf,ESG/2022/GED/GED_DEVEL_écrit.pdf
88412,23802,GED_DEVEL_écrit_juin.pdf,ESG/2022/GED/GED_DEVEL_écrit_juin.pdf
88415,23802,GED_EDMED_écrit.pdf,ESG/2022/GED/GED_EDMED_écrit.pdf
88420,23802,GED_EDMED_écrit_juin.pdf,ESG/2022/GED/GED_EDMED_écrit_juin.pdf
88403,23802,GED_ETDDD_écrit.pdf,ESG/2022/GED/GED_ETDDD_écrit.pdf
88404,23802,GED_ETDDD_écrit_juin.pdf,ESG/2022/GED/GED_ETDDD_écrit_juin.pdf
88423,23802,GED_GSH_GSI_ALLEM_écrit.pdf,ESG/2022/GED/GED_GSH_GSI_ALLEM_écrit.pdf
88419,23802,GED_GSH_GSI_ALLEM_écrit_juin.pdf,ESG/2022/GED/GED_GSH_GSI_ALLEM_écrit_juin.pdf
88417,23802,GED_GSH_GSI_ANGLA_écrit.pdf,ESG/2022/GED/GED_GSH_GSI_ANGLA_écrit.pdf
88414,23802,GED_GSH_GSI_ANGLA_écrit_juin.pdf,ESG/2022/GED/GED_GSH_GSI_ANGLA_écrit_juin.pdf
88409,23802,GED_GSH_GSI_FRANC_écrit.pdf,ESG/2022/GED/GED_GSH_GSI_FRANC_écrit.pdf
88410,23802,GED_GSH_GSI_FRANC_écrit_juin.pdf,ESG/2022/GED/GED_GSH_GSI_FRANC_écrit_juin.pdf
88418,23802,GED_PEDAG_écrit juin.pdf,ESG/2022/GED/GED_PEDAG_écrit juin.pdf
88411,23802,GED_PEDAG_écrit.pdf,ESG/2022/GED/GED_PEDAG_écrit.pdf
88402,23802,GED_PRMPR_écrit.pdf,ESG/2022/GED/GED_PRMPR_écrit.pdf
88406,23802,GED_PSYCH_écrit.pdf,ESG/2022/GED/GED_PSYCH_écrit.pdf
88416,23802,GED_PSYCH_écrit_juin.pdf,ESG/2022/GED/GED_PSYCH_écrit_juin.pdf
88422,23802,GED_SOCIO_écrit.pdf,ESG/2022/GED/GED_SOCIO_écrit.pdf
88421,23802,GED_SOCIO_écrit_juin.pdf,ESG/2022/GED/GED_SOCIO_écrit_juin.pdf
23803,23704,GIG,ESG/2022/GIG
88429,23803,ALLEM_ESG_GA3D_GACV_GIG_GIN_GSE_GSN_écrit été.pdf,ESG/2022/GIG/ALLEM_ESG_GA3D_GACV_GIG_GIN_GSE_GSN_écrit été.pdf
88430,23803,ALLEM_ESG_GA3D_GACV_GIG_GIN_GSE_GSN_écrit_repêchage.pdf,ESG/2022/GIG/ALLEM_ESG_GA3D_GACV_GIG_GIN_GSE_GSN_écrit_repêchage.pdf
88438,23803,ANGLA_ESG_GA3D_GACV_GIG_GIN_GSE_GSN_GSO_écrit repêchage.pdf,ESG/2022/GIG/ANGLA_ESG_GA3D_GACV_GIG_GIN_GSE_GSN_GSO_écrit repêchage.pdf
88433,23803,ANGLA_ESG_GA3D-GACV-GIG-GIN-GSE-GSN-GSO écrit été.pdf,ESG/2022/GIG/ANGLA_ESG_GA3D-GACV-GIG-GIN-GSE-GSN-GSO écrit été.pdf
88436,23803,ANGLA-ESG-GA3D-GACV-GIG-GIN-GSE-GSN-GSO écrit_septembre.pdf,ESG/2022/GIG/ANGLA-ESG-GA3D-GACV-GIG-GIN-GSE-GSN-GSO écrit_septembre.pdf
88459,23803,CHIMI_ESG_GIG_CHIMI_écrit_été.pdf,ESG/2022/GIG/CHIMI_ESG_GIG_CHIMI_écrit_été.pdf
88451,23803,CHIMI_ESG_GIG_écrit septembre traduction.pdf,ESG/2022/GIG/CHIMI_ESG_GIG_écrit septembre traduction.pdf
88448,23803,CHIMI_ESG_GIG_écrit septembre.pdf,ESG/2022/GIG/CHIMI_ESG_GIG_écrit septembre.pdf
88461,23803,CHIMI_ESG_GIG_écrit_repêchage.pdf,ESG/2022/GIG/CHIMI_ESG_GIG_écrit_repêchage.pdf
88457,23803,CONMO_ESG_GA3D_GIG_GIN_GSN_GCC_GCG_GCG-SLP_GACV_GSE_GCF_GMM_écrit été.pdf,ESG/2022/GIG/CONMO_ESG_GA3D_GIG_GIN_GSN_GCC_GCG_GCG-SLP_GACV_GSE_GCF_GMM_écrit été.pdf
88458,23803,CONMO_ESG_GA3D_GIG_GIN_GSN_GCC_GCG_GCG-SLP_GACV_GSE_GCF_GMM_écrit repêchage.pdf,ESG/2022/GIG/CONMO_ESG_GA3D_GIG_GIN_GSN_GCC_GCG_GCG-SLP_GACV_GSE_GCF_GMM_écrit repêchage.pdf
88454,23803,ELETE_ESG_GIG_écrit été.pdf,ESG/2022/GIG/ELETE_ESG_GIG_écrit été.pdf
88446,23803,ELETE_ESG_GIG_écrit_été traduction.pdf,ESG/2022/GIG/ELETE_ESG_GIG_écrit_été traduction.pdf
88449,23803,ELETE_ESG_GIG_écrit_repêchage.pdf,ESG/2022/GIG/ELETE_ESG_GIG_écrit_repêchage.pdf
88445,23803,ELETE_ESG_GIG_ELETE_écrit septembre.pdf,ESG/2022/GIG/ELETE_ESG_GIG_ELETE_écrit septembre.pdf
88425,23803,FRANC_ESG_GA3D_GIG_GIN_GSE_GSN_écrit été.pdf,ESG/2022/GIG/FRANC_ESG_GA3D_GIG_GIN_GSE_GSN_écrit été.pdf
88428,23803,FRANC_ESG_GA3D_GIG_GIN_GSE_GSN_écrit repêchage.pdf,ESG/2022/GIG/FRANC_ESG_GA3D_GIG_GIN_GSE_GSN_écrit repêchage.pdf
88453,23803,INFOR_ESG_GIG_écrit septembre.pdf,ESG/2022/GIG/INFOR_ESG_GIG_écrit septembre.pdf
88460,23803,INFOR_ESG_GIG_INFOR_écrit été.pdf,ESG/2022/GIG/INFOR_ESG_GIG_INFOR_écrit été.pdf
88452,23803,INFOR_ESG_GIG_INFOR_écrit septembre.pdf,ESG/2022/GIG/INFOR_ESG_GIG_INFOR_écrit septembre.pdf
88443,23803,MATH1_ESG_GIG_GIN_écrit été.pdf,ESG/2022/GIG/MATH1_ESG_GIG_GIN_écrit été.pdf
88426,23803,MATH1_ESG_GIG_GIN_écrit repêchage.pdf,ESG/2022/GIG/MATH1_ESG_GIG_GIN_écrit repêchage.pdf
88427,23803,MATH1_ESG_GIG_GIN_écrit septembre.pdf,ESG/2022/GIG/MATH1_ESG_GIG_GIN_écrit septembre.pdf
88432,23803,MATH2_ESG_GIG_écrit été.pdf,ESG/2022/GIG/MATH2_ESG_GIG_écrit été.pdf
88447,23803,MATH2_ESG_GIG_écrit septembre.pdf,ESG/2022/GIG/MATH2_ESG_GIG_écrit septembre.pdf
88434,23803,MATH2_ESG_GIG_écrit_repêchage.pdf,ESG/2022/GIG/MATH2_ESG_GIG_écrit_repêchage.pdf
88450,23803,MECAN_ESG_GIG_écrit été.pdf,ESG/2022/GIG/MECAN_ESG_GIG_écrit été.pdf
88435,23803,MECAN_ESG_GIG_écrit traduction été.pdf,ESG/2022/GIG/MECAN_ESG_GIG_écrit traduction été.pdf
88455,23803,MECAN_ESG_GIG_écrit_repêchage.pdf,ESG/2022/GIG/MECAN_ESG_GIG_écrit_repêchage.pdf
88442,23803,PHYSI_ESG_GIG_écrit été traduction.pdf,ESG/2022/GIG/PHYSI_ESG_GIG_écrit été traduction.pdf
88456,23803,PHYSI_ESG_GIG_écrit été.pdf,ESG/2022/GIG/PHYSI_ESG_GIG_écrit été.pdf
88439,23803,PHYSI_ESG_GIG_écrit septembre repêchage.pdf,ESG/2022/GIG/PHYSI_ESG_GIG_écrit septembre repêchage.pdf
88444,23803,PHYSI_ESG_GIG_écrit septembre.pdf,ESG/2022/GIG/PHYSI_ESG_GIG_écrit septembre.pdf
88462,23803,PHYSI_ESG_GIG_écrit_repêchage.pdf,ESG/2022/GIG/PHYSI_ESG_GIG_écrit_repêchage.pdf
88431,23803,TECNO_ESG_GIG_écrit été.pdf,ESG/2022/GIG/TECNO_ESG_GIG_écrit été.pdf
88437,23803,TECNO_ESG_GIG_écrit repêchage.pdf,ESG/2022/GIG/TECNO_ESG_GIG_écrit repêchage.pdf
88440,23803,TECNO_ESG_GIG_écrit repêchage_traduction.pdf,ESG/2022/GIG/TECNO_ESG_GIG_écrit repêchage_traduction.pdf
88441,23803,TECNO_ESG_GIG_écrit_traduction été.pdf,ESG/2022/GIG/TECNO_ESG_GIG_écrit_traduction été.pdf
23804,23704,GIN,ESG/2022/GIN
88463,23804,ALLEM_ESG_GA3D_GACV_GIG_GIN_GSE_GSN_écrit été.pdf,ESG/2022/GIN/ALLEM_ESG_GA3D_GACV_GIG_GIN_GSE_GSN_écrit été.pdf
88466,23804,ALLEM_ESG_GA3D_GACV_GIG_GIN_GSE_GSN_écrit_repêchage.pdf,ESG/2022/GIN/ALLEM_ESG_GA3D_GACV_GIG_GIN_GSE_GSN_écrit_repêchage.pdf
88465,23804,ANGLA_ESG_GA3D_GACV_GIG_GIN_GSE_GSN_GSO_écrit repêchage.pdf,ESG/2022/GIN/ANGLA_ESG_GA3D_GACV_GIG_GIN_GSE_GSN_GSO_écrit repêchage.pdf
88464,23804,ANGLA_ESG_GA3D-GACV-GIG-GIN-GSE-GSN-GSO écrit été.pdf,ESG/2022/GIN/ANGLA_ESG_GA3D-GACV-GIG-GIN-GSE-GSN-GSO écrit été.pdf
88476,23804,ANGLA-ESG-GA3D-GACV-GIG-GIN-GSE-GSN-GSO écrit_septembre.pdf,ESG/2022/GIN/ANGLA-ESG-GA3D-GACV-GIG-GIN-GSE-GSN-GSO écrit_septembre.pdf
88478,23804,BASDO_ESG_GIN_écrit repêchage.pdf,ESG/2022/GIN/BASDO_ESG_GIN_écrit repêchage.pdf
88471,23804,BASDO_ESG_GIN_écrit septembre.pdf,ESG/2022/GIN/BASDO_ESG_GIN_écrit septembre.pdf
88482,23804,CONMO_ESG_GA3D_GIG_GIN_GSN_GCC_GCG_GCG-SLP_GACV_GSE_GCF_GMM_écrit été.pdf,ESG/2022/GIN/CONMO_ESG_GA3D_GIG_GIN_GSN_GCC_GCG_GCG-SLP_GACV_GSE_GCF_GMM_écrit été.pdf
88483,23804,CONMO_ESG_GA3D_GIG_GIN_GSN_GCC_GCG_GCG-SLP_GACV_GSE_GCF_GMM_écrit repêchage.pdf,ESG/2022/GIN/CONMO_ESG_GA3D_GIG_GIN_GSN_GCC_GCG_GCG-SLP_GACV_GSE_GCF_GMM_écrit repêchage.pdf
88470,23804,FRANC_ESG_GA3D_GIG_GIN_GSE_GSN_écrit été.pdf,ESG/2022/GIN/FRANC_ESG_GA3D_GIG_GIN_GSE_GSN_écrit été.pdf
88467,23804,FRANC_ESG_GA3D_GIG_GIN_GSE_GSN_écrit repêchage.pdf,ESG/2022/GIN/FRANC_ESG_GA3D_GIG_GIN_GSE_GSN_écrit repêchage.pdf
88480,23804,MATH1_ESG_GIG_GIN_écrit été.pdf,ESG/2022/GIN/MATH1_ESG_GIG_GIN_écrit été.pdf
88472,23804,MATH1_ESG_GIG_GIN_écrit repêchage.pdf,ESG/2022/GIN/MATH1_ESG_GIG_GIN_écrit repêchage.pdf
88477,23804,MATH1_ESG_GIG_GIN_écrit septembre.pdf,ESG/2022/GIN/MATH1_ESG_GIG_GIN_écrit septembre.pdf
88475,23804,MATH2_ESG_GIN_écrit été.pdf,ESG/2022/GIN/MATH2_ESG_GIN_écrit été.pdf
88474,23804,MATH2_ESG_GIN_écrit septembre.pdf,ESG/2022/GIN/MATH2_ESG_GIN_écrit septembre.pdf
88469,23804,MATH2_GIN_écrit_repêchage.pdf,ESG/2022/GIN/MATH2_GIN_écrit_repêchage.pdf
88481,23804,PROGR_ESG_GIN_écrit été.pdf,ESG/2022/GIN/PROGR_ESG_GIN_écrit été.pdf
88468,23804,SNTEC_ESG_GIN_écrit été.pdf,ESG/2022/GIN/SNTEC_ESG_GIN_écrit été.pdf
88473,23804,SNTEC_ESG_GIN_écrit septembre.pdf,ESG/2022/GIN/SNTEC_ESG_GIN_écrit septembre.pdf
88479,23804,TEINF_ESG_GIN_écrit été.pdf,ESG/2022/GIN/TEINF_ESG_GIN_écrit été.pdf
23805,23704,GMM,ESG/2022/GMM
88485,23805,ALLEM_ESG_GCC-GCG-GCF-GMM-GSO écrit.pdf,ESG/2022/GMM/ALLEM_ESG_GCC-GCG-GCF-GMM-GSO écrit.pdf
88488,23805,ALLEM_ESG_GCC-GCG-GCF-GMM-GSO repêchage.pdf,ESG/2022/GMM/ALLEM_ESG_GCC-GCG-GCF-GMM-GSO repêchage.pdf
88486,23805,ALLEM_ESG_GCC-GCG-GSF-GMM-GSO septembre.pdf,ESG/2022/GMM/ALLEM_ESG_GCC-GCG-GSF-GMM-GSO septembre.pdf
88493,23805,ANGLA_ESG_GCC_GCG_GCG-SLP_GCF_GMM_écrit_mai.pdf,ESG/2022/GMM/ANGLA_ESG_GCC_GCG_GCG-SLP_GCF_GMM_écrit_mai.pdf
88500,23805,COMEP_ESG_GMM_écrit_mai.pdf,ESG/2022/GMM/COMEP_ESG_GMM_écrit_mai.pdf
88498,23805,CONMO_ESG_GA3D_GIG_GIN_GSN_GCC_GCG_GCG-SLP_GACV_GSE_GCF_GMM_écrit_juin.pdf,ESG/2022/GMM/CONMO_ESG_GA3D_GIG_GIN_GSN_GCC_GCG_GCG-SLP_GACV_GSE_GCF_GMM_écrit_juin.pdf
88499,23805,CONMO_ESG_GA3D_GIG_GIN_GSN_GCC_GCG_GCG-SLP_GACV_GSE_GCF_GMM_écrit_juin_repêchage.pdf,ESG/2022/GMM/CONMO_ESG_GA3D_GIG_GIN_GSN_GCC_GCG_GCG-SLP_GACV_GSE_GCF_GMM_écrit_juin_repêchage.pdf
88490,23805,ECOPO_ESG_GCC_GCG_GCG-SLP_GCF_GMM_écrit_juin_repêchage.pdf,ESG/2022/GMM/ECOPO_ESG_GCC_GCG_GCG-SLP_GCF_GMM_écrit_juin_repêchage.pdf
88497,23805,ECOPO_ESG_GCC_GCG_GCG-SLP_GCF_GMM_écrit_mai.pdf,ESG/2022/GMM/ECOPO_ESG_GCC_GCG_GCG-SLP_GCF_GMM_écrit_mai.pdf
88495,23805,FRANC_ESG_GCC_GCG_GCF_GMM_écrit_juin_repêchage.pdf,ESG/2022/GMM/FRANC_ESG_GCC_GCG_GCF_GMM_écrit_juin_repêchage.pdf
88494,23805,FRANC_ESG_GCC_GCG_GCF_GMM_écrit_mai.pdf,ESG/2022/GMM/FRANC_ESG_GCC_GCG_GCF_GMM_écrit_mai.pdf
88487,23805,FRANC_GCC_GCG_GCF_GMM_écrit..pdf,ESG/2022/GMM/FRANC_GCC_GCG_GCF_GMM_écrit..pdf
88496,23805,FRANC_GCC_GCG_GCF_GMM_écrit.pdf,ESG/2022/GMM/FRANC_GCC_GCG_GCF_GMM_écrit.pdf
88484,23805,FRANC_GCC_GCG_GCF_GMM_écrit_..pdf,ESG/2022/GMM/FRANC_GCC_GCG_GCF_GMM_écrit_..pdf
88491,23805,FRANC_GCC_GCG_GCF_GMM_écrit_.pdf,ESG/2022/GMM/FRANC_GCC_GCG_GCF_GMM_écrit_.pdf
88492,23805,MARKB_ESG_GMM_écrit_mai.pdf,ESG/2022/GMM/MARKB_ESG_GMM_écrit_mai.pdf
88501,23805,MEDIP_ESG_GMM_écrit_juin.pdf,ESG/2022/GMM/MEDIP_ESG_GMM_écrit_juin.pdf
88489,23805,PROJM_ESG_GMM_PROJM_écrit_juin.pdf,ESG/2022/GMM/PROJM_ESG_GMM_PROJM_écrit_juin.pdf
23806,23704,GSE,ESG/2022/GSE
88518,23806,AEJDD1_ESG_GSE_AEJDD1_écrit été.pdf,ESG/2022/GSE/AEJDD1_ESG_GSE_AEJDD1_écrit été.pdf
88506,23806,AEJDD1_ESG_GSE_écrit septembre.pdf,ESG/2022/GSE/AEJDD1_ESG_GSE_écrit septembre.pdf
88504,23806,AEJDD2_ESG_GSE_écrit été.pdf,ESG/2022/GSE/AEJDD2_ESG_GSE_écrit été.pdf
88503,23806,AEJDD2_ESG_GSE_écrit septembre.pdf,ESG/2022/GSE/AEJDD2_ESG_GSE_écrit septembre.pdf
88505,23806,ALLEM_ESG_GA3D_GACV_GIG_GIN_GSE_GSN_écrit été.pdf,ESG/2022/GSE/ALLEM_ESG_GA3D_GACV_GIG_GIN_GSE_GSN_écrit été.pdf
88509,23806,ALLEM_ESG_GA3D_GACV_GIG_GIN_GSE_GSN_écrit_repêchage.pdf,ESG/2022/GSE/ALLEM_ESG_GA3D_GACV_GIG_GIN_GSE_GSN_écrit_repêchage.pdf
88507,23806,ANGLA_ESG_GA3D_GACV_GIG_GIN_GSE_GSN_GSO_écrit repêchage.pdf,ESG/2022/GSE/ANGLA_ESG_GA3D_GACV_GIG_GIN_GSE_GSN_GSO_écrit repêchage.pdf
88510,23806,ANGLA_ESG_GA3D-GACV-GIG-GIN-GSE-GSN-GSO écrit été.pdf,ESG/2022/GSE/ANGLA_ESG_GA3D-GACV-GIG-GIN-GSE-GSN-GSO écrit été.pdf
88508,23806,ANGLA-ESG-GA3D-GACV-GIG-GIN-GSE-GSN-GSO écrit_septembre.pdf,ESG/2022/GSE/ANGLA-ESG-GA3D-GACV-GIG-GIN-GSE-GSN-GSO écrit_septembre.pdf
88520,23806,CONMO_ESG_GA3D_GIG_GIN_GSN_GCC_GCG_GCG-SLP_GACV_GSE_GCF_GMM_écrit été.pdf,ESG/2022/GSE/CONMO_ESG_GA3D_GIG_GIN_GSN_GCC_GCG_GCG-SLP_GACV_GSE_GCF_GMM_écrit été.pdf
88521,23806,CONMO_ESG_GA3D_GIG_GIN_GSN_GCC_GCG_GCG-SLP_GACV_GSE_GCF_GMM_écrit repêchage.pdf,ESG/2022/GSE/CONMO_ESG_GA3D_GIG_GIN_GSN_GCC_GCG_GCG-SLP_GACV_GSE_GCF_GMM_écrit repêchage.pdf
88522,23806,ECOLO_ESG_GSE_écrit été.pdf,ESG/2022/GSE/ECOLO_ESG_GSE_écrit été.pdf
88516,23806,ECOLO_ESG_GSE_écrit septembre.pdf,ESG/2022/GSE/ECOLO_ESG_GSE_écrit septembre.pdf
88523,23806,ENTEC1_ESG_GSE_écrit été.pdf,ESG/2022/GSE/ENTEC1_ESG_GSE_écrit été.pdf
88512,23806,ENTEC2_ESG_GSE_écrit été.pdf,ESG/2022/GSE/ENTEC2_ESG_GSE_écrit été.pdf
88514,23806,FRANC_ESG_GA3D_GIG_GIN_GSE_GSN_écrit été.pdf,ESG/2022/GSE/FRANC_ESG_GA3D_GIG_GIN_GSE_GSN_écrit été.pdf
88517,23806,FRANC_ESG_GA3D_GIG_GIN_GSE_GSN_écrit repêchage.pdf,ESG/2022/GSE/FRANC_ESG_GA3D_GIG_GIN_GSE_GSN_écrit repêchage.pdf
88513,23806,MATHE_ESG_GSE_écrit été.pdf,ESG/2022/GSE/MATHE_ESG_GSE_écrit été.pdf
88515,23806,MATHE_ESG_GSE_écrit repêchage.pdf,ESG/2022/GSE/MATHE_ESG_GSE_écrit repêchage.pdf
88511,23806,MATHE_ESG_GSE_écrit septembre.pdf,ESG/2022/GSE/MATHE_ESG_GSE_écrit septembre.pdf
88519,23806,PHYSI_ESG_GSE_écrit été.pdf,ESG/2022/GSE/PHYSI_ESG_GSE_écrit été.pdf
88502,23806,PPREN_ESG_GSE_écrit été.pdf,ESG/2022/GSE/PPREN_ESG_GSE_écrit été.pdf
23807,23704,GSH,ESG/2022/GSH
88528,23807,ESG_GED_GSH_GSI_ALLEM_écrit_juin.pdf,ESG/2022/GSH/ESG_GED_GSH_GSI_ALLEM_écrit_juin.pdf
88530,23807,ESG_GED_GSH_GSI_ANGLA_écrit_juin.pdf,ESG/2022/GSH/ESG_GED_GSH_GSI_ANGLA_écrit_juin.pdf
88532,23807,ESG_GED_GSH_GSI_FRANC_écrit_juin.pdf,ESG/2022/GSH/ESG_GED_GSH_GSI_FRANC_écrit_juin.pdf
88538,23807,ESG_GSH_BIOHM_écrit_juin.pdf,ESG/2022/GSH/ESG_GSH_BIOHM_écrit_juin.pdf
88539,23807,ESG_GSH_CHIME_écrit_juin.pdf,ESG/2022/GSH/ESG_GSH_CHIME_écrit_juin.pdf
88527,23807,ESG_GSH_MATHE_écrit_juin.pdf,ESG/2022/GSH/ESG_GSH_MATHE_écrit_juin.pdf
88540,23807,ESG_GSH_PHYME_écrit_juin.pdf,ESG/2022/GSH/ESG_GSH_PHYME_écrit_juin.pdf
88535,23807,ESG_GSH_SCMED_écrit_juin.pdf,ESG/2022/GSH/ESG_GSH_SCMED_écrit_juin.pdf
88529,23807,ESG_GSH_SHUSA_écrit_juin.pdf,ESG/2022/GSH/ESG_GSH_SHUSA_écrit_juin.pdf
88536,23807,GED_GSH_GSI_ALLEM_écrit.pdf,ESG/2022/GSH/GED_GSH_GSI_ALLEM_écrit.pdf
88531,23807,GED_GSH_GSI_ANGLA_écrit.pdf,ESG/2022/GSH/GED_GSH_GSI_ANGLA_écrit.pdf
88524,23807,GED_GSH_GSI_FRANC_écrit.pdf,ESG/2022/GSH/GED_GSH_GSI_FRANC_écrit.pdf
88526,23807,GSH_BIOHM_écrit.pdf,ESG/2022/GSH/GSH_BIOHM_écrit.pdf
88537,23807,GSH_CHIME_écrit.pdf,ESG/2022/GSH/GSH_CHIME_écrit.pdf
88525,23807,GSH_MATHE_écrit.pdf,ESG/2022/GSH/GSH_MATHE_écrit.pdf
88534,23807,GSH_PHYME_écrit.pdf,ESG/2022/GSH/GSH_PHYME_écrit.pdf
88533,23807,GSH_SCMED_écrit.pdf,ESG/2022/GSH/GSH_SCMED_écrit.pdf
23808,23704,GSI,ESG/2022/GSI
88545,23808,ESG_GED_GSH_GSI_ALLEM_écrit_juin.pdf,ESG/2022/GSI/ESG_GED_GSH_GSI_ALLEM_écrit_juin.pdf
88544,23808,ESG_GED_GSH_GSI_ANGLA_écrit_juin.pdf,ESG/2022/GSI/ESG_GED_GSH_GSI_ANGLA_écrit_juin.pdf
88543,23808,ESG_GED_GSH_GSI_FRANC_écrit_juin.pdf,ESG/2022/GSI/ESG_GED_GSH_GSI_FRANC_écrit_juin.pdf
88554,23808,ESG_GSI_GSIF_BIOHU_écrit_juin.pdf,ESG/2022/GSI/ESG_GSI_GSIF_BIOHU_écrit_juin.pdf
88541,23808,ESG_GSI_GSIF_COSPI_écrit_juin.pdf,ESG/2022/GSI/ESG_GSI_GSIF_COSPI_écrit_juin.pdf
88547,23808,ESG_GSI_GSIF_SCHUS_écrit_juin.pdf,ESG/2022/GSI/ESG_GSI_GSIF_SCHUS_écrit_juin.pdf
88552,23808,ESG_GSI_GSIF_SCMED_écrit_juin.pdf,ESG/2022/GSI/ESG_GSI_GSIF_SCMED_écrit_juin.pdf
88550,23808,GED_GSH_GSI_ALLEM_écrit.pdf,ESG/2022/GSI/GED_GSH_GSI_ALLEM_écrit.pdf
88546,23808,GED_GSH_GSI_ANGLA_écrit.pdf,ESG/2022/GSI/GED_GSH_GSI_ANGLA_écrit.pdf
88542,23808,GED_GSH_GSI_FRANC_écrit.pdf,ESG/2022/GSI/GED_GSH_GSI_FRANC_écrit.pdf
88549,23808,GSI_GSIF_BIOHU_écrit.pdf,ESG/2022/GSI/GSI_GSIF_BIOHU_écrit.pdf
88551,23808,GSI_GSIF_BIOHU_écrit_traduction.pdf,ESG/2022/GSI/GSI_GSIF_BIOHU_écrit_traduction.pdf
88548,23808,GSI_GSIF_COSPI_écrit.pdf,ESG/2022/GSI/GSI_GSIF_COSPI_écrit.pdf
88553,23808,GSI_GSIF_SCMED_écrit.pdf,ESG/2022/GSI/GSI_GSIF_SCMED_écrit.pdf
23809,23704,GSN,ESG/2022/GSN
88557,23809,ALLEM_ESG_GA3D_GACV_GIG_GIN_GSE_GSN_écrit été.pdf,ESG/2022/GSN/ALLEM_ESG_GA3D_GACV_GIG_GIN_GSE_GSN_écrit été.pdf
88558,23809,ALLEM_ESG_GA3D_GACV_GIG_GIN_GSE_GSN_écrit_repêchage.pdf,ESG/2022/GSN/ALLEM_ESG_GA3D_GACV_GIG_GIN_GSE_GSN_écrit_repêchage.pdf
88560,23809,ANGLA_ESG_GA3D-GACV-GIG-GIN-GSE-GSN-GSO écrit été.pdf,ESG/2022/GSN/ANGLA_ESG_GA3D-GACV-GIG-GIN-GSE-GSN-GSO écrit été.pdf
88559,23809,ANGLA-ESG-GA3D-GACV-GIG-GIN-GSE-GSN-GSO écrit_septembre.pdf,ESG/2022/GSN/ANGLA-ESG-GA3D-GACV-GIG-GIN-GSE-GSN-GSO écrit_septembre.pdf
88570,23809,BIOLO_ESG_GSN_écrit été traduction.pdf,ESG/2022/GSN/BIOLO_ESG_GSN_écrit été traduction.pdf
88579,23809,BIOLO_ESG_GSN_écrit été.pdf,ESG/2022/GSN/BIOLO_ESG_GSN_écrit été.pdf
88572,23809,BIOLO_ESG_GSN_écrit septembre traduction.pdf,ESG/2022/GSN/BIOLO_ESG_GSN_écrit septembre traduction.pdf
88568,23809,BIOLO_ESG_GSN_écrit septembre.pdf,ESG/2022/GSN/BIOLO_ESG_GSN_écrit septembre.pdf
88581,23809,CHIMI_ESG_GSN_écrit  été.pdf,ESG/2022/GSN/CHIMI_ESG_GSN_écrit  été.pdf
88567,23809,CHIMI_ESG_GSN_écrit  septembre traduction.pdf,ESG/2022/GSN/CHIMI_ESG_GSN_écrit  septembre traduction.pdf
88573,23809,CHIMI_ESG_GSN_écrit  septembre.pdf,ESG/2022/GSN/CHIMI_ESG_GSN_écrit  septembre.pdf
88580,23809,CHIMI_ESG_GSN_écrit repêchage.pdf,ESG/2022/GSN/CHIMI_ESG_GSN_écrit repêchage.pdf
88566,23809,CONMO_ESG_GA3D_GIG_GIN_GSN_GCC_GCG_GCG-SLP_GACV_GSE_GCF_GMM_écrit été.pdf,ESG/2022/GSN/CONMO_ESG_GA3D_GIG_GIN_GSN_GCC_GCG_GCG-SLP_GACV_GSE_GCF_GMM_écrit été.pdf
88576,23809,CONMO_ESG_GA3D_GIG_GIN_GSN_GCC_GCG_GCG-SLP_GACV_GSE_GCF_GMM_écrit repêchage.pdf,ESG/2022/GSN/CONMO_ESG_GA3D_GIG_GIN_GSN_GCC_GCG_GCG-SLP_GACV_GSE_GCF_GMM_écrit repêchage.pdf
88555,23809,FRANC_ESG_GA3D_GIG_GIN_GSE_GSN_écrit été.pdf,ESG/2022/GSN/FRANC_ESG_GA3D_GIG_GIN_GSE_GSN_écrit été.pdf
88556,23809,FRANC_ESG_GA3D_GIG_GIN_GSE_GSN_écrit repêchage.pdf,ESG/2022/GSN/FRANC_ESG_GA3D_GIG_GIN_GSE_GSN_écrit repêchage.pdf
88571,23809,GEOGR_ESG_GSN_GEOGR_écrit été traduction.pdf,ESG/2022/GSN/GEOGR_ESG_GSN_GEOGR_écrit été traduction.pdf
88582,23809,GEOGR_ESG_GSN_GEOGR_écrit repêchage.pdf,ESG/2022/GSN/GEOGR_ESG_GSN_GEOGR_écrit repêchage.pdf
88564,23809,MATHE_ESG_GSN_écrit été.pdf,ESG/2022/GSN/MATHE_ESG_GSN_écrit été.pdf
88563,23809,MATHE_ESG_GSN_écrit repêchage.pdf,ESG/2022/GSN/MATHE_ESG_GSN_écrit repêchage.pdf
88562,23809,MATHE_ESG_GSN_écrit septembre.pdf,ESG/2022/GSN/MATHE_ESG_GSN_écrit septembre.pdf
88569,23809,PHYSI_ESG_GSN_écrit été traduction.pdf,ESG/2022/GSN/PHYSI_ESG_GSN_écrit été traduction.pdf
88575,23809,PHYSI_ESG_GSN_écrit été.pdf,ESG/2022/GSN/PHYSI_ESG_GSN_écrit été.pdf
88578,23809,PHYSI_ESG_GSN_écrit repêchage.pdf,ESG/2022/GSN/PHYSI_ESG_GSN_écrit repêchage.pdf
88561,23809,PHYSI_ESG_GSN_écrit septembre traduction.pdf,ESG/2022/GSN/PHYSI_ESG_GSN_écrit septembre traduction.pdf
88565,23809,PHYSI_ESG_GSN_écrit septembre.pdf,ESG/2022/GSN/PHYSI_ESG_GSN_écrit septembre.pdf
88577,23809,QUEPH_ESG_GA3D-GSN-GSO écrit.pdf,ESG/2022/GSN/QUEPH_ESG_GA3D-GSN-GSO écrit.pdf
88574,23809,QUEPH_ESG_GA3D-GSN-GSO septembre.pdf,ESG/2022/GSN/QUEPH_ESG_GA3D-GSN-GSO septembre.pdf
23810,23704,GSO,ESG/2022/GSO
88589,23810,ALLEM_ESG_GCC-GCG-GCF-GMM-GSO écrit.pdf,ESG/2022/GSO/ALLEM_ESG_GCC-GCG-GCF-GMM-GSO écrit.pdf
88595,23810,ALLEM_ESG_GCC-GCG-GCF-GMM-GSO repêchage.pdf,ESG/2022/GSO/ALLEM_ESG_GCC-GCG-GCF-GMM-GSO repêchage.pdf
88592,23810,ALLEM_ESG_GCC-GCG-GSF-GMM-GSO septembre.pdf,ESG/2022/GSO/ALLEM_ESG_GCC-GCG-GSF-GMM-GSO septembre.pdf
88593,23810,ANGLA_ESG_GA3D-GACV-GIG-GIN-GSE-GSN-GSO écrit.pdf,ESG/2022/GSO/ANGLA_ESG_GA3D-GACV-GIG-GIN-GSE-GSN-GSO écrit.pdf
88594,23810,ANGLA-ESG-GA3D-GACV-GIG-GIN-GSE-GSN-GSO septembre.pdf,ESG/2022/GSO/ANGLA-ESG-GA3D-GACV-GIG-GIN-GSE-GSN-GSO septembre.pdf
88607,23810,CONMO_ESG_GSO écrit.pdf,ESG/2022/GSO/CONMO_ESG_GSO écrit.pdf
88614,23810,CONMO_ESG_GSO repêchage.pdf,ESG/2022/GSO/CONMO_ESG_GSO repêchage.pdf
88616,23810,CONMO_ESG_GSO septembre.pdf,ESG/2022/GSO/CONMO_ESG_GSO septembre.pdf
88613,23810,CONMO_ESG_GSOAN écrit.pdf,ESG/2022/GSO/CONMO_ESG_GSOAN écrit.pdf
88612,23810,CONMO_ESG_GSOAN repêchage.pdf,ESG/2022/GSO/CONMO_ESG_GSOAN repêchage.pdf
88615,23810,CONMO_ESG_GSOAN_septembre.pdf,ESG/2022/GSO/CONMO_ESG_GSOAN_septembre.pdf
88609,23810,CONMO_ESG_GSOAN_septembre-repêchage.pdf,ESG/2022/GSO/CONMO_ESG_GSOAN_septembre-repêchage.pdf
88619,23810,ECOPO_ESG_GSO écrit.pdf,ESG/2022/GSO/ECOPO_ESG_GSO écrit.pdf
88621,23810,ECOPO_ESG_GSO repêchage.pdf,ESG/2022/GSO/ECOPO_ESG_GSO repêchage.pdf
88622,23810,ECOPO_ESG_GSO septembre.pdf,ESG/2022/GSO/ECOPO_ESG_GSO septembre.pdf
88604,23810,FRANC_ESG_GSO écrit.pdf,ESG/2022/GSO/FRANC_ESG_GSO écrit.pdf
88602,23810,FRANC_ESG_GSO repêchage.pdf,ESG/2022/GSO/FRANC_ESG_GSO repêchage.pdf
88583,23810,FRANC_ESG_GSO septembre.pdf,ESG/2022/GSO/FRANC_ESG_GSO septembre.pdf
88606,23810,MATHE_ESG_GSO écrit.pdf,ESG/2022/GSO/MATHE_ESG_GSO écrit.pdf
88601,23810,MATHE_ESG_GSO repêchage.pdf,ESG/2022/GSO/MATHE_ESG_GSO repêchage.pdf
88586,23810,MATHE_ESG_GSO septembre.pdf,ESG/2022/GSO/MATHE_ESG_GSO septembre.pdf
88603,23810,MATHE_ESG_GSO_septembre-repêchage.pdf,ESG/2022/GSO/MATHE_ESG_GSO_septembre-repêchage.pdf
88585,23810,MATHE_ESG_GSOAN écrit.pdf,ESG/2022/GSO/MATHE_ESG_GSOAN écrit.pdf
88600,23810,MATHE_ESG_GSOAN repêchage.pdf,ESG/2022/GSO/MATHE_ESG_GSOAN repêchage.pdf
88591,23810,MATHE_ESG_GSOAN_septembre.pdf,ESG/2022/GSO/MATHE_ESG_GSOAN_septembre.pdf
88596,23810,PEDAG_ESG_GSO écrit-v.allemande.pdf,ESG/2022/GSO/PEDAG_ESG_GSO écrit-v.allemande.pdf
88588,23810,PEDAG_ESG_GSO écrit-v.française.pdf,ESG/2022/GSO/PEDAG_ESG_GSO écrit-v.française.pdf
88608,23810,PEDAG_ESG_GSO repêchage v.allemande.pdf,ESG/2022/GSO/PEDAG_ESG_GSO repêchage v.allemande.pdf
88620,23810,PEDAG_ESG_GSO septembre v.allemande.pdf,ESG/2022/GSO/PEDAG_ESG_GSO septembre v.allemande.pdf
88584,23810,PEDAG_ESG_GSO septembre v.française.pdf,ESG/2022/GSO/PEDAG_ESG_GSO septembre v.française.pdf
88611,23810,PSYCO_ESG_GSO écrit.pdf,ESG/2022/GSO/PSYCO_ESG_GSO écrit.pdf
88618,23810,PSYCO_ESG_GSO septembte.pdf,ESG/2022/GSO/PSYCO_ESG_GSO septembte.pdf
88605,23810,PSYCO_ESG_GSO_septembre-repêchage.pdf,ESG/2022/GSO/PSYCO_ESG_GSO_septembre-repêchage.pdf
88623,23810,PYSCO_ESG_GSO repêchage.pdf,ESG/2022/GSO/PYSCO_ESG_GSO repêchage.pdf
88624,23810,QUEPH_ESG_GA3D-GSN-GSO écrit.pdf,ESG/2022/GSO/QUEPH_ESG_GA3D-GSN-GSO écrit.pdf
88617,23810,QUEPH_ESG_GA3D-GSN-GSO septembre.pdf,ESG/2022/GSO/QUEPH_ESG_GA3D-GSN-GSO septembre.pdf
88598,23810,SOCIO_ESG_GSO écrit-v.allemande.pdf,ESG/2022/GSO/SOCIO_ESG_GSO écrit-v.allemande.pdf
88590,23810,SOCIO_ESG_GSO écrit-v.française.pdf,ESG/2022/GSO/SOCIO_ESG_GSO écrit-v.française.pdf
88587,23810,SOCIO_ESG_GSO repêchage v.allemande.pdf,ESG/2022/GSO/SOCIO_ESG_GSO repêchage v.allemande.pdf
88597,23810,SOCIO_ESG_GSO repêchage v.française.pdf,ESG/2022/GSO/SOCIO_ESG_GSO repêchage v.française.pdf
88599,23810,SOCIO_ESG_GSO septembre v.allemande.pdf,ESG/2022/GSO/SOCIO_ESG_GSO septembre v.allemande.pdf
88610,23810,SOCIO_ESG_GSO septembre v.française.pdf,ESG/2022/GSO/SOCIO_ESG_GSO septembre v.française.pdf
24539,2001,2023,ESG/2023
24540,24539,GA3D,ESG/2023/GA3D
91738,24540,ALLEM_GA3D_ecrit_ajournement.pdf,ESG/2023/GA3D/ALLEM_GA3D_ecrit_ajournement.pdf
91740,24540,ALLEM_GA3D_ecrit_juin.pdf,ESG/2023/GA3D/ALLEM_GA3D_ecrit_juin.pdf
91739,24540,ALLEM_GA3D_ecrit_repechage.pdf,ESG/2023/GA3D/ALLEM_GA3D_ecrit_repechage.pdf
91736,24540,ANGLA_GA3D_ecrit_ajournement.pdf,ESG/2023/GA3D/ANGLA_GA3D_ecrit_ajournement.pdf
91748,24540,ANGLA_GA3D_ecrit_juin.pdf,ESG/2023/GA3D/ANGLA_GA3D_ecrit_juin.pdf
91751,24540,ANGLA_GA3D_ecrit_repechage(autonme).pdf,ESG/2023/GA3D/ANGLA_GA3D_ecrit_repechage(autonme).pdf
91750,24540,ANGLA_GA3D_ecrit_repechage.pdf,ESG/2023/GA3D/ANGLA_GA3D_ecrit_repechage.pdf
91744,24540,ARCHI_GA3D_ecrit_juin.pdf,ESG/2023/GA3D/ARCHI_GA3D_ecrit_juin.pdf
91737,24540,ARCHI_GA3D_ecrit_repechage.pdf,ESG/2023/GA3D/ARCHI_GA3D_ecrit_repechage.pdf
91758,24540,CHIMI_GA3D_ecrit_juin.pdf,ESG/2023/GA3D/CHIMI_GA3D_ecrit_juin.pdf
91753,24540,CONMO_GA3D_ecrit_ajournement.pdf,ESG/2023/GA3D/CONMO_GA3D_ecrit_ajournement.pdf
91752,24540,CONMO_GA3D_ecrit_juin.pdf,ESG/2023/GA3D/CONMO_GA3D_ecrit_juin.pdf
91754,24540,CONST_GA3D_ecrit_juin.pdf,ESG/2023/GA3D/CONST_GA3D_ecrit_juin.pdf
91759,24540,DESGN_GA3D_ecrit_juin.pdf,ESG/2023/GA3D/DESGN_GA3D_ecrit_juin.pdf
91741,24540,DEVDU_GA3D_ecrit_juin.pdf,ESG/2023/GA3D/DEVDU_GA3D_ecrit_juin.pdf
91742,24540,FRANC_GA3D_ecrit_ajournement.pdf,ESG/2023/GA3D/FRANC_GA3D_ecrit_ajournement.pdf
91743,24540,FRANC_GA3D_ecrit_juin.pdf,ESG/2023/GA3D/FRANC_GA3D_ecrit_juin.pdf
91746,24540,FRANC_GA3D_ecrit_repechage.pdf,ESG/2023/GA3D/FRANC_GA3D_ecrit_repechage.pdf
91747,24540,MATHE(ANALY)_GA3D_ecrit_ajournement.pdf,ESG/2023/GA3D/MATHE(ANALY)_GA3D_ecrit_ajournement.pdf
91745,24540,MATHE(ANALY)_GA3D_ecrit_juin.pdf,ESG/2023/GA3D/MATHE(ANALY)_GA3D_ecrit_juin.pdf
91755,24540,QUEPH_GA3D_ecrit_ajournement.pdf,ESG/2023/GA3D/QUEPH_GA3D_ecrit_ajournement.pdf
91760,24540,QUEPH_GA3D_ecrit_juin.pdf,ESG/2023/GA3D/QUEPH_GA3D_ecrit_juin.pdf
91757,24540,QUEPH_GA3D_ecrit_repechage.pdf,ESG/2023/GA3D/QUEPH_GA3D_ecrit_repechage.pdf
24541,24539,GACV,ESG/2023/GACV
91761,24541,ALLEM_GACV_ecrit_ajournement.pdf,ESG/2023/GACV/ALLEM_GACV_ecrit_ajournement.pdf
91762,24541,ALLEM_GACV_ecrit_juin.pdf,ESG/2023/GACV/ALLEM_GACV_ecrit_juin.pdf
91771,24541,ALLEM_GACV_ecrit_repechage.pdf,ESG/2023/GACV/ALLEM_GACV_ecrit_repechage.pdf
91764,24541,ANGLA_GACV_ecrit_ajournement.pdf,ESG/2023/GACV/ANGLA_GACV_ecrit_ajournement.pdf
91766,24541,ANGLA_GACV_ecrit_juin.pdf,ESG/2023/GACV/ANGLA_GACV_ecrit_juin.pdf
91775,24541,ANGLA_GACV_ecrit_repechage automne.pdf,ESG/2023/GACV/ANGLA_GACV_ecrit_repechage automne.pdf
91767,24541,ANGLA_GACV_ecrit_repechage.pdf,ESG/2023/GACV/ANGLA_GACV_ecrit_repechage.pdf
91770,24541,COMGR_GACV_ecrit_ajournement.pdf,ESG/2023/GACV/COMGR_GACV_ecrit_ajournement.pdf
91763,24541,COMGR_GACV_ecrit_juin.pdf,ESG/2023/GACV/COMGR_GACV_ecrit_juin.pdf
91784,24541,CONMO_GACV_ecrit_ajournement.pdf,ESG/2023/GACV/CONMO_GACV_ecrit_ajournement.pdf
91782,24541,CONMO_GACV_ecrit_juin.pdf,ESG/2023/GACV/CONMO_GACV_ecrit_juin.pdf
91772,24541,DEMAP_GACV_ecrit_juin.pdf,ESG/2023/GACV/DEMAP_GACV_ecrit_juin.pdf
91783,24541,FRANC_GACV_ecrit_juin.pdf,ESG/2023/GACV/FRANC_GACV_ecrit_juin.pdf
91773,24541,HISAR_GACV_ecrit_juin.pdf,ESG/2023/GACV/HISAR_GACV_ecrit_juin.pdf
91778,24541,LAMED_GACV_ecrit_ajournement.pdf,ESG/2023/GACV/LAMED_GACV_ecrit_ajournement.pdf
91765,24541,MATHE(ANALY)_GACV_ecrit_ajournement.pdf,ESG/2023/GACV/MATHE(ANALY)_GACV_ecrit_ajournement.pdf
92038,24541,MATHE(ANALY)_GACV_ecrit_juin.pdf,ESG/2023/GACV/MATHE(ANALY)_GACV_ecrit_juin.pdf
91781,24541,SCIEN(CHIMI)_GACV_ecrit_ajournement.pdf,ESG/2023/GACV/SCIEN(CHIMI)_GACV_ecrit_ajournement.pdf
91780,24541,SCIEN(CHIMI)_GACV_ecrit_juin.pdf,ESG/2023/GACV/SCIEN(CHIMI)_GACV_ecrit_juin.pdf
91774,24541,SCIEN(PHYSI)_GACV_ecrit_ajournement.pdf,ESG/2023/GACV/SCIEN(PHYSI)_GACV_ecrit_ajournement.pdf
91768,24541,SCIEN(PHYSI)_GACV_ecrit_juin.pdf,ESG/2023/GACV/SCIEN(PHYSI)_GACV_ecrit_juin.pdf
91785,24541,VOLCO_GACV_ecrit_ajournement.pdf,ESG/2023/GACV/VOLCO_GACV_ecrit_ajournement.pdf
91779,24541,VOLCO_GACV_ecrit_juin.pdf,ESG/2023/GACV/VOLCO_GACV_ecrit_juin.pdf
24561,24539,GCC,ESG/2023/GCC
92089,24561,ALLEM(A)_GCC_ecrit_juin.pdf,ESG/2023/GCC/ALLEM(A)_GCC_ecrit_juin.pdf
92090,24561,ALLEM(F)_GCC_ecrit_juin.pdf,ESG/2023/GCC/ALLEM(F)_GCC_ecrit_juin.pdf
92094,24561,ALLEM_GCC_écrit_juin.pdf,ESG/2023/GCC/ALLEM_GCC_écrit_juin.pdf
92093,24561,ALLEM_GCC_ecrit_repêchage.pdf,ESG/2023/GCC/ALLEM_GCC_ecrit_repêchage.pdf
92096,24561,ANGLA_GCC_ecrit_juin.pdf,ESG/2023/GCC/ANGLA_GCC_ecrit_juin.pdf
92097,24561,ANGLA_GCC_ecrit_repêchage.pdf,ESG/2023/GCC/ANGLA_GCC_ecrit_repêchage.pdf
92102,24561,COMPT_GCC_ecrit_juin.pdf,ESG/2023/GCC/COMPT_GCC_ecrit_juin.pdf
92100,24561,CONMO_GCC_ecrit_juin.pdf,ESG/2023/GCC/CONMO_GCC_ecrit_juin.pdf
92101,24561,CONMO_GCC_ecrit_repêchage.pdf,ESG/2023/GCC/CONMO_GCC_ecrit_repêchage.pdf
92103,24561,COPRH_GCC_ecrit_juin.pdf,ESG/2023/GCC/COPRH_GCC_ecrit_juin.pdf
92104,24561,ECOGE_GCC_ecrit_juin.pdf,ESG/2023/GCC/ECOGE_GCC_ecrit_juin.pdf
92095,24561,ECOPO_GCC_écrit_juin.pdf,ESG/2023/GCC/ECOPO_GCC_écrit_juin.pdf
92098,24561,ECOPO_GCC_ecrit_repêchage.pdf,ESG/2023/GCC/ECOPO_GCC_ecrit_repêchage.pdf
92091,24561,FRANC_GCC_ecrit_juin.pdf,ESG/2023/GCC/FRANC_GCC_ecrit_juin.pdf
92092,24561,FRANC_GCC_ecrit_repêchage.pdf,ESG/2023/GCC/FRANC_GCC_ecrit_repêchage.pdf
92099,24561,ORGES_GCC_ecrit_juin.pdf,ESG/2023/GCC/ORGES_GCC_ecrit_juin.pdf
24562,24539,GCF,ESG/2023/GCF
92105,24562,ALLEM(A)_GCF_ecrit_juin.pdf,ESG/2023/GCF/ALLEM(A)_GCF_ecrit_juin.pdf
92106,24562,ALLEM_GCF_écrit_juin.pdf,ESG/2023/GCF/ALLEM_GCF_écrit_juin.pdf
92107,24562,ALLEM_GCF_ecrit_repêchage.pdf,ESG/2023/GCF/ALLEM_GCF_ecrit_repêchage.pdf
92119,24562,ANAFI_GCF_ecrit_juin.pdf,ESG/2023/GCF/ANAFI_GCF_ecrit_juin.pdf
92113,24562,ANGLA_GCF_ecrit_juin.pdf,ESG/2023/GCF/ANGLA_GCF_ecrit_juin.pdf
92111,24562,ANGLA_GCF_ecrit_repêchage.pdf,ESG/2023/GCF/ANGLA_GCF_ecrit_repêchage.pdf
92116,24562,CONMO_GCF_ecrit_juin.pdf,ESG/2023/GCF/CONMO_GCF_ecrit_juin.pdf
92118,24562,CONMO_GCF_ecrit_repêchage.pdf,ESG/2023/GCF/CONMO_GCF_ecrit_repêchage.pdf
92117,24562,ECOFN_GCF_ecrit_juin.pdf,ESG/2023/GCF/ECOFN_GCF_ecrit_juin.pdf
92112,24562,ECOPO_GCF_écrit_juin.pdf,ESG/2023/GCF/ECOPO_GCF_écrit_juin.pdf
92114,24562,ECOPO_GCF_ecrit_repêchage.pdf,ESG/2023/GCF/ECOPO_GCF_ecrit_repêchage.pdf
92110,24562,FRANC_GCF_ecrit_juin.pdf,ESG/2023/GCF/FRANC_GCF_ecrit_juin.pdf
92108,24562,FRANC_GCF_ecrit_repêchage.pdf,ESG/2023/GCF/FRANC_GCF_ecrit_repêchage.pdf
92120,24562,INFOR_GCF_ecrit_juin.pdf,ESG/2023/GCF/INFOR_GCF_ecrit_juin.pdf
92109,24562,MATHE_GCF_ecrit_juin.pdf,ESG/2023/GCF/MATHE_GCF_ecrit_juin.pdf
92115,24562,MATHE_GCF_ecrit_repêchage.pdf,ESG/2023/GCF/MATHE_GCF_ecrit_repêchage.pdf
24563,24539,GCG,ESG/2023/GCG
92121,24563,ALLEM(A)_GCG_ecrit_juin.pdf,ESG/2023/GCG/ALLEM(A)_GCG_ecrit_juin.pdf
92129,24563,ALLEM(F)_GCG_ecrit_juin.pdf,ESG/2023/GCG/ALLEM(F)_GCG_ecrit_juin.pdf
92127,24563,ALLEM_GCG_écrit_juin.pdf,ESG/2023/GCG/ALLEM_GCG_écrit_juin.pdf
92126,24563,ALLEM_GCG_ecrit_repêchage.pdf,ESG/2023/GCG/ALLEM_GCG_ecrit_repêchage.pdf
92130,24563,ANGLA_GCG_ecrit_juin.pdf,ESG/2023/GCG/ANGLA_GCG_ecrit_juin.pdf
92124,24563,ANGLA_GCG_ecrit_repêchage.pdf,ESG/2023/GCG/ANGLA_GCG_ecrit_repêchage.pdf
92140,24563,COMPT_GCG_ecrit_juin.pdf,ESG/2023/GCG/COMPT_GCG_ecrit_juin.pdf
92137,24563,COMPT_GCG_ecrit_repêchage.pdf,ESG/2023/GCG/COMPT_GCG_ecrit_repêchage.pdf
92133,24563,CONMO_GCG_ecrit_juin.pdf,ESG/2023/GCG/CONMO_GCG_ecrit_juin.pdf
92134,24563,CONMO_GCG_ecrit_repêchage.pdf,ESG/2023/GCG/CONMO_GCG_ecrit_repêchage.pdf
92139,24563,ECOGE_GCG_ecrit_juin.pdf,ESG/2023/GCG/ECOGE_GCG_ecrit_juin.pdf
92138,24563,ECOGE_GCG_ecrit_repêchage.pdf,ESG/2023/GCG/ECOGE_GCG_ecrit_repêchage.pdf
92125,24563,ECOPO_GCG_écrit_juin.pdf,ESG/2023/GCG/ECOPO_GCG_écrit_juin.pdf
92132,24563,ECOPO_GCG_ecrit_repêchage.pdf,ESG/2023/GCG/ECOPO_GCG_ecrit_repêchage.pdf
92123,24563,FRANC_GCG_ecrit_juin.pdf,ESG/2023/GCG/FRANC_GCG_ecrit_juin.pdf
92122,24563,FRANC_GCG_ecrit_repêchage.pdf,ESG/2023/GCG/FRANC_GCG_ecrit_repêchage.pdf
92135,24563,INFOR_GCG_ecrit_juin.pdf,ESG/2023/GCG/INFOR_GCG_ecrit_juin.pdf
92136,24563,INFOR_GCG_ecrit_repêchage.pdf,ESG/2023/GCG/INFOR_GCG_ecrit_repêchage.pdf
92128,24563,MATHE_GCG_ecrit_juin.pdf,ESG/2023/GCG/MATHE_GCG_ecrit_juin.pdf
92131,24563,MATHE_GCG_ecrit_repêchage.pdf,ESG/2023/GCG/MATHE_GCG_ecrit_repêchage.pdf
24564,24539,GCGANGDF,ESG/2023/GCGANGDF
92147,24564,ALLEM(A)_GCG_ANGDF_ecrit_juin.pdf,ESG/2023/GCGANGDF/ALLEM(A)_GCG_ANGDF_ecrit_juin.pdf
92144,24564,ALLEM_GCG_ANGDF_écrit_juin.pdf,ESG/2023/GCGANGDF/ALLEM_GCG_ANGDF_écrit_juin.pdf
92146,24564,ALLEM_GCG_ANGDF_ecrit_repêchage.pdf,ESG/2023/GCGANGDF/ALLEM_GCG_ANGDF_ecrit_repêchage.pdf
92149,24564,ANGLA_GCG_ANGDF_ecrit_juin.pdf,ESG/2023/GCGANGDF/ANGLA_GCG_ANGDF_ecrit_juin.pdf
92148,24564,ANGLA_GCG_ANGDF_ecrit_repêchage.pdf,ESG/2023/GCGANGDF/ANGLA_GCG_ANGDF_ecrit_repêchage.pdf
92158,24564,COMPT_GCG_ANGDF_ecrit_juin.pdf,ESG/2023/GCGANGDF/COMPT_GCG_ANGDF_ecrit_juin.pdf
92157,24564,COMPT_GCG_ANGDF_ecrit_repêchage.pdf,ESG/2023/GCGANGDF/COMPT_GCG_ANGDF_ecrit_repêchage.pdf
92152,24564,CONMO_GCG_ANGDF_ecrit_juin.pdf,ESG/2023/GCGANGDF/CONMO_GCG_ANGDF_ecrit_juin.pdf
92153,24564,CONMO_GCG_ANGDF_ecrit_repêchage.pdf,ESG/2023/GCGANGDF/CONMO_GCG_ANGDF_ecrit_repêchage.pdf
92159,24564,ECOGE_GCG_ANGDF_ecrit_juin.pdf,ESG/2023/GCGANGDF/ECOGE_GCG_ANGDF_ecrit_juin.pdf
92154,24564,ECOGE_GCG_ANGDF_ecrit_repêchage.pdf,ESG/2023/GCGANGDF/ECOGE_GCG_ANGDF_ecrit_repêchage.pdf
92150,24564,ECOPO_GCG_ANGDF_écrit_juin.pdf,ESG/2023/GCGANGDF/ECOPO_GCG_ANGDF_écrit_juin.pdf
92141,24564,ECOPO_GCG_ANGDF_ecrit_repêchage.pdf,ESG/2023/GCGANGDF/ECOPO_GCG_ANGDF_ecrit_repêchage.pdf
92142,24564,FRANC_GCG_ANGDF_ecrit_juin.pdf,ESG/2023/GCGANGDF/FRANC_GCG_ANGDF_ecrit_juin.pdf
92145,24564,FRANC_GCG_ANGDF_ecrit_repêchage.pdf,ESG/2023/GCGANGDF/FRANC_GCG_ANGDF_ecrit_repêchage.pdf
92156,24564,INFOR_GCG_ANGDF_ecrit_juin.pdf,ESG/2023/GCGANGDF/INFOR_GCG_ANGDF_ecrit_juin.pdf
92155,24564,INFOR_GCG_ANGDF_ecrit_repêchage.pdf,ESG/2023/GCGANGDF/INFOR_GCG_ANGDF_ecrit_repêchage.pdf
92143,24564,MATHE_GCG_ANGDF_ecrit_juin.pdf,ESG/2023/GCGANGDF/MATHE_GCG_ANGDF_ecrit_juin.pdf
92151,24564,MATHE_GCG_ANGDF_ecrit_repêchage.pdf,ESG/2023/GCGANGDF/MATHE_GCG_ANGDF_ecrit_repêchage.pdf
24565,24539,GCGSL,ESG/2023/GCGSL
92160,24565,ANGLA_GCGSL_ecrit_juin.pdf,ESG/2023/GCGSL/ANGLA_GCGSL_ecrit_juin.pdf
92161,24565,ANGLA_GCGSL_ecrit_repêchage.pdf,ESG/2023/GCGSL/ANGLA_GCGSL_ecrit_repêchage.pdf
92166,24565,COMPT_GCGSL_ecrit_juin.pdf,ESG/2023/GCGSL/COMPT_GCGSL_ecrit_juin.pdf
92170,24565,COMPT_GCGSL_ecrit_repêchage.pdf,ESG/2023/GCGSL/COMPT_GCGSL_ecrit_repêchage.pdf
92171,24565,ECOGE_GCGSL_ecrit_juin.pdf,ESG/2023/GCGSL/ECOGE_GCGSL_ecrit_juin.pdf
92163,24565,ECOPO_GCGSL_écrit_juin.pdf,ESG/2023/GCGSL/ECOPO_GCGSL_écrit_juin.pdf
92167,24565,ECOPO_GCGSL_ecrit_repêchage.pdf,ESG/2023/GCGSL/ECOPO_GCGSL_ecrit_repêchage.pdf
92164,24565,FRANC_GCGSL_ecrit_juin.pdf,ESG/2023/GCGSL/FRANC_GCGSL_ecrit_juin.pdf
92169,24565,INFOR_GCGSL_ecrit_juin.pdf,ESG/2023/GCGSL/INFOR_GCGSL_ecrit_juin.pdf
92168,24565,INFOR_GCGSL_ecrit_repêchage.pdf,ESG/2023/GCGSL/INFOR_GCGSL_ecrit_repêchage.pdf
92162,24565,MATHE_GCGSL_ecrit_juin.pdf,ESG/2023/GCGSL/MATHE_GCGSL_ecrit_juin.pdf
92165,24565,MATHE_GCGSL_ecrit_repêchage.pdf,ESG/2023/GCGSL/MATHE_GCGSL_ecrit_repêchage.pdf
24567,24539,GEA,ESG/2023/GEA
92196,24567,ANGLA_GEA__ecrit_juin.pdf,ESG/2023/GEA/ANGLA_GEA__ecrit_juin.pdf
92190,24567,Form Pratique_GEA_ecrit_juin.pdf,ESG/2023/GEA/Form Pratique_GEA_ecrit_juin.pdf
92191,24567,FRANC_GEA_ecrit_juin.pdf,ESG/2023/GEA/FRANC_GEA_ecrit_juin.pdf
92195,24567,MATHE_GEA_écrit_juin.pdf,ESG/2023/GEA/MATHE_GEA_écrit_juin.pdf
92192,24567,MEDCOM_GEA_écrit_juin.pdf,ESG/2023/GEA/MEDCOM_GEA_écrit_juin.pdf
92194,24567,PEDAGOGIE_GEA_ecrit_juin.pdf,ESG/2023/GEA/PEDAGOGIE_GEA_ecrit_juin.pdf
92193,24567,PHILO_GEA_écrit_juin.pdf,ESG/2023/GEA/PHILO_GEA_écrit_juin.pdf
92197,24567,PSYCHO_GEA_ecrit_juin.pdf,ESG/2023/GEA/PSYCHO_GEA_ecrit_juin.pdf
92199,24567,SCNAT_GEA_écrit_juin.pdf,ESG/2023/GEA/SCNAT_GEA_écrit_juin.pdf
92198,24567,SIOCIO_GEA_écrit_juin.pdf,ESG/2023/GEA/SIOCIO_GEA_écrit_juin.pdf
24542,24539,GED,ESG/2023/GED
91793,24542,AALLEM_GED_ecrit_repechage.pdf,ESG/2023/GED/AALLEM_GED_ecrit_repechage.pdf
91786,24542,ALLEM_GED_ecrit_juin.pdf,ESG/2023/GED/ALLEM_GED_ecrit_juin.pdf
92039,24542,ANGLA_GED_ecrit_juin.pdf,ESG/2023/GED/ANGLA_GED_ecrit_juin.pdf
91800,24542,ANGLA_GED_ecrit_repechage.pdf,ESG/2023/GED/ANGLA_GED_ecrit_repechage.pdf
91791,24542,BIOLO_GED_ecrit_juin.pdf,ESG/2023/GED/BIOLO_GED_ecrit_juin.pdf
91795,24542,DEVEL_GED_ecrit_juin.pdf,ESG/2023/GED/DEVEL_GED_ecrit_juin.pdf
91787,24542,EDMED_GED_ecrit_juin.pdf,ESG/2023/GED/EDMED_GED_ecrit_juin.pdf
91798,24542,ETDDD_GED_ecrit_juin.pdf,ESG/2023/GED/ETDDD_GED_ecrit_juin.pdf
91794,24542,FRANC_GED_ecrit_repechage.pdf,ESG/2023/GED/FRANC_GED_ecrit_repechage.pdf
91797,24542,PEDAG_GED_ecrit_juin.pdf,ESG/2023/GED/PEDAG_GED_ecrit_juin.pdf
91792,24542,PEDAG_GED_ecrit_repechage.pdf,ESG/2023/GED/PEDAG_GED_ecrit_repechage.pdf
91796,24542,PSYCH_GED_ecrit_juin.pdf,ESG/2023/GED/PSYCH_GED_ecrit_juin.pdf
91790,24542,PSYCH_GED_ecrit_repechage.pdf,ESG/2023/GED/PSYCH_GED_ecrit_repechage.pdf
91788,24542,SOAES(AEDSO)_GED_ecrit_juin.pdf,ESG/2023/GED/SOAES(AEDSO)_GED_ecrit_juin.pdf
91789,24542,SOAES(SOCIO)_GED_ecrit_juin.pdf,ESG/2023/GED/SOAES(SOCIO)_GED_ecrit_juin.pdf
24543,24539,GGH,ESG/2023/GGH
91802,24543,ANGLA_GGH_ecrit_juin.pdf,ESG/2023/GGH/ANGLA_GGH_ecrit_juin.pdf
91805,24543,ARTCU_GGH_ecrit_juin.pdf,ESG/2023/GGH/ARTCU_GGH_ecrit_juin.pdf
91807,24543,FRANC_GGH_ecrit_juin.pdf,ESG/2023/GGH/FRANC_GGH_ecrit_juin.pdf
91809,24543,GEOTO_GGH_ecrit_ajournement.pdf,ESG/2023/GGH/GEOTO_GGH_ecrit_ajournement.pdf
91810,24543,GEOTO_GGH_ecrit_juin.pdf,ESG/2023/GGH/GEOTO_GGH_ecrit_juin.pdf
91811,24543,GESHO_GGH_ecrit_juin.pdf,ESG/2023/GGH/GESHO_GGH_ecrit_juin.pdf
91808,24543,GESOP_GGH_ecrit_juin.pdf,ESG/2023/GGH/GESOP_GGH_ecrit_juin.pdf
91804,24543,GESRE_GGH_ecrit_juin.pdf,ESG/2023/GGH/GESRE_GGH_ecrit_juin.pdf
91806,24543,MAINF_GGH_ecrit_ajournement.pdf,ESG/2023/GGH/MAINF_GGH_ecrit_ajournement.pdf
91803,24543,MAINF_GGH_ecrit_juin.pdf,ESG/2023/GGH/MAINF_GGH_ecrit_juin.pdf
24544,24539,GIG,ESG/2023/GIG
91821,24544,ALLEM_GIG_ecrit_ajournement.pdf,ESG/2023/GIG/ALLEM_GIG_ecrit_ajournement.pdf
91818,24544,ALLEM_GIG_ecrit_juin.pdf,ESG/2023/GIG/ALLEM_GIG_ecrit_juin.pdf
91820,24544,ALLEM_GIG_ecrit_repechage.pdf,ESG/2023/GIG/ALLEM_GIG_ecrit_repechage.pdf
91834,24544,ANGLA_GIG_ecrit_ajournement.pdf,ESG/2023/GIG/ANGLA_GIG_ecrit_ajournement.pdf
91833,24544,ANGLA_GIG_ecrit_juin.pdf,ESG/2023/GIG/ANGLA_GIG_ecrit_juin.pdf
91843,24544,ANGLA_GIG_ecrit_repechage automne.pdf,ESG/2023/GIG/ANGLA_GIG_ecrit_repechage automne.pdf
91814,24544,ANGLA_GIG_ecrit_repechage.pdf,ESG/2023/GIG/ANGLA_GIG_ecrit_repechage.pdf
91850,24544,CHIMI_GIG_ecrit_ajournement.pdf,ESG/2023/GIG/CHIMI_GIG_ecrit_ajournement.pdf
91842,24544,CHIMI_GIG_ecrit_juin (2).pdf,ESG/2023/GIG/CHIMI_GIG_ecrit_juin (2).pdf
91845,24544,CHIMI_GIG_ecrit_juin.pdf,ESG/2023/GIG/CHIMI_GIG_ecrit_juin.pdf
91824,24544,CHIMI_GIG_ecrit_repechage (2).pdf,ESG/2023/GIG/CHIMI_GIG_ecrit_repechage (2).pdf
91831,24544,CHIMI_GIG_ecrit_repechage.pdf,ESG/2023/GIG/CHIMI_GIG_ecrit_repechage.pdf
91830,24544,CHMI_GIG_ecrit_ajournement.pdf,ESG/2023/GIG/CHMI_GIG_ecrit_ajournement.pdf
91844,24544,CONMO_GIG_ecrit_ajournement.pdf,ESG/2023/GIG/CONMO_GIG_ecrit_ajournement.pdf
91840,24544,CONMO_GIG_ecrit_juin.pdf,ESG/2023/GIG/CONMO_GIG_ecrit_juin.pdf
91838,24544,ELETE_GIG_ecrit_ajournement.pdf,ESG/2023/GIG/ELETE_GIG_ecrit_ajournement.pdf
91854,24544,ELETE_GIG_ecrit_juin (2).pdf,ESG/2023/GIG/ELETE_GIG_ecrit_juin (2).pdf
91837,24544,ELETE_GIG_ecrit_juin.pdf,ESG/2023/GIG/ELETE_GIG_ecrit_juin.pdf
91825,24544,ELETE_GIG_ecrit_repechage (2).pdf,ESG/2023/GIG/ELETE_GIG_ecrit_repechage (2).pdf
91835,24544,ELETE_GIG_ecrit_repechage.pdf,ESG/2023/GIG/ELETE_GIG_ecrit_repechage.pdf
91812,24544,FRANC_GIG_ecrit_ajournement.pdf,ESG/2023/GIG/FRANC_GIG_ecrit_ajournement.pdf
91822,24544,FRANC_GIG_ecrit_juin.pdf,ESG/2023/GIG/FRANC_GIG_ecrit_juin.pdf
91813,24544,FRANC_GIG_ecrit_repechage.pdf,ESG/2023/GIG/FRANC_GIG_ecrit_repechage.pdf
91859,24544,INFOR_GIG_ecrit_ajournement.pdf,ESG/2023/GIG/INFOR_GIG_ecrit_ajournement.pdf
91855,24544,INFOR_GIG_ecrit_juin.pdf,ESG/2023/GIG/INFOR_GIG_ecrit_juin.pdf
91858,24544,INFOR_GIG_ecrit_repechage.pdf,ESG/2023/GIG/INFOR_GIG_ecrit_repechage.pdf
91816,24544,MATHE(MATH1)_GIG_ecrit_ajournement.pdf,ESG/2023/GIG/MATHE(MATH1)_GIG_ecrit_ajournement.pdf
91856,24544,MATHE(MATH1)_GIG_ecrit_juin.pdf,ESG/2023/GIG/MATHE(MATH1)_GIG_ecrit_juin.pdf
91815,24544,MATHE(MATH2)_GIG_ecrit_ajournement.pdf,ESG/2023/GIG/MATHE(MATH2)_GIG_ecrit_ajournement.pdf
91841,24544,MATHE(MATH2)_GIG_ecrit_juin.pdf,ESG/2023/GIG/MATHE(MATH2)_GIG_ecrit_juin.pdf
91857,24544,MATHE(MATH2)_GIG_ecrit_repechage.pdf,ESG/2023/GIG/MATHE(MATH2)_GIG_ecrit_repechage.pdf
91829,24544,MECAN_GIG_ecrit_ajournement.pdf,ESG/2023/GIG/MECAN_GIG_ecrit_ajournement.pdf
91836,24544,MECAN_GIG_ecrit_juin (2).pdf,ESG/2023/GIG/MECAN_GIG_ecrit_juin (2).pdf
91839,24544,MECAN_GIG_ecrit_juin.pdf,ESG/2023/GIG/MECAN_GIG_ecrit_juin.pdf
91819,24544,MECAN_GIG_ecrit_repechage (2).pdf,ESG/2023/GIG/MECAN_GIG_ecrit_repechage (2).pdf
91823,24544,MECAN_GIG_ecrit_repechage.pdf,ESG/2023/GIG/MECAN_GIG_ecrit_repechage.pdf
91847,24544,PHYSI_GIG_ecrit_ajournement (2).pdf,ESG/2023/GIG/PHYSI_GIG_ecrit_ajournement (2).pdf
91849,24544,PHYSI_GIG_ecrit_ajournement.pdf,ESG/2023/GIG/PHYSI_GIG_ecrit_ajournement.pdf
92036,24544,PHYSI_GIG_ecrit_juin (2).pdf,ESG/2023/GIG/PHYSI_GIG_ecrit_juin (2).pdf
91851,24544,PHYSI_GIG_ecrit_juin.pdf,ESG/2023/GIG/PHYSI_GIG_ecrit_juin.pdf
91852,24544,PHYSI_GIG_ecrit_repechage (2).pdf,ESG/2023/GIG/PHYSI_GIG_ecrit_repechage (2).pdf
91848,24544,PHYSI_GIG_ecrit_repechage.pdf,ESG/2023/GIG/PHYSI_GIG_ecrit_repechage.pdf
91828,24544,TECNO_GIG_ecrit_juin (2).pdf,ESG/2023/GIG/TECNO_GIG_ecrit_juin (2).pdf
91832,24544,TECNO_GIG_ecrit_juin.pdf,ESG/2023/GIG/TECNO_GIG_ecrit_juin.pdf
91827,24544,TECNO_GIG_ecrit_repechage (2).pdf,ESG/2023/GIG/TECNO_GIG_ecrit_repechage (2).pdf
91817,24544,TECNO_GIG_ecrit_repechage automne.pdf,ESG/2023/GIG/TECNO_GIG_ecrit_repechage automne.pdf
91826,24544,TECNO_GIG_ecrit_repechage.pdf,ESG/2023/GIG/TECNO_GIG_ecrit_repechage.pdf
24545,24539,GIN,ESG/2023/GIN
91860,24545,ALLEM_GIN_ecrit_ajournement.pdf,ESG/2023/GIN/ALLEM_GIN_ecrit_ajournement.pdf
91868,24545,ALLEM_GIN_ecrit_juin.pdf,ESG/2023/GIN/ALLEM_GIN_ecrit_juin.pdf
91863,24545,ALLEM_GIN_ecrit_repechage.pdf,ESG/2023/GIN/ALLEM_GIN_ecrit_repechage.pdf
91871,24545,ANGLA_GIN_ecrit_ajournement.pdf,ESG/2023/GIN/ANGLA_GIN_ecrit_ajournement.pdf
91872,24545,ANGLA_GIN_ecrit_juin.pdf,ESG/2023/GIN/ANGLA_GIN_ecrit_juin.pdf
91876,24545,ANGLA_GIN_ecrit_repechage automne.pdf,ESG/2023/GIN/ANGLA_GIN_ecrit_repechage automne.pdf
91866,24545,ANGLA_GIN_ecrit_repechage.pdf,ESG/2023/GIN/ANGLA_GIN_ecrit_repechage.pdf
91864,24545,BASDO_GIN_ecrit_ajournement.pdf,ESG/2023/GIN/BASDO_GIN_ecrit_ajournement.pdf
91880,24545,BASDO_GIN_ecrit_juin.pdf,ESG/2023/GIN/BASDO_GIN_ecrit_juin.pdf
91881,24545,CONMO_GIN_ecrit_ajournement.pdf,ESG/2023/GIN/CONMO_GIN_ecrit_ajournement.pdf
91878,24545,CONMO_GIN_ecrit_juin.pdf,ESG/2023/GIN/CONMO_GIN_ecrit_juin.pdf
91869,24545,FRANC_GIN_ecrit_ajournement.pdf,ESG/2023/GIN/FRANC_GIN_ecrit_ajournement.pdf
91867,24545,FRANC_GIN_ecrit_juin.pdf,ESG/2023/GIN/FRANC_GIN_ecrit_juin.pdf
91870,24545,FRANC_GIN_ecrit_repechage.pdf,ESG/2023/GIN/FRANC_GIN_ecrit_repechage.pdf
91875,24545,MATHE(MATH1)_GIN_ecrit_ajournement.pdf,ESG/2023/GIN/MATHE(MATH1)_GIN_ecrit_ajournement.pdf
91882,24545,MATHE(MATH1)_GIN_ecrit_juin.pdf,ESG/2023/GIN/MATHE(MATH1)_GIN_ecrit_juin.pdf
91874,24545,MATHE(MATH2)_GIN_ecrit_ajournement.pdf,ESG/2023/GIN/MATHE(MATH2)_GIN_ecrit_ajournement.pdf
91877,24545,MATHE(MATH2)_GIN_ecrit_juin.pdf,ESG/2023/GIN/MATHE(MATH2)_GIN_ecrit_juin.pdf
91861,24545,MATHE(MATH2)_GIN_ecrit_repechage.pdf,ESG/2023/GIN/MATHE(MATH2)_GIN_ecrit_repechage.pdf
91883,24545,PROGR_GIN_ecrit_ajournement.pdf,ESG/2023/GIN/PROGR_GIN_ecrit_ajournement.pdf
91884,24545,PROGR_GIN_ecrit_juin.pdf,ESG/2023/GIN/PROGR_GIN_ecrit_juin.pdf
91879,24545,SNTEC_GIN_ecrit_juin.pdf,ESG/2023/GIN/SNTEC_GIN_ecrit_juin.pdf
91862,24545,TEINF_GIN_ecrit_ajournement.pdf,ESG/2023/GIN/TEINF_GIN_ecrit_ajournement.pdf
91873,24545,TEINF_GIN_ecrit_juin.pdf,ESG/2023/GIN/TEINF_GIN_ecrit_juin.pdf
91865,24545,TEINF_GIN_ecrit_repechage.pdf,ESG/2023/GIN/TEINF_GIN_ecrit_repechage.pdf
24566,24539,GMM,ESG/2023/GMM
92174,24566,ALLEM(A)_GMM_ecrit_juin.pdf,ESG/2023/GMM/ALLEM(A)_GMM_ecrit_juin.pdf
92172,24566,ALLEM_GMM_écrit_juin.pdf,ESG/2023/GMM/ALLEM_GMM_écrit_juin.pdf
92181,24566,ALLEM_GMM_ecrit_repêchage.pdf,ESG/2023/GMM/ALLEM_GMM_ecrit_repêchage.pdf
92176,24566,ANGLA_GMM_ecrit_juin.pdf,ESG/2023/GMM/ANGLA_GMM_ecrit_juin.pdf
92184,24566,ANGLA_GMM_ecrit_repêchage.pdf,ESG/2023/GMM/ANGLA_GMM_ecrit_repêchage.pdf
92180,24566,COMEP_GMM_ecrit_juin.pdf,ESG/2023/GMM/COMEP_GMM_ecrit_juin.pdf
92178,24566,CONMO_GMM_ecrit_juin.pdf,ESG/2023/GMM/CONMO_GMM_ecrit_juin.pdf
92185,24566,CONMO_GMM_ecrit_repêchage.pdf,ESG/2023/GMM/CONMO_GMM_ecrit_repêchage.pdf
92183,24566,ECOPO_GMM_ecrit_repêchage.pdf,ESG/2023/GMM/ECOPO_GMM_ecrit_repêchage.pdf
92173,24566,FRANC_GMM_ecrit_juin.pdf,ESG/2023/GMM/FRANC_GMM_ecrit_juin.pdf
92182,24566,FRANC_GMM_ecrit_repêchage.pdf,ESG/2023/GMM/FRANC_GMM_ecrit_repêchage.pdf
92177,24566,MARKB_GMM-ecrit_juin.pdf,ESG/2023/GMM/MARKB_GMM-ecrit_juin.pdf
92179,24566,MEDIP_GMM_ecrit_juin.pdf,ESG/2023/GMM/MEDIP_GMM_ecrit_juin.pdf
92175,24566,PROJM_GMM_écrit_juin.pdf,ESG/2023/GMM/PROJM_GMM_écrit_juin.pdf
24546,24539,GSE,ESG/2023/GSE
91885,24546,AEJDD_GSE_ecrit_juin.pdf,ESG/2023/GSE/AEJDD_GSE_ecrit_juin.pdf
91886,24546,ALLEM_GSE_ecrit_ajournement.pdf,ESG/2023/GSE/ALLEM_GSE_ecrit_ajournement.pdf
91890,24546,ALLEM_GSE_ecrit_juin.pdf,ESG/2023/GSE/ALLEM_GSE_ecrit_juin.pdf
91889,24546,ALLEM_GSE_ecrit_repechage.pdf,ESG/2023/GSE/ALLEM_GSE_ecrit_repechage.pdf
91897,24546,ANGLA_GSE_ecrit_ajournement.pdf,ESG/2023/GSE/ANGLA_GSE_ecrit_ajournement.pdf
91900,24546,ANGLA_GSE_ecrit_juin.pdf,ESG/2023/GSE/ANGLA_GSE_ecrit_juin.pdf
91894,24546,ANGLA_GSE_ecrit_repechage automne.pdf,ESG/2023/GSE/ANGLA_GSE_ecrit_repechage automne.pdf
91899,24546,ANGLA_GSE_ecrit_repechage.pdf,ESG/2023/GSE/ANGLA_GSE_ecrit_repechage.pdf
91903,24546,CONMO_GSE_ecrit_ajournement.pdf,ESG/2023/GSE/CONMO_GSE_ecrit_ajournement.pdf
91901,24546,CONMO_GSE_ecrit_juin.pdf,ESG/2023/GSE/CONMO_GSE_ecrit_juin.pdf
91895,24546,ECOLO_GSE_ecrit_juin.pdf,ESG/2023/GSE/ECOLO_GSE_ecrit_juin.pdf
91904,24546,ENTEC_GSE_ecrit_juin.pdf,ESG/2023/GSE/ENTEC_GSE_ecrit_juin.pdf
92037,24546,FRANC_GSE_ecrit_ajournement.pdf,ESG/2023/GSE/FRANC_GSE_ecrit_ajournement.pdf
91893,24546,FRANC_GSE_ecrit_juin.pdf,ESG/2023/GSE/FRANC_GSE_ecrit_juin.pdf
91887,24546,FRANC_GSE_ecrit_repechage.pdf,ESG/2023/GSE/FRANC_GSE_ecrit_repechage.pdf
91896,24546,MATHE(ANALY)_GSE_ecrit_ajournement.pdf,ESG/2023/GSE/MATHE(ANALY)_GSE_ecrit_ajournement.pdf
91902,24546,MATHE(ANALY)_GSE_ecrit_juin.pdf,ESG/2023/GSE/MATHE(ANALY)_GSE_ecrit_juin.pdf
91898,24546,MATHE(ANALY)_GSE_ecrit_repechage.pdf,ESG/2023/GSE/MATHE(ANALY)_GSE_ecrit_repechage.pdf
91906,24546,PHYSI_GSE_ecrit_ajournement.pdf,ESG/2023/GSE/PHYSI_GSE_ecrit_ajournement.pdf
91905,24546,PHYSI_GSE_ecrit_juin.pdf,ESG/2023/GSE/PHYSI_GSE_ecrit_juin.pdf
91888,24546,PPREN_GSE_ecrit_juin.pdf,ESG/2023/GSE/PPREN_GSE_ecrit_juin.pdf
24547,24539,GSH,ESG/2023/GSH
91911,24547,ALLEM_GSH_ecrit_juin.pdf,ESG/2023/GSH/ALLEM_GSH_ecrit_juin.pdf
91909,24547,ANGLA_GSH_ecrit_juin.pdf,ESG/2023/GSH/ANGLA_GSH_ecrit_juin.pdf
91918,24547,BIOHM_GSH_ecrit_juin.pdf,ESG/2023/GSH/BIOHM_GSH_ecrit_juin.pdf
91917,24547,CHIME_GSH_ecrit_juin.pdf,ESG/2023/GSH/CHIME_GSH_ecrit_juin.pdf
91907,24547,FRANC_GSH_ecrit_juin.pdf,ESG/2023/GSH/FRANC_GSH_ecrit_juin.pdf
91915,24547,MATHE(ANALY)_GSH_ecrit_juin.pdf,ESG/2023/GSH/MATHE(ANALY)_GSH_ecrit_juin.pdf
91908,24547,MATHE(ANALY)_GSH_ecrit_repechage.pdf,ESG/2023/GSH/MATHE(ANALY)_GSH_ecrit_repechage.pdf
91916,24547,PHYME_GSH_ecrit_juin.pdf,ESG/2023/GSH/PHYME_GSH_ecrit_juin.pdf
91914,24547,PHYME_GSH_ecrit_repechage.pdf,ESG/2023/GSH/PHYME_GSH_ecrit_repechage.pdf
91912,24547,SCMED_GSH_ecrit_juin.pdf,ESG/2023/GSH/SCMED_GSH_ecrit_juin.pdf
91910,24547,SHUSA_GSH_ecrit_juin.pdf,ESG/2023/GSH/SHUSA_GSH_ecrit_juin.pdf
91913,24547,SHUSA_GSH_ecrit_repechage.pdf,ESG/2023/GSH/SHUSA_GSH_ecrit_repechage.pdf
24568,24539,GSI,ESG/2023/GSI
92209,24568,ALLEM_GSI_écrit_automne.pdf,ESG/2023/GSI/ALLEM_GSI_écrit_automne.pdf
92217,24568,ALLEM_GSI_écrit_juin.pdf,ESG/2023/GSI/ALLEM_GSI_écrit_juin.pdf
92214,24568,ANGLA_GSI_écrit_automne.pdf,ESG/2023/GSI/ANGLA_GSI_écrit_automne.pdf
92212,24568,ANGLA_GSI_écrit_juin.pdf,ESG/2023/GSI/ANGLA_GSI_écrit_juin.pdf
92216,24568,BIOHU_GSI_écrit_automne.pdf,ESG/2023/GSI/BIOHU_GSI_écrit_automne.pdf
92215,24568,BIOHU_GSI_écrit_juin.pdf,ESG/2023/GSI/BIOHU_GSI_écrit_juin.pdf
92201,24568,BIOHU_GSI_FR_écrit_automne.pdf,ESG/2023/GSI/BIOHU_GSI_FR_écrit_automne.pdf
92206,24568,BIOHU_GSI_FR_écrit_juin.pdf,ESG/2023/GSI/BIOHU_GSI_FR_écrit_juin.pdf
92203,24568,COSPI_GSI_écrit_automne.pdf,ESG/2023/GSI/COSPI_GSI_écrit_automne.pdf
92200,24568,COSPI_GSI_écrit_juin.pdf,ESG/2023/GSI/COSPI_GSI_écrit_juin.pdf
92202,24568,FRANC_GSI_écrit_automne.pdf,ESG/2023/GSI/FRANC_GSI_écrit_automne.pdf
92207,24568,FRANCA_GSI_écrit_juin.pdf,ESG/2023/GSI/FRANCA_GSI_écrit_juin.pdf
92211,24568,SCHUS_GSI_écrit_automne.pdf,ESG/2023/GSI/SCHUS_GSI_écrit_automne.pdf
92204,24568,SCHUS_GSI_écrit_juin.pdf,ESG/2023/GSI/SCHUS_GSI_écrit_juin.pdf
92208,24568,SCMED_GSI_écrit_automne.pdf,ESG/2023/GSI/SCMED_GSI_écrit_automne.pdf
92213,24568,SCMED_GSI_écrit_juin.pdf,ESG/2023/GSI/SCMED_GSI_écrit_juin.pdf
92205,24568,SCMED_GSI_FR_écrit_automne.pdf,ESG/2023/GSI/SCMED_GSI_FR_écrit_automne.pdf
92210,24568,SCMED_GSI_FR_écrit_juin.pdf,ESG/2023/GSI/SCMED_GSI_FR_écrit_juin.pdf
24548,24539,GSN,ESG/2023/GSN
91925,24548,ALLEM_GSN_ecrit_ajournement.pdf,ESG/2023/GSN/ALLEM_GSN_ecrit_ajournement.pdf
91921,24548,ALLEM_GSN_ecrit_juin.pdf,ESG/2023/GSN/ALLEM_GSN_ecrit_juin.pdf
91919,24548,ALLEM_GSN_ecrit_repechage.pdf,ESG/2023/GSN/ALLEM_GSN_ecrit_repechage.pdf
91928,24548,ANGLA_GSN_ecrit_ajournement.pdf,ESG/2023/GSN/ANGLA_GSN_ecrit_ajournement.pdf
91922,24548,ANGLA_GSN_ecrit_juin.pdf,ESG/2023/GSN/ANGLA_GSN_ecrit_juin.pdf
91920,24548,ANGLA_GSN_ecrit_repechage automne.pdf,ESG/2023/GSN/ANGLA_GSN_ecrit_repechage automne.pdf
91924,24548,ANGLA_GSN_ecrit_repechage.pdf,ESG/2023/GSN/ANGLA_GSN_ecrit_repechage.pdf
91940,24548,BIOLO_GSN_ecrit_ajournement (2).pdf,ESG/2023/GSN/BIOLO_GSN_ecrit_ajournement (2).pdf
91944,24548,BIOLO_GSN_ecrit_ajournement.pdf,ESG/2023/GSN/BIOLO_GSN_ecrit_ajournement.pdf
91935,24548,BIOLO_GSN_ecrit_juin (2).pdf,ESG/2023/GSN/BIOLO_GSN_ecrit_juin (2).pdf
91939,24548,BIOLO_GSN_ecrit_juin.pdf,ESG/2023/GSN/BIOLO_GSN_ecrit_juin.pdf
91929,24548,BIOLO_GSN_ecrit_repechage (2).pdf,ESG/2023/GSN/BIOLO_GSN_ecrit_repechage (2).pdf
91933,24548,BIOLO_GSN_ecrit_repechage.pdf,ESG/2023/GSN/BIOLO_GSN_ecrit_repechage.pdf
91950,24548,CHIMI_GSN_ecrit_ajournement (2).pdf,ESG/2023/GSN/CHIMI_GSN_ecrit_ajournement (2).pdf
91949,24548,CHIMI_GSN_ecrit_ajournement.pdf,ESG/2023/GSN/CHIMI_GSN_ecrit_ajournement.pdf
91945,24548,CHIMI_GSN_ecrit_juin (2).pdf,ESG/2023/GSN/CHIMI_GSN_ecrit_juin (2).pdf
91952,24548,CHIMI_GSN_ecrit_juin.pdf,ESG/2023/GSN/CHIMI_GSN_ecrit_juin.pdf
91941,24548,CHIMI_GSN_ecrit_repechage (2).pdf,ESG/2023/GSN/CHIMI_GSN_ecrit_repechage (2).pdf
91942,24548,CHIMI_GSN_ecrit_repechage automne.pdf,ESG/2023/GSN/CHIMI_GSN_ecrit_repechage automne.pdf
91946,24548,CHIMI_GSN_ecrit_repechage.pdf,ESG/2023/GSN/CHIMI_GSN_ecrit_repechage.pdf
91934,24548,CONMO_GSN_ecrit_ajournement.pdf,ESG/2023/GSN/CONMO_GSN_ecrit_ajournement.pdf
91930,24548,CONMO_GSN_ecrit_juin.pdf,ESG/2023/GSN/CONMO_GSN_ecrit_juin.pdf
91927,24548,FRANC_GSN_ecrit_ajournement.pdf,ESG/2023/GSN/FRANC_GSN_ecrit_ajournement.pdf
91923,24548,FRANC_GSN_ecrit_juin.pdf,ESG/2023/GSN/FRANC_GSN_ecrit_juin.pdf
91926,24548,FRANC_GSN_ecrit_repechage.pdf,ESG/2023/GSN/FRANC_GSN_ecrit_repechage.pdf
91951,24548,GEOGR_GSN_ecrit_ajournement.pdf,ESG/2023/GSN/GEOGR_GSN_ecrit_ajournement.pdf
91959,24548,GEOGR_GSN_ecrit_juin (2).pdf,ESG/2023/GSN/GEOGR_GSN_ecrit_juin (2).pdf
91958,24548,GEOGR_GSN_ecrit_juin.pdf,ESG/2023/GSN/GEOGR_GSN_ecrit_juin.pdf
91956,24548,GEOGR_GSN_ecrit_repechage (2).pdf,ESG/2023/GSN/GEOGR_GSN_ecrit_repechage (2).pdf
91957,24548,GEOGR_GSN_ecrit_repechage.pdf,ESG/2023/GSN/GEOGR_GSN_ecrit_repechage.pdf
91932,24548,MATHE(ANALY)_GSN_ecrit_ajournement.pdf,ESG/2023/GSN/MATHE(ANALY)_GSN_ecrit_ajournement.pdf
91931,24548,MATHE(ANALY)_GSN_ecrit_juin.pdf,ESG/2023/GSN/MATHE(ANALY)_GSN_ecrit_juin.pdf
91936,24548,MATHE(ANALY)_GSN_ecrit_repechage.pdf,ESG/2023/GSN/MATHE(ANALY)_GSN_ecrit_repechage.pdf
91943,24548,PHYSI_GSN_ajournement.pdf,ESG/2023/GSN/PHYSI_GSN_ajournement.pdf
91960,24548,PHYSI_GSN_ecrit_ajournement.pdf,ESG/2023/GSN/PHYSI_GSN_ecrit_ajournement.pdf
91938,24548,PHYSI_GSN_ecrit_juin (2).pdf,ESG/2023/GSN/PHYSI_GSN_ecrit_juin (2).pdf
91937,24548,PHYSI_GSN_ecrit_juin.pdf,ESG/2023/GSN/PHYSI_GSN_ecrit_juin.pdf
91947,24548,PHYSI_GSN_ecrit_repechage (2).pdf,ESG/2023/GSN/PHYSI_GSN_ecrit_repechage (2).pdf
91948,24548,PHYSI_GSN_ecrit_repechage.pdf,ESG/2023/GSN/PHYSI_GSN_ecrit_repechage.pdf
91954,24548,QUEPH_GSN_ecrit_ajournement.pdf,ESG/2023/GSN/QUEPH_GSN_ecrit_ajournement.pdf
91953,24548,QUEPH_GSN_ecrit_juin.pdf,ESG/2023/GSN/QUEPH_GSN_ecrit_juin.pdf
91955,24548,QUEPH_GSN_ecrit_repechage.pdf,ESG/2023/GSN/QUEPH_GSN_ecrit_repechage.pdf
24549,24539,GSO,ESG/2023/GSO
91962,24549,ALLEM A_GSO_ecrit_juin.pdf,ESG/2023/GSO/ALLEM A_GSO_ecrit_juin.pdf
91963,24549,ALLEM A_GSO_ecrit_septembre.pdf,ESG/2023/GSO/ALLEM A_GSO_ecrit_septembre.pdf
91981,24549,ALLEM F_GSO_ecrit_juin.pdf,ESG/2023/GSO/ALLEM F_GSO_ecrit_juin.pdf
91969,24549,ALLEM_GSO_ecrit_juin.pdf,ESG/2023/GSO/ALLEM_GSO_ecrit_juin.pdf
91961,24549,ALLEM_GSO_ecrit_repêchage (2).pdf,ESG/2023/GSO/ALLEM_GSO_ecrit_repêchage (2).pdf
91967,24549,ALLEM_GSO_ecrit_repêchage.pdf,ESG/2023/GSO/ALLEM_GSO_ecrit_repêchage.pdf
91965,24549,ALLEM_GSO_ecrit_septembre.pdf,ESG/2023/GSO/ALLEM_GSO_ecrit_septembre.pdf
91973,24549,ANGLA_GSO_ecrit_epêchage automne.pdf,ESG/2023/GSO/ANGLA_GSO_ecrit_epêchage automne.pdf
91975,24549,ANGLA_GSO_ecrit_juin.pdf,ESG/2023/GSO/ANGLA_GSO_ecrit_juin.pdf
91979,24549,ANGLA_GSO_ecrit_repêchage.pdf,ESG/2023/GSO/ANGLA_GSO_ecrit_repêchage.pdf
91977,24549,ANGLA_GSO_ecrit_septembre.pdf,ESG/2023/GSO/ANGLA_GSO_ecrit_septembre.pdf
92034,24549,CONMO_GSO_ecrit_juin.pdf,ESG/2023/GSO/CONMO_GSO_ecrit_juin.pdf
91999,24549,CONMO_GSO_ecrit_repêchage.pdf,ESG/2023/GSO/CONMO_GSO_ecrit_repêchage.pdf
92002,24549,CONMO_GSO_ecrit_septembre.pdf,ESG/2023/GSO/CONMO_GSO_ecrit_septembre.pdf
91996,24549,ECODR_GSO_ecrit_juin.pdf,ESG/2023/GSO/ECODR_GSO_ecrit_juin.pdf
91993,24549,ECODR_GSO_ecrit_repêchage.pdf,ESG/2023/GSO/ECODR_GSO_ecrit_repêchage.pdf
92000,24549,ECODR_GSO_ecrit_septembre.pdf,ESG/2023/GSO/ECODR_GSO_ecrit_septembre.pdf
91964,24549,FRANC_GSO_ecrit_juin.pdf,ESG/2023/GSO/FRANC_GSO_ecrit_juin.pdf
91983,24549,FRANC_GSO_ecrit_repêchage.pdf,ESG/2023/GSO/FRANC_GSO_ecrit_repêchage.pdf
91971,24549,FRANC_GSO_ecrit_septembre.pdf,ESG/2023/GSO/FRANC_GSO_ecrit_septembre.pdf
91980,24549,MATHE_GSO_ecrit_juin.pdf,ESG/2023/GSO/MATHE_GSO_ecrit_juin.pdf
91982,24549,MATHE_GSO_ecrit_repêchage.pdf,ESG/2023/GSO/MATHE_GSO_ecrit_repêchage.pdf
91972,24549,MATHE_GSO_ecrit_septembre.pdf,ESG/2023/GSO/MATHE_GSO_ecrit_septembre.pdf
91984,24549,MATHE_GSO_MATHE_ecrit_repêchage automne.pdf,ESG/2023/GSO/MATHE_GSO_MATHE_ecrit_repêchage automne.pdf
91976,24549,PEDAG_langue allemande_GSO_ecrit_juin.pdf,ESG/2023/GSO/PEDAG_langue allemande_GSO_ecrit_juin.pdf
91985,24549,PEDAG_langue allemande_GSO_ecrit_repêchage.pdf,ESG/2023/GSO/PEDAG_langue allemande_GSO_ecrit_repêchage.pdf
91970,24549,PEDAG_langue allemande_GSO_ecrit_septembre.pdf,ESG/2023/GSO/PEDAG_langue allemande_GSO_ecrit_septembre.pdf
91966,24549,PEDAG_langue française_GSO_ecrit_juin.pdf,ESG/2023/GSO/PEDAG_langue française_GSO_ecrit_juin.pdf
91974,24549,PEDAG_langue française_GSO_ecrit_repêchage.pdf,ESG/2023/GSO/PEDAG_langue française_GSO_ecrit_repêchage.pdf
91991,24549,PEDAG_langue française_GSO_ecrit_septembre.pdf,ESG/2023/GSO/PEDAG_langue française_GSO_ecrit_septembre.pdf
91992,24549,PSYCO_GSO_ecrit_juin.pdf,ESG/2023/GSO/PSYCO_GSO_ecrit_juin.pdf
91990,24549,PSYCO_GSO_ecrit_repêchage.pdf,ESG/2023/GSO/PSYCO_GSO_ecrit_repêchage.pdf
92035,24549,PSYCO_GSO_ecrit_septembre.pdf,ESG/2023/GSO/PSYCO_GSO_ecrit_septembre.pdf
92007,24549,QUEPH_GSO_ecrit_juin.pdf,ESG/2023/GSO/QUEPH_GSO_ecrit_juin.pdf
92008,24549,QUEPH_GSO_ecrit_repêchage.pdf,ESG/2023/GSO/QUEPH_GSO_ecrit_repêchage.pdf
92003,24549,QUEPH_GSO_ecrit_septembre.pdf,ESG/2023/GSO/QUEPH_GSO_ecrit_septembre.pdf
91986,24549,SOCIO_langue allemande_GSO_ecrit_juin.pdf,ESG/2023/GSO/SOCIO_langue allemande_GSO_ecrit_juin.pdf
91989,24549,SOCIO_langue allemande_GSO_ecrit_repêchage.pdf,ESG/2023/GSO/SOCIO_langue allemande_GSO_ecrit_repêchage.pdf
91988,24549,SOCIO_langue allemande_GSO_ecrit_septembre.pdf,ESG/2023/GSO/SOCIO_langue allemande_GSO_ecrit_septembre.pdf
91987,24549,SOCIO_langue française_GSO_ecrit_juin.pdf,ESG/2023/GSO/SOCIO_langue française_GSO_ecrit_juin.pdf
91978,24549,SOCIO_langue française_GSO_ecrit_repêchage.pdf,ESG/2023/GSO/SOCIO_langue française_GSO_ecrit_repêchage.pdf
91968,24549,SOCIO_langue française_GSO_ecrit_septembre.pdf,ESG/2023/GSO/SOCIO_langue française_GSO_ecrit_septembre.pdf
24797,2001,2024,ESG/2024
24798,24797,GA3D,ESG/2024/GA3D
94489,24798,"ESG_ALLEM_GA3D, GACV, GIG, GIN, GSE, GSN _ écrit_juin repêchage.pdf","ESG/2024/GA3D/ESG_ALLEM_GA3D, GACV, GIG, GIN, GSE, GSN _ écrit_juin repêchage.pdf"
94484,24798,"ESG_ALLEM_GA3D, GACV, GIG, GIN, GSE, GSN _ écrit_juin.pdf","ESG/2024/GA3D/ESG_ALLEM_GA3D, GACV, GIG, GIN, GSE, GSN _ écrit_juin.pdf"
94493,24798,"ESG_ALLEM_GA3D, GACV, GIG, GIN, GSE, GSNecrit_automne.pdf","ESG/2024/GA3D/ESG_ALLEM_GA3D, GACV, GIG, GIN, GSE, GSNecrit_automne.pdf"
94490,24798,ESG_ANGLA_GA3D  GACV  GIG  GIN  GSE  GSN  GSO_ecrit_juin repêchage.pdf,ESG/2024/GA3D/ESG_ANGLA_GA3D  GACV  GIG  GIN  GSE  GSN  GSO_ecrit_juin repêchage.pdf
94501,24798,ESG_ANGLA_GA3D GACV GIG GIN GSE ecrit_juin.pdf,ESG/2024/GA3D/ESG_ANGLA_GA3D GACV GIG GIN GSE ecrit_juin.pdf
94491,24798,ESG_ANGLA_GA3D GACV GIG GIN GSE GSN GSO _ automne repêchage.pdf,ESG/2024/GA3D/ESG_ANGLA_GA3D GACV GIG GIN GSE GSN GSO _ automne repêchage.pdf
94512,24798,ESG_ARCHI_GA3D_ecrit_automne.pdf,ESG/2024/GA3D/ESG_ARCHI_GA3D_ecrit_automne.pdf
94507,24798,ESG_ARCHI_GA3D_ecrit_juin.pdf,ESG/2024/GA3D/ESG_ARCHI_GA3D_ecrit_juin.pdf
94506,24798,ESG_CHIMI_GA3D_ecrit_automne.pdf,ESG/2024/GA3D/ESG_CHIMI_GA3D_ecrit_automne.pdf
94500,24798,ESG_CHIMI_GA3D_ecrit_juin repêchage.pdf,ESG/2024/GA3D/ESG_CHIMI_GA3D_ecrit_juin repêchage.pdf
94508,24798,ESG_CHIMI_GA3D_ecrit_juin.pdf,ESG/2024/GA3D/ESG_CHIMI_GA3D_ecrit_juin.pdf
94511,24798,ESG_CONMO_ecrit_GA3D GACV GGH GIG GIN GSE.pdf,ESG/2024/GA3D/ESG_CONMO_ecrit_GA3D GACV GGH GIG GIN GSE.pdf
94509,24798,ESG_CONMO_GA3D GACV GGH GIG GIN GSE ecrit_juin repêchage.pdf,ESG/2024/GA3D/ESG_CONMO_GA3D GACV GGH GIG GIN GSE ecrit_juin repêchage.pdf
94502,24798,ESG_CONMO_GA3D GACV GGh GIG GIN GSE GSN_ecrit_automne.pdf,ESG/2024/GA3D/ESG_CONMO_GA3D GACV GGh GIG GIN GSE GSN_ecrit_automne.pdf
94513,24798,ESG_CONST_GA3D_ecrit_juin.pdf,ESG/2024/GA3D/ESG_CONST_GA3D_ecrit_juin.pdf
94514,24798,ESG_DESGN_GA3D_automne.pdf,ESG/2024/GA3D/ESG_DESGN_GA3D_automne.pdf
94510,24798,ESG_DESGN_GA3D_ecrit_juin.pdf,ESG/2024/GA3D/ESG_DESGN_GA3D_ecrit_juin.pdf
94486,24798,ESG_DEVDU_GA3D_ automne.pdf,ESG/2024/GA3D/ESG_DEVDU_GA3D_ automne.pdf
94487,24798,ESG_DEVDU_GA3D_ecrit_juin.pdf,ESG/2024/GA3D/ESG_DEVDU_GA3D_ecrit_juin.pdf
94485,24798,ESG_FRANC_GA3D  GIG  GIN  GSE  GSN_ecrit_juin repêchage.pdf,ESG/2024/GA3D/ESG_FRANC_GA3D  GIG  GIN  GSE  GSN_ecrit_juin repêchage.pdf
94497,24798,ESG_FRANC_GA3D GIG GIN GSE GSN ecrit_automne repêchage.pdf,ESG/2024/GA3D/ESG_FRANC_GA3D GIG GIN GSE GSN ecrit_automne repêchage.pdf
94494,24798,ESG_FRANC_GA3D GIG GIN GSE GSN ecrit_automne.pdf,ESG/2024/GA3D/ESG_FRANC_GA3D GIG GIN GSE GSN ecrit_automne.pdf
94492,24798,ESG_FRANC_GA3D-GIG-GIN-GSE-GSN ecrit_juin.pdf,ESG/2024/GA3D/ESG_FRANC_GA3D-GIG-GIN-GSE-GSN ecrit_juin.pdf
94496,24798,ESG_MATH_GA3D_ecrit_Juin.pdf,ESG/2024/GA3D/ESG_MATH_GA3D_ecrit_Juin.pdf
94495,24798,ESG_MATHE_GA3D_ecrit_automne.pdf,ESG/2024/GA3D/ESG_MATHE_GA3D_ecrit_automne.pdf
94488,24798,ESG_MATHE_GA3D_ecrit_juin repêchage.pdf,ESG/2024/GA3D/ESG_MATHE_GA3D_ecrit_juin repêchage.pdf
94498,24798,ESG_PHYSI_GA3D ecrit_automne.pdf,ESG/2024/GA3D/ESG_PHYSI_GA3D ecrit_automne.pdf
94499,24798,ESG_PHYSI_GA3D_ecrit_juin.pdf,ESG/2024/GA3D/ESG_PHYSI_GA3D_ecrit_juin.pdf
94503,24798,ESG_QUEPH_GA3D GSN GSO ecrit_automne repêchage.pdf,ESG/2024/GA3D/ESG_QUEPH_GA3D GSN GSO ecrit_automne repêchage.pdf
94505,24798,ESG_QUEPH_GA3D GSN GSO ecrit_automne.pdf,ESG/2024/GA3D/ESG_QUEPH_GA3D GSN GSO ecrit_automne.pdf
94504,24798,ESG_QUEPH_GA3D_ecrit_juin.pdf,ESG/2024/GA3D/ESG_QUEPH_GA3D_ecrit_juin.pdf
24799,24797,GACV,ESG/2024/GACV
94515,24799,"ESG_ALLEM_GA3D, GACV, GIG, GIN, GSE, GSN _ écrit_automne.pdf","ESG/2024/GACV/ESG_ALLEM_GA3D, GACV, GIG, GIN, GSE, GSN _ écrit_automne.pdf"
94521,24799,"ESG_ALLEM_GA3D, GACV, GIG, GIN, GSE, GSN _ écrit_juin repêchage.pdf","ESG/2024/GACV/ESG_ALLEM_GA3D, GACV, GIG, GIN, GSE, GSN _ écrit_juin repêchage.pdf"
94524,24799,"ESG_ALLEM_GA3D, GACV, GIG, GIN, GSE, GSN _ écrit_juin.pdf","ESG/2024/GACV/ESG_ALLEM_GA3D, GACV, GIG, GIN, GSE, GSN _ écrit_juin.pdf"
94523,24799,"ESG_ALLEM_GA3D, GACV, GIG, GIN, GSE, GSNecrit_automne.pdf","ESG/2024/GACV/ESG_ALLEM_GA3D, GACV, GIG, GIN, GSE, GSNecrit_automne.pdf"
94520,24799,ESG_ANGLA_GA3D  GACV  GIG  GIN  GSE  GSN  GSO_ecrit_juin repêchage.pdf,ESG/2024/GACV/ESG_ANGLA_GA3D  GACV  GIG  GIN  GSE  GSN  GSO_ecrit_juin repêchage.pdf
94519,24799,ESG_ANGLA_GA3D GACV GIG GIN GSE ecrit_juin.pdf,ESG/2024/GACV/ESG_ANGLA_GA3D GACV GIG GIN GSE ecrit_juin.pdf
94529,24799,ESG_ANGLA_GA3D GACV GIG GIN GSE GSN GSO _ automne repêchage.pdf,ESG/2024/GACV/ESG_ANGLA_GA3D GACV GIG GIN GSE GSN GSO _ automne repêchage.pdf
94526,24799,ESG_ANGLA_GA3D GACV GIG GIN GSE GSN GSO _ automne.pdf,ESG/2024/GACV/ESG_ANGLA_GA3D GACV GIG GIN GSE GSN GSO _ automne.pdf
94536,24799,ESG_COMGR_GACV_ecrit_automne.pdf,ESG/2024/GACV/ESG_COMGR_GACV_ecrit_automne.pdf
94516,24799,ESG_COMGR_GACV_ecrit_juin.pdf,ESG/2024/GACV/ESG_COMGR_GACV_ecrit_juin.pdf
94527,24799,ESG_CONMO_ecrit_GA3D GACV GGH GIG GIN GSE.pdf,ESG/2024/GACV/ESG_CONMO_ecrit_GA3D GACV GGH GIG GIN GSE.pdf
94534,24799,ESG_CONMO_GA3D GACV GGH GIG GIN GSE ecrit_juin repêchage.pdf,ESG/2024/GACV/ESG_CONMO_GA3D GACV GGH GIG GIN GSE ecrit_juin repêchage.pdf
94533,24799,ESG_CONMO_GA3D GACV GGh GIG GIN GSE GSN_ecrit_automne.pdf,ESG/2024/GACV/ESG_CONMO_GA3D GACV GGh GIG GIN GSE GSN_ecrit_automne.pdf
94531,24799,ESG_DEMAP_GACV_ecrit_juin.pdf,ESG/2024/GACV/ESG_DEMAP_GACV_ecrit_juin.pdf
94518,24799,ESG_FRANC_GACV_ecrit_automne.pdf,ESG/2024/GACV/ESG_FRANC_GACV_ecrit_automne.pdf
94528,24799,ESG_FRANC_GACV_ecrit_juin.pdf,ESG/2024/GACV/ESG_FRANC_GACV_ecrit_juin.pdf
94532,24799,ESG_HISAR_GACV_ecrit_automne.pdf,ESG/2024/GACV/ESG_HISAR_GACV_ecrit_automne.pdf
94517,24799,ESG_HISAR_GACV_ecrit_juin.pdf,ESG/2024/GACV/ESG_HISAR_GACV_ecrit_juin.pdf
94525,24799,ESG_MATHE_GACV_ecrit_automne.pdf,ESG/2024/GACV/ESG_MATHE_GACV_ecrit_automne.pdf
94522,24799,ESG_MATHE_GACV_ecrit_juin.pdf,ESG/2024/GACV/ESG_MATHE_GACV_ecrit_juin.pdf
94530,24799,ESG_VOLCO_GACV_ecrit_automne.pdf,ESG/2024/GACV/ESG_VOLCO_GACV_ecrit_automne.pdf
94535,24799,ESG_VOLCO_GACV_ecrit_juin.pdf,ESG/2024/GACV/ESG_VOLCO_GACV_ecrit_juin.pdf
24800,24797,GCC,ESG/2024/GCC
94543,24800,ALLEM_GCC_GCG_GCF_GMM_GSO_ecrit_juin.pdf,ESG/2024/GCC/ALLEM_GCC_GCG_GCF_GMM_GSO_ecrit_juin.pdf
94539,24800,ALLEM_GCC_GCG_GCF_GMM_GSO_ecrit_repêchage.pdf,ESG/2024/GCC/ALLEM_GCC_GCG_GCF_GMM_GSO_ecrit_repêchage.pdf
94549,24800,ALLEM-A_GCC_GCG_GCF_GMM_GSO_ecrit_juin.pdf,ESG/2024/GCC/ALLEM-A_GCC_GCG_GCF_GMM_GSO_ecrit_juin.pdf
94547,24800,ALLEM-F_GCC_GCG_GCF_GMM_GSO_ecrit_juin.pdf,ESG/2024/GCC/ALLEM-F_GCC_GCG_GCF_GMM_GSO_ecrit_juin.pdf
94542,24800,ANGLA_GCC_GCG_GCF_GMM_ecrit_juin.pdf,ESG/2024/GCC/ANGLA_GCC_GCG_GCF_GMM_ecrit_juin.pdf
94540,24800,ANGLA_GCC_GCG_GCF_GMM_ecrit_repêchage.pdf,ESG/2024/GCC/ANGLA_GCC_GCG_GCF_GMM_ecrit_repêchage.pdf
94554,24800,COMPT_GCC_ecrit_juin.pdf,ESG/2024/GCC/COMPT_GCC_ecrit_juin.pdf
94548,24800,CONMO_GA3D_GACV _GCC_GCF_GCG_GGH_GIG_GIN_GMM_GSE_GSN_ecrit_juin.pdf,ESG/2024/GCC/CONMO_GA3D_GACV _GCC_GCF_GCG_GGH_GIG_GIN_GMM_GSE_GSN_ecrit_juin.pdf
94546,24800,CONMO_GA3D_GACV _GCC_GCF_GCG_GGH_GIG_GIN_GMM_GSE_GSN_ecrit_repêchagea.pdf,ESG/2024/GCC/CONMO_GA3D_GACV _GCC_GCF_GCG_GGH_GIG_GIN_GMM_GSE_GSN_ecrit_repêchagea.pdf
94545,24800,COPRH_GCC_ecrit_juin.pdf,ESG/2024/GCC/COPRH_GCC_ecrit_juin.pdf
94551,24800,ECOGE_GCC_GCG_ecrit_juin.pdf,ESG/2024/GCC/ECOGE_GCC_GCG_ecrit_juin.pdf
94553,24800,ECOGE_GCC_GCG_ecrit_repêchage.pdf,ESG/2024/GCC/ECOGE_GCC_GCG_ecrit_repêchage.pdf
94544,24800,ECOPO_GCC_GCG_GCF_GMM_ecrit_juin.pdf,ESG/2024/GCC/ECOPO_GCC_GCG_GCF_GMM_ecrit_juin.pdf
94538,24800,ECOPO_GCC_GCG_GCF_GMM_ecrit_repêchage.pdf,ESG/2024/GCC/ECOPO_GCC_GCG_GCF_GMM_ecrit_repêchage.pdf
94537,24800,FRANC_GCC_GCG_GCF_GMM_ecrit_juin.pdf,ESG/2024/GCC/FRANC_GCC_GCG_GCF_GMM_ecrit_juin.pdf
94541,24800,FRANC_GCC_GCG_GCF_GMM_ecrit_repêchage.pdf,ESG/2024/GCC/FRANC_GCC_GCG_GCF_GMM_ecrit_repêchage.pdf
94550,24800,ORGES_GCC_ecrit_juin.pdf,ESG/2024/GCC/ORGES_GCC_ecrit_juin.pdf
94552,24800,TINCO_GCC_ecrit_juin.pdf,ESG/2024/GCC/TINCO_GCC_ecrit_juin.pdf
24801,24797,GCF,ESG/2024/GCF
94559,24801,ALLEM_GCC_GCG_GCF_GMM_GSO_ecrit_juin.pdf,ESG/2024/GCF/ALLEM_GCC_GCG_GCF_GMM_GSO_ecrit_juin.pdf
94560,24801,ALLEM_GCC_GCG_GCF_GMM_GSO_ecrit_repêchage.pdf,ESG/2024/GCF/ALLEM_GCC_GCG_GCF_GMM_GSO_ecrit_repêchage.pdf
94569,24801,ANAFI_GCF_ecrit_juin.pdf,ESG/2024/GCF/ANAFI_GCF_ecrit_juin.pdf
94558,24801,ANGLA_GCC_GCG_GCF_GMM_ecrit_juin.pdf,ESG/2024/GCF/ANGLA_GCC_GCG_GCF_GMM_ecrit_juin.pdf
94557,24801,ANGLA_GCC_GCG_GCF_GMM_ecrit_repêchage.pdf,ESG/2024/GCF/ANGLA_GCC_GCG_GCF_GMM_ecrit_repêchage.pdf
94567,24801,CONMO_GA3D_GACV _GCC_GCF_GCG_GGH_GIG_GIN_GMM_GSE_GSN_ecrit_juin.pdf,ESG/2024/GCF/CONMO_GA3D_GACV _GCC_GCF_GCG_GGH_GIG_GIN_GMM_GSE_GSN_ecrit_juin.pdf
94566,24801,CONMO_GA3D_GACV _GCC_GCF_GCG_GGH_GIG_GIN_GMM_GSE_GSN_ecrit_repêchagea.pdf,ESG/2024/GCF/CONMO_GA3D_GACV _GCC_GCF_GCG_GGH_GIG_GIN_GMM_GSE_GSN_ecrit_repêchagea.pdf
94563,24801,ECOFN_GCF_ecrit_juin.pdf,ESG/2024/GCF/ECOFN_GCF_ecrit_juin.pdf
94571,24801,ECOGE_GCG_GCF_ecrit_juin.pdf,ESG/2024/GCF/ECOGE_GCG_GCF_ecrit_juin.pdf
94570,24801,ECOGE_GCG_GCF_ecrit_repêchage.pdf,ESG/2024/GCF/ECOGE_GCG_GCF_ecrit_repêchage.pdf
94564,24801,ECOPO_GCC_GCG_GCF_GMM_ecrit_juin.pdf,ESG/2024/GCF/ECOPO_GCC_GCG_GCF_GMM_ecrit_juin.pdf
94562,24801,ECOPO_GCC_GCG_GCF_GMM_ecrit_repêchage.pdf,ESG/2024/GCF/ECOPO_GCC_GCG_GCF_GMM_ecrit_repêchage.pdf
94556,24801,FRANC_GCC_GCG_GCF_GMM_ecrit_juin.pdf,ESG/2024/GCF/FRANC_GCC_GCG_GCF_GMM_ecrit_juin.pdf
94565,24801,FRANC_GCC_GCG_GCF_GMM_ecrit_repêchage.pdf,ESG/2024/GCF/FRANC_GCC_GCG_GCF_GMM_ecrit_repêchage.pdf
94568,24801,INFOR_GCF_ecrit_juin.pdf,ESG/2024/GCF/INFOR_GCF_ecrit_juin.pdf
94555,24801,MATHE_GCG_GCF_ecrit_juin.pdf,ESG/2024/GCF/MATHE_GCG_GCF_ecrit_juin.pdf
94561,24801,MATHE_GCG_GCF_ecrit_repêchage.pdf,ESG/2024/GCF/MATHE_GCG_GCF_ecrit_repêchage.pdf
24802,24797,GCG_GCGANGDF,ESG/2024/GCG_GCGANGDF
94581,24802,ALLEM_GCC_GCG_GCF_GMM_GSO_ecrit_juin.pdf,ESG/2024/GCG_GCGANGDF/ALLEM_GCC_GCG_GCF_GMM_GSO_ecrit_juin.pdf
94579,24802,ALLEM_GCC_GCG_GCF_GMM_GSO_ecrit_repêchage.pdf,ESG/2024/GCG_GCGANGDF/ALLEM_GCC_GCG_GCF_GMM_GSO_ecrit_repêchage.pdf
94586,24802,ALLEM-A_GCC_GCG_GCF_GMM_GSO_ecrit_juin.pdf,ESG/2024/GCG_GCGANGDF/ALLEM-A_GCC_GCG_GCF_GMM_GSO_ecrit_juin.pdf
94584,24802,ALLEM-F_GCC_GCG_GCF_GMM_GSO_ecrit_juin.pdf,ESG/2024/GCG_GCGANGDF/ALLEM-F_GCC_GCG_GCF_GMM_GSO_ecrit_juin.pdf
94573,24802,ANGLA_GCC_GCG_GCF_GMM_ecrit_juin.pdf,ESG/2024/GCG_GCGANGDF/ANGLA_GCC_GCG_GCF_GMM_ecrit_juin.pdf
94576,24802,ANGLA_GCC_GCG_GCF_GMM_ecrit_repêchage.pdf,ESG/2024/GCG_GCGANGDF/ANGLA_GCC_GCG_GCF_GMM_ecrit_repêchage.pdf
94591,24802,COMPT_GCG_ecrit_juin.pdf,ESG/2024/GCG_GCGANGDF/COMPT_GCG_ecrit_juin.pdf
94592,24802,COMPT_GCG_ecrit_repêchage.pdf,ESG/2024/GCG_GCGANGDF/COMPT_GCG_ecrit_repêchage.pdf
94585,24802,CONMO_GA3D_GACV _GCC_GCF_GCG_GGH_GIG_GIN_GMM_GSE_GSN_ecrit_juin.pdf,ESG/2024/GCG_GCGANGDF/CONMO_GA3D_GACV _GCC_GCF_GCG_GGH_GIG_GIN_GMM_GSE_GSN_ecrit_juin.pdf
94572,24802,CONMO_GA3D_GACV _GCC_GCF_GCG_GGH_GIG_GIN_GMM_GSE_GSN_ecrit_repêchagea.pdf,ESG/2024/GCG_GCGANGDF/CONMO_GA3D_GACV _GCC_GCF_GCG_GGH_GIG_GIN_GMM_GSE_GSN_ecrit_repêchagea.pdf
94590,24802,ECOGE_GCC_GCG_ecrit_juin.pdf,ESG/2024/GCG_GCGANGDF/ECOGE_GCC_GCG_ecrit_juin.pdf
94589,24802,ECOGE_GCC_GCG_ecrit_repêchage.pdf,ESG/2024/GCG_GCGANGDF/ECOGE_GCC_GCG_ecrit_repêchage.pdf
94575,24802,ECOPO_GCC_GCG_GCF_GMM_ecrit_juin.pdf,ESG/2024/GCG_GCGANGDF/ECOPO_GCC_GCG_GCF_GMM_ecrit_juin.pdf
94577,24802,ECOPO_GCC_GCG_GCF_GMM_ecrit_repêchage.pdf,ESG/2024/GCG_GCGANGDF/ECOPO_GCC_GCG_GCF_GMM_ecrit_repêchage.pdf
94574,24802,FRANC_GCC_GCG_GCF_GMM_ecrit_juin.pdf,ESG/2024/GCG_GCGANGDF/FRANC_GCC_GCG_GCF_GMM_ecrit_juin.pdf
94580,24802,FRANC_GCC_GCG_GCF_GMM_ecrit_repêchage.pdf,ESG/2024/GCG_GCGANGDF/FRANC_GCC_GCG_GCF_GMM_ecrit_repêchage.pdf
94588,24802,INFOR_GCG_ecrit_juin.pdf,ESG/2024/GCG_GCGANGDF/INFOR_GCG_ecrit_juin.pdf
94587,24802,INFOR_GCG_ecrit_repêchage.pdf,ESG/2024/GCG_GCGANGDF/INFOR_GCG_ecrit_repêchage.pdf
94582,24802,MATHE_GCG_GCF_ecrit_juin.pdf,ESG/2024/GCG_GCGANGDF/MATHE_GCG_GCF_ecrit_juin.pdf
94578,24802,MATHE_GCG_GCF_ecrit_repêchage.pdf,ESG/2024/GCG_GCGANGDF/MATHE_GCG_GCF_ecrit_repêchage.pdf
24803,24797,GCGSL,ESG/2024/GCGSL
94598,24803,ALLEM_GCGSL_ecrit_juin.pdf,ESG/2024/GCGSL/ALLEM_GCGSL_ecrit_juin.pdf
94594,24803,ALLEM_GCGSL_ecrit_repêchage.pdf,ESG/2024/GCGSL/ALLEM_GCGSL_ecrit_repêchage.pdf
94597,24803,ANGLA_GCGSL_ecrit_juin.pdf,ESG/2024/GCGSL/ANGLA_GCGSL_ecrit_juin.pdf
94596,24803,ANGLA_GCGSL_ecrit_repêchage.pdf,ESG/2024/GCGSL/ANGLA_GCGSL_ecrit_repêchage.pdf
94897,24803,COMPT_GCGSL_ecrit_juin.pdf,ESG/2024/GCGSL/COMPT_GCGSL_ecrit_juin.pdf
94600,24803,CONMO_GCGSL_ecrit_juin.pdf,ESG/2024/GCGSL/CONMO_GCGSL_ecrit_juin.pdf
94601,24803,ECOGE_GCGSL_ecrit_juin.pdf,ESG/2024/GCGSL/ECOGE_GCGSL_ecrit_juin.pdf
94599,24803,ECOPO_GCGSL_ecrit_juin.pdf,ESG/2024/GCGSL/ECOPO_GCGSL_ecrit_juin.pdf
94593,24803,INFOR_GCGSL_ecrit_juin.pdf,ESG/2024/GCGSL/INFOR_GCGSL_ecrit_juin.pdf
94595,24803,MATHE_GCGSL_ecrit_juin.pdf,ESG/2024/GCGSL/MATHE_GCGSL_ecrit_juin.pdf
24804,24797,GEA,ESG/2024/GEA
94613,24804,EAM01_ALLEM_GEA_ecrit_février.pdf,ESG/2024/GEA/EAM01_ALLEM_GEA_ecrit_février.pdf
94619,24804,EAM01_ALLEM_GEA_ecrit_repêchage.pdf,ESG/2024/GEA/EAM01_ALLEM_GEA_ecrit_repêchage.pdf
94610,24804,EAM01_ALLEM_GEA_ecrit_septembre.pdf,ESG/2024/GEA/EAM01_ALLEM_GEA_ecrit_septembre.pdf
94614,24804,EAM01_ANGLA_GEA_ecrit_février.pdf,ESG/2024/GEA/EAM01_ANGLA_GEA_ecrit_février.pdf
94618,24804,EAM01_FRANC_GEA_ecrit_février.pdf,ESG/2024/GEA/EAM01_FRANC_GEA_ecrit_février.pdf
94617,24804,EAM01_FRANC_GEA_ecrit_repêchage.pdf,ESG/2024/GEA/EAM01_FRANC_GEA_ecrit_repêchage.pdf
94607,24804,EAM01_FRANC_GEA_septembre.pdf,ESG/2024/GEA/EAM01_FRANC_GEA_septembre.pdf
94608,24804,EAM02_PSYCHO_GEA_ecrit_juin.pdf,ESG/2024/GEA/EAM02_PSYCHO_GEA_ecrit_juin.pdf
94615,24804,EAM02_PSYCHO_GEA_ecrit_septembre.pdf,ESG/2024/GEA/EAM02_PSYCHO_GEA_ecrit_septembre.pdf
94606,24804,EAM03_PEDAG_GEA_ecrit_juin.pdf,ESG/2024/GEA/EAM03_PEDAG_GEA_ecrit_juin.pdf
94604,24804,EAM04_FORMATION PRATIQUE_GEA_ecrit_juin.pdf,ESG/2024/GEA/EAM04_FORMATION PRATIQUE_GEA_ecrit_juin.pdf
94602,24804,EAM04_FORMATION PRATIQUE_GEA_ecrit_septembre.pdf,ESG/2024/GEA/EAM04_FORMATION PRATIQUE_GEA_ecrit_septembre.pdf
94609,24804,EAM08_MEDCOM_GEA_ecrit_juin.pdf,ESG/2024/GEA/EAM08_MEDCOM_GEA_ecrit_juin.pdf
94603,24804,EAM08_MEDCOM_GEA_ecrit_septembre.pdf,ESG/2024/GEA/EAM08_MEDCOM_GEA_ecrit_septembre.pdf
94611,24804,EAM09_MATHA_GEA_ecrit_juin.pdf,ESG/2024/GEA/EAM09_MATHA_GEA_ecrit_juin.pdf
94605,24804,EAM09_MATHA_GEA_ecrit_repêchage.pdf,ESG/2024/GEA/EAM09_MATHA_GEA_ecrit_repêchage.pdf
94612,24804,EAM10_SNAT_GEA_ecrit_juin.pdf,ESG/2024/GEA/EAM10_SNAT_GEA_ecrit_juin.pdf
94616,24804,EAM10_SNAT_GEA_ecrit_septembre.pdf,ESG/2024/GEA/EAM10_SNAT_GEA_ecrit_septembre.pdf
24805,24797,GED,ESG/2024/GED
94642,24805,ALLEM_GED_ecrit_juin.pdf,ESG/2024/GED/ALLEM_GED_ecrit_juin.pdf
94638,24805,ALLEM_GED_ecrit_septembre.pdf,ESG/2024/GED/ALLEM_GED_ecrit_septembre.pdf
94640,24805,ANGLA_GED_ecrit_juin.pdf,ESG/2024/GED/ANGLA_GED_ecrit_juin.pdf
94643,24805,ANGLA_GED_ecrit_juin_repêchage.pdf,ESG/2024/GED/ANGLA_GED_ecrit_juin_repêchage.pdf
94636,24805,ANGLA_GED_ecrit_septembre.pdf,ESG/2024/GED/ANGLA_GED_ecrit_septembre.pdf
94644,24805,BIOLO_GED_ecrit_juin.pdf,ESG/2024/GED/BIOLO_GED_ecrit_juin.pdf
94630,24805,BIOLO_GED_ecrit_septembre.pdf,ESG/2024/GED/BIOLO_GED_ecrit_septembre.pdf
94637,24805,DEVEL_GED_ecrit_juin.pdf,ESG/2024/GED/DEVEL_GED_ecrit_juin.pdf
94639,24805,DEVEL_GED_ecrit_repêchage.pdf,ESG/2024/GED/DEVEL_GED_ecrit_repêchage.pdf
94634,24805,DEVEL_GED_ecrit_septembre.pdf,ESG/2024/GED/DEVEL_GED_ecrit_septembre.pdf
94633,24805,EDMED_GED_ecrit_juin.pdf,ESG/2024/GED/EDMED_GED_ecrit_juin.pdf
94631,24805,EDMED_GED_ecrit_repêchage.pdf,ESG/2024/GED/EDMED_GED_ecrit_repêchage.pdf
94635,24805,EDMED_GED_ecrit_septembre.pdf,ESG/2024/GED/EDMED_GED_ecrit_septembre.pdf
94645,24805,ETDDD_GED_ecrit_juin.pdf,ESG/2024/GED/ETDDD_GED_ecrit_juin.pdf
94632,24805,ETDDD_GED_ecrit_septembre.pdf,ESG/2024/GED/ETDDD_GED_ecrit_septembre.pdf
94641,24805,FRANC_GED_ecrit_juin.pdf,ESG/2024/GED/FRANC_GED_ecrit_juin.pdf
94625,24805,FRANC_GED_ecrit_repêchage.pdf,ESG/2024/GED/FRANC_GED_ecrit_repêchage.pdf
94621,24805,FRANC_GED_ecrit_septembre.pdf,ESG/2024/GED/FRANC_GED_ecrit_septembre.pdf
94628,24805,PEDAG_GED_ecrit_juin.pdf,ESG/2024/GED/PEDAG_GED_ecrit_juin.pdf
94624,24805,PEDAG_GED_ecrit_septembre.pdf,ESG/2024/GED/PEDAG_GED_ecrit_septembre.pdf
94622,24805,PRMPR (MEPRP)_GED_ecrit_septembre.pdf,ESG/2024/GED/PRMPR (MEPRP)_GED_ecrit_septembre.pdf
94629,24805,PSYCH_GED_ecrit_juin.pdf,ESG/2024/GED/PSYCH_GED_ecrit_juin.pdf
94623,24805,PSYCH_GED_ecrit_septembre.pdf,ESG/2024/GED/PSYCH_GED_ecrit_septembre.pdf
94620,24805,SOAES (ACTES)_GED_ecrit_juin.pdf,ESG/2024/GED/SOAES (ACTES)_GED_ecrit_juin.pdf
94627,24805,SOAES (ACTES)_GED_ecrit_septembre.pdf,ESG/2024/GED/SOAES (ACTES)_GED_ecrit_septembre.pdf
94626,24805,SOAES (SOCIO)_GED_ecrit_juin.pdf,ESG/2024/GED/SOAES (SOCIO)_GED_ecrit_juin.pdf
94646,24805,SOAES (SOCIO)_GED_ecrit_septembre.pdf,ESG/2024/GED/SOAES (SOCIO)_GED_ecrit_septembre.pdf
24806,24797,GGH,ESG/2024/GGH
94664,24806,ESG_ANGLA_ecrit_juin.pdf,ESG/2024/GGH/ESG_ANGLA_ecrit_juin.pdf
94665,24806,ESG_ANGLA_GGH_ ecrit_automne.pdf,ESG/2024/GGH/ESG_ANGLA_GGH_ ecrit_automne.pdf
94660,24806,ESG_APPTR_GGH_ecrit_automne.pdf,ESG/2024/GGH/ESG_APPTR_GGH_ecrit_automne.pdf
94657,24806,ESG_ARTCU_GGH_ecrit_juin.pdf,ESG/2024/GGH/ESG_ARTCU_GGH_ecrit_juin.pdf
94661,24806,ESG_CONMO_ecrit_GA3D GACV GGH GIG GIN GSE.pdf,ESG/2024/GGH/ESG_CONMO_ecrit_GA3D GACV GGH GIG GIN GSE.pdf
94658,24806,ESG_CONMO_GA3D GACV GGH GIG GIN GSE ecrit_juin repêchage.pdf,ESG/2024/GGH/ESG_CONMO_GA3D GACV GGH GIG GIN GSE ecrit_juin repêchage.pdf
94659,24806,ESG_CONMO_GA3D GACV GGh GIG GIN GSE GSN_ecrit_automne.pdf,ESG/2024/GGH/ESG_CONMO_GA3D GACV GGh GIG GIN GSE GSN_ecrit_automne.pdf
94655,24806,ESG_FRANC_GGH GSO ecrit_juin repêchage.pdf,ESG/2024/GGH/ESG_FRANC_GGH GSO ecrit_juin repêchage.pdf
94648,24806,ESG_FRANC_GGH-GSO_ecrit_juin.pdf,ESG/2024/GGH/ESG_FRANC_GGH-GSO_ecrit_juin.pdf
94653,24806,ESG_GEOTO_ GGH_ecrit_automne.pdf,ESG/2024/GGH/ESG_GEOTO_ GGH_ecrit_automne.pdf
94654,24806,ESG_GEOTO_GGH_ecrit_juin.pdf,ESG/2024/GGH/ESG_GEOTO_GGH_ecrit_juin.pdf
94662,24806,ESG_GESHO_GGH_ecrit_automne.pdf,ESG/2024/GGH/ESG_GESHO_GGH_ecrit_automne.pdf
94663,24806,ESG_GESHO_GGH_ecrit_juin.pdf,ESG/2024/GGH/ESG_GESHO_GGH_ecrit_juin.pdf
94656,24806,ESG_GESOP_GGH_ecrit_automne.pdf,ESG/2024/GGH/ESG_GESOP_GGH_ecrit_automne.pdf
94652,24806,ESG_GESOP_GGH_ecrit_juin.pdf,ESG/2024/GGH/ESG_GESOP_GGH_ecrit_juin.pdf
94649,24806,ESG_GESRE_GGH_ecrit_automne.pdf,ESG/2024/GGH/ESG_GESRE_GGH_ecrit_automne.pdf
94647,24806,ESG_GESRE_GGH_ecrit_juin.pdf,ESG/2024/GGH/ESG_GESRE_GGH_ecrit_juin.pdf
94651,24806,ESG_MAINF_GGH_ecrit_automne.pdf,ESG/2024/GGH/ESG_MAINF_GGH_ecrit_automne.pdf
94650,24806,ESG_MAINF_GGH_ecrit_juin.pdf,ESG/2024/GGH/ESG_MAINF_GGH_ecrit_juin.pdf
24807,24797,GIG,ESG/2024/GIG
94687,24807,"ESG_ALLEM_GA3D, GACV, GIG, GIN, GSE, GSN _ écrit_automne.pdf","ESG/2024/GIG/ESG_ALLEM_GA3D, GACV, GIG, GIN, GSE, GSN _ écrit_automne.pdf"
94681,24807,"ESG_ALLEM_GA3D, GACV, GIG, GIN, GSE, GSN _ écrit_juin repêchage.pdf","ESG/2024/GIG/ESG_ALLEM_GA3D, GACV, GIG, GIN, GSE, GSN _ écrit_juin repêchage.pdf"
94680,24807,"ESG_ALLEM_GA3D, GACV, GIG, GIN, GSE, GSN _ écrit_juin.pdf","ESG/2024/GIG/ESG_ALLEM_GA3D, GACV, GIG, GIN, GSE, GSN _ écrit_juin.pdf"
94682,24807,"ESG_ALLEM_GA3D, GACV, GIG, GIN, GSE, GSNecrit_automne.pdf","ESG/2024/GIG/ESG_ALLEM_GA3D, GACV, GIG, GIN, GSE, GSNecrit_automne.pdf"
94674,24807,ESG_ANGLA_GA3D  GACV  GIG  GIN  GSE  GSN  GSO_ecrit_juin repêchage.pdf,ESG/2024/GIG/ESG_ANGLA_GA3D  GACV  GIG  GIN  GSE  GSN  GSO_ecrit_juin repêchage.pdf
94686,24807,ESG_ANGLA_GA3D GACV GIG GIN GSE ecrit_juin.pdf,ESG/2024/GIG/ESG_ANGLA_GA3D GACV GIG GIN GSE ecrit_juin.pdf
94696,24807,ESG_ANGLA_GA3D GACV GIG GIN GSE GSN GSO _ automne repêchage.pdf,ESG/2024/GIG/ESG_ANGLA_GA3D GACV GIG GIN GSE GSN GSO _ automne repêchage.pdf
94699,24807,ESG_ANGLA_GA3D GACV GIG GIN GSE GSN GSO _ automne.pdf,ESG/2024/GIG/ESG_ANGLA_GA3D GACV GIG GIN GSE GSN GSO _ automne.pdf
94710,24807,ESG_CHIMI_GIG ecrit_juin repêchage.pdf,ESG/2024/GIG/ESG_CHIMI_GIG ecrit_juin repêchage.pdf
94700,24807,ESG_CHIMI_GIG_ecrit_automne.pdf,ESG/2024/GIG/ESG_CHIMI_GIG_ecrit_automne.pdf
94698,24807,ESG_CHIMI_GIG_ecrit_juin.pdf,ESG/2024/GIG/ESG_CHIMI_GIG_ecrit_juin.pdf
94673,24807,ESG_CHIMI_GIG_ecrit_traduction automne.pdf,ESG/2024/GIG/ESG_CHIMI_GIG_ecrit_traduction automne.pdf
94705,24807,ESG_CHIMI_GIGF ecrit_traduction juin repêchage.pdf,ESG/2024/GIG/ESG_CHIMI_GIGF ecrit_traduction juin repêchage.pdf
94704,24807,ESG_CONMO_ecrit_GA3D GACV GGH GIG GIN GSE.pdf,ESG/2024/GIG/ESG_CONMO_ecrit_GA3D GACV GGH GIG GIN GSE.pdf
94668,24807,ESG_CONMO_GA3D GACV GGh GIG GIN GSE GSN_ecrit_automne.pdf,ESG/2024/GIG/ESG_CONMO_GA3D GACV GGh GIG GIN GSE GSN_ecrit_automne.pdf
94702,24807,ESG_ELETE_GIG ecrit_juin repêchage.pdf,ESG/2024/GIG/ESG_ELETE_GIG ecrit_juin repêchage.pdf
94697,24807,ESG_ELETE_GIG_ecrit_automne.pdf,ESG/2024/GIG/ESG_ELETE_GIG_ecrit_automne.pdf
94690,24807,ESG_ELETE_GIG_ecrit_juin.pdf,ESG/2024/GIG/ESG_ELETE_GIG_ecrit_juin.pdf
94683,24807,ESG_ELETE_GIG-F_ecrit_juin.pdf,ESG/2024/GIG/ESG_ELETE_GIG-F_ecrit_juin.pdf
94675,24807,ESG_FRANC_GA3D  GIG  GIN  GSE  GSN_ecrit_juin repêchage.pdf,ESG/2024/GIG/ESG_FRANC_GA3D  GIG  GIN  GSE  GSN_ecrit_juin repêchage.pdf
94672,24807,ESG_FRANC_GA3D GIG GIN GSE GSN ecrit_automne repêchage.pdf,ESG/2024/GIG/ESG_FRANC_GA3D GIG GIN GSE GSN ecrit_automne repêchage.pdf
94666,24807,ESG_FRANC_GA3D GIG GIN GSE GSN ecrit_automne.pdf,ESG/2024/GIG/ESG_FRANC_GA3D GIG GIN GSE GSN ecrit_automne.pdf
94667,24807,ESG_FRANC_GA3D-GIG-GIN-GSE-GSN ecrit_juin.pdf,ESG/2024/GIG/ESG_FRANC_GA3D-GIG-GIN-GSE-GSN ecrit_juin.pdf
94706,24807,ESG_INFOR_GIG_ecrit_automne.pdf,ESG/2024/GIG/ESG_INFOR_GIG_ecrit_automne.pdf
94709,24807,ESG_INFOR_GIG_ecrit_juin.pdf,ESG/2024/GIG/ESG_INFOR_GIG_ecrit_juin.pdf
94671,24807,ESG_MATHE (MATH1)_ecrit_GIG GIN_juin repêchage.pdf,ESG/2024/GIG/ESG_MATHE (MATH1)_ecrit_GIG GIN_juin repêchage.pdf
94669,24807,ESG_MATHE (MATH1)_GIG _ GIN_ecrit_juin.pdf,ESG/2024/GIG/ESG_MATHE (MATH1)_GIG _ GIN_ecrit_juin.pdf
94695,24807,ESG_MATHE (MATH1)_GIG_ecrit_automne ajournement.pdf,ESG/2024/GIG/ESG_MATHE (MATH1)_GIG_ecrit_automne ajournement.pdf
94688,24807,ESG_MATHE (MATH2)_GIG_ ecrit_automne ajournement.pdf,ESG/2024/GIG/ESG_MATHE (MATH2)_GIG_ ecrit_automne ajournement.pdf
94684,24807,ESG_MATHE (MATH2)_GIG_écrit juin.pdf,ESG/2024/GIG/ESG_MATHE (MATH2)_GIG_écrit juin.pdf
94692,24807,ESG_MATHE (MATH2)_GIG_ecrit_juin repêchage.pdf,ESG/2024/GIG/ESG_MATHE (MATH2)_GIG_ecrit_juin repêchage.pdf
94679,24807,ESG_MECAN_GIG_ecrit_automne.pdf,ESG/2024/GIG/ESG_MECAN_GIG_ecrit_automne.pdf
94689,24807,ESG_MECAN_GIG_ecrit_juin.pdf,ESG/2024/GIG/ESG_MECAN_GIG_ecrit_juin.pdf
94708,24807,ESG_PHYSI_GIG ecrit automne repêchage.pdf,ESG/2024/GIG/ESG_PHYSI_GIG ecrit automne repêchage.pdf
94703,24807,ESG_PHYSI_GIG_ecrit_automne traduction.pdf,ESG/2024/GIG/ESG_PHYSI_GIG_ecrit_automne traduction.pdf
94707,24807,ESG_PHYSI_GIG_ecrit_automne.pdf,ESG/2024/GIG/ESG_PHYSI_GIG_ecrit_automne.pdf
94701,24807,ESG_PHYSI_GIG_ecrit_juin repêchage.pdf,ESG/2024/GIG/ESG_PHYSI_GIG_ecrit_juin repêchage.pdf
94693,24807,ESG_PHYSI_GIG_ecrit_juin.pdf,ESG/2024/GIG/ESG_PHYSI_GIG_ecrit_juin.pdf
94694,24807,ESG_PHYSI_GIG_ecrit_traduction.pdf,ESG/2024/GIG/ESG_PHYSI_GIG_ecrit_traduction.pdf
94677,24807,ESG_TECNO_ecrit_a_1_traduction .pdf,ESG/2024/GIG/ESG_TECNO_ecrit_a_1_traduction .pdf
94670,24807,ESG_TECNO_GIG_ecrit_automne repêchage.pdf,ESG/2024/GIG/ESG_TECNO_GIG_ecrit_automne repêchage.pdf
94676,24807,ESG_TECNO_GIG_ecrit_automne.pdf,ESG/2024/GIG/ESG_TECNO_GIG_ecrit_automne.pdf
94678,24807,ESG_TECNO_GIG_ecrit_juin repêchage.pdf,ESG/2024/GIG/ESG_TECNO_GIG_ecrit_juin repêchage.pdf
94691,24807,ESG_TECNO_GIG_ecrit_juin.pdf,ESG/2024/GIG/ESG_TECNO_GIG_ecrit_juin.pdf
94685,24807,ESG_TECNO_GIGF_ecrit_juin repêchage_traduction.pdf,ESG/2024/GIG/ESG_TECNO_GIGF_ecrit_juin repêchage_traduction.pdf
24808,24797,GIN,ESG/2024/GIN
94729,24808,"ESG_ALLEM_GA3D, GACV, GIG, GIN, GSE, GSN _ écrit_automne.pdf","ESG/2024/GIN/ESG_ALLEM_GA3D, GACV, GIG, GIN, GSE, GSN _ écrit_automne.pdf"
94724,24808,"ESG_ALLEM_GA3D, GACV, GIG, GIN, GSE, GSN _ écrit_juin repêchage.pdf","ESG/2024/GIN/ESG_ALLEM_GA3D, GACV, GIG, GIN, GSE, GSN _ écrit_juin repêchage.pdf"
94716,24808,"ESG_ALLEM_GA3D, GACV, GIG, GIN, GSE, GSN _ écrit_juin.pdf","ESG/2024/GIN/ESG_ALLEM_GA3D, GACV, GIG, GIN, GSE, GSN _ écrit_juin.pdf"
94728,24808,"ESG_ALLEM_GA3D, GACV, GIG, GIN, GSE, GSNecrit_automne.pdf","ESG/2024/GIN/ESG_ALLEM_GA3D, GACV, GIG, GIN, GSE, GSNecrit_automne.pdf"
94719,24808,ESG_ANGLA_GA3D  GACV  GIG  GIN  GSE  GSN  GSO_ecrit_juin repêchage.pdf,ESG/2024/GIN/ESG_ANGLA_GA3D  GACV  GIG  GIN  GSE  GSN  GSO_ecrit_juin repêchage.pdf
94730,24808,ESG_ANGLA_GA3D GACV GIG GIN GSE ecrit_juin.pdf,ESG/2024/GIN/ESG_ANGLA_GA3D GACV GIG GIN GSE ecrit_juin.pdf
94718,24808,ESG_ANGLA_GA3D GACV GIG GIN GSE GSN GSO _ automne repêchage.pdf,ESG/2024/GIN/ESG_ANGLA_GA3D GACV GIG GIN GSE GSN GSO _ automne repêchage.pdf
94732,24808,ESG_ANGLA_GA3D GACV GIG GIN GSE GSN GSO _ automne.pdf,ESG/2024/GIN/ESG_ANGLA_GA3D GACV GIG GIN GSE GSN GSO _ automne.pdf
94737,24808,ESG_BASDO_GIN_ecrit_automne.pdf,ESG/2024/GIN/ESG_BASDO_GIN_ecrit_automne.pdf
94734,24808,ESG_BASDO_GIN_ecrit_juin.pdf,ESG/2024/GIN/ESG_BASDO_GIN_ecrit_juin.pdf
94735,24808,ESG_CONMO_ecrit_GA3D GACV GGH GIG GIN GSE.pdf,ESG/2024/GIN/ESG_CONMO_ecrit_GA3D GACV GGH GIG GIN GSE.pdf
94733,24808,ESG_CONMO_GA3D GACV GGH GIG GIN GSE ecrit_juin repêchage.pdf,ESG/2024/GIN/ESG_CONMO_GA3D GACV GGH GIG GIN GSE ecrit_juin repêchage.pdf
94736,24808,ESG_CONMO_GA3D GACV GGh GIG GIN GSE GSN_ecrit_automne.pdf,ESG/2024/GIN/ESG_CONMO_GA3D GACV GGh GIG GIN GSE GSN_ecrit_automne.pdf
94711,24808,ESG_FRANC_GA3D  GIG  GIN  GSE  GSN_ecrit_juin repêchage.pdf,ESG/2024/GIN/ESG_FRANC_GA3D  GIG  GIN  GSE  GSN_ecrit_juin repêchage.pdf
94713,24808,ESG_FRANC_GA3D GIG GIN GSE GSN ecrit_automne repêchage.pdf,ESG/2024/GIN/ESG_FRANC_GA3D GIG GIN GSE GSN ecrit_automne repêchage.pdf
94712,24808,ESG_FRANC_GA3D GIG GIN GSE GSN ecrit_automne.pdf,ESG/2024/GIN/ESG_FRANC_GA3D GIG GIN GSE GSN ecrit_automne.pdf
94720,24808,ESG_FRANC_GA3D-GIG-GIN-GSE-GSN ecrit_juin.pdf,ESG/2024/GIN/ESG_FRANC_GA3D-GIG-GIN-GSE-GSN ecrit_juin.pdf
94731,24808,ESG_GIN_BASDO_ecrit_automne.pdf,ESG/2024/GIN/ESG_GIN_BASDO_ecrit_automne.pdf
94721,24808,ESG_MATHE (MATH1)_ecrit_GIG GIN_juin repêchage.pdf,ESG/2024/GIN/ESG_MATHE (MATH1)_ecrit_GIG GIN_juin repêchage.pdf
94726,24808,ESG_MATHE (MATH1)_GIG _ GIN_ecrit_juin.pdf,ESG/2024/GIN/ESG_MATHE (MATH1)_GIG _ GIN_ecrit_juin.pdf
94717,24808,ESG_MATHE (MATH2)_GIN_ juin.pdf,ESG/2024/GIN/ESG_MATHE (MATH2)_GIN_ juin.pdf
94723,24808,ESG_MATHE (MATH2)_GIN_juin repêchage.pdf,ESG/2024/GIN/ESG_MATHE (MATH2)_GIN_juin repêchage.pdf
94739,24808,ESG_PROGR_GIN_ecrit_automne.pdf,ESG/2024/GIN/ESG_PROGR_GIN_ecrit_automne.pdf
94738,24808,ESG_PROGR_GIN_ecrit_juin.pdf,ESG/2024/GIN/ESG_PROGR_GIN_ecrit_juin.pdf
94714,24808,ESG_SNTEC_GIN ecrit_juin.pdf,ESG/2024/GIN/ESG_SNTEC_GIN ecrit_juin.pdf
94727,24808,ESG_SNTEC_GIN_ecrit_automne.pdf,ESG/2024/GIN/ESG_SNTEC_GIN_ecrit_automne.pdf
94715,24808,ESG_TEINF_GIN_ecrit_automne.pdf,ESG/2024/GIN/ESG_TEINF_GIN_ecrit_automne.pdf
94722,24808,ESG_TEINF_GIN_ecrit_juin.pdf,ESG/2024/GIN/ESG_TEINF_GIN_ecrit_juin.pdf
94725,24808,MATHE (MATH1)_ecrit_GIG GIN_juin repêchage.pdf,ESG/2024/GIN/MATHE (MATH1)_ecrit_GIG GIN_juin repêchage.pdf
24809,24797,GMM,ESG/2024/GMM
94750,24809,ALLEM_GCC_GCG_GCF_GMM_GSO_ecrit_juin.pdf,ESG/2024/GMM/ALLEM_GCC_GCG_GCF_GMM_GSO_ecrit_juin.pdf
94741,24809,ALLEM_GCC_GCG_GCF_GMM_GSO_ecrit_repêchage.pdf,ESG/2024/GMM/ALLEM_GCC_GCG_GCF_GMM_GSO_ecrit_repêchage.pdf
94744,24809,ANGLA_GCC_GCG_GCF_GMM_ecrit_juin.pdf,ESG/2024/GMM/ANGLA_GCC_GCG_GCF_GMM_ecrit_juin.pdf
94745,24809,ANGLA_GCC_GCG_GCF_GMM_ecrit_repêchage.pdf,ESG/2024/GMM/ANGLA_GCC_GCG_GCF_GMM_ecrit_repêchage.pdf
94749,24809,COMEP_GMM_ecrit_juin.pdf,ESG/2024/GMM/COMEP_GMM_ecrit_juin.pdf
94755,24809,CONMO_GA3D_GACV _GCC_GCF_GCG_GGH_GIG_GIN_GMM_GSE_GSN_ecrit_juin.pdf,ESG/2024/GMM/CONMO_GA3D_GACV _GCC_GCF_GCG_GGH_GIG_GIN_GMM_GSE_GSN_ecrit_juin.pdf
94754,24809,CONMO_GA3D_GACV _GCC_GCF_GCG_GGH_GIG_GIN_GMM_GSE_GSN_ecrit_repêchagea.pdf,ESG/2024/GMM/CONMO_GA3D_GACV _GCC_GCF_GCG_GGH_GIG_GIN_GMM_GSE_GSN_ecrit_repêchagea.pdf
94747,24809,ECOPO_GCC_GCG_GCF_GMM_ecrit_juin.pdf,ESG/2024/GMM/ECOPO_GCC_GCG_GCF_GMM_ecrit_juin.pdf
94751,24809,ECOPO_GCC_GCG_GCF_GMM_ecrit_repêchage.pdf,ESG/2024/GMM/ECOPO_GCC_GCG_GCF_GMM_ecrit_repêchage.pdf
94742,24809,FRANC_GCC_GCG_GCF_GMM_ecrit_juin.pdf,ESG/2024/GMM/FRANC_GCC_GCG_GCF_GMM_ecrit_juin.pdf
94748,24809,FRANC_GCC_GCG_GCF_GMM_ecrit_repêchage.pdf,ESG/2024/GMM/FRANC_GCC_GCG_GCF_GMM_ecrit_repêchage.pdf
94753,24809,MARKB_GMM_ecrit_juin.pdf,ESG/2024/GMM/MARKB_GMM_ecrit_juin.pdf
94752,24809,MARKB_GMM_ecrit_repêchage.pdf,ESG/2024/GMM/MARKB_GMM_ecrit_repêchage.pdf
94746,24809,MEDIB_GMM_ecrit_juin.pdf,ESG/2024/GMM/MEDIB_GMM_ecrit_juin.pdf
94743,24809,MEDIB_GMM_ecrit_repêchage.pdf,ESG/2024/GMM/MEDIB_GMM_ecrit_repêchage.pdf
94740,24809,PROJM_GMM_ecrit_juin.pdf,ESG/2024/GMM/PROJM_GMM_ecrit_juin.pdf
24810,24797,GSE,ESG/2024/GSE
94773,24810,ESG_AEJDD_ecrit_.pdf,ESG/2024/GSE/ESG_AEJDD_ecrit_.pdf
94768,24810,ESG_AEJDD_ecrit_1.pdf,ESG/2024/GSE/ESG_AEJDD_ecrit_1.pdf
94767,24810,ESG_AEJDD_ecrit_a_.pdf,ESG/2024/GSE/ESG_AEJDD_ecrit_a_.pdf
94775,24810,ESG_AEJDD_ecrit_a_1.pdf,ESG/2024/GSE/ESG_AEJDD_ecrit_a_1.pdf
94772,24810,"ESG_ALLEM_GA3D, GACV, GIG, GIN, GSE, GSN _ écrit_automne.pdf","ESG/2024/GSE/ESG_ALLEM_GA3D, GACV, GIG, GIN, GSE, GSN _ écrit_automne.pdf"
94765,24810,"ESG_ALLEM_GA3D, GACV, GIG, GIN, GSE, GSN _ écrit_juin repêchage.pdf","ESG/2024/GSE/ESG_ALLEM_GA3D, GACV, GIG, GIN, GSE, GSN _ écrit_juin repêchage.pdf"
94764,24810,"ESG_ALLEM_GA3D, GACV, GIG, GIN, GSE, GSN _ écrit_juin.pdf","ESG/2024/GSE/ESG_ALLEM_GA3D, GACV, GIG, GIN, GSE, GSN _ écrit_juin.pdf"
94762,24810,"ESG_ALLEM_GA3D, GACV, GIG, GIN, GSE, GSNecrit_automne.pdf","ESG/2024/GSE/ESG_ALLEM_GA3D, GACV, GIG, GIN, GSE, GSNecrit_automne.pdf"
94757,24810,ESG_ANGLA_GA3D  GACV  GIG  GIN  GSE  GSN  GSO_ecrit_juin repêchage.pdf,ESG/2024/GSE/ESG_ANGLA_GA3D  GACV  GIG  GIN  GSE  GSN  GSO_ecrit_juin repêchage.pdf
94766,24810,ESG_ANGLA_GA3D GACV GIG GIN GSE ecrit_juin.pdf,ESG/2024/GSE/ESG_ANGLA_GA3D GACV GIG GIN GSE ecrit_juin.pdf
94763,24810,ESG_ANGLA_GA3D GACV GIG GIN GSE GSN GSO _ automne repêchage.pdf,ESG/2024/GSE/ESG_ANGLA_GA3D GACV GIG GIN GSE GSN GSO _ automne repêchage.pdf
94771,24810,ESG_ANGLA_GA3D GACV GIG GIN GSE GSN GSO _ automne.pdf,ESG/2024/GSE/ESG_ANGLA_GA3D GACV GIG GIN GSE GSN GSO _ automne.pdf
94779,24810,ESG_CONMO_ecrit_GA3D GACV GGH GIG GIN GSE.pdf,ESG/2024/GSE/ESG_CONMO_ecrit_GA3D GACV GGH GIG GIN GSE.pdf
94774,24810,ESG_CONMO_GA3D GACV GGH GIG GIN GSE ecrit_juin repêchage.pdf,ESG/2024/GSE/ESG_CONMO_GA3D GACV GGH GIG GIN GSE ecrit_juin repêchage.pdf
94777,24810,ESG_CONMO_GA3D GACV GGh GIG GIN GSE GSN_ecrit_automne.pdf,ESG/2024/GSE/ESG_CONMO_GA3D GACV GGh GIG GIN GSE GSN_ecrit_automne.pdf
94776,24810,ESG_ECOLO_GSE_ecrit_juin.pdf,ESG/2024/GSE/ESG_ECOLO_GSE_ecrit_juin.pdf
94760,24810,ESG_FRANC_GA3D  GIG  GIN  GSE  GSN_ecrit_juin repêchage.pdf,ESG/2024/GSE/ESG_FRANC_GA3D  GIG  GIN  GSE  GSN_ecrit_juin repêchage.pdf
94770,24810,ESG_FRANC_GA3D GIG GIN GSE GSN ecrit_automne repêchage.pdf,ESG/2024/GSE/ESG_FRANC_GA3D GIG GIN GSE GSN ecrit_automne repêchage.pdf
94759,24810,ESG_FRANC_GA3D GIG GIN GSE GSN ecrit_automne.pdf,ESG/2024/GSE/ESG_FRANC_GA3D GIG GIN GSE GSN ecrit_automne.pdf
94756,24810,ESG_FRANC_GA3D-GIG-GIN-GSE-GSN ecrit_juin.pdf,ESG/2024/GSE/ESG_FRANC_GA3D-GIG-GIN-GSE-GSN ecrit_juin.pdf
94758,24810,ESG_MATHE_GSE_ecrit_automne.pdf,ESG/2024/GSE/ESG_MATHE_GSE_ecrit_automne.pdf
94761,24810,ESG_MATHE_GSE_ecrit_juin.pdf,ESG/2024/GSE/ESG_MATHE_GSE_ecrit_juin.pdf
94778,24810,ESG_PHYSI_GSE_ecrit_juin.pdf,ESG/2024/GSE/ESG_PHYSI_GSE_ecrit_juin.pdf
94769,24810,ESG_PPREN_GSE_ecrit_juin.pdf,ESG/2024/GSE/ESG_PPREN_GSE_ecrit_juin.pdf
24811,24797,GSH,ESG/2024/GSH
94792,24811,ALLEM_GSH_écrit_juin.pdf,ESG/2024/GSH/ALLEM_GSH_écrit_juin.pdf
94787,24811,ALLEM_GSH_écrit_septembre.pdf,ESG/2024/GSH/ALLEM_GSH_écrit_septembre.pdf
94789,24811,ANGLA_GSH_écrit_juin repêchage.pdf,ESG/2024/GSH/ANGLA_GSH_écrit_juin repêchage.pdf
94791,24811,ANGLA_GSH_écrit_juin.pdf,ESG/2024/GSH/ANGLA_GSH_écrit_juin.pdf
94786,24811,ANGLA_GSH_écrit_septembre.pdf,ESG/2024/GSH/ANGLA_GSH_écrit_septembre.pdf
94796,24811,BIOHM_GSH_écrit_juin.pdf,ESG/2024/GSH/BIOHM_GSH_écrit_juin.pdf
94794,24811,BIOHM_GSH_écrit_septembre.pdf,ESG/2024/GSH/BIOHM_GSH_écrit_septembre.pdf
94793,24811,CHIME_GSH_écrit_juin.pdf,ESG/2024/GSH/CHIME_GSH_écrit_juin.pdf
94795,24811,CHIME_GSH_écrit_septembre.pdf,ESG/2024/GSH/CHIME_GSH_écrit_septembre.pdf
94784,24811,FRANC_GSH_écrit_juin.pdf,ESG/2024/GSH/FRANC_GSH_écrit_juin.pdf
94785,24811,FRANC_GSH_écrit_septembre.pdf,ESG/2024/GSH/FRANC_GSH_écrit_septembre.pdf
94788,24811,MATHE_GSH_écrit_juin.pdf,ESG/2024/GSH/MATHE_GSH_écrit_juin.pdf
94783,24811,MATHE_GSH_écrit_septembre.pdf,ESG/2024/GSH/MATHE_GSH_écrit_septembre.pdf
94797,24811,PHYME_GSH_écrit_juin.pdf,ESG/2024/GSH/PHYME_GSH_écrit_juin.pdf
94781,24811,PHYME_GSH_écrit_septembre.pdf,ESG/2024/GSH/PHYME_GSH_écrit_septembre.pdf
94782,24811,SCMED_GSH_écrit_juin.pdf,ESG/2024/GSH/SCMED_GSH_écrit_juin.pdf
94780,24811,SCMED_GSH_écrit_septembre.pdf,ESG/2024/GSH/SCMED_GSH_écrit_septembre.pdf
94790,24811,SHUSA_GSH_écrit_juin.pdf,ESG/2024/GSH/SHUSA_GSH_écrit_juin.pdf
24812,24797,GSI,ESG/2024/GSI
94808,24812,ALLEM_GSI_écrit_juin.pdf,ESG/2024/GSI/ALLEM_GSI_écrit_juin.pdf
94806,24812,ALLEM_GSI_écrit_septembre.pdf,ESG/2024/GSI/ALLEM_GSI_écrit_septembre.pdf
94814,24812,ANGLA_GSI_écrit_juin repêchage.pdf,ESG/2024/GSI/ANGLA_GSI_écrit_juin repêchage.pdf
94801,24812,ANGLA_GSI_écrit_juin.pdf,ESG/2024/GSI/ANGLA_GSI_écrit_juin.pdf
94807,24812,ANGLA_GSI_écrit_septembre.pdf,ESG/2024/GSI/ANGLA_GSI_écrit_septembre.pdf
94818,24812,BIOHU_GSI_écrit TRAD_juin repêchage.pdf,ESG/2024/GSI/BIOHU_GSI_écrit TRAD_juin repêchage.pdf
94812,24812,BIOHU_GSI_écrit TRAD_juin.pdf,ESG/2024/GSI/BIOHU_GSI_écrit TRAD_juin.pdf
94815,24812,BIOHU_GSI_écrit TRAD_septembre repêchage.pdf,ESG/2024/GSI/BIOHU_GSI_écrit TRAD_septembre repêchage.pdf
94819,24812,BIOHU_GSI_écrit TRAD_septembre.pdf,ESG/2024/GSI/BIOHU_GSI_écrit TRAD_septembre.pdf
94802,24812,BIOHU_GSI_écrit_ juin repêchage.pdf,ESG/2024/GSI/BIOHU_GSI_écrit_ juin repêchage.pdf
94816,24812,BIOHU_GSI_écrit_juin.pdf,ESG/2024/GSI/BIOHU_GSI_écrit_juin.pdf
94817,24812,BIOHU_GSI_écrit_septembre.pdf,ESG/2024/GSI/BIOHU_GSI_écrit_septembre.pdf
94800,24812,COSPI_GSI_écrit_juin.pdf,ESG/2024/GSI/COSPI_GSI_écrit_juin.pdf
94810,24812,COSPI_GSI_écrit_septembre.pdf,ESG/2024/GSI/COSPI_GSI_écrit_septembre.pdf
94798,24812,FRANC_GSI_écrit_juin.pdf,ESG/2024/GSI/FRANC_GSI_écrit_juin.pdf
94811,24812,FRANC_GSI_écrit_septembre.pdf,ESG/2024/GSI/FRANC_GSI_écrit_septembre.pdf
94809,24812,SCHUS_GSI_écrit_juin.pdf,ESG/2024/GSI/SCHUS_GSI_écrit_juin.pdf
94799,24812,SCHUS_GSI_écrit_septembre.pdf,ESG/2024/GSI/SCHUS_GSI_écrit_septembre.pdf
94803,24812,SCMED_GSI_écrit TRAD_juin.pdf,ESG/2024/GSI/SCMED_GSI_écrit TRAD_juin.pdf
94804,24812,SCMED_GSI_écrit TRAD_septembre.pdf,ESG/2024/GSI/SCMED_GSI_écrit TRAD_septembre.pdf
94805,24812,SCMED_GSI_écrit_juin.pdf,ESG/2024/GSI/SCMED_GSI_écrit_juin.pdf
94813,24812,SCMED_GSI_écrit_septembre.pdf,ESG/2024/GSI/SCMED_GSI_écrit_septembre.pdf
24813,24797,GSN,ESG/2024/GSN
94824,24813,ALLEM_GSN_écrit_juin repêchage.pdf,ESG/2024/GSN/ALLEM_GSN_écrit_juin repêchage.pdf
94827,24813,ALLEM_GSN_écrit_juin.pdf,ESG/2024/GSN/ALLEM_GSN_écrit_juin.pdf
94823,24813,ALLEM_GSN_écrit_septembre.pdf,ESG/2024/GSN/ALLEM_GSN_écrit_septembre.pdf
94828,24813,ANGLA_GSN_écrit_juin repêchage.pdf,ESG/2024/GSN/ANGLA_GSN_écrit_juin repêchage.pdf
94826,24813,ANGLA_GSN_écrit_juin.pdf,ESG/2024/GSN/ANGLA_GSN_écrit_juin.pdf
94825,24813,ANGLA_GSN_écrit_septembre repêchage.pdf,ESG/2024/GSN/ANGLA_GSN_écrit_septembre repêchage.pdf
94829,24813,ANGLA_GSN_écrit_septembre.pdf,ESG/2024/GSN/ANGLA_GSN_écrit_septembre.pdf
94847,24813,BIOLO_GSN_écrit TRAD_juin.pdf,ESG/2024/GSN/BIOLO_GSN_écrit TRAD_juin.pdf
94843,24813,BIOLO_GSN_écrit TRAD_septembre.pdf,ESG/2024/GSN/BIOLO_GSN_écrit TRAD_septembre.pdf
94846,24813,BIOLO_GSN_écrit_juin.pdf,ESG/2024/GSN/BIOLO_GSN_écrit_juin.pdf
94842,24813,BIOLO_GSN_écrit_septembre.pdf,ESG/2024/GSN/BIOLO_GSN_écrit_septembre.pdf
94851,24813,CHIMI_GSN_écrit TRAD_juin.pdf,ESG/2024/GSN/CHIMI_GSN_écrit TRAD_juin.pdf
94850,24813,CHIMI_GSN_écrit TRAD_septembre.pdf,ESG/2024/GSN/CHIMI_GSN_écrit TRAD_septembre.pdf
94853,24813,CHIMI_GSN_écrit_juin repêchage.pdf,ESG/2024/GSN/CHIMI_GSN_écrit_juin repêchage.pdf
94849,24813,CHIMI_GSN_écrit_juin.pdf,ESG/2024/GSN/CHIMI_GSN_écrit_juin.pdf
94844,24813,CHIMI_GSN_écrit_septembre.pdf,ESG/2024/GSN/CHIMI_GSN_écrit_septembre.pdf
94837,24813,CONMO_GSN_écrit TRAD_juin.pdf,ESG/2024/GSN/CONMO_GSN_écrit TRAD_juin.pdf
94836,24813,CONMO_GSN_écrit_juin repêchage.pdf,ESG/2024/GSN/CONMO_GSN_écrit_juin repêchage.pdf
94841,24813,CONMO_GSN_écrit_juin.pdf,ESG/2024/GSN/CONMO_GSN_écrit_juin.pdf
94821,24813,FRANC_GSN_écrit_juin.pdf,ESG/2024/GSN/FRANC_GSN_écrit_juin.pdf
94822,24813,FRANC_GSN_écrit_septembre.pdf,ESG/2024/GSN/FRANC_GSN_écrit_septembre.pdf
94852,24813,GEOGR_GSN_écrit TRAD_juin.pdf,ESG/2024/GSN/GEOGR_GSN_écrit TRAD_juin.pdf
94845,24813,GEOGR_GSN_écrit_juin.pdf,ESG/2024/GSN/GEOGR_GSN_écrit_juin.pdf
94848,24813,GEOGR_GSN_écrit_septembre.pdf,ESG/2024/GSN/GEOGR_GSN_écrit_septembre.pdf
94832,24813,MATHE_GSN_écrit_juin repêchage.pdf,ESG/2024/GSN/MATHE_GSN_écrit_juin repêchage.pdf
94838,24813,MATHE_GSN_écrit_juin.pdf,ESG/2024/GSN/MATHE_GSN_écrit_juin.pdf
94830,24813,MATHE_GSN_écrit_septembre.pdf,ESG/2024/GSN/MATHE_GSN_écrit_septembre.pdf
94820,24813,PHYSI_GSN_écrit TRAD_juin.pdf,ESG/2024/GSN/PHYSI_GSN_écrit TRAD_juin.pdf
94834,24813,PHYSI_GSN_écrit TRAD_septembre.pdf,ESG/2024/GSN/PHYSI_GSN_écrit TRAD_septembre.pdf
94840,24813,PHYSI_GSN_écrit_juin.pdf,ESG/2024/GSN/PHYSI_GSN_écrit_juin.pdf
94833,24813,PHYSI_GSN_écrit_septembre.pdf,ESG/2024/GSN/PHYSI_GSN_écrit_septembre.pdf
94831,24813,QUEPH_GSN_écrit_juin.pdf,ESG/2024/GSN/QUEPH_GSN_écrit_juin.pdf
94835,24813,QUEPH_GSN_écrit_septembre repêchage.pdf,ESG/2024/GSN/QUEPH_GSN_écrit_septembre repêchage.pdf
94839,24813,QUEPH_GSN_écrit_septembre.pdf,ESG/2024/GSN/QUEPH_GSN_écrit_septembre.pdf
24814,24797,GSO,ESG/2024/GSO
95016,24814,ALLEM_GCC_GCG_GCF_GMM_GSO_ecrit_juin.pdf,ESG/2024/GSO/ALLEM_GCC_GCG_GCF_GMM_GSO_ecrit_juin.pdf
95020,24814,ALLEM_GCC_GCG_GCF_GMM_GSO_ecrit_repêchage.pdf,ESG/2024/GSO/ALLEM_GCC_GCG_GCF_GMM_GSO_ecrit_repêchage.pdf
95017,24814,ANGLA_GSO_écrit_juin repêchage.pdf,ESG/2024/GSO/ANGLA_GSO_écrit_juin repêchage.pdf
95018,24814,ANGLA_GSO_écrit_juin.pdf,ESG/2024/GSO/ANGLA_GSO_écrit_juin.pdf
95019,24814,ANGLA_GSO_écrit_septembre repêchage.pdf,ESG/2024/GSO/ANGLA_GSO_écrit_septembre repêchage.pdf
95021,24814,ANGLA_GSO_écrit_septembre.pdf,ESG/2024/GSO/ANGLA_GSO_écrit_septembre.pdf
95010,24814,CONMO_ESG_GSO_juin.pdf,ESG/2024/GSO/CONMO_ESG_GSO_juin.pdf
95009,24814,CONMO_ESG_GSO_juin_repêchage.pdf,ESG/2024/GSO/CONMO_ESG_GSO_juin_repêchage.pdf
95011,24814,CONMO_ESG_GSO_septembre.pdf,ESG/2024/GSO/CONMO_ESG_GSO_septembre.pdf
95012,24814,CONMO_ESG_GSO_septembre_repêchage.pdf,ESG/2024/GSO/CONMO_ESG_GSO_septembre_repêchage.pdf
94884,24814,ECODR_ESG_GSO_juin.pdf,ESG/2024/GSO/ECODR_ESG_GSO_juin.pdf
94882,24814,ECODR_ESG_GSO_juin_repêchage.pdf,ESG/2024/GSO/ECODR_ESG_GSO_juin_repêchage.pdf
94881,24814,ECODR_ESG_GSO_septembre.pdf,ESG/2024/GSO/ECODR_ESG_GSO_septembre.pdf
94885,24814,ECODR_ESG_GSO_septembre_repêchage.pdf,ESG/2024/GSO/ECODR_ESG_GSO_septembre_repêchage.pdf
94858,24814,FRANC_ESG_GGH_GSO_juin.pdf,ESG/2024/GSO/FRANC_ESG_GGH_GSO_juin.pdf
94862,24814,FRANC_ESG_GGH_GSO_juin_repêchage.pdf,ESG/2024/GSO/FRANC_ESG_GGH_GSO_juin_repêchage.pdf
94857,24814,FRANC_ESG_GGH_GSO_septembre.pdf,ESG/2024/GSO/FRANC_ESG_GGH_GSO_septembre.pdf
94859,24814,FRANC_ESG_GGH_GSO_septembre_repêchage.pdf,ESG/2024/GSO/FRANC_ESG_GGH_GSO_septembre_repêchage.pdf
94868,24814,MATHE_ESG_GSO_juin.pdf,ESG/2024/GSO/MATHE_ESG_GSO_juin.pdf
94861,24814,MATHE_ESG_GSO_juin_repêchage.pdf,ESG/2024/GSO/MATHE_ESG_GSO_juin_repêchage.pdf
94860,24814,MATHE_ESG_GSO_septembre.pdf,ESG/2024/GSO/MATHE_ESG_GSO_septembre.pdf
94870,24814,MATHE_ESG_GSO_septembre_repêchage.pdf,ESG/2024/GSO/MATHE_ESG_GSO_septembre_repêchage.pdf
94856,24814,PEDAG_DE_ESG_GSO_juin.pdf,ESG/2024/GSO/PEDAG_DE_ESG_GSO_juin.pdf
94855,24814,PEDAG_DE_ESG_GSO_juin_repêchage.pdf,ESG/2024/GSO/PEDAG_DE_ESG_GSO_juin_repêchage.pdf
94854,24814,PEDAG_DE_ESG_GSO_septembre.pdf,ESG/2024/GSO/PEDAG_DE_ESG_GSO_septembre.pdf
94867,24814,PEDAG_FR_ESG_GSO_juin.pdf,ESG/2024/GSO/PEDAG_FR_ESG_GSO_juin.pdf
94865,24814,PEDAG_FR_ESG_GSO_juin_repêchage.pdf,ESG/2024/GSO/PEDAG_FR_ESG_GSO_juin_repêchage.pdf
94871,24814,PEDAG_FR_ESG_GSO_septembre.pdf,ESG/2024/GSO/PEDAG_FR_ESG_GSO_septembre.pdf
94874,24814,PSYCO_EGS_GSO_juin.pdf,ESG/2024/GSO/PSYCO_EGS_GSO_juin.pdf
94879,24814,PSYCO_ESG_GSO_juin_repêchage.pdf,ESG/2024/GSO/PSYCO_ESG_GSO_juin_repêchage.pdf
94875,24814,PSYCO_ESG_GSO_septembre.pdf,ESG/2024/GSO/PSYCO_ESG_GSO_septembre.pdf
94880,24814,PSYCO_ESG_GSO_septembre_repêchage.pdf,ESG/2024/GSO/PSYCO_ESG_GSO_septembre_repêchage.pdf
94872,24814,QUEPH_ESG_GA3D-GSN-GSO_juin.pdf,ESG/2024/GSO/QUEPH_ESG_GA3D-GSN-GSO_juin.pdf
94883,24814,QUEPH_ESG_GA3D-GSN-GSO_juin_repêchage.pdf,ESG/2024/GSO/QUEPH_ESG_GA3D-GSN-GSO_juin_repêchage.pdf
94877,24814,QUEPH_ESG_GA3D-GSN-GSO_septembre.pdf,ESG/2024/GSO/QUEPH_ESG_GA3D-GSN-GSO_septembre.pdf
94878,24814,QUEPH_ESG_GA3D-GSN-GSO_septembre_repêchage.pdf,ESG/2024/GSO/QUEPH_ESG_GA3D-GSN-GSO_septembre_repêchage.pdf
94876,24814,SOCIO_DE_ESG_GSO_juin.pdf,ESG/2024/GSO/SOCIO_DE_ESG_GSO_juin.pdf
94869,24814,SOCIO_DE_ESG_GSO_juin_repêchage.pdf,ESG/2024/GSO/SOCIO_DE_ESG_GSO_juin_repêchage.pdf
94863,24814,SOCIO_DE_ESG_GSO_septembre.pdf,ESG/2024/GSO/SOCIO_DE_ESG_GSO_septembre.pdf
94873,24814,SOCIO_FR_ESG_GSO_juin.pdf,ESG/2024/GSO/SOCIO_FR_ESG_GSO_juin.pdf
94866,24814,SOCIO_FR_ESG_GSO_septembre.pdf,ESG/2024/GSO/SOCIO_FR_ESG_GSO_septembre.pdf
94864,24814,SOCIO_FR_ESG_GSO_septembre_repêchage.pdf,ESG/2024/GSO/SOCIO_FR_ESG_GSO_septembre_repêchage.pdf
